drug,instrument_gene,n,F_stat_stage1,beta_ols,beta_iv,delta_iv_ols,rho_crispr_netith
Afatinib,FERMT2,570,54.99349724319825,0.10945486658595209,0.8627134992849085,0.7532586326989564,-0.35406828454057226
PD173074,FERMT2,572,52.66739127649901,0.18671510577560615,0.3346833204396776,0.14796821466407142,-0.35099552614521307
MK-2206,FERMT2,572,52.66739127649901,0.12257217807051381,0.4956757356169064,0.37310355754639263,-0.35099552614521307
MG-132,FERMT2,572,52.66739127649901,0.054781053896252575,0.13203074635029913,0.07724969245404656,-0.35099552614521307
Docetaxel,FERMT2,572,52.66739127649901,0.17089318479611823,0.5664050519679524,0.3955118671718342,-0.35099552614521307
Nutlin-3a (-),FERMT2,572,52.66739127649901,0.19310384639952194,0.2716801778759231,0.07857633147640114,-0.35099552614521307
5-Fluorouracil,FERMT2,572,52.66739127649901,0.2194981237127345,0.9790273652049849,0.7595292414922504,-0.35099552614521307
GW441756,FERMT2,565,52.5728810711957,0.14023046002084436,0.6610673542171154,0.520836894196271,-0.34997335352388836
Lapatinib,FERMT2,571,52.53565496161792,0.08445848111686635,0.7715125951577256,0.6870541140408593,-0.3504303512875731
Camptothecin,FERMT2,571,52.53565496161792,0.1979871779634431,0.6900365600638799,0.4920493821004368,-0.3504303512875731
Olaparib,FERMT2,571,52.53565496161792,0.20191035823368397,0.698294070570616,0.496383712336932,-0.3504303512875731
MK-1775,FERMT2,571,52.53565496161792,0.2282855729816046,0.7711577037221367,0.5428721307405321,-0.3504303512875731
AZD3759,FERMT2,571,52.53565496161792,0.14690781758177332,0.7276970871280113,0.580789269546238,-0.3504303512875731
Oxaliplatin,FERMT2,571,52.53565496161792,0.2657031102275074,1.0467682365665607,0.7810651263390533,-0.3504303512875731
MIRA-1,FERMT2,571,52.53565496161792,0.18785771590034817,0.6861881692525249,0.49833045335217674,-0.3504303512875731
Gemcitabine,FERMT2,571,52.53565496161792,0.21828701803109102,0.7071313631894971,0.4888443451584061,-0.3504303512875731
PD0325901,FERMT2,571,52.53565496161792,0.08956246237943777,0.4206175671411102,0.33105510476167244,-0.3504303512875731
Linsitinib,FERMT2,571,52.53565496161792,0.22018722358495654,1.0506247699509126,0.830437546365956,-0.3504303512875731
Axitinib,FERMT2,567,52.46814782637274,0.18626014427652626,0.8224803335023103,0.636220189225784,-0.35284886916051994
LGK974,FERMT2,570,52.34035733767973,0.216576537076208,1.072049192624825,0.855472655548617,-0.3495411448513312
Irinotecan,FERMT2,570,52.34035733767973,0.21827951516117608,0.7690287948093534,0.5507492796481773,-0.3495411448513312
GSK343,FERMT2,570,52.34035733767973,0.20393028131039767,0.7812030728200939,0.5772727915096962,-0.3495411448513312
Luminespib,FERMT2,570,52.34035733767973,0.09728320854179227,0.2721893350163787,0.17490612647458642,-0.3495411448513312
GSK1904529A,FERMT2,570,52.34035733767973,0.18172481933496568,0.6354045052269357,0.45367968589197005,-0.3495411448513312
EPZ004777,FERMT2,570,52.34035733767973,0.2608164638823929,0.744052504021397,0.4832360401390041,-0.3495411448513312
Fulvestrant,FERMT2,570,52.34035733767973,0.2051883649728587,0.8404482803256909,0.6352599153528322,-0.3495411448513312
Alpelisib,FERMT2,570,52.34035733767973,0.1754072902812252,0.7511361144386604,0.5757288241574352,-0.3495411448513312
Navitoclax,FERMT2,571,52.197466420538575,0.13340722263350172,0.9110624812958358,0.7776552586623341,-0.3496556351750379
Dactinomycin,FERMT2,569,52.18437375431682,0.2217488468635391,0.6655309697357308,0.44378212287219165,-0.34951451377769904
GNE-317,FERMT2,557,52.11386739182747,0.05628083964861328,0.14472857272948397,0.0884477330808707,-0.35448678180291227
Bortezomib,FERMT2,566,52.08046744428673,0.06586564625027966,0.14201142657180627,0.07614578032152661,-0.35023417318673583
Crizotinib,FERMT2,570,52.079531869477876,0.20831242050621987,0.8972504017342148,0.6889379812279949,-0.34918087094596695
AZD7762,FERMT2,569,52.04866736204189,0.17656345080487745,0.6267407843841677,0.45017733357929024,-0.3494148500288569
BIBR-1532,FERMT2,565,52.026918378677415,0.16884627583499334,0.4146717581123543,0.24582548227736095,-0.35079244158234163
Foretinib,FERMT2,565,52.026918378677415,0.1679932053846095,0.5385136767659354,0.37052047138132593,-0.35079244158234163
GSK2578215A,FERMT2,567,51.970111220488675,0.16106910237369965,0.4795014787980363,0.31843237642433664,-0.3493209617606174
P22077,FERMT2,567,51.970111220488675,0.1507318258225852,0.7718344651938726,0.6211026393712873,-0.3493209617606174
Buparlisib,FERMT2,567,51.970111220488675,0.16229622503791616,0.5199444086821008,0.3576481836441846,-0.3493209617606174
Gefitinib,FERMT2,567,51.970111220488675,0.1566692707838535,1.0507539102551804,0.8940846394713269,-0.3493209617606174
NVP-ADW742,FERMT2,567,51.970111220488675,0.1771537013202507,0.7357161881052857,0.558562486785035,-0.3493209617606174
Cediranib,FERMT2,567,51.970111220488675,0.12041081921677685,0.2673846816531659,0.14697386243638907,-0.3493209617606174
BMS-536924,FERMT2,567,51.970111220488675,0.12880118837570362,0.5408148339122392,0.4120136455365355,-0.3493209617606174
AZD6738,FERMT2,567,51.970111220488675,0.17750058632024893,0.6017607714090372,0.42426018508878827,-0.3493209617606174
AZD8186,FERMT2,567,51.970111220488675,0.05517264793066273,-0.08968331361908234,-0.14485596154974506,-0.3493209617606174
Ipatasertib,FERMT2,567,51.970111220488675,0.056291894367077114,0.5102065408831109,0.4539146465160338,-0.3493209617606174
AGI-5198,FERMT2,567,51.970111220488675,0.14917475740634037,0.5262545801074087,0.3770798227010683,-0.3493209617606174
I-BRD9,FERMT2,567,51.970111220488675,0.2265635290285338,0.7691912278130513,0.5426276987845174,-0.3493209617606174
Cyclophosphamide,FERMT2,567,51.970111220488675,0.16546611449497234,0.520635251409147,0.3551691369141747,-0.3493209617606174
AZD5363,FERMT2,567,51.970111220488675,0.06692939007913745,0.30673445209611816,0.2398050620169807,-0.3493209617606174
GDC0810,FERMT2,567,51.970111220488675,0.1440082007533468,0.7090433325545397,0.5650351318011928,-0.3493209617606174
Afuresertib,FERMT2,567,51.970111220488675,0.05607579510310348,0.40374391239078034,0.3476681172876769,-0.3493209617606174
Dactolisib,FERMT2,567,51.970111220488675,0.1281979935231402,0.1757397788238815,0.047541785300741296,-0.3493209617606174
Epirubicin,FERMT2,567,51.970111220488675,0.18043675143070056,0.5090186033443496,0.32858185191364897,-0.3493209617606174
MK-8776,FERMT2,564,51.922613038467965,0.19416805572230258,0.6852154007579215,0.491047345035619,-0.35097617365078615
AZD4547,FERMT2,568,51.918681536430555,0.137150987969838,0.48461248024290915,0.34746149227307116,-0.3488537159296337
Methotrexate,FERMT2,527,51.90760795146263,0.06908032682211968,0.7733699572148778,0.7042896303927582,-0.3610693153860231
ABT737,FERMT2,566,51.73622223746873,0.1791747082330155,0.9193075205721535,0.740132812339138,-0.3497793773724854
AT13148,FERMT2,562,51.65990245736595,0.09859446087359527,0.11114152963491807,0.012547068761322791,-0.3495011029794151
Osimertinib,FERMT2,566,51.54526808619692,0.11078268956935403,0.7697274295621412,0.6589447399927872,-0.3481196903192588
AMG-319,FERMT2,564,51.522007214018004,0.1962649214900859,0.39365405262667513,0.19738913113658924,-0.34929455371455004
Erlotinib,FERMT2,565,51.51512388977593,0.11564232149513366,0.8042182355875382,0.6885759140924046,-0.3487678416620482
JNK Inhibitor VIII,FERMT2,563,51.37901391430619,0.197582461689642,0.6010619766310762,0.4034795149414342,-0.3463412413434342
Nilotinib,FERMT2,565,51.35410514252707,0.13290593436200063,0.6847641346694388,0.5518582003074382,-0.34794695721194696
Dasatinib,FERMT2,567,51.332579096830706,3.317231664344318e-07,-0.2698818962625484,-0.2698822279857148,-0.34876007780750723
OSI-027,FERMT2,565,51.31517709801862,0.05115007630981224,0.09048965756288024,0.039339581253068,-0.3495151405876064
LJI308,FERMT2,563,51.23387338793323,0.2227666981307513,0.6340132944235582,0.4112465962928069,-0.3494942735168833
AZ6102,FERMT2,563,51.23387338793323,0.1007729652171064,0.1696441734542774,0.06887120823717101,-0.3494942735168833
EPZ5676,FERMT2,568,51.15519836527172,0.26784447427088004,0.963490763118547,0.6956462888476669,-0.3459059374799864
GSK591,FERMT2,562,51.142416320969495,0.1897061326624742,0.7403415317692902,0.550635399106816,-0.3493360135243553
Dabrafenib,FERMT2,565,50.45820323553318,0.12714255535279503,0.2203309038677936,0.09318834851499858,-0.3480035102823463
Doramapimod,FERMT2,566,50.17774217438898,0.08998519069848925,0.503182943457249,0.41319775275875975,-0.34634921627635595
KU-55933,FERMT2,566,50.17774217438898,0.18441391232983725,0.5727257815888458,0.3883118692590085,-0.34634921627635595
Ibrutinib,FERMT2,537,49.854637659206915,0.13399737582330856,0.7611993182394425,0.6272019424161339,-0.3571015868302358
Avagacestat,FERMT2,564,49.82804736697356,0.2186140732734649,0.6157987478973349,0.39718467462386997,-0.345285313868164
Alisertib,FERMT2,562,49.47244946719253,0.19589192278322404,0.6335213687946103,0.43762944601138626,-0.3426413048611036
AGK2,FERMT2,558,48.99773116554814,0.1569953701714854,0.735419320031658,0.5784239498601726,-0.3444986712774037
Niraparib,FERMT2,538,48.84398953177435,0.2799975468554755,0.8120551528028835,0.532057605947408,-0.35931288202862444
Mirin,FERMT2,538,48.84398953177435,0.2076944845886189,0.6821961728826726,0.47450168829405376,-0.35931288202862444
Leflunomide,FERMT2,538,48.84398953177435,0.27476115011562063,1.091937315547687,0.8171761654320664,-0.35931288202862444
LCL161,FERMT2,538,48.84398953177435,0.10743343666579672,0.41444618234955866,0.3070127456837619,-0.35931288202862444
AZ960,FERMT2,538,48.84398953177435,0.17274684949292313,0.4262738149442321,0.253526965451309,-0.35931288202862444
IWP-2,FERMT2,537,48.620953159635675,0.2302287454869887,0.896072593376326,0.6658438478893374,-0.3593969933514501
Entinostat,FERMT2,539,48.39022126462993,0.2029798899162391,0.9289819954405211,0.726002105524282,-0.3553305607474487
Lestaurtinib,FERMT2,561,48.162999912575515,0.1796660317575717,0.8139936081634571,0.6343275764058854,-0.3409779408366388
Lenalidomide,FERMT2,561,48.162999912575515,0.2693126768803686,0.9425193266434733,0.6732066497631046,-0.3409779408366388
JQ1,FERMT2,561,48.162999912575515,0.19270675607637947,0.7875080830468205,0.5948013269704411,-0.3409779408366388
Bosutinib,FERMT2,561,48.162999912575515,0.20674692914772005,0.9088708527800168,0.7021239236322967,-0.3409779408366388
Motesanib,FERMT2,561,48.162999912575515,0.2315715909530889,0.8113224623276086,0.5797508713745197,-0.3409779408366388
PFI-1,FERMT2,561,48.07059376630229,0.19027805060734174,0.5422436757502149,0.3519656251428732,-0.3408220259957752
BMS-345541,FERMT2,537,47.97121035010194,0.2906204401272033,1.0612717991920158,0.7706513590648125,-0.35668893905583704
EHT-1864,FERMT2,559,47.90779537073007,0.14142482051273006,0.9023403743910726,0.7609155538783425,-0.34111501776543035
NU7441,FERMT2,559,47.90779537073007,0.13682219156482858,0.5121797625173568,0.3753575709525282,-0.34111501776543035
BMS-754807,FERMT2,560,47.747827456529166,0.15864041314567673,0.7407384041933983,0.5820979910477215,-0.3395581163023024
Dinaciclib,FERMT2,537,47.525146284747876,0.17602894735136937,0.6499520623881351,0.4739231150367657,-0.35480835010013584
AGI-6780,FERMT2,538,47.4990085310718,0.18417938725194427,0.9560432494109545,0.7718638621590103,-0.35332345228594225
PFI3,FERMT2,538,47.4990085310718,0.20355317538579845,0.8304807583621346,0.6269275829763362,-0.35332345228594225
Entospletinib,FERMT2,538,47.4990085310718,0.1158141026944653,0.32274948789379576,0.20693538519933047,-0.35332345228594225
MN-64,FERMT2,538,47.4990085310718,0.1751033031060035,0.3242956182712286,0.1491923151652251,-0.35332345228594225
PCI-34051,FERMT2,538,47.4990085310718,0.2159769033357765,0.5244767305843447,0.3084998272485683,-0.35332345228594225
I-BET-762,FERMT2,538,47.4990085310718,0.2378633061010216,0.605006198117504,0.3671428920164824,-0.35332345228594225
KRAS (G12C) Inhibitor-12,FERMT2,538,47.4990085310718,0.2011948506999906,0.8924875529136069,0.6912927022136164,-0.35332345228594225
CZC24832,FERMT2,538,47.4990085310718,0.21465168187537986,0.6597460991923898,0.44509441731700994,-0.35332345228594225
OF-1,FERMT2,538,47.4990085310718,0.13334625540436176,0.5944135797667961,0.46106732436243436,-0.35332345228594225
CCT007093,FERMT2,556,47.17245339737189,0.21150555376343247,0.5485595425365658,0.3370539887731333,-0.3398649259543309
GSK2606414,FERMT2,535,47.0895650674432,0.22192558861325895,0.8712304277238893,0.6493048391106303,-0.35274096805691174
OTX015,FERMT2,537,47.06528993175531,0.21781590036663787,0.5343403478929648,0.3165244475263269,-0.3521075801032634
AZD5582,FERMT2,533,46.56407646984906,0.044738784512264915,0.5324570983796393,0.48771831386737435,-0.34997212765454966
LY2109761,FERMT2,536,46.34458703930515,0.1950555917616098,0.5767135828654166,0.3816579911038068,-0.3494614849316307
ML323,FERMT2,536,46.34458703930515,0.17911119316299567,1.0216567610591816,0.842545567896186,-0.3494614849316307
BI-2536,FERMT2,548,45.85756448913106,0.2142236952269241,0.640185504266951,0.4259618090400269,-0.3376225778387187
Obatoclax Mesylate,FERMT2,496,40.634722605209404,0.09928623989788024,0.30078931016204824,0.201503070264168,-0.3358553077998784
Cisplatin,FERMT2,484,39.99820662421399,0.19813020376192553,0.7537617219990287,0.5556315182371032,-0.33322481275702415
ICL-SIRT078,FERMT2,477,39.403293355534714,0.12974799372762702,0.8459404305911667,0.7161924368635397,-0.33283975941367305
HKMTI-1-005,FERMT2,477,39.403293355534714,0.14688138762992026,0.7976818452561693,0.6508004576262489,-0.33283975941367305
Leflunomide,ITGAV,538,39.08132833952254,0.27476115011562063,1.0062615656942713,0.7315004155786506,-0.3064625201741476
AZ960,ITGAV,538,39.08132833952254,0.17274684949292313,0.526121525060429,0.35337467556750585,-0.3064625201741476
Niraparib,ITGAV,538,39.08132833952254,0.2799975468554755,1.047537791990254,0.7675402451347785,-0.3064625201741476
Mirin,ITGAV,538,39.08132833952254,0.2076944845886189,0.9135405233051271,0.7058460387165082,-0.3064625201741476
LCL161,ITGAV,538,39.08132833952254,0.10743343666579672,0.6266355940288071,0.5192021573630103,-0.3064625201741476
Ibrutinib,ITGAV,537,38.90777135667913,0.13399737582330856,1.0935641822379434,0.9595668064146348,-0.30149402517019686
CT7033-2,FERMT2,477,38.73113463031122,0.21166102929722386,0.9216978128617296,0.7100367835645057,-0.33230206900791415
PBD-288,FERMT2,477,38.73113463031122,0.16086913395787286,0.5401625288755703,0.3792933949176974,-0.33230206900791415
A-366,FERMT2,477,38.73113463031122,0.18122964040224931,0.5290270858652656,0.3477974454630163,-0.33230206900791415
CPI-637,FERMT2,477,38.73113463031122,0.19862150130388836,0.5554617126350453,0.35684021133115695,-0.33230206900791415
IWP-2,ITGAV,537,38.71276780747936,0.2302287454869887,1.0403569311315333,0.8101281856445446,-0.3049636761468973
5-azacytidine,FERMT2,476,38.291352318111635,0.13720736609475748,0.46647721202651804,0.32926984593176056,-0.33073104514894336
GSK-LSD1-2HCl,FERMT2,476,38.291352318111635,0.1376229434563707,0.6019452788715799,0.4643223354152092,-0.33073104514894336
BDP-00009066,FERMT2,478,38.277879746821256,0.18119232170511906,0.47571286345305897,0.2945205417479399,-0.32810261723142214
MIM1,FERMT2,478,38.277879746821256,0.13572889415233946,0.37001253170778137,0.2342836375554419,-0.32810261723142214
N27922-53-1,FERMT2,478,38.277879746821256,0.18593238793229758,0.5982023401143736,0.41226995218207596,-0.32810261723142214
BPD-00008900,FERMT2,478,38.277879746821256,0.1451919243030389,0.2670852139411957,0.12189328963815682,-0.32810261723142214
Cytarabine,FERMT2,478,38.277879746821256,0.1834101353378042,0.7668987698752708,0.5834886345374666,-0.32810261723142214
N25720-51-A1,FERMT2,478,38.277879746821256,0.17893398639433397,0.6928282299621018,0.5138942435677678,-0.32810261723142214
N30652-18-1,FERMT2,478,38.277879746821256,0.2138542027993366,0.7873717094939504,0.5735175066946139,-0.32810261723142214
N29087-69-1,FERMT2,478,38.277879746821256,0.22360509111491594,0.7074936884711311,0.4838885973562152,-0.32810261723142214
BMS-345541,ITGAV,537,38.18530454285346,0.2906204401272033,0.9035845592054679,0.6129641190782646,-0.3036294870892779
Afatinib,ITGAV,570,38.08789459552588,0.10945486658595209,1.3028835541552635,1.1934286875693114,-0.28828207502866077
Entinostat,ITGAV,539,37.966465461198986,0.2029798899162391,1.1016360281622306,0.8986561382459914,-0.30136598516842805
OF-1,ITGAV,538,37.82601466481818,0.13334625540436176,0.5482964234161936,0.4149501680118318,-0.30062104798722045
I-BET-762,ITGAV,538,37.82601466481818,0.2378633061010216,0.7893951607441514,0.5515318546431298,-0.30062104798722045
KRAS (G12C) Inhibitor-12,ITGAV,538,37.82601466481818,0.2011948506999906,1.0470683418030688,0.8458734911030783,-0.30062104798722045
PFI3,ITGAV,538,37.82601466481818,0.20355317538579845,1.0787801322547967,0.8752269568689983,-0.30062104798722045
CZC24832,ITGAV,538,37.82601466481818,0.21465168187537986,0.8753113038679982,0.6606596219926183,-0.30062104798722045
PCI-34051,ITGAV,538,37.82601466481818,0.2159769033357765,0.737831110171252,0.5218542068354756,-0.30062104798722045
Entospletinib,ITGAV,538,37.82601466481818,0.1158141026944653,0.3817638755592711,0.2659497728648058,-0.30062104798722045
MN-64,ITGAV,538,37.82601466481818,0.1751033031060035,0.4973168643486799,0.3222135612426764,-0.30062104798722045
AGI-6780,ITGAV,538,37.82601466481818,0.18417938725194427,0.9803460803578933,0.796166693105949,-0.30062104798722045
Mycophenolic acid,FERMT2,474,37.64634545734225,0.16693267005799012,0.5096212543411351,0.342688584283145,-0.3285308596242393
AZD5991,FERMT2,463,37.56312668669798,0.18152813071598925,0.7218901113460702,0.5403619806300809,-0.34719560993114273
GNE-317,PTK2,557,37.54092550511636,0.05628083964861328,0.29307533616089826,0.23679449651228499,-0.26487558433012665
AZD1208,FERMT2,464,37.518280986933895,0.2176463043801584,0.9045024276738359,0.6868561232936775,-0.3468397811823552
IRAK4_4710,FERMT2,464,37.518280986933895,0.23658340464320624,0.8824608007635398,0.6458773961203336,-0.3468397811823552
AZD5438,FERMT2,464,37.518280986933895,0.19497978634488297,0.8329083103507499,0.6379285240058669,-0.3468397811823552
AZD1332,FERMT2,464,37.518280986933895,0.08779609415919891,0.09158193077258586,0.003785836613386953,-0.3468397811823552
ERK_2440,FERMT2,464,37.518280986933895,0.11910541439879055,0.3609560295804611,0.24185061518167053,-0.3468397811823552
AZD2014,FERMT2,464,37.518280986933895,0.13846501496730929,0.21167314960487435,0.07320813463756506,-0.3468397811823552
JAK1_8709,FERMT2,464,37.518280986933895,0.2298283301572647,0.83641222044399,0.6065838902867253,-0.3468397811823552
ERK_6604,FERMT2,464,37.518280986933895,0.1342761631093472,0.7350956638717017,0.6008195007623545,-0.3468397811823552
AZD5153,FERMT2,464,37.518280986933895,0.19682757780107327,0.7187136959038932,0.5218861181028199,-0.3468397811823552
JAK_8517,FERMT2,464,37.518280986933895,0.1434388774445309,0.4852264190214756,0.3417875415769447,-0.3468397811823552
GSK2606414,ITGAV,535,37.51112409267982,0.22192558861325895,0.844869497496137,0.6229439088828781,-0.30034182756280553
PAK_5339,FERMT2,463,37.477263219179875,0.1604469079194713,0.685771558638871,0.5253246507193996,-0.3460935709111027
CDK9_5576,FERMT2,463,37.43213969265689,0.19081668059104576,0.6628226201309383,0.47200593953989256,-0.34652689047751234
CDK9_5038,FERMT2,463,37.43213969265689,0.17198248883410425,0.6852851356850335,0.5133026468509292,-0.34652689047751234
Dinaciclib,ITGAV,537,37.422138865680175,0.17602894735136937,0.8453280319585499,0.6692990846071805,-0.298993883358849
Docetaxel,ITGAV,572,37.30167868549778,0.17089318479611823,0.6899741381940945,0.5190809533979762,-0.2883508510634614
Nutlin-3a (-),ITGAV,572,37.30167868549778,0.19310384639952194,0.6395500237345019,0.44644617733497993,-0.2883508510634614
MK-2206,ITGAV,572,37.30167868549778,0.12257217807051381,0.8606901344480324,0.7381179563775186,-0.2883508510634614
MG-132,ITGAV,572,37.30167868549778,0.054781053896252575,0.4261299150186611,0.3713488611224085,-0.2883508510634614
5-Fluorouracil,ITGAV,572,37.30167868549778,0.2194981237127345,1.0769758188169545,0.85747769510422,-0.2883508510634614
PD173074,ITGAV,572,37.30167868549778,0.18671510577560615,0.6190389677496422,0.43232386197403605,-0.2883508510634614
EPZ004777,ITGAV,570,37.2440667224153,0.2608164638823929,0.9483619791966724,0.6875455153142795,-0.28815746950347815
GSK343,ITGAV,570,37.2440667224153,0.20393028131039767,1.0216630788610526,0.8177327975506549,-0.28815746950347815
LGK974,ITGAV,570,37.2440667224153,0.216576537076208,1.033053972588718,0.81647743551251,-0.28815746950347815
Fulvestrant,ITGAV,570,37.2440667224153,0.2051883649728587,1.0015014260164823,0.7963130610436235,-0.28815746950347815
Luminespib,ITGAV,570,37.2440667224153,0.09728320854179227,0.5436113584962348,0.4463281499544425,-0.28815746950347815
Irinotecan,ITGAV,570,37.2440667224153,0.21827951516117608,0.9687001117248683,0.7504205965636922,-0.28815746950347815
Alpelisib,ITGAV,570,37.2440667224153,0.1754072902812252,1.0616103116501328,0.8862030213689076,-0.28815746950347815
GSK1904529A,ITGAV,570,37.2440667224153,0.18172481933496568,0.7132164668761724,0.5314916475412067,-0.28815746950347815
Afatinib,PTK2,570,37.22852967130996,0.10945486658595209,0.934719311623176,0.825264445037224,-0.26134959188126644
BIBR-1532,ITGAV,565,37.17190104758267,0.16884627583499334,0.6655410234576196,0.4966947476226262,-0.2898092032470777
Foretinib,ITGAV,565,37.17190104758267,0.1679932053846095,0.7667808859666105,0.598787680582001,-0.2898092032470777
IGF1R_3801,FERMT2,463,37.15994958592215,0.1599494115567059,0.5078845626904644,0.34793515113375856,-0.34562156209769224
Eg5_9814,FERMT2,461,37.1589207566815,0.15256657097578244,0.5941990688235037,0.4416324978477213,-0.34664925756126364
OTX015,ITGAV,537,37.150148910066946,0.21781590036663787,0.7365727684751022,0.5187568681084643,-0.29835805706984586
AZD7762,ITGAV,569,37.14306203129596,0.17656345080487745,1.0960119343670773,0.9194484835621999,-0.28823616009255054
Daporinad,FERMT2,327,37.10946515620793,0.14627215515690623,0.5259774765111502,0.379705321354244,-0.3807397792838738
Dactinomycin,ITGAV,569,37.10172188071675,0.2217488468635391,0.9175588007375076,0.6958099538739685,-0.28787886880993674
MK-8776,ITGAV,564,37.07676482287095,0.19416805572230258,1.1561355108080789,0.9619674550857763,-0.2896580139815049
AZD3759,ITGAV,571,37.06319426371222,0.14690781758177332,1.2902992294429825,1.1433914118612092,-0.2874761426240825
Oxaliplatin,ITGAV,571,37.06319426371222,0.2657031102275074,1.1152172610968483,0.8495141508693409,-0.2874761426240825
MIRA-1,ITGAV,571,37.06319426371222,0.18785771590034817,0.9380725925785842,0.750214876678236,-0.2874761426240825
Camptothecin,ITGAV,571,37.06319426371222,0.1979871779634431,0.776698732241952,0.5787115542785088,-0.2874761426240825
MK-1775,ITGAV,571,37.06319426371222,0.2282855729816046,1.0392149557940604,0.8109293828124559,-0.2874761426240825
Gemcitabine,ITGAV,571,37.06319426371222,0.21828701803109102,0.8567114970531773,0.6384244790220863,-0.2874761426240825
Olaparib,ITGAV,571,37.06319426371222,0.20191035823368397,1.0387046289824187,0.8367942707487347,-0.2874761426240825
Linsitinib,ITGAV,571,37.06319426371222,0.22018722358495654,1.0729773340194073,0.8527901104344507,-0.2874761426240825
PD0325901,ITGAV,571,37.06319426371222,0.08956246237943777,0.3288457270159703,0.23928326463653254,-0.2874761426240825
Lapatinib,ITGAV,571,37.06319426371222,0.08445848111686635,1.2261556974372774,1.141697216320411,-0.2874761426240825
Bortezomib,ITGAV,566,37.051798789239804,0.06586564625027966,0.5253264410714256,0.4594607948211459,-0.2891106614112337
AZD4547,ITGAV,568,36.90574856966364,0.137150987969838,0.7705924239541206,0.6334414359842826,-0.28735899089125655
Axitinib,ITGAV,567,36.844220365441565,0.18626014427652626,1.033073910017829,0.8468137657413027,-0.2886254840915668
Navitoclax,ITGAV,571,36.83271935665764,0.13340722263350172,1.0846008829127805,0.9511936602792788,-0.2866076406771401
Cyclophosphamide,ITGAV,567,36.8198202566743,0.16546611449497234,0.9504563566375903,0.784990242142618,-0.28715632362424776
BMS-536924,ITGAV,567,36.8198202566743,0.12880118837570362,0.6881979810103364,0.5593967926346327,-0.28715632362424776
Afuresertib,ITGAV,567,36.8198202566743,0.05607579510310348,0.8279380782314737,0.7718622831283702,-0.28715632362424776
P22077,ITGAV,567,36.8198202566743,0.1507318258225852,0.8998790516180788,0.7491472257954936,-0.28715632362424776
Buparlisib,ITGAV,567,36.8198202566743,0.16229622503791616,0.8178844663242891,0.6555882412863729,-0.28715632362424776
GSK2578215A,ITGAV,567,36.8198202566743,0.16106910237369965,0.751399238670079,0.5903301362963793,-0.28715632362424776
AGI-5198,ITGAV,567,36.8198202566743,0.14917475740634037,0.7383601723191283,0.589185414912788,-0.28715632362424776
GDC0810,ITGAV,567,36.8198202566743,0.1440082007533468,0.9538829772436301,0.8098747764902834,-0.28715632362424776
Gefitinib,ITGAV,567,36.8198202566743,0.1566692707838535,1.5206910926600514,1.364021821876198,-0.28715632362424776
Cediranib,ITGAV,567,36.8198202566743,0.12041081921677685,0.6966238147159748,0.5762129954991979,-0.28715632362424776
AZD8186,ITGAV,567,36.8198202566743,0.05517264793066273,0.22947206723370417,0.17429941930304144,-0.28715632362424776
I-BRD9,ITGAV,567,36.8198202566743,0.2265635290285338,1.0607291571645303,0.8341656281359965,-0.28715632362424776
NVP-ADW742,ITGAV,567,36.8198202566743,0.1771537013202507,0.9894498093898997,0.8122961080696489,-0.28715632362424776
Ipatasertib,ITGAV,567,36.8198202566743,0.056291894367077114,0.913669362511581,0.8573774681445039,-0.28715632362424776
Epirubicin,ITGAV,567,36.8198202566743,0.18043675143070056,0.7589344917130189,0.5784977402823183,-0.28715632362424776
Dactolisib,ITGAV,567,36.8198202566743,0.1281979935231402,0.29554400082963883,0.16734600730649862,-0.28715632362424776
AZD5363,ITGAV,567,36.8198202566743,0.06692939007913745,0.7517022774231465,0.6847728873440091,-0.28715632362424776
AZD6738,ITGAV,567,36.8198202566743,0.17750058632024893,1.122228068068355,0.9447274817481061,-0.28715632362424776
IAP_5620,FERMT2,461,36.809245882944076,-0.008082069766990886,0.37722795126014863,0.3853100210271395,-0.34352970428609403
LJI308,ITGAV,563,36.80584283999412,0.2227666981307513,0.9000313104074419,0.6772646122766905,-0.2897808646337906
AZ6102,ITGAV,563,36.80584283999412,0.1007729652171064,0.28358926568578163,0.18281630046867525,-0.2897808646337906
AZD5582,ITGAV,533,36.780504868198534,0.044738784512264915,0.597349043682828,0.5526102591705632,-0.29688335348141215
GSK591,ITGAV,562,36.74042231287421,0.1897061326624742,0.8295171071647744,0.6398109745023003,-0.2896703047979275
Crizotinib,ITGAV,570,36.698612421687336,0.20831242050621987,1.174353125644903,0.966040705138683,-0.28632473800359987
ABT737,ITGAV,566,36.69313542072127,0.1791747082330155,1.1454399000199695,0.966265191786954,-0.287492999291367
LY2109761,ITGAV,536,36.66651996147385,0.1950555917616098,0.8437622573737619,0.6487066656121521,-0.2962522530666253
ML323,ITGAV,536,36.66651996147385,0.17911119316299567,0.9433431550490448,0.7642319618860491,-0.2962522530666253
AMG-319,ITGAV,564,36.64839852080611,0.1962649214900859,0.7187117707871061,0.5224468492970202,-0.28768958022375896
Irinotecan,PTK2,570,36.49173174219886,0.21827951516117608,1.007161263120793,0.7888817479596169,-0.2628352033611741
Luminespib,PTK2,570,36.49173174219886,0.09728320854179227,0.3743758069934837,0.27709259845169143,-0.2628352033611741
EPZ004777,PTK2,570,36.49173174219886,0.2608164638823929,1.0857706749951381,0.8249542111127453,-0.2628352033611741
GSK343,PTK2,570,36.49173174219886,0.20393028131039767,1.015624265597833,0.8116939842874352,-0.2628352033611741
GSK1904529A,PTK2,570,36.49173174219886,0.18172481933496568,0.9849391306604435,0.8032143113254778,-0.2628352033611741
LGK974,PTK2,570,36.49173174219886,0.216576537076208,1.308149683095377,1.0915731460191689,-0.2628352033611741
Alpelisib,PTK2,570,36.49173174219886,0.1754072902812252,0.8637578234965535,0.6883505332153284,-0.2628352033611741
Fulvestrant,PTK2,570,36.49173174219886,0.2051883649728587,1.0726304312609494,0.8674420662880906,-0.2628352033611741
N-acetyl cysteine,FERMT2,477,36.47549566554447,0.054471960182223764,0.41829175150809217,0.3638197913258684,-0.3235961946158426
BIBR-1532,PTK2,565,36.46990618934086,0.16884627583499334,0.6393819537202448,0.4705356778852514,-0.2646104192046243
Foretinib,PTK2,565,36.46990618934086,0.1679932053846095,0.5793707841546003,0.4113775787699908,-0.2646104192046243
MK-8776,PTK2,564,36.449118684735296,0.19416805572230258,1.0322994836973864,0.8381314279750839,-0.2648454078184191
ABT737,PTK2,566,36.43807536624946,0.1791747082330155,1.0166838864330277,0.8375091782000121,-0.2644078761343216
Dactinomycin,PTK2,569,36.3553976395539,0.2217488468635391,0.8826890094171883,0.6609401625536492,-0.26262355373569696
Osimertinib,ITGAV,566,36.34824349874092,0.11078268956935403,1.2747476675493454,1.1639649779799914,-0.2854161734114203
GSK2801,FERMT2,465,36.337373223713094,0.19609563384136589,0.9611800193437607,0.7650843855023949,-0.3384342163682108
BEN,FERMT2,465,36.337373223713094,0.2359386891748302,0.7691998166973463,0.5332611275225161,-0.3384342163682108
Dacarbazine,FERMT2,465,36.337373223713094,0.1565145668670581,0.9386100999686556,0.7820955331015975,-0.3384342163682108
LMP744,FERMT2,465,36.337373223713094,0.21245664182334595,0.9822731343719542,0.7698164925486082,-0.3384342163682108
LMB_AB3,FERMT2,465,36.337373223713094,0.1699733092959104,0.7764184524456412,0.6064451431497309,-0.3384342163682108
Bromosporine,FERMT2,465,36.337373223713094,0.16541214489560116,0.535030874693355,0.3696187297977538,-0.3384342163682108
LMB_AB2,FERMT2,465,36.337373223713094,0.20044360022756716,0.8440631887098967,0.6436195884823296,-0.3384342163682108
LMB_AB1,FERMT2,465,36.337373223713094,0.18912251834514346,0.86509630903247,0.6759737906873265,-0.3384342163682108
Bleomycin,FERMT2,465,36.337373223713094,0.12805407735598856,0.3145858395420422,0.18653176218605366,-0.3384342163682108
Elephantin,FERMT2,465,36.337373223713094,0.10658309126496669,0.6720168265191133,0.5654337352541466,-0.3384342163682108
Mitoxantrone,FERMT2,465,36.337373223713094,0.21656415573216828,0.6265232232948923,0.40995906756272404,-0.3384342163682108
BDOCA000347a,FERMT2,465,36.337373223713094,0.10998581355167882,0.5996458540527413,0.4896600405010625,-0.3384342163682108
GSK2276186C,FERMT2,465,36.337373223713094,0.17068521473739062,0.8618618837287289,0.6911766689913382,-0.3384342163682108
GSK3337463A,FERMT2,465,36.337373223713094,0.22150845533151,0.9438268361465274,0.7223183808150174,-0.3384342163682108
L-Oxonoreleagnine,FERMT2,465,36.337373223713094,0.17262456582661825,0.6761316382602359,0.5035070724336177,-0.3384342163682108
Fludarabine,FERMT2,465,36.337373223713094,0.11540034900091624,0.5782257706018031,0.4628254216008869,-0.3384342163682108
BDF00022089a,FERMT2,465,36.337373223713094,0.13632053618168893,0.4416122658441676,0.30529172966247864,-0.3384342163682108
GSK2830371A,FERMT2,465,36.337373223713094,0.1981560010898867,0.7248398145840801,0.5266838134941934,-0.3384342163682108
Acetalax,FERMT2,465,36.337373223713094,-0.019195828071662185,0.6277610783228011,0.6469569063944633,-0.3384342163682108
GSK-LSD1,FERMT2,465,36.337373223713094,0.19741360367612878,0.5545883827218716,0.3571747790457428,-0.3384342163682108
GSK2110183B,FERMT2,465,36.337373223713094,0.03812700870683967,0.6404061329220938,0.6022791242152541,-0.3384342163682108
GSK2256098C,FERMT2,465,36.337373223713094,0.17058972875924835,0.5144356573100216,0.3438459285507732,-0.3384342163682108
BDILV000379a,FERMT2,465,36.337373223713094,0.11253305693779339,0.57630461749541,0.4637715605576166,-0.3384342163682108
123138,FERMT2,465,36.337373223713094,0.1345859247174845,0.648051055456566,0.5134651307390815,-0.3384342163682108
Gallibiscoquinazole,FERMT2,465,36.337373223713094,0.18658523264353638,0.7951170892717402,0.6085318566282039,-0.3384342163682108
615590,FERMT2,465,36.337373223713094,0.1921489420951807,0.658662612748828,0.46651367065364724,-0.3384342163682108
150412,FERMT2,465,36.337373223713094,0.13341242211939772,1.0406013946861012,0.9071889725667035,-0.3384342163682108
741909,FERMT2,465,36.337373223713094,0.08547111198173865,-0.030399812462906416,-0.11587092444464507,-0.3384342163682108
GSK626616AC,FERMT2,465,36.337373223713094,0.21740703432050262,0.8467742062593615,0.6293671719388589,-0.3384342163682108
123829,FERMT2,465,36.337373223713094,0.057432144656534324,0.4006629122641969,0.3432307676076626,-0.3384342163682108
729189,FERMT2,465,36.337373223713094,0.12880997653631218,0.7098550052714202,0.581045028735108,-0.3384342163682108
765771,FERMT2,465,36.337373223713094,0.20400892174517343,1.0482641120572036,0.8442551903120301,-0.3384342163682108
720427,FERMT2,465,36.337373223713094,0.18746212136710155,0.8934190663170763,0.7059569449499747,-0.3384342163682108
50869,FERMT2,465,36.337373223713094,0.20957276531491653,1.0532995399445084,0.8437267746295919,-0.3384342163682108
667880,FERMT2,465,36.337373223713094,0.12121323161355156,0.6651242491703842,0.5439110175568326,-0.3384342163682108
743380,FERMT2,465,36.337373223713094,0.1324211337129954,0.032573930088832005,-0.09984720362416341,-0.3384342163682108
630600,FERMT2,465,36.337373223713094,0.1689898748483017,0.8742925827654277,0.7053027079171259,-0.3384342163682108
Nelarabine,FERMT2,464,36.3276826856674,0.1724743803662855,0.9706965862332588,0.7982222058669733,-0.3382968116721964
Erlotinib,ITGAV,565,36.285120457635706,0.11564232149513366,1.3776461446599906,1.262003823164857,-0.28546100399663876
Bortezomib,PTK2,566,36.28468109435562,0.06586564625027966,0.30068212283014445,0.2348164765798648,-0.2633612236601699
OSI-027,ITGAV,565,36.206569764731064,0.05115007630981224,0.2194523349251696,0.16830225861535736,-0.2869726343018989
AZD4547,PTK2,568,36.134463408483334,0.137150987969838,0.6309997306288202,0.4938487426589822,-0.26175716015811074
Nilotinib,ITGAV,565,36.13350939453976,0.13290593436200063,0.7841569912697581,0.6512510569077575,-0.2847668649572559
776928,FERMT2,464,36.12727615773292,0.12415327373651983,0.4022140115182511,0.27806073778173124,-0.3377817205101901
EPZ5676,ITGAV,568,36.11521586706109,0.26784447427088004,1.1712065130588156,0.9033620387879355,-0.284015294003165
AT13148,ITGAV,562,36.10938249732436,0.09859446087359527,0.24042746904159276,0.1418330081679975,-0.28775372574348645
AZD6738,PTK2,567,36.09513607557221,0.17750058632024893,0.8941594454503488,0.7166588591300999,-0.26187757351595503
GSK2578215A,PTK2,567,36.09513607557221,0.16106910237369965,0.6505796491886697,0.4895105468149701,-0.26187757351595503
GDC0810,PTK2,567,36.09513607557221,0.1440082007533468,0.8559715205220529,0.7119633197687061,-0.26187757351595503
Ipatasertib,PTK2,567,36.09513607557221,0.056291894367077114,0.8139479375733683,0.7576560432062911,-0.26187757351595503
Epirubicin,PTK2,567,36.09513607557221,0.18043675143070056,0.8537159841382393,0.6732792327075388,-0.26187757351595503
AZD8186,PTK2,567,36.09513607557221,0.05517264793066273,0.1194163435936256,0.06424369566296287,-0.26187757351595503
AGI-5198,PTK2,567,36.09513607557221,0.14917475740634037,0.9010821122019277,0.7519073547955873,-0.26187757351595503
P22077,PTK2,567,36.09513607557221,0.1507318258225852,0.8841396658119156,0.7334078399893305,-0.26187757351595503
BMS-536924,PTK2,567,36.09513607557221,0.12880118837570362,0.5069328539336858,0.37813166555798217,-0.26187757351595503
NVP-ADW742,PTK2,567,36.09513607557221,0.1771537013202507,0.7806020987222967,0.6034483974020459,-0.26187757351595503
Cediranib,PTK2,567,36.09513607557221,0.12041081921677685,0.35877289190079514,0.2383620726840183,-0.26187757351595503
Cyclophosphamide,PTK2,567,36.09513607557221,0.16546611449497234,0.8524522719694745,0.6869861574745022,-0.26187757351595503
Buparlisib,PTK2,567,36.09513607557221,0.16229622503791616,0.7299545171894194,0.5676582921515032,-0.26187757351595503
Afuresertib,PTK2,567,36.09513607557221,0.05607579510310348,0.8167230385911437,0.7606472434880402,-0.26187757351595503
Gefitinib,PTK2,567,36.09513607557221,0.1566692707838535,1.0198832073440445,0.863213936560191,-0.26187757351595503
AZD5363,PTK2,567,36.09513607557221,0.06692939007913745,0.6818146837297928,0.6148852936506554,-0.26187757351595503
I-BRD9,PTK2,567,36.09513607557221,0.2265635290285338,1.0337070856341148,0.807143556605581,-0.26187757351595503
Dactolisib,PTK2,567,36.09513607557221,0.1281979935231402,0.326074905755195,0.19787691223205478,-0.26187757351595503
GW441756,ITGAV,565,36.010435897697526,0.14023046002084436,0.8076586742522173,0.6674282142313729,-0.2838139789875404
Dihydrorotenone,FERMT2,464,35.984242591836605,0.09589247606644011,0.7615136214493949,0.6656211453829548,-0.33716968938369246
Oxaliplatin,PTK2,571,35.94741332171874,0.2657031102275074,1.1796360395176377,0.9139329292901304,-0.2593838367365881
AZD3759,PTK2,571,35.94741332171874,0.14690781758177332,0.9508093823635869,0.8039015647818136,-0.2593838367365881
MIRA-1,PTK2,571,35.94741332171874,0.18785771590034817,1.07068796965013,0.8828302537497817,-0.2593838367365881
Camptothecin,PTK2,571,35.94741332171874,0.1979871779634431,0.8283487970983867,0.6303616191349436,-0.2593838367365881
Linsitinib,PTK2,571,35.94741332171874,0.22018722358495654,1.1699950369109149,0.9498078133259583,-0.2593838367365881
Gemcitabine,PTK2,571,35.94741332171874,0.21828701803109102,0.8286183111089788,0.6103312930778877,-0.2593838367365881
MK-1775,PTK2,571,35.94741332171874,0.2282855729816046,0.9254459684636183,0.6971603954820137,-0.2593838367365881
Lapatinib,PTK2,571,35.94741332171874,0.08445848111686635,0.8544151289881619,0.7699566478712955,-0.2593838367365881
PD0325901,PTK2,571,35.94741332171874,0.08956246237943777,-0.057561947877503614,-0.1471244102569414,-0.2593838367365881
Olaparib,PTK2,571,35.94741332171874,0.20191035823368397,1.1149459830166328,0.9130356247829489,-0.2593838367365881
Dabrafenib,ITGAV,565,35.923698968089916,0.12714255535279503,0.2575695095228731,0.13042695417007807,-0.28671422003668634
AMG-319,PTK2,564,35.9073861613269,0.1962649214900859,0.6878281783532951,0.49156325686320923,-0.2621923799694525
AZD7762,PTK2,569,35.87612590275558,0.17656345080487745,0.8732415159541306,0.6966780651492531,-0.26010981251490073
GNE-317,ITGAV,557,35.779372279729195,0.05628083964861328,0.5591014097910705,0.5028205701424572,-0.2869626693965381
MK-2206,PTK2,572,35.69290048993046,0.12257217807051381,0.8406729178295688,0.718100739759055,-0.2577554756518822
MG-132,PTK2,572,35.69290048993046,0.054781053896252575,0.31025570859865664,0.25547465470240405,-0.2577554756518822
Nutlin-3a (-),PTK2,572,35.69290048993046,0.19310384639952194,0.36568634234985087,0.17258249595032893,-0.2577554756518822
Docetaxel,PTK2,572,35.69290048993046,0.17089318479611823,0.7570599780575421,0.5861667932614238,-0.2577554756518822
PD173074,PTK2,572,35.69290048993046,0.18671510577560615,0.4549124742378401,0.26819736846223396,-0.2577554756518822
5-Fluorouracil,PTK2,572,35.69290048993046,0.2194981237127345,1.0632074260566708,0.8437093023439364,-0.2577554756518822
AZD8055,FERMT2,477,35.66508022320502,0.07909896857189894,0.13760145257234205,0.05850248400044311,-0.32092642851725034
Navitoclax,PTK2,571,35.544507555084536,0.13340722263350172,0.9016982951805881,0.7682910725470864,-0.25793141322683216
Erlotinib,PTK2,565,35.54376024379433,0.11564232149513366,0.8960650369679961,0.7804227154728625,-0.2603824451285518
Osimertinib,PTK2,566,35.52772277308897,0.11078268956935403,1.0130038151660279,0.9022211255966739,-0.25981094405372834
Crizotinib,PTK2,570,35.512779337263886,0.20831242050621987,1.055793556804609,0.8474811362983892,-0.25766067219918226
Dasatinib,ITGAV,567,35.48535825588448,3.317231664344318e-07,-0.11742887405970773,-0.11742920578287416,-0.28179849941159846
Nilotinib,PTK2,565,35.40765158998317,0.13290593436200063,0.8313563002627119,0.6984503659007113,-0.2597995493052955
Axitinib,PTK2,567,35.359409528469754,0.18626014427652626,1.0475662031326813,0.8613060588561551,-0.25833900142116933
AT13148,PTK2,562,35.349386219180694,0.09859446087359527,0.29089838078296787,0.1923039199093726,-0.25949571120648784
Dasatinib,PTK2,567,35.24936466452998,3.317231664344318e-07,-0.5845254947014382,-0.5845258264246046,-0.2580517788052751
EPZ5676,PTK2,568,35.20263493055502,0.26784447427088004,1.1622916754460577,0.8944472011751776,-0.25796240700074957
AZ6102,PTK2,563,35.13876508476641,0.1007729652171064,0.38327029214671765,0.28249732692961127,-0.2591007164105477
LJI308,PTK2,563,35.13876508476641,0.2227666981307513,0.9058321851809018,0.6830654870501505,-0.2591007164105477
GSK591,PTK2,562,35.08129453906578,0.1897061326624742,0.9248314924567992,0.735125359794325,-0.2588141932718205
Avagacestat,ITGAV,564,35.02371992179855,0.2186140732734649,0.9772235263349862,0.7586094530615213,-0.28414012540747063
Dabrafenib,PTK2,565,35.02094149395739,0.12714255535279503,0.4189640878745135,0.2918215325217185,-0.2611586859195496
KU-55933,ITGAV,566,35.02013934627616,0.18441391232983725,0.6142605496458018,0.4298466373159645,-0.28301684753106
Doramapimod,ITGAV,566,35.02013934627616,0.08998519069848925,0.8459242576380512,0.755939066939562,-0.28301684753106
OSI-027,PTK2,565,34.96546395842948,0.05115007630981224,0.3373531763693835,0.2862031000595713,-0.2582105410931243
JNK Inhibitor VIII,ITGAV,563,34.89177661199102,0.197582461689642,0.845851472223128,0.648269010533486,-0.2796125392893402
AGK2,ITGAV,558,34.88805570955827,0.1569953701714854,0.9066241389176721,0.7496287687461867,-0.283259013897239
GW441756,PTK2,565,34.83793143945294,0.14023046002084436,0.7980601228398763,0.6578296628190319,-0.2569887951734283
GSK2830371,FERMT2,472,34.7327942302036,0.20940062284627928,0.9448495658542184,0.7354489430079392,-0.3180449897395787
Bleomycin (50 uM),FERMT2,472,34.7327942302036,0.124402167633185,0.26297375106818727,0.13857158343500225,-0.3180449897395787
Afatinib,CFL1,570,34.58934190106879,0.10945486658595209,0.8424632066415061,0.733008340055554,0.28475333468004066
Ibrutinib,PTK2,537,34.394700113460615,0.13399737582330856,0.930172917577327,0.7961755417540184,-0.26494350638863995
LCL161,PTK2,538,34.26657793407006,0.10743343666579672,0.5047487283552771,0.3973152916894803,-0.2661877799465803
Niraparib,PTK2,538,34.26657793407006,0.2799975468554755,1.0185617536913774,0.7385642068359018,-0.2661877799465803
Mirin,PTK2,538,34.26657793407006,0.2076944845886189,0.9850865472664071,0.7773920626777882,-0.2661877799465803
AZ960,PTK2,538,34.26657793407006,0.17274684949292313,0.44620564581319955,0.2734587963202764,-0.2661877799465803
Leflunomide,PTK2,538,34.26657793407006,0.27476115011562063,1.1708389851785954,0.8960778350629748,-0.2661877799465803
IWP-2,PTK2,537,34.2382336279854,0.2302287454869887,1.2042572379079595,0.9740284924209708,-0.26692995015369864
Lenalidomide,ITGAV,561,34.059331098683515,0.2693126768803686,1.2784641027292514,1.0091514258488827,-0.28158009564226855
Motesanib,ITGAV,561,34.059331098683515,0.2315715909530889,1.072572515775771,0.8410009248226822,-0.28158009564226855
Bosutinib,ITGAV,561,34.059331098683515,0.20674692914772005,1.2682618316458427,1.0615149024981227,-0.28158009564226855
JQ1,ITGAV,561,34.059331098683515,0.19270675607637947,0.9946271429113144,0.8019203868349349,-0.28158009564226855
Lestaurtinib,ITGAV,561,34.059331098683515,0.1796660317575717,1.079694937142357,0.9000289053847853,-0.28158009564226855
Bosutinib,HEMK2,561,33.82015350162479,0.20674692914772005,0.6778725864829852,0.4711256573352651,0.2260603432573288
Lestaurtinib,HEMK2,561,33.82015350162479,0.1796660317575717,0.9185878468519135,0.7389218150943418,0.2260603432573288
Lenalidomide,HEMK2,561,33.82015350162479,0.2693126768803686,0.9474103062397559,0.6780976293593872,0.2260603432573288
Motesanib,HEMK2,561,33.82015350162479,0.2315715909530889,0.7729652982997901,0.5413937073467012,0.2260603432573288
JQ1,HEMK2,561,33.82015350162479,0.19270675607637947,0.8357332597116864,0.643026503635307,0.2260603432573288
Niraparib,ITGB5,538,33.740307862977936,0.2799975468554755,0.9094295421309285,0.629431995275453,-0.27163269505959314
AZ960,ITGB5,538,33.740307862977936,0.17274684949292313,0.3713269078805789,0.1985800583876558,-0.27163269505959314
Leflunomide,ITGB5,538,33.740307862977936,0.27476115011562063,0.8597988669324638,0.5850377168168431,-0.27163269505959314
Mirin,ITGB5,538,33.740307862977936,0.2076944845886189,0.8920067255241159,0.6843122409354969,-0.27163269505959314
LCL161,ITGB5,538,33.740307862977936,0.10743343666579672,0.626391207791262,0.5189577711254653,-0.27163269505959314
Dinaciclib,PTK2,537,33.72432145736299,0.17602894735136937,0.8601105198624988,0.6840815725111293,-0.26605521436451307
BMS-754807,ITGAV,560,33.70397773098911,0.15864041314567673,0.9200140278747245,0.7613736147290477,-0.28008714951259417
GNE-317,HEMK2,557,33.64417696228753,0.05628083964861328,0.6938781253226841,0.6375972856740708,0.23076357932591782
Doramapimod,PTK2,566,33.61189332899863,0.08998519069848925,0.8344015898698716,0.7444163991713824,-0.2550405515789049
KU-55933,PTK2,566,33.61189332899863,0.18441391232983725,0.7487616536385838,0.5643477413087465,-0.2550405515789049
JNK Inhibitor VIII,PTK2,563,33.57553785616733,0.197582461689642,0.8330450392654958,0.6354625775758538,-0.252076008995176
BMS-345541,PTK2,537,33.50882564655754,0.2906204401272033,1.1481341657775195,0.8575137256503162,-0.2635035400142028
IWP-2,ITGB5,537,33.42969106795376,0.2302287454869887,1.1151795291177666,0.884950783630778,-0.27015038512242423
BMS-754807,HEMK2,560,33.32381603770407,0.15864041314567673,0.5485293838922173,0.38988897074654055,0.2241320239268256
Alisertib,ITGAV,562,33.20435658506967,0.19589192278322404,0.8991138503791104,0.7032219275958864,-0.27551418824544827
Avagacestat,PTK2,564,33.19758129048425,0.2186140732734649,0.9758054342464124,0.7571913609729475,-0.25237041122132325
Dabrafenib,HEMK2,565,33.1766370132524,0.12714255535279503,0.6721659303366514,0.5450233749838563,0.22476831537717906
GW441756,CFL1,565,33.167596771793484,0.14023046002084436,0.47996566756035747,0.33973520753951314,0.28103629176860084
NU7441,ITGAV,559,33.1503422608821,0.13682219156482858,0.7188640517167153,0.5820418601518867,-0.278856115127683
EHT-1864,ITGAV,559,33.1503422608821,0.14142482051273006,0.9116623790286429,0.7702375585159128,-0.278856115127683
AGI-6780,PTK2,538,33.1484052813751,0.18417938725194427,1.1978188820385172,1.013639494786573,-0.2628296828595294
MN-64,PTK2,538,33.1484052813751,0.1751033031060035,0.6012274205313912,0.4261241174253877,-0.2628296828595294
Entospletinib,PTK2,538,33.1484052813751,0.1158141026944653,0.3132823919470753,0.19746828925261,-0.2628296828595294
PFI3,PTK2,538,33.1484052813751,0.20355317538579845,1.098303170636863,0.8947499952510645,-0.2628296828595294
OF-1,PTK2,538,33.1484052813751,0.13334625540436176,0.8392431405555184,0.7058968851511567,-0.2628296828595294
I-BET-762,PTK2,538,33.1484052813751,0.2378633061010216,0.5607326418137922,0.32286933571277066,-0.2628296828595294
CZC24832,PTK2,538,33.1484052813751,0.21465168187537986,0.9781733560201966,0.7635216741448168,-0.2628296828595294
PCI-34051,PTK2,538,33.1484052813751,0.2159769033357765,0.8233765562941473,0.6073996529583708,-0.2628296828595294
KRAS (G12C) Inhibitor-12,PTK2,538,33.1484052813751,0.2011948506999906,1.083761294526834,0.8825664438268435,-0.2628296828595294
Ibrutinib,CFL1,537,33.11734633398767,0.13399737582330856,0.73595141269075,0.6019540368674414,0.28676935771393286
OTX015,PTK2,537,33.08946398353026,0.21781590036663787,0.46415698046071646,0.2463410800940786,-0.2622430463619267
Navitoclax,CFL1,571,33.06350587540916,0.13340722263350172,0.43407803877752227,0.3006708161440206,0.28274050587627875
PFI-1,ITGAV,561,33.04790950265596,0.19027805060734174,0.7777272056836229,0.5874491550762811,-0.2774741116116456
Axitinib,CFL1,567,33.022664388656246,0.18626014427652626,0.6390932546972969,0.4528331104207707,0.28248716220895587
CZC24832,ITGB5,538,32.96081372767349,0.21465168187537986,0.8840561076139243,0.6694044257385444,-0.2681771925816701
PCI-34051,ITGB5,538,32.96081372767349,0.2159769033357765,0.7403973791185408,0.5244204757827643,-0.2681771925816701
OF-1,ITGB5,538,32.96081372767349,0.13334625540436176,0.5965138004358985,0.4631675450315368,-0.2681771925816701
AGI-6780,ITGB5,538,32.96081372767349,0.18417938725194427,0.8325842047570842,0.6484048175051399,-0.2681771925816701
I-BET-762,ITGB5,538,32.96081372767349,0.2378633061010216,0.6992519162136546,0.461388610112633,-0.2681771925816701
PFI3,ITGB5,538,32.96081372767349,0.20355317538579845,1.1205215915766875,0.9169684161908891,-0.2681771925816701
KRAS (G12C) Inhibitor-12,ITGB5,538,32.96081372767349,0.2011948506999906,1.094241160075177,0.8930463093751864,-0.2681771925816701
Entospletinib,ITGB5,538,32.96081372767349,0.1158141026944653,0.5531433051076817,0.43732920241321643,-0.2681771925816701
MN-64,ITGB5,538,32.96081372767349,0.1751033031060035,0.7213540282107621,0.5462507251047586,-0.2681771925816701
BI-2536,ITGAV,548,32.95847505739405,0.2142236952269241,0.872161759066274,0.6579380638393499,-0.27628314380577806
CCT007093,ITGAV,556,32.94146115944158,0.21150555376343247,0.9632220599136183,0.7517165061501858,-0.27879424055495766
Alisertib,HEMK2,562,32.92758249016444,0.19589192278322404,0.868629460274253,0.6727375374910289,0.22374492043171637
BMS-345541,ITGB5,537,32.92747687265348,0.2906204401272033,0.8724662192111431,0.5818457790839398,-0.26844903641126466
Entinostat,PTK2,539,32.90944481031808,0.2029798899162391,0.9970276166309286,0.7940477267146895,-0.2619971814342499
AGK2,PTK2,558,32.88934825708277,0.1569953701714854,1.0896632217974218,0.9326678516259364,-0.2506124735851827
Alisertib,PTK2,562,32.88073642807885,0.19589192278322404,0.716683157021041,0.5207912342378169,-0.24957411889503234
AZD5582,PTK2,533,32.8499767853546,0.044738784512264915,0.6470446220372897,0.6023058375250249,-0.2622574523455803
GSK2606414,PTK2,535,32.78363211881539,0.22192558861325895,0.9003818179895928,0.6784562293763339,-0.26170449861372547
ABT737,CFL1,566,32.760192771090345,0.1791747082330155,0.6018677312734392,0.42269302304042367,0.2827811769992576
Afatinib,UROS,570,32.74475162711288,0.10945486658595209,0.5911743509752174,0.4817194843892653,0.20491683164371247
PD173074,CFL1,572,32.73953082273971,0.18671510577560615,0.5322132909235591,0.34549818514795294,0.2810529527871199
MK-2206,CFL1,572,32.73953082273971,0.12257217807051381,0.5759514450545915,0.4533792669840777,0.2810529527871199
Nutlin-3a (-),CFL1,572,32.73953082273971,0.19310384639952194,0.3698300924026383,0.17672624600311637,0.2810529527871199
MG-132,CFL1,572,32.73953082273971,0.054781053896252575,0.5150110830433515,0.46023002914709893,0.2810529527871199
5-Fluorouracil,CFL1,572,32.73953082273971,0.2194981237127345,1.140169819911147,0.9206716961984125,0.2810529527871199
Docetaxel,CFL1,572,32.73953082273971,0.17089318479611823,0.6869900674160111,0.5160968826198928,0.2810529527871199
GW441756,UROS,565,32.73409969837629,0.14023046002084436,0.9886147595980862,0.8483842995772418,0.2052384111115473
Dinaciclib,ITGB5,537,32.705518090953724,0.17602894735136937,0.9737454962690258,0.7977165489176565,-0.2672892055681799
Doramapimod,HEMK2,566,32.7040299884387,0.08998519069848925,0.6829532769473471,0.5929680862488579,0.22286917456247327
KU-55933,HEMK2,566,32.7040299884387,0.18441391232983725,0.6047281311458192,0.42031421881598197,0.22286917456247327
AZD7762,HEMK2,569,32.65842595386182,0.17656345080487745,1.1418251263417036,0.9652616755368262,0.22315084662074752
Avagacestat,HEMK2,564,32.647857489537444,0.2186140732734649,0.7029925810629656,0.48437850778950065,0.222734209270414
Ibrutinib,ITGB5,537,32.63755753257998,0.13399737582330856,1.1634448913124658,1.0294475154891571,-0.26611782833666603
Dabrafenib,ITGB5,565,32.59512899095813,0.12714255535279503,0.48372033907397943,0.3565777837211844,-0.2574297095234705
GSK2606414,ITGB5,535,32.586982339391035,0.22192558861325895,0.8145117118926338,0.5925861232793749,-0.2671603392258491
AT13148,HEMK2,562,32.56590085241033,0.09859446087359527,0.5628518073841934,0.46425734651059813,0.22151702403880263
Olaparib,CFL1,571,32.543513187327015,0.20191035823368397,0.6490752470691199,0.4471648888354359,0.2804687615822282
Linsitinib,CFL1,571,32.543513187327015,0.22018722358495654,0.4948522790846273,0.2746650554996708,0.2804687615822282
Camptothecin,CFL1,571,32.543513187327015,0.1979871779634431,0.59491306173461,0.3969258837711669,0.2804687615822282
MK-1775,CFL1,571,32.543513187327015,0.2282855729816046,1.0996625841990184,0.8713770112174138,0.2804687615822282
Oxaliplatin,CFL1,571,32.543513187327015,0.2657031102275074,0.9012038718175224,0.635500761590015,0.2804687615822282
MIRA-1,CFL1,571,32.543513187327015,0.18785771590034817,0.7924019062275384,0.6045441903271902,0.2804687615822282
AZD3759,CFL1,571,32.543513187327015,0.14690781758177332,1.1386404301666926,0.9917326125849193,0.2804687615822282
PD0325901,CFL1,571,32.543513187327015,0.08956246237943777,0.31959591675231874,0.23003345437288097,0.2804687615822282
Gemcitabine,CFL1,571,32.543513187327015,0.21828701803109102,0.871088406783091,0.6528013887519999,0.2804687615822282
Lapatinib,CFL1,571,32.543513187327015,0.08445848111686635,0.7748844058736494,0.690425924756783,0.2804687615822282
OSI-027,CFL1,565,32.53877381564235,0.05115007630981224,0.1656241330740283,0.11447405676421604,0.2803724252551375
CCT007093,HEMK2,556,32.52734662323548,0.21150555376343247,0.7649251039303896,0.5534195501669571,0.22423646021801605
Bortezomib,HEMK2,566,32.52563749706933,0.06586564625027966,0.5674678592260631,0.5016022129757834,0.22386586038357512
5-Fluorouracil,HEMK2,572,32.51089702418178,0.2194981237127345,1.2524007270276125,1.032902603314878,0.2210842036627606
Docetaxel,HEMK2,572,32.51089702418178,0.17089318479611823,1.0676181144290329,0.8967249296329146,0.2210842036627606
PD173074,HEMK2,572,32.51089702418178,0.18671510577560615,0.6958257746730947,0.5091106688974886,0.2210842036627606
Nutlin-3a (-),HEMK2,572,32.51089702418178,0.19310384639952194,0.8137045779276331,0.6206007315281111,0.2210842036627606
MK-2206,HEMK2,572,32.51089702418178,0.12257217807051381,0.4905745314333577,0.3680023533628439,0.2210842036627606
MG-132,HEMK2,572,32.51089702418178,0.054781053896252575,0.44620835171928847,0.39142729782303587,0.2210842036627606
Foretinib,ITGB5,565,32.48056761462266,0.1679932053846095,0.3657225802357355,0.19772937485112602,-0.2580889852582779
BIBR-1532,ITGB5,565,32.48056761462266,0.16884627583499334,0.6677018338966546,0.49885555806166126,-0.2580889852582779
Lestaurtinib,CFL1,561,32.434220688072664,0.1796660317575717,0.8109696237355032,0.6313035919779315,0.2829928445011133
Bosutinib,CFL1,561,32.434220688072664,0.20674692914772005,1.188078098037002,0.981331168889282,0.2829928445011133
Lenalidomide,CFL1,561,32.434220688072664,0.2693126768803686,0.891475718146692,0.6221630412663235,0.2829928445011133
JQ1,CFL1,561,32.434220688072664,0.19270675607637947,0.9612519215918947,0.7685451655155152,0.2829928445011133
Motesanib,CFL1,561,32.434220688072664,0.2315715909530889,0.6653276022804602,0.4337560113273713,0.2829928445011133
AZD7762,ITGB5,569,32.42583661863324,0.17656345080487745,1.2743175747904942,1.0977541239856168,-0.25611140713488223
AZD7762,CFL1,569,32.425140621463775,0.17656345080487745,0.8772407263905976,0.7006772755857201,0.27964364672914
MK-8776,ITGB5,564,32.40189745444741,0.19416805572230258,1.1311878494890513,0.9370197937667487,-0.2581650135965671
AZD4547,HEMK2,568,32.38905455091959,0.137150987969838,0.39273235561668424,0.25558136764684625,0.22195648669076232
BMS-754807,CFL1,560,32.386923985658036,0.15864041314567673,0.6411771737932271,0.4825367606475504,0.282418539053286
Dactolisib,HEMK2,567,32.38334882560111,0.1281979935231402,0.8966457576488943,0.7684477641257541,0.22259607902617903
Ipatasertib,HEMK2,567,32.38334882560111,0.056291894367077114,0.3899731332953992,0.3336812389283221,0.22259607902617903
GDC0810,HEMK2,567,32.38334882560111,0.1440082007533468,0.7468070175876882,0.6027988168343414,0.22259607902617903
Afuresertib,HEMK2,567,32.38334882560111,0.05607579510310348,0.4720972385528154,0.4160214434497119,0.22259607902617903
GSK2578215A,HEMK2,567,32.38334882560111,0.16106910237369965,0.634979164913555,0.47391006253985535,0.22259607902617903
BMS-536924,HEMK2,567,32.38334882560111,0.12880118837570362,0.7716770262491226,0.642875837873419,0.22259607902617903
Cyclophosphamide,HEMK2,567,32.38334882560111,0.16546611449497234,0.8108936104553346,0.6454274959603623,0.22259607902617903
AZD6738,HEMK2,567,32.38334882560111,0.17750058632024893,1.1615264586773237,0.9840258723570748,0.22259607902617903
P22077,HEMK2,567,32.38334882560111,0.1507318258225852,0.8251881154288475,0.6744562896062622,0.22259607902617903
Gefitinib,HEMK2,567,32.38334882560111,0.1566692707838535,0.3464506794466451,0.18978140866279158,0.22259607902617903
Buparlisib,HEMK2,567,32.38334882560111,0.16229622503791616,0.9493507589032182,0.787054533865302,0.22259607902617903
Epirubicin,HEMK2,567,32.38334882560111,0.18043675143070056,1.268399009247221,1.0879622578165205,0.22259607902617903
AZD5363,HEMK2,567,32.38334882560111,0.06692939007913745,0.39618259969282504,0.3292532096136876,0.22259607902617903
NVP-ADW742,HEMK2,567,32.38334882560111,0.1771537013202507,0.7261608021323899,0.5490071008121391,0.22259607902617903
Cediranib,HEMK2,567,32.38334882560111,0.12041081921677685,0.5544970649687923,0.4340862457520154,0.22259607902617903
I-BRD9,HEMK2,567,32.38334882560111,0.2265635290285338,0.8353737719815294,0.6088102429529956,0.22259607902617903
AGI-5198,HEMK2,567,32.38334882560111,0.14917475740634037,0.722418043749258,0.5732432863429177,0.22259607902617903
AZD8186,HEMK2,567,32.38334882560111,0.05517264793066273,0.3067922341560687,0.251619586225406,0.22259607902617903
OTX015,ITGB5,537,32.359945489539754,0.21781590036663787,0.6668402439749781,0.4490243436083402,-0.2658615605075699
LGK974,ITGB5,570,32.34380346941223,0.216576537076208,0.9014205781622858,0.6848440410860779,-0.25518683458065755
GSK1904529A,ITGB5,570,32.34380346941223,0.18172481933496568,0.7253794562566892,0.5436546369217236,-0.25518683458065755
Irinotecan,ITGB5,570,32.34380346941223,0.21827951516117608,0.9331203885420903,0.7148408733809143,-0.25518683458065755
Alpelisib,ITGB5,570,32.34380346941223,0.1754072902812252,0.9249046864807274,0.7494973961995022,-0.25518683458065755
EPZ004777,ITGB5,570,32.34380346941223,0.2608164638823929,1.0866677664569557,0.8258513025745629,-0.25518683458065755
Fulvestrant,ITGB5,570,32.34380346941223,0.2051883649728587,1.0209206948136125,0.8157323298407537,-0.25518683458065755
GSK343,ITGB5,570,32.34380346941223,0.20393028131039767,0.9850430257262173,0.7811127444158196,-0.25518683458065755
Luminespib,ITGB5,570,32.34380346941223,0.09728320854179227,0.3834971394598954,0.2862139309181031,-0.25518683458065755
ABT737,HEMK2,566,32.34353783535946,0.1791747082330155,0.10007439100181975,-0.07910031723119576,0.2221131890289775
Navitoclax,HEMK2,571,32.336378889709685,0.13340722263350172,0.248559890608888,0.11515266797538629,0.22026341250232848
Motesanib,PTK2,561,32.33182067140931,0.2315715909530889,1.01265454354212,0.781082952589031,-0.24950887504791625
JQ1,PTK2,561,32.33182067140931,0.19270675607637947,0.8208120861751974,0.628105330098818,-0.24950887504791625
Lenalidomide,PTK2,561,32.33182067140931,0.2693126768803686,1.2488402042367244,0.9795275273563557,-0.24950887504791625
Lestaurtinib,PTK2,561,32.33182067140931,0.1796660317575717,0.9554528464725488,0.7757868147149771,-0.24950887504791625
Bosutinib,PTK2,561,32.33182067140931,0.20674692914772005,0.9096550806045518,0.7029081514568317,-0.24950887504791625
Lenalidomide,UBR4,561,32.32510641898961,0.2693126768803686,0.8702687424560609,0.6009560655756923,-0.21511075798808682
Lestaurtinib,UBR4,561,32.32510641898961,0.1796660317575717,0.8009619573368331,0.6212959255792614,-0.21511075798808682
JQ1,UBR4,561,32.32510641898961,0.19270675607637947,0.7177032174802587,0.5249964614038792,-0.21511075798808682
Bosutinib,UBR4,561,32.32510641898961,0.20674692914772005,0.4846274996975847,0.2778805705498646,-0.21511075798808682
Motesanib,UBR4,561,32.32510641898961,0.2315715909530889,0.6837495425153082,0.4521779515622193,-0.21511075798808682
MK-8776,HEMK2,564,32.28414333088039,0.19416805572230258,0.9738353147676925,0.7796672590453899,0.22142481855915522
PFI-1,HEMK2,561,32.279560575705446,0.19027805060734174,0.9614701528886753,0.7711921022813336,0.22203320020988013
NU7441,HEMK2,559,32.27476828197823,0.13682219156482858,0.7466819938474655,0.6098598022826369,0.222146264588125
EHT-1864,HEMK2,559,32.27476828197823,0.14142482051273006,0.5968526499212484,0.45542782940851834,0.222146264588125
Dactinomycin,CFL1,569,32.25398273543011,0.2217488468635391,0.862456310587018,0.6407074637234789,0.2790825984488934
AZD3759,HEMK2,571,32.24243009654282,0.14690781758177332,0.4394650527652837,0.2925572351835104,0.21990438356923747
Camptothecin,HEMK2,571,32.24243009654282,0.1979871779634431,1.226907128973436,1.028919951009993,0.21990438356923747
Oxaliplatin,HEMK2,571,32.24243009654282,0.2657031102275074,1.3294877639701554,1.063784653742648,0.21990438356923747
Lapatinib,HEMK2,571,32.24243009654282,0.08445848111686635,0.3561840401509664,0.2717255590341,0.21990438356923747
Olaparib,HEMK2,571,32.24243009654282,0.20191035823368397,1.0336075045072988,0.8316971462736148,0.21990438356923747
PD0325901,HEMK2,571,32.24243009654282,0.08956246237943777,0.7567935346954924,0.6672310723160546,0.21990438356923747
MK-1775,HEMK2,571,32.24243009654282,0.2282855729816046,1.2524214923372827,1.024135919355678,0.21990438356923747
MIRA-1,HEMK2,571,32.24243009654282,0.18785771590034817,0.9938355191201642,0.805977803219816,0.21990438356923747
Gemcitabine,HEMK2,571,32.24243009654282,0.21828701803109102,1.3866313079186736,1.1683442898875827,0.21990438356923747
Linsitinib,HEMK2,571,32.24243009654282,0.22018722358495654,0.6965917088157002,0.47640448523074364,0.21990438356923747
Fulvestrant,HEMK2,570,32.233895116307636,0.2051883649728587,0.8876388242947103,0.6824504593218517,0.2206270418288696
EPZ004777,HEMK2,570,32.233895116307636,0.2608164638823929,1.0278360869796928,0.7670196230972999,0.2206270418288696
GSK1904529A,HEMK2,570,32.233895116307636,0.18172481933496568,0.8429544893745257,0.66122967003956,0.2206270418288696
LGK974,HEMK2,570,32.233895116307636,0.216576537076208,0.8525944199784018,0.6360178829021939,0.2206270418288696
Alpelisib,HEMK2,570,32.233895116307636,0.1754072902812252,0.5907443689308958,0.41533707864967057,0.2206270418288696
Luminespib,HEMK2,570,32.233895116307636,0.09728320854179227,0.8960364089609881,0.7987532004191958,0.2206270418288696
Irinotecan,HEMK2,570,32.233895116307636,0.21827951516117608,1.1620881953528108,0.9438086801916348,0.2206270418288696
GSK343,HEMK2,570,32.233895116307636,0.20393028131039767,1.0008937278716357,0.796963446561238,0.2206270418288696
EPZ004777,CFL1,570,32.23034951983697,0.2608164638823929,0.7886378936609989,0.527821429778606,0.27897527992909865
Luminespib,CFL1,570,32.23034951983697,0.09728320854179227,0.5653857601416397,0.46810255159984737,0.27897527992909865
Alpelisib,CFL1,570,32.23034951983697,0.1754072902812252,0.718249413008875,0.5428421227276499,0.27897527992909865
Fulvestrant,CFL1,570,32.23034951983697,0.2051883649728587,0.7471929583612597,0.542004593388401,0.27897527992909865
Irinotecan,CFL1,570,32.23034951983697,0.21827951516117608,0.6250440107418408,0.40676449558066474,0.27897527992909865
GSK343,CFL1,570,32.23034951983697,0.20393028131039767,0.8382108847067283,0.6342806033963306,0.27897527992909865
GSK1904529A,CFL1,570,32.23034951983697,0.18172481933496568,0.4494295643264469,0.2677047449914812,0.27897527992909865
LGK974,CFL1,570,32.23034951983697,0.216576537076208,0.5757227393768581,0.35914620230065014,0.27897527992909865
AZD4547,CFL1,568,32.22967207542729,0.137150987969838,0.1698391932990081,0.032688205329170106,0.2790625154297523
Methotrexate,UROS,527,32.22326281541235,0.06908032682211968,0.9473700562858672,0.8782897294637475,0.194336538959774
AZD5582,ITGB5,533,32.216237906566356,0.044738784512264915,0.6509944355840092,0.6062556510717443,-0.2634878931629303
Afuresertib,CFL1,567,32.210599810380565,0.05607579510310348,0.40596586154507336,0.34989006644196985,0.27967385519766946
Dactolisib,CFL1,567,32.210599810380565,0.1281979935231402,0.35289932085537584,0.22470132733223563,0.27967385519766946
P22077,CFL1,567,32.210599810380565,0.1507318258225852,0.6191229043482344,0.46839107852564915,0.27967385519766946
GDC0810,CFL1,567,32.210599810380565,0.1440082007533468,0.6366538976593215,0.49264569690597465,0.27967385519766946
Cyclophosphamide,CFL1,567,32.210599810380565,0.16546611449497234,0.5542276580625058,0.3887615435675335,0.27967385519766946
AZD8186,CFL1,567,32.210599810380565,0.05517264793066273,0.2226963397036735,0.16752369177301077,0.27967385519766946
BMS-536924,CFL1,567,32.210599810380565,0.12880118837570362,0.5912815636633036,0.4624803752876,0.27967385519766946
AZD5363,CFL1,567,32.210599810380565,0.06692939007913745,0.3984798348613378,0.33155044478220036,0.27967385519766946
NVP-ADW742,CFL1,567,32.210599810380565,0.1771537013202507,0.3419334015209618,0.1647797002007111,0.27967385519766946
Epirubicin,CFL1,567,32.210599810380565,0.18043675143070056,0.5975822760593169,0.4171455246286163,0.27967385519766946
AGI-5198,CFL1,567,32.210599810380565,0.14917475740634037,0.6611032673807875,0.5119285099744472,0.27967385519766946
Buparlisib,CFL1,567,32.210599810380565,0.16229622503791616,0.5061285826804366,0.3438323576425204,0.27967385519766946
I-BRD9,CFL1,567,32.210599810380565,0.2265635290285338,0.809551636241584,0.5829881072130502,0.27967385519766946
Cediranib,CFL1,567,32.210599810380565,0.12041081921677685,0.5260238887597186,0.40561306954294174,0.27967385519766946
Gefitinib,CFL1,567,32.210599810380565,0.1566692707838535,0.9674078600192844,0.8107385892354309,0.27967385519766946
AZD6738,CFL1,567,32.210599810380565,0.17750058632024893,0.8325751601925148,0.6550745738722659,0.27967385519766946
GSK2578215A,CFL1,567,32.210599810380565,0.16106910237369965,0.4472814865794573,0.2862123842057577,0.27967385519766946
Ipatasertib,CFL1,567,32.210599810380565,0.056291894367077114,0.5191812522553141,0.462889357888237,0.27967385519766946
MG-132,ITGB5,572,32.2070845499281,0.054781053896252575,0.30336080928389936,0.2485797553876468,-0.2531180503782992
Docetaxel,ITGB5,572,32.2070845499281,0.17089318479611823,0.6734350035361367,0.5025418187400185,-0.2531180503782992
Nutlin-3a (-),ITGB5,572,32.2070845499281,0.19310384639952194,0.5428353629757663,0.34973151657624435,-0.2531180503782992
MK-2206,ITGB5,572,32.2070845499281,0.12257217807051381,0.7382407984137325,0.6156686203432187,-0.2531180503782992
PD173074,ITGB5,572,32.2070845499281,0.18671510577560615,0.6384037198903505,0.45168861411474437,-0.2531180503782992
5-Fluorouracil,ITGB5,572,32.2070845499281,0.2194981237127345,0.9462971289891012,0.7267990052763668,-0.2531180503782992
Dactinomycin,ITGB5,569,32.205276678653576,0.2217488468635391,0.8579276405456115,0.6361787936820724,-0.2548527777524457
Axitinib,HEMK2,567,32.17883326119283,0.18626014427652626,0.7183290903282871,0.5320689460517608,0.22116819487794454
ML323,ITGB5,536,32.17701318956374,0.17911119316299567,0.9419143803893542,0.7628031872263585,-0.2647700255055324
LY2109761,ITGB5,536,32.17701318956374,0.1950555917616098,0.9486204597778886,0.7535648680162788,-0.2647700255055324
BIBR-1532,HEMK2,565,32.1638319962856,0.16884627583499334,0.6697771827566449,0.5009309069216515,0.22136368747309573
Foretinib,HEMK2,565,32.1638319962856,0.1679932053846095,0.7685004045199678,0.6005071991353583,0.22136368747309573
Entinostat,ITGB5,539,32.16264404349274,0.2029798899162391,0.9095611588456154,0.7065812689293762,-0.2642770164278395
Bortezomib,CFL1,566,32.159805894225066,0.06586564625027966,0.5989961683821775,0.5331305221318978,0.2801623949314621
GNE-317,CFL1,557,32.1551288787876,0.05628083964861328,0.33228846887137925,0.27600762922276595,0.2848093680033676
Dactinomycin,HEMK2,569,32.1261023723409,0.2217488468635391,1.330895679917703,1.1091468330541638,0.2204289840420751
ABT737,ITGB5,566,32.12509988761151,0.1791747082330155,0.822772306642416,0.6435975984094005,-0.2561884609791048
Crizotinib,HEMK2,570,32.1124821073483,0.20831242050621987,0.9861112493098164,0.7777988288035965,0.2192231399523188
AZD4547,ITGB5,568,32.09829258175865,0.137150987969838,0.6394413198262692,0.5022903318564311,-0.254697684250396
JNK Inhibitor VIII,CFL1,563,32.0606387979783,0.197582461689642,0.7344686977379772,0.5368862360483352,0.27730309065608005
Bortezomib,ITGB5,566,32.05371927275526,0.06586564625027966,0.44307267879422957,0.37720703254394994,-0.2546666951244956
Epirubicin,ITGB5,567,32.03894094887704,0.18043675143070056,0.6981395028867112,0.5177027514560106,-0.25449628802786617
Cediranib,ITGB5,567,32.03894094887704,0.12041081921677685,0.7312253944034645,0.6108145751866876,-0.25449628802786617
Cyclophosphamide,ITGB5,567,32.03894094887704,0.16546611449497234,1.027870697113056,0.8624045826180837,-0.25449628802786617
AZD6738,ITGB5,567,32.03894094887704,0.17750058632024893,1.249383318685503,1.071882732365254,-0.25449628802786617
Buparlisib,ITGB5,567,32.03894094887704,0.16229622503791616,0.7366291336244443,0.5743329085865281,-0.25449628802786617
NVP-ADW742,ITGB5,567,32.03894094887704,0.1771537013202507,0.8332435713504719,0.6560898700302211,-0.25449628802786617
Afuresertib,ITGB5,567,32.03894094887704,0.05607579510310348,0.7425037774333751,0.6864279823302717,-0.25449628802786617
GDC0810,ITGB5,567,32.03894094887704,0.1440082007533468,0.7727944061665563,0.6287862054132094,-0.25449628802786617
AZD5363,ITGB5,567,32.03894094887704,0.06692939007913745,0.6900247410086277,0.6230953509294902,-0.25449628802786617
P22077,ITGB5,567,32.03894094887704,0.1507318258225852,0.6729527496352642,0.5222209238126789,-0.25449628802786617
AGI-5198,ITGB5,567,32.03894094887704,0.14917475740634037,0.7315820150014419,0.5824072575951016,-0.25449628802786617
GSK2578215A,ITGB5,567,32.03894094887704,0.16106910237369965,0.7851385445271613,0.6240694421534616,-0.25449628802786617
AZD8186,ITGB5,567,32.03894094887704,0.05517264793066273,0.2677933038051787,0.21262065587451595,-0.25449628802786617
Dactolisib,ITGB5,567,32.03894094887704,0.1281979935231402,0.2819623595723559,0.15376436604921567,-0.25449628802786617
I-BRD9,ITGB5,567,32.03894094887704,0.2265635290285338,0.9622036204661378,0.735640091437604,-0.25449628802786617
BMS-536924,ITGB5,567,32.03894094887704,0.12880118837570362,0.6265770492218844,0.49777586084618075,-0.25449628802786617
Ipatasertib,ITGB5,567,32.03894094887704,0.056291894367077114,0.7760580524092916,0.7197661580422144,-0.25449628802786617
Gefitinib,ITGB5,567,32.03894094887704,0.1566692707838535,1.5007146002762282,1.3440453294923747,-0.25449628802786617
AMG-319,ITGB5,564,32.02231207322859,0.1962649214900859,0.7171824579015643,0.5209175364114784,-0.25586087121704915
GNE-317,ITGB5,557,31.99599155913816,0.05628083964861328,0.390279129572512,0.3339982899238987,-0.25848782953135957
BMS-754807,UBR4,560,31.985992602441243,0.15864041314567673,0.49757709495929314,0.3389366818136164,-0.2134632125740197
Navitoclax,ITGB5,571,31.961788458754853,0.13340722263350172,0.6122372482212805,0.47883002558777876,-0.25250395286343297
Crizotinib,CFL1,570,31.952684885978126,0.20831242050621987,0.8928500220939554,0.6845376015877355,0.27844886532349084
Nilotinib,CFL1,565,31.9444038432348,0.13290593436200063,0.5612686236779257,0.42836268931592514,0.27918135105950515
BI-2536,PTK2,548,31.94295765374444,0.2142236952269241,1.0012846615678985,0.7870609663409744,-0.2505533644595601
BMS-754807,PTK2,560,31.914408518407804,0.15864041314567673,0.9026123427956352,0.7439719296499585,-0.2476930730008706
CCT007093,PTK2,556,31.907465271965492,0.21150555376343247,1.0379410212041855,0.826435467440753,-0.24861499707992354
LY2109761,PTK2,536,31.888006508778066,0.1950555917616098,0.7577320903923351,0.5626764986307253,-0.25764086682963816
ML323,PTK2,536,31.888006508778066,0.17911119316299567,1.2591457519370561,1.0800345587740605,-0.25764086682963816
LJI308,CFL1,563,31.887261643920322,0.2227666981307513,0.6892949653358412,0.4665282672050899,0.28009891950027577
AZ6102,CFL1,563,31.887261643920322,0.1007729652171064,0.5815730583411032,0.4808000931239968,0.28009891950027577
Avagacestat,CFL1,564,31.88149516067952,0.2186140732734649,0.9295938059889194,0.7109797327154544,0.2810521946976231
PD0325901,ITGB5,571,31.880109982100844,0.08956246237943777,0.37866888315827085,0.2891064207788331,-0.25171009283830736
Lapatinib,ITGB5,571,31.880109982100844,0.08445848111686635,1.1745527590170326,1.0900942779001663,-0.25171009283830736
Gemcitabine,ITGB5,571,31.880109982100844,0.21828701803109102,0.790413834923327,0.572126816892236,-0.25171009283830736
AZD3759,ITGB5,571,31.880109982100844,0.14690781758177332,1.3689019127493351,1.2219940951675619,-0.25171009283830736
MK-1775,ITGB5,571,31.880109982100844,0.2282855729816046,1.0377615826140387,0.8094760096324342,-0.25171009283830736
MIRA-1,ITGB5,571,31.880109982100844,0.18785771590034817,0.958504022084289,0.7706463061839408,-0.25171009283830736
Camptothecin,ITGB5,571,31.880109982100844,0.1979871779634431,0.8077219839722615,0.6097348060088184,-0.25171009283830736
Linsitinib,ITGB5,571,31.880109982100844,0.22018722358495654,0.8724326785448743,0.6522454549599177,-0.25171009283830736
Olaparib,ITGB5,571,31.880109982100844,0.20191035823368397,0.9448513914056499,0.7429410331719659,-0.25171009283830736
Oxaliplatin,ITGB5,571,31.880109982100844,0.2657031102275074,0.9069894799081262,0.6412863696806188,-0.25171009283830736
LJI308,ITGB5,563,31.871951405053657,0.2227666981307513,0.9948351033455578,0.7720684052148065,-0.25574689185359883
AZ6102,ITGB5,563,31.871951405053657,0.1007729652171064,0.44723594170132486,0.3464629764842185,-0.25574689185359883
AT13148,ITGB5,562,31.835436792872535,0.09859446087359527,0.3273503602856017,0.22875589941200644,-0.25468945825070555
GSK591,CFL1,562,31.830078958919277,0.1897061326624742,0.8950619936539297,0.7053558609914555,0.2802040267697757
GSK591,ITGB5,562,31.82627571601959,0.1897061326624742,0.8119444030667726,0.6222382704042985,-0.25550233114490656
GNE-317,UROS,557,31.816941755165338,0.05628083964861328,0.4684798404129822,0.4121990007643689,0.2099089362320302
NU7441,CFL1,559,31.807513409025972,0.13682219156482858,0.8340204287918522,0.6971982372270237,0.281561942683473
EHT-1864,CFL1,559,31.807513409025972,0.14142482051273006,0.4531607017308386,0.3117358812181086,0.281561942683473
Osimertinib,CFL1,566,31.772370501410695,0.11078268956935403,0.8751433463117921,0.7643606567424381,0.27810767350465276
Methotrexate,ITGAV,527,31.768294498355583,0.06908032682211968,0.5153377882294027,0.446257461407283,-0.27623021544512016
Erlotinib,CFL1,565,31.749035074019158,0.11564232149513366,0.8843737596573049,0.7687314381621713,0.2785994532316088
Axitinib,ITGB5,567,31.747559259480145,0.18626014427652626,0.8319457364211623,0.6456855921446361,-0.2530975672119354
Nilotinib,HEMK2,565,31.710957473299345,0.13290593436200063,0.8595698713073905,0.7266639369453899,0.22087639960532612
Osimertinib,ITGB5,566,31.706773416747613,0.11078268956935403,1.2976830613202286,1.1869003717508746,-0.2529919188038579
Erlotinib,ITGB5,565,31.647663624149754,0.11564232149513366,1.405018594471744,1.2893762729766103,-0.2529980113279127
Entinostat,CFL1,539,31.644119624840442,0.2029798899162391,0.7742485738116218,0.5712686838953827,0.284414588185167
Osimertinib,HEMK2,566,31.631053530825252,0.11078268956935403,0.3436267001978179,0.23284401062846385,0.22025568697447118
Avagacestat,ITGB5,564,31.623631457357053,0.2186140732734649,0.9988991742251291,0.7802851009516641,-0.2513001435072421
Erlotinib,HEMK2,565,31.596852635067034,0.11564232149513366,0.3527180038001174,0.23707568230498377,0.22023455552280652
EPZ5676,ITGB5,568,31.592368055282936,0.26784447427088004,1.1402475752125725,0.8724031009416924,-0.252007717724691
Afatinib,ITGB5,570,31.533357227923393,0.10945486658595209,1.2185831062370298,1.1091282396510778,-0.24970432106755125
Crizotinib,ITGB5,570,31.494587943947064,0.20831242050621987,0.8515374653245762,0.6432250448183563,-0.24992495643585433
Nilotinib,ITGB5,565,31.487115045181884,0.13290593436200063,0.5663237257995607,0.4334177914375601,-0.251986576297078
Dasatinib,CFL1,567,31.44721413478835,3.317231664344318e-07,0.36892993630744864,0.3689296045842822,0.2769643643828683
PFI-1,PTK2,561,31.396502230704357,0.19027805060734174,0.5301909608276565,0.3399129102203148,-0.2464106962746276
Doramapimod,ITGB5,566,31.36309499990264,0.08998519069848925,0.6497712471309507,0.5597860564324615,-0.24846249134063011
KU-55933,ITGB5,566,31.36309499990264,0.18441391232983725,0.7210066857129376,0.5365927733831003,-0.24846249134063011
GSK591,HEMK2,562,31.33777212913882,0.1897061326624742,1.131444503219676,0.9417383705572019,0.21770921750471484
KU-55933,UBR4,566,31.315471081884667,0.18441391232983725,0.384025370936079,0.19961145860624177,-0.2123442781812337
Doramapimod,UBR4,566,31.315471081884667,0.08998519069848925,0.25448152352421566,0.1644963328257264,-0.2123442781812337
Foretinib,CFL1,565,31.310709693890196,0.1679932053846095,0.5123486000788791,0.34435539469426957,0.27694125067447856
BIBR-1532,CFL1,565,31.310709693890196,0.16884627583499334,0.407727126380547,0.23888085054555364,0.27694125067447856
CCT007093,CFL1,556,31.31016435855686,0.21150555376343247,0.6953684739566474,0.48386292019321486,0.28005652346481297
PFI-1,CFL1,561,31.287927506209048,0.19027805060734174,0.9589582371206503,0.7686801865133086,0.2779542939789957
EHT-1864,PTK2,559,31.268131850426794,0.14142482051273006,1.1299817178736784,0.9885568973609483,-0.24572949556070334
NU7441,PTK2,559,31.268131850426794,0.13682219156482858,0.532644649186799,0.39582245762197044,-0.24572949556070334
Navitoclax,UROS,571,31.242922359541186,0.13340722263350172,1.1709164869923305,1.0375092643588288,0.20176878149963223
MK-8776,CFL1,564,31.225755113171395,0.19416805572230258,0.7785295295650829,0.5843614738427804,0.2769546632830484
JNK Inhibitor VIII,UROS,563,31.181363313816032,0.197582461689642,0.9412667541334894,0.7436842924438474,0.19959758139992773
Doramapimod,CFL1,566,31.16757726156457,0.08998519069848925,0.6823299032851949,0.5923447125867057,0.27675083069560696
KU-55933,CFL1,566,31.16757726156457,0.18441391232983725,0.6588934210922479,0.47447950876241063,0.27675083069560696
AZ6102,HEMK2,563,31.143916639944912,0.1007729652171064,0.5625481707593225,0.4617752055422161,0.21679646444017997
LJI308,HEMK2,563,31.143916639944912,0.2227666981307513,0.8489078711171187,0.6261411729863674,0.21679646444017997
IWP-2,HEMK2,537,31.14376638321221,0.2302287454869887,0.9822299716647579,0.7520012261777692,0.22687963579746176
EPZ5676,CFL1,568,31.142986124044473,0.26784447427088004,0.8748726393200225,0.6070281650491425,0.27522054804908347
AMG-319,HEMK2,564,31.141809691362816,0.1962649214900859,0.6452652118386508,0.4490002903485649,0.21820137366964842
OSI-027,ITGB5,565,31.132696139494378,0.05115007630981224,0.5663091414662526,0.5151590651564403,-0.2512581062173115
AT13148,CFL1,562,31.115239270759414,0.09859446087359527,0.15385256539733272,0.055258104523737445,0.27731922037079487
Dinaciclib,CFL1,537,31.092324153722668,0.17602894735136937,0.9206688832165683,0.7446399358651989,0.2819961272328313
Dasatinib,HEMK2,567,31.07798700519208,3.317231664344318e-07,0.27627935679828025,0.2762790250751138,0.2176719524054417
I-BET-762,CFL1,538,31.06805293313697,0.2378633061010216,1.0058127074396959,0.7679494013386743,0.28225943825679173
Entospletinib,CFL1,538,31.06805293313697,0.1158141026944653,0.6565007469356208,0.5406866442411554,0.28225943825679173
OF-1,CFL1,538,31.06805293313697,0.13334625540436176,0.5782680291956835,0.4449217737913218,0.28225943825679173
PFI3,CFL1,538,31.06805293313697,0.20355317538579845,0.8776054590513528,0.6740522836655544,0.28225943825679173
AGI-6780,CFL1,538,31.06805293313697,0.18417938725194427,0.7018295699493422,0.5176501826973979,0.28225943825679173
KRAS (G12C) Inhibitor-12,CFL1,538,31.06805293313697,0.2011948506999906,0.7973654422894331,0.5961705915894424,0.28225943825679173
PCI-34051,CFL1,538,31.06805293313697,0.2159769033357765,0.8213868339755119,0.6054099306397355,0.28225943825679173
CZC24832,CFL1,538,31.06805293313697,0.21465168187537986,0.8516558506924359,0.637004168817056,0.28225943825679173
MN-64,CFL1,538,31.06805293313697,0.1751033031060035,0.3513183568520662,0.1762150537460627,0.28225943825679173
Niraparib,HEMK2,538,31.04836471383391,0.2799975468554755,1.082756503632067,0.8027589567765915,0.22627106617944961
AZ960,HEMK2,538,31.04836471383391,0.17274684949292313,0.778238174477438,0.6054913249845149,0.22627106617944961
Mirin,HEMK2,538,31.04836471383391,0.2076944845886189,1.0715114619631831,0.8638169773745643,0.22627106617944961
LCL161,HEMK2,538,31.04836471383391,0.10743343666579672,0.46851230026706686,0.3610788636012702,0.22627106617944961
Leflunomide,HEMK2,538,31.04836471383391,0.27476115011562063,0.9333670433456089,0.6586058932299883,0.22627106617944961
GW441756,ITGB5,565,31.020900408595967,0.14023046002084436,0.7511404557001826,0.6109099956793382,-0.24642947200057488
Bosutinib,ITGB5,561,31.013431134490734,0.20674692914772005,1.3130261563634253,1.1062792272157054,-0.24982627797155746
Lenalidomide,ITGB5,561,31.013431134490734,0.2693126768803686,1.1397373038898266,0.870424627009458,-0.24982627797155746
JQ1,ITGB5,561,31.013431134490734,0.19270675607637947,0.7925198260607661,0.5998130699843867,-0.24982627797155746
Motesanib,ITGB5,561,31.013431134490734,0.2315715909530889,0.8718666973669347,0.6402951064138458,-0.24982627797155746
Lestaurtinib,ITGB5,561,31.013431134490734,0.1796660317575717,0.8510143599767127,0.671348328219141,-0.24982627797155746
GSK2606414,CFL1,535,30.99720997842145,0.22192558861325895,0.8419914630270815,0.6200658744138225,0.2833560852672477
GW441756,HEMK2,565,30.956639955633346,0.14023046002084436,0.5606739843453549,0.4204435243245105,0.2190172007826945
5-Fluorouracil,UROS,572,30.95228821727625,0.2194981237127345,1.2647839826729343,1.0452858589601999,0.199759382748719
Docetaxel,UROS,572,30.95228821727625,0.17089318479611823,0.7926149959296122,0.6217218111334939,0.199759382748719
MK-2206,UROS,572,30.95228821727625,0.12257217807051381,1.140225793500827,1.0176536154303133,0.199759382748719
MG-132,UROS,572,30.95228821727625,0.054781053896252575,0.596730099838172,0.5419490459419195,0.199759382748719
Nutlin-3a (-),UROS,572,30.95228821727625,0.19310384639952194,1.1435553573725745,0.9504515109730526,0.199759382748719
PD173074,UROS,572,30.95228821727625,0.18671510577560615,0.9364899312112469,0.7497748254356408,0.199759382748719
Gemcitabine,UROS,571,30.908963697646243,0.21828701803109102,1.0404699215107385,0.8221829034796475,0.2004321883296904
Lapatinib,UROS,571,30.908963697646243,0.08445848111686635,0.4804285627504433,0.39597008163357694,0.2004321883296904
PD0325901,UROS,571,30.908963697646243,0.08956246237943777,0.24984348371319062,0.16028102133375285,0.2004321883296904
AZD3759,UROS,571,30.908963697646243,0.14690781758177332,0.6016076544533514,0.4546998368715781,0.2004321883296904
Oxaliplatin,UROS,571,30.908963697646243,0.2657031102275074,1.4627857592947529,1.1970826490672455,0.2004321883296904
Linsitinib,UROS,571,30.908963697646243,0.22018722358495654,1.0167412160850797,0.7965539925001232,0.2004321883296904
MK-1775,UROS,571,30.908963697646243,0.2282855729816046,1.341249491836806,1.1129639188552014,0.2004321883296904
Olaparib,UROS,571,30.908963697646243,0.20191035823368397,1.3404909716834303,1.1385806134497463,0.2004321883296904
Camptothecin,UROS,571,30.908963697646243,0.1979871779634431,0.9560519709435202,0.7580647929800771,0.2004321883296904
MIRA-1,UROS,571,30.908963697646243,0.18785771590034817,1.511308130040246,1.3234504141398977,0.2004321883296904
Axitinib,UROS,567,30.901163330647726,0.18626014427652626,1.2417312143219799,1.0554710700454537,0.2000095718928148
Foretinib,UROS,565,30.888124275635313,0.1679932053846095,0.9402289422022132,0.7722357368176037,0.2018442288922318
BIBR-1532,UROS,565,30.888124275635313,0.16884627583499334,1.1716928800090336,1.0028466041740403,0.2018442288922318
AZD7762,UROS,569,30.887665084039103,0.17656345080487745,1.311956790766962,1.1353933399620846,0.20078122048357114
Doramapimod,UROS,566,30.862598325267886,0.08998519069848925,1.0433709894992202,0.953385798800731,0.20070575415645617
KU-55933,UROS,566,30.862598325267886,0.18441391232983725,1.1915865278747568,1.0071726155449197,0.20070575415645617
MK-8776,UROS,564,30.859967558631002,0.19416805572230258,1.3487451122868719,1.1545770565645692,0.20164583509609907
AZD4547,UROS,568,30.844049678714654,0.137150987969838,0.8259386812291739,0.688787693259336,0.20146204310416296
Avagacestat,UBR4,564,30.84291595029389,0.2186140732734649,0.23013996204316733,0.011525888769702425,-0.21086528077889216
Dasatinib,ITGB5,567,30.837914772475376,3.317231664344318e-07,0.05447250010353668,0.054472168380370244,-0.24772716919235604
Cyclophosphamide,UROS,567,30.836916726701126,0.16546611449497234,1.3626317033537028,1.1971655888587305,0.20222940838329284
AZD8186,UROS,567,30.836916726701126,0.05517264793066273,0.7796503656428081,0.7244777177121453,0.20222940838329284
GDC0810,UROS,567,30.836916726701126,0.1440082007533468,1.1593148283636725,1.0153066276103258,0.20222940838329284
AZD6738,UROS,567,30.836916726701126,0.17750058632024893,1.2030836895576797,1.0255831032374307,0.20222940838329284
AZD5363,UROS,567,30.836916726701126,0.06692939007913745,0.768065659294736,0.7011362692155986,0.20222940838329284
BMS-536924,UROS,567,30.836916726701126,0.12880118837570362,0.6422745186632715,0.5134733302875678,0.20222940838329284
Buparlisib,UROS,567,30.836916726701126,0.16229622503791616,0.962393976034064,0.8000977509961478,0.20222940838329284
Gefitinib,UROS,567,30.836916726701126,0.1566692707838535,0.5257384393705119,0.3690691685866584,0.20222940838329284
I-BRD9,UROS,567,30.836916726701126,0.2265635290285338,1.4014446044832471,1.1748810754547134,0.20222940838329284
AGI-5198,UROS,567,30.836916726701126,0.14917475740634037,1.0843522213663952,0.9351774639600549,0.20222940838329284
GSK2578215A,UROS,567,30.836916726701126,0.16106910237369965,0.7947846518708156,0.633715549497116,0.20222940838329284
Ipatasertib,UROS,567,30.836916726701126,0.056291894367077114,0.7935604181858067,0.7372685238187295,0.20222940838329284
Epirubicin,UROS,567,30.836916726701126,0.18043675143070056,1.3590271879529006,1.1785904365222,0.20222940838329284
Cediranib,UROS,567,30.836916726701126,0.12041081921677685,0.3975424997251814,0.27713168050840453,0.20222940838329284
NVP-ADW742,UROS,567,30.836916726701126,0.1771537013202507,0.7563026138402532,0.5791489125200024,0.20222940838329284
Dactolisib,UROS,567,30.836916726701126,0.1281979935231402,0.7193239114302352,0.591125917907095,0.20222940838329284
P22077,UROS,567,30.836916726701126,0.1507318258225852,1.2025634369038851,1.0518316110813,0.20222940838329284
Afuresertib,UROS,567,30.836916726701126,0.05607579510310348,0.68953328610498,0.6334574910018765,0.20222940838329284
Alpelisib,UROS,570,30.821943302954818,0.1754072902812252,0.8304257606625158,0.6550184703812907,0.20074834592321078
EPZ004777,UROS,570,30.821943302954818,0.2608164638823929,1.27914164945522,1.018325185572827,0.20074834592321078
GSK1904529A,UROS,570,30.821943302954818,0.18172481933496568,0.9887769575262098,0.8070521381912441,0.20074834592321078
Fulvestrant,UROS,570,30.821943302954818,0.2051883649728587,1.2481406922786216,1.0429523273057628,0.20074834592321078
LGK974,UROS,570,30.821943302954818,0.216576537076208,1.3126250627838534,1.0960485257076453,0.20074834592321078
Irinotecan,UROS,570,30.821943302954818,0.21827951516117608,1.0504478158949193,0.8321683007337433,0.20074834592321078
Luminespib,UROS,570,30.821943302954818,0.09728320854179227,0.7297792071133254,0.6324959985715332,0.20074834592321078
GSK343,UROS,570,30.821943302954818,0.20393028131039767,1.172098976997549,0.9681686956871512,0.20074834592321078
Bortezomib,UROS,566,30.796679629304087,0.06586564625027966,0.6972852348585042,0.6314195886082246,0.20286093833734475
Methotrexate,CFL1,527,30.76531121052086,0.06908032682211968,0.5644474034893265,0.49536707666720686,0.27749340651484217
OTX015,CFL1,537,30.76139587738289,0.21781590036663787,0.9272317686384669,0.709415868271829,0.28127978619498295
Dactinomycin,UROS,569,30.729939398988726,0.2217488468635391,1.1599054048450521,0.938156557981513,0.20036654112074168
LCL161,CFL1,538,30.668844886752435,0.10743343666579672,0.4645155856657684,0.3570821489999717,0.28108433160694346
AZ960,CFL1,538,30.668844886752435,0.17274684949292313,0.7675563754259652,0.5948095259330421,0.28108433160694346
Leflunomide,CFL1,538,30.668844886752435,0.27476115011562063,1.1419664323782472,0.8672052822626266,0.28108433160694346
Niraparib,CFL1,538,30.668844886752435,0.2799975468554755,0.7218516600772769,0.44185411322180135,0.28108433160694346
Mirin,CFL1,538,30.668844886752435,0.2076944845886189,0.7625314234043795,0.5548369388157606,0.28108433160694346
AMG-319,CFL1,564,30.664512738975425,0.1962649214900859,0.6818575349203161,0.4855926134302302,0.27453634385285014
ABT737,UROS,566,30.629868344145333,0.1791747082330155,1.1331943546903633,0.9540196464573478,0.2004019833783116
PFI-1,UROS,561,30.62342059947911,0.19027805060734174,1.2273413941229694,1.0370633435156276,0.20121408317451858
Dabrafenib,CFL1,565,30.616636760359782,0.12714255535279503,0.24136076233973092,0.11421820698693588,0.2738333600574313
BMS-754807,ITGB5,560,30.586262351785727,0.15864041314567673,0.4295987128346848,0.2709582996890081,-0.24789225822057562
Alisertib,ITGB5,562,30.577280892000413,0.19589192278322404,0.5832134808733472,0.3873215580901232,-0.25084230607253705
Cytarabine,PTK2,478,30.557104728542647,0.1834101353378042,0.9868387880738593,0.803428652736055,-0.2601060547851751
N30652-18-1,PTK2,478,30.557104728542647,0.2138542027993366,1.1350021539340762,0.9211479511347396,-0.2601060547851751
N25720-51-A1,PTK2,478,30.557104728542647,0.17893398639433397,0.9286670169449078,0.7497330305505738,-0.2601060547851751
BPD-00008900,PTK2,478,30.557104728542647,0.1451919243030389,0.27445218108504665,0.12926025678200775,-0.2601060547851751
N29087-69-1,PTK2,478,30.557104728542647,0.22360509111491594,1.1180200883832512,0.8944149972683353,-0.2601060547851751
N27922-53-1,PTK2,478,30.557104728542647,0.18593238793229758,1.0462959281034145,0.8603635401711169,-0.2601060547851751
BDP-00009066,PTK2,478,30.557104728542647,0.18119232170511906,0.435718592249426,0.25452627054430693,-0.2601060547851751
MIM1,PTK2,478,30.557104728542647,0.13572889415233946,0.7792130554274682,0.6434841612751288,-0.2601060547851751
Afatinib,HEMK2,570,30.510296313760524,0.10945486658595209,0.3769115555169651,0.267456688931013,0.2160689289513616
Obatoclax Mesylate,PTK2,496,30.486734862725662,0.09928623989788024,0.35197666007393275,0.2526904201760525,-0.25252492471938176
Alisertib,CFL1,562,30.462418113520478,0.19589192278322404,0.7669916347812202,0.5710997119979961,0.2762227478598961
Avagacestat,UROS,564,30.453189144442472,0.2186140732734649,1.159715738201192,0.9411016649277271,0.19836613777564782
CCT007093,ITGB5,556,30.44668983062563,0.21150555376343247,0.9687082453619098,0.7572026915984773,-0.24614062934717004
Dinaciclib,HEMK2,537,30.432507166262482,0.17602894735136937,1.023987891239307,0.8479589438879376,0.22512621209956118
IWP-2,CFL1,537,30.427062689790155,0.2302287454869887,0.7551217970782136,0.5248930515912249,0.27976767426599836
Crizotinib,UROS,570,30.407968962935126,0.20831242050621987,1.1509203686865297,0.9426079481803098,0.19815210589331328
Entinostat,HEMK2,539,30.4015701896717,0.2029798899162391,0.908867705260755,0.7058878153445158,0.22419560141280795
EHT-1864,UROS,559,30.38092395013195,0.14142482051273006,0.7695392845258169,0.6281144640130868,0.19970363469988375
NU7441,UROS,559,30.38092395013195,0.13682219156482858,1.026674775746902,0.8898525841820734,0.19970363469988375
EPZ5676,HEMK2,568,30.354459989598137,0.26784447427088004,1.1301563457970363,0.8623118715261562,0.21484337909249418
BI-2536,UBR4,548,30.34304896414574,0.2142236952269241,0.7693180258700005,0.5550943306430765,-0.20727284420837144
Nilotinib,UROS,565,30.335739869157454,0.13290593436200063,1.138635136810983,1.0057292024489823,0.2016234723186027
EHT-1864,ITGB5,559,30.28614757923725,0.14142482051273006,0.9242429286176591,0.782818108104929,-0.2453519973399943
NU7441,ITGB5,559,30.28614757923725,0.13682219156482858,0.6325417073930716,0.49571951582824303,-0.2453519973399943
JNK Inhibitor VIII,ITGB5,563,30.28373729481389,0.197582461689642,0.8215416973025073,0.6239592356128653,-0.24319595574820987
AZD5582,CFL1,533,30.254726624016225,0.044738784512264915,0.3372437935046768,0.2925050089924119,0.2792946117216646
Dabrafenib,UROS,565,30.205823381161615,0.12714255535279503,0.7689341705795569,0.6417916152267619,0.1976237730478712
PFI-1,UBR4,561,30.16223120783504,0.19027805060734174,0.9004352973877652,0.7101572467804235,-0.20792528593449672
Dabrafenib,UBR4,565,30.155690220268387,0.12714255535279503,0.5383588390690516,0.4112162837162565,-0.21453194350281735
A-366,PTK2,477,30.11878218519711,0.18122964040224931,0.8725843047020668,0.6913546642998175,-0.257875345606783
PBD-288,PTK2,477,30.11878218519711,0.16086913395787286,0.88249605221538,0.7216269182575071,-0.257875345606783
CT7033-2,PTK2,477,30.11878218519711,0.21166102929722386,1.0544451922621225,0.8427841629648987,-0.257875345606783
CPI-637,PTK2,477,30.11878218519711,0.19862150130388836,0.9760634441001153,0.7774419427962269,-0.257875345606783
PFI-1,ITGB5,561,30.118011305989636,0.19027805060734174,0.7224416839691051,0.5321636333617634,-0.24333290741078056
CCT007093,UROS,556,30.07733798667572,0.21150555376343247,1.1145717021699075,0.903066148406475,0.19968380092374255
Osimertinib,UROS,566,30.07463665955762,0.11078268956935403,0.6475918550532449,0.5368091654838909,0.19984864405890704
Erlotinib,UROS,565,30.02220468007613,0.11564232149513366,0.4552603551442966,0.33961803364916293,0.19994218280214474
HKMTI-1-005,PTK2,477,30.003015378742788,0.14688138762992026,0.937568921077587,0.7906875334476668,-0.2586509775616254
ICL-SIRT078,PTK2,477,30.003015378742788,0.12974799372762702,1.0166359535525853,0.8868879598249583,-0.2586509775616254
ML323,CFL1,536,29.97444360931739,0.17911119316299567,0.8380739373951079,0.6589627442321122,0.27821197879448367
LY2109761,CFL1,536,29.97444360931739,0.1950555917616098,0.6111398888821047,0.4160842971204949,0.27821197879448367
CCT007093,UBR4,556,29.92344377448937,0.21150555376343247,0.3288038007031883,0.11729824693975585,-0.20853185955287398
EHT-1864,UBR4,559,29.922196495943414,0.14142482051273006,0.5109797015929626,0.3695548810802325,-0.20745557268437986
NU7441,UBR4,559,29.922196495943414,0.13682219156482858,0.1841503566837214,0.04732816511889282,-0.20745557268437986
AZD5582,HEMK2,533,29.88459436831889,0.044738784512264915,0.489095477551428,0.4443566930391631,0.2218614130240964
AMG-319,UROS,564,29.85978862922833,0.1962649214900859,1.4488348351385505,1.2525699136484647,0.19862512637566793
Foretinib,UBR4,565,29.80802045761051,0.1679932053846095,0.45513521228296144,0.28714200689835195,-0.21374286183818766
BIBR-1532,UBR4,565,29.80802045761051,0.16884627583499334,0.5284927590363993,0.3596464832014059,-0.21374286183818766
OSI-027,HEMK2,565,29.78099085183449,0.05115007630981224,0.3171390396874844,0.2659889633776722,0.21597171814215846
Bleomycin (50 uM),HEMK2,472,29.772456925281343,0.124402167633185,0.9499130121297461,0.8255108444965611,0.23117832911360048
GSK2830371,HEMK2,472,29.772456925281343,0.20940062284627928,0.7778995543383238,0.5684989314920446,0.23117832911360048
MK-8776,UBR4,564,29.747403170622317,0.19416805572230258,0.7845517080538882,0.5903836523315856,-0.21376866873371497
OF-1,HEMK2,538,29.685244050844233,0.13334625540436176,0.5447309342336989,0.41138467882933716,0.22136164953255236
PFI3,HEMK2,538,29.685244050844233,0.20355317538579845,1.0721425719007176,0.8685893965149192,0.22136164953255236
Entospletinib,HEMK2,538,29.685244050844233,0.1158141026944653,0.6923618540862354,0.5765477513917701,0.22136164953255236
AGI-6780,HEMK2,538,29.685244050844233,0.18417938725194427,0.5490870750647712,0.3649076878128269,0.22136164953255236
KRAS (G12C) Inhibitor-12,HEMK2,538,29.685244050844233,0.2011948506999906,1.0247676815949727,0.8235728308949821,0.22136164953255236
PCI-34051,HEMK2,538,29.685244050844233,0.2159769033357765,1.0506603052397918,0.8346834019040154,0.22136164953255236
CZC24832,HEMK2,538,29.685244050844233,0.21465168187537986,0.9469380838865643,0.7322864020111844,0.22136164953255236
I-BET-762,HEMK2,538,29.685244050844233,0.2378633061010216,0.9703619889006094,0.7324986827995879,0.22136164953255236
MN-64,HEMK2,538,29.685244050844233,0.1751033031060035,0.535975506488452,0.3608722033824485,0.22136164953255236
AZD8055,UBR4,477,29.66662768853129,0.07909896857189894,0.13622057523087644,0.0571216066589775,-0.22716363722405356
GSK-LSD1-2HCl,PTK2,476,29.662431003490234,0.1376229434563707,0.9712207943125915,0.8335978508562207,-0.25574446660491407
5-azacytidine,PTK2,476,29.662431003490234,0.13720736609475748,0.7713433978145693,0.6341360317198118,-0.25574446660491407
GSK2606414,HEMK2,535,29.661602660496797,0.22192558861325895,0.6733450141807833,0.45141942556752435,0.22211276391329082
Mycophenolic acid,PTK2,474,29.648598616820816,0.16693267005799012,0.67464099854123,0.50770832848324,-0.2569607013224447
AMG-319,UBR4,564,29.581119986657093,0.1962649214900859,0.6305082668859755,0.4342433453958896,-0.21263010882939093
BI-2536,CFL1,548,29.532537501018997,0.2142236952269241,0.7888412605377664,0.5746175653108423,0.2752004417144524
OTX015,HEMK2,537,29.501389906179575,0.21781590036663787,0.9007293898946577,0.6829134895280198,0.22087993088905325
AGK2,ITGB5,558,29.418019341677113,0.1569953701714854,0.9180630702741175,0.761067700102632,-0.24312862499563573
Navitoclax,UBR4,571,29.39317886726891,0.13340722263350172,1.0533300960206866,0.9199228733871849,-0.21248627858453648
AGK2,CFL1,558,29.381490457160076,0.1569953701714854,0.913429716952149,0.7564343467806636,0.27371899596912763
Dasatinib,UROS,567,29.37182628949914,3.317231664344318e-07,0.1151173889581665,0.11511705723500007,0.19486714818422377
BMS-345541,HEMK2,537,29.359856224772436,0.2906204401272033,1.2011671876270185,0.9105467474998152,0.22225356364942747
CDK9_5038,PTK2,463,29.35541774862095,0.17198248883410425,0.9507498590502674,0.7787673702161632,-0.2634572082419703
CDK9_5576,PTK2,463,29.35541774862095,0.19081668059104576,0.7888416118770102,0.5980249312859645,-0.2634572082419703
EPZ5676,UROS,568,29.308065987520582,0.26784447427088004,1.5060541845399738,1.2382097102690937,0.19511189378017768
Cisplatin,PTK2,484,29.28982665251797,0.19813020376192553,1.0618209371979614,0.863690733436036,-0.2507583122228002
AZD1208,PTK2,464,29.198108713915335,0.2176463043801584,1.1202858295253841,0.9026395251452257,-0.2618675177843392
IRAK4_4710,PTK2,464,29.198108713915335,0.23658340464320624,0.970766267976959,0.7341828633337527,-0.2618675177843392
ERK_2440,PTK2,464,29.198108713915335,0.11910541439879055,-0.14023802191135887,-0.25934343631014944,-0.2618675177843392
AZD2014,PTK2,464,29.198108713915335,0.13846501496730929,0.30413464948301594,0.16566963451570665,-0.2618675177843392
AZD5438,PTK2,464,29.198108713915335,0.19497978634488297,0.873852234896621,0.678872448551738,-0.2618675177843392
AZD1332,PTK2,464,29.198108713915335,0.08779609415919891,-0.1175465909259263,-0.2053426850851252,-0.2618675177843392
ERK_6604,PTK2,464,29.198108713915335,0.1342761631093472,0.10924716597385656,-0.025028997135490644,-0.2618675177843392
AZD5153,PTK2,464,29.198108713915335,0.19682757780107327,0.5602437342278586,0.36341615642678526,-0.2618675177843392
JAK_8517,PTK2,464,29.198108713915335,0.1434388774445309,0.4918161463790176,0.34837726893448673,-0.2618675177843392
JAK1_8709,PTK2,464,29.198108713915335,0.2298283301572647,0.9796117678929661,0.7497834377357014,-0.2618675177843392
AT13148,UROS,562,29.09999485459289,0.09859446087359527,0.732171304312485,0.6335768434388898,0.1990692524236359
JNK Inhibitor VIII,HEMK2,563,29.09994214340528,0.197582461689642,0.7878887277629297,0.5903062660732877,0.21319020364489955
AZD5991,PTK2,463,29.08814437639038,0.18152813071598925,1.020920405239592,0.8393922745236027,-0.2612167381289299
PAK_5339,PTK2,463,29.050910002507276,0.1604469079194713,0.5458068351236118,0.38535992720414053,-0.2606191101666636
GW441756,UBR4,565,28.929141137254554,0.14023046002084436,0.45423776090696205,0.3140073008861177,-0.2084140323470256
BI-2536,ITGB5,548,28.897270121212006,0.2142236952269241,0.7297635138684043,0.5155398186414802,-0.24094299793704713
MK-2206,UBR4,572,28.88768199206934,0.12257217807051381,-0.07463226416250819,-0.197204442233022,-0.20945659268249378
PD173074,UBR4,572,28.88768199206934,0.18671510577560615,0.26602962346391845,0.0793145176883123,-0.20945659268249378
5-Fluorouracil,UBR4,572,28.88768199206934,0.2194981237127345,0.8931795149160625,0.673681391203328,-0.20945659268249378
MG-132,UBR4,572,28.88768199206934,0.054781053896252575,0.18902259952304598,0.1342415456267934,-0.20945659268249378
Docetaxel,UBR4,572,28.88768199206934,0.17089318479611823,0.29521411950763554,0.12432093471151731,-0.20945659268249378
Nutlin-3a (-),UBR4,572,28.88768199206934,0.19310384639952194,1.1067410402581495,0.9136371938586275,-0.20945659268249378
BMS-345541,CFL1,537,28.851608297765402,0.2906204401272033,1.1195210909315736,0.8289006508043704,0.27751736840294383
IGF1R_3801,PTK2,463,28.84256840397369,0.1599494115567059,0.33937505861066963,0.17942564705396374,-0.2602342730629019
Eg5_9814,PTK2,461,28.786721575649118,0.15256657097578244,0.8749918887418714,0.722425317766089,-0.26056813129339773
IAP_5620,PTK2,461,28.76928999090827,-0.008082069766990886,0.5388933808971494,0.5469754506641403,-0.26198270276361385
GSK591,UROS,562,28.689586578859576,0.1897061326624742,1.1778959515588974,0.9881898188964232,0.19618349956586273
AT13148,UBR4,562,28.685803367737627,0.09859446087359527,0.08222704698801049,-0.016367413885584783,-0.21135266504711794
AZ6102,UROS,563,28.681091008529098,0.1007729652171064,0.7108144311423775,0.6100414659252711,0.19630770646009485
LJI308,UROS,563,28.681091008529098,0.2227666981307513,1.240280653515991,1.0175139553852397,0.19630770646009485
N-acetyl cysteine,HEMK2,477,28.651000531194324,0.054471960182223764,0.6790436785138597,0.6245717183316359,0.22727630564343837
Lenalidomide,UROS,561,28.603468931392328,0.2693126768803686,1.500470422982748,1.2311577461023793,0.191874689053881
JQ1,UROS,561,28.603468931392328,0.19270675607637947,1.124272828263763,0.9315660721873836,0.191874689053881
Bosutinib,UROS,561,28.603468931392328,0.20674692914772005,1.1969554409064993,0.9902085117587792,0.191874689053881
Lestaurtinib,UROS,561,28.603468931392328,0.1796660317575717,1.339495927966665,1.1598298962090932,0.191874689053881
Motesanib,UROS,561,28.603468931392328,0.2315715909530889,1.3196657675496617,1.0880941765965728,0.191874689053881
AGK2,HEMK2,558,28.57715575172404,0.1569953701714854,0.8276722733756879,0.6706769032042026,0.21247105036858577
Oxaliplatin,UBR4,571,28.554965572571863,0.2657031102275074,1.2575987151197705,0.9918956048922631,-0.20773704127930318
Linsitinib,UBR4,571,28.554965572571863,0.22018722358495654,0.7433369370280328,0.5231497134430763,-0.20773704127930318
Lapatinib,UBR4,571,28.554965572571863,0.08445848111686635,-0.5100003531416649,-0.5944588342585313,-0.20773704127930318
MK-1775,UBR4,571,28.554965572571863,0.2282855729816046,0.9205937728206999,0.6923081998390953,-0.20773704127930318
Gemcitabine,UBR4,571,28.554965572571863,0.21828701803109102,0.9819223854053688,0.7636353673742777,-0.20773704127930318
MIRA-1,UBR4,571,28.554965572571863,0.18785771590034817,0.9665933721042901,0.7787356562039419,-0.20773704127930318
Olaparib,UBR4,571,28.554965572571863,0.20191035823368397,1.1550098093685,0.953099451134816,-0.20773704127930318
PD0325901,UBR4,571,28.554965572571863,0.08956246237943777,0.10277139113702725,0.013208928757589486,-0.20773704127930318
Camptothecin,UBR4,571,28.554965572571863,0.1979871779634431,1.077587395789339,0.8796002178258958,-0.20773704127930318
AZD3759,UBR4,571,28.554965572571863,0.14690781758177332,-0.24896068342754557,-0.3958685010093189,-0.20773704127930318
AZD7762,UBR4,569,28.5323798282835,0.17656345080487745,0.7406422337078261,0.5640787829029487,-0.2080222803847412
BMS-754807,UROS,560,28.46853431113953,0.15864041314567673,1.0132362191521462,0.8545958060064696,0.19082839185438366
Axitinib,UBR4,567,28.449872152684772,0.18626014427652626,0.8330812058817706,0.6468210616052443,-0.2083924170596146
JNK Inhibitor VIII,UBR4,563,28.39560993248633,0.197582461689642,0.4343604523691051,0.2367779906794631,-0.20631585516104345
Methotrexate,PTK2,527,28.39391786336328,0.06908032682211968,0.8369372110383779,0.7678568842162583,-0.2356569151081817
ABT737,UBR4,566,28.38386023040988,0.1791747082330155,0.9976211122979856,0.81844640406497,-0.20824549046819912
GSK1904529A,UBR4,570,28.355772973896936,0.18172481933496568,0.2958396498264148,0.11411483049144913,-0.20652717824373276
LGK974,UBR4,570,28.355772973896936,0.216576537076208,0.8608439699189075,0.6442674328426996,-0.20652717824373276
Irinotecan,UBR4,570,28.355772973896936,0.21827951516117608,1.0385276159175527,0.8202481007563767,-0.20652717824373276
Fulvestrant,UBR4,570,28.355772973896936,0.2051883649728587,0.5908096942033274,0.3856213292304687,-0.20652717824373276
EPZ004777,UBR4,570,28.355772973896936,0.2608164638823929,0.8216932016737347,0.5608767377913418,-0.20652717824373276
GSK343,UBR4,570,28.355772973896936,0.20393028131039767,0.35420205772765967,0.150271776417262,-0.20652717824373276
Alpelisib,UBR4,570,28.355772973896936,0.1754072902812252,-0.29557885464500616,-0.47098614492623136,-0.20652717824373276
Luminespib,UBR4,570,28.355772973896936,0.09728320854179227,0.13184349367743764,0.034560285135645366,-0.20652717824373276
Nelarabine,PTK2,464,28.323743561630657,0.1724743803662855,1.1733221380445142,1.0008477576782286,-0.25897241235161694
GSK591,UBR4,562,28.318427672518244,0.1897061326624742,0.33072429817829035,0.14101816551581617,-0.21057393227363977
Cisplatin,HEMK2,484,28.26203485456657,0.19813020376192553,1.1913105586569441,0.9931803548950187,0.22389692944275072
Nilotinib,UBR4,565,28.249603023246465,0.13290593436200063,0.5100867546612233,0.37718082029922273,-0.20778709166188186
BDP-00009066,HEMK2,478,28.24842597726307,0.18119232170511906,1.0032884920060832,0.8220961703009642,0.2266258898032515
BPD-00008900,HEMK2,478,28.24842597726307,0.1451919243030389,0.8737360655032633,0.7285441412002245,0.2266258898032515
MIM1,HEMK2,478,28.24842597726307,0.13572889415233946,0.8176498067234977,0.6819209125711583,0.2266258898032515
Cytarabine,HEMK2,478,28.24842597726307,0.1834101353378042,1.4547756750604695,1.2713655397226653,0.2266258898032515
N30652-18-1,HEMK2,478,28.24842597726307,0.2138542027993366,0.7977176225553552,0.5838634197560186,0.2266258898032515
N25720-51-A1,HEMK2,478,28.24842597726307,0.17893398639433397,0.8832739592971505,0.7043399729028165,0.2266258898032515
N27922-53-1,HEMK2,478,28.24842597726307,0.18593238793229758,0.7199580079664718,0.5340256200341742,0.2266258898032515
N29087-69-1,HEMK2,478,28.24842597726307,0.22360509111491594,0.8401982670415205,0.6165931759266046,0.2266258898032515
LJI308,UBR4,563,28.246541005943627,0.2227666981307513,0.5807339816433378,0.35796728351258644,-0.20963027438084195
AZ6102,UBR4,563,28.246541005943627,0.1007729652171064,0.4256288180736316,0.32485585285652524,-0.20963027438084195
Crizotinib,UBR4,570,28.23371034696905,0.20831242050621987,0.6697020428453888,0.4613896223391689,-0.20615400964283476
Ipatasertib,UBR4,567,28.22015966021456,0.056291894367077114,-0.2575256970386703,-0.3138175914057474,-0.20691713426745528
AZD5363,UBR4,567,28.22015966021456,0.06692939007913745,-0.16447528247381638,-0.23140467255295383,-0.20691713426745528
Buparlisib,UBR4,567,28.22015966021456,0.16229622503791616,0.3843728741845884,0.22207664914667222,-0.20691713426745528
I-BRD9,UBR4,567,28.22015966021456,0.2265635290285338,0.7312334418645241,0.5046699128359903,-0.20691713426745528
Dactolisib,UBR4,567,28.22015966021456,0.1281979935231402,0.2438656074120261,0.11566761388888588,-0.20691713426745528
AGI-5198,UBR4,567,28.22015966021456,0.14917475740634037,0.6447135095312535,0.49553875212491316,-0.20691713426745528
GDC0810,UBR4,567,28.22015966021456,0.1440082007533468,0.46880200801069616,0.32479380725734935,-0.20691713426745528
P22077,UBR4,567,28.22015966021456,0.1507318258225852,0.7534793228798912,0.6027474970573059,-0.20691713426745528
Cyclophosphamide,UBR4,567,28.22015966021456,0.16546611449497234,0.6132744361085873,0.447808321613615,-0.20691713426745528
Cediranib,UBR4,567,28.22015966021456,0.12041081921677685,0.14707009461790022,0.026659275401123367,-0.20691713426745528
AZD6738,UBR4,567,28.22015966021456,0.17750058632024893,0.7029269476946491,0.5254263613744002,-0.20691713426745528
NVP-ADW742,UBR4,567,28.22015966021456,0.1771537013202507,0.6230935121793657,0.445939810859115,-0.20691713426745528
BMS-536924,UBR4,567,28.22015966021456,0.12880118837570362,0.49042382939202084,0.36162264101631725,-0.20691713426745528
Afuresertib,UBR4,567,28.22015966021456,0.05607579510310348,-0.20985390504938783,-0.2659297001524913,-0.20691713426745528
GSK2578215A,UBR4,567,28.22015966021456,0.16106910237369965,0.40712963641603417,0.24606053404233452,-0.20691713426745528
Gefitinib,UBR4,567,28.22015966021456,0.1566692707838535,-0.11982927511778266,-0.27649854590163614,-0.20691713426745528
AZD8186,UBR4,567,28.22015966021456,0.05517264793066273,-0.2533981646386039,-0.3085708125692666,-0.20691713426745528
Epirubicin,UBR4,567,28.22015966021456,0.18043675143070056,1.0976130814980432,0.9171763300673426,-0.20691713426745528
Dactinomycin,UBR4,569,28.20295711008485,0.2217488468635391,0.7018144697311399,0.4800656228676008,-0.20594308613683768
Osimertinib,UBR4,566,28.200483137406767,0.11078268956935403,-0.19206549804240525,-0.30284818761175925,-0.20716131336851185
AZD4547,UBR4,568,28.20003636459858,0.137150987969838,0.6606372960544801,0.5234863080846421,-0.20629092526911785
Bortezomib,UBR4,566,28.19640175938546,0.06586564625027966,0.20101941088888695,0.1351537646386073,-0.20715092295191737
BI-2536,HEMK2,548,28.182409930853574,0.2142236952269241,1.3943454169288412,1.180121721701917,0.21479976756322833
Afatinib,MSMO1,570,28.180927939176097,0.10945486658595209,0.2714308328442671,0.161975966258315,0.20422310998349125
Erlotinib,UBR4,565,28.16821542707781,0.11564232149513366,-0.06558792222995317,-0.18123024372508684,-0.2074438477910704
PAK_5339,ITGAV,463,28.110400144033466,0.1604469079194713,0.8560083067906088,0.6955613988711375,-0.2827381153887447
743380,PTK2,465,28.055877561612647,0.1324211337129954,0.4144434211977799,0.2820222874847845,-0.25649529520163084
GSK2110183B,PTK2,465,28.055877561612647,0.03812700870683967,0.8411224957636151,0.8029954870567754,-0.25649529520163084
L-Oxonoreleagnine,PTK2,465,28.055877561612647,0.17262456582661825,0.9719924687320023,0.7993679029053841,-0.25649529520163084
150412,PTK2,465,28.055877561612647,0.13341242211939772,1.1329503834028167,0.999537961283419,-0.25649529520163084
GSK2830371A,PTK2,465,28.055877561612647,0.1981560010898867,0.8636173642117597,0.665461363121873,-0.25649529520163084
Fludarabine,PTK2,465,28.055877561612647,0.11540034900091624,0.6497134621294505,0.5343131131285342,-0.25649529520163084
LMB_AB2,PTK2,465,28.055877561612647,0.20044360022756716,1.2076551791623773,1.0072115789348102,-0.25649529520163084
BDOCA000347a,PTK2,465,28.055877561612647,0.10998581355167882,0.6677213859610227,0.5577355724093439,-0.25649529520163084
Bromosporine,PTK2,465,28.055877561612647,0.16541214489560116,0.42347932630093577,0.2580671814053346,-0.25649529520163084
123138,PTK2,465,28.055877561612647,0.1345859247174845,0.8159259829350117,0.6813400582175272,-0.25649529520163084
765771,PTK2,465,28.055877561612647,0.20400892174517343,1.0480148006811545,0.844005878935981,-0.25649529520163084
Bleomycin,PTK2,465,28.055877561612647,0.12805407735598856,0.2650893815529119,0.13703530419692334,-0.25649529520163084
Gallibiscoquinazole,PTK2,465,28.055877561612647,0.18658523264353638,0.9392170298455995,0.7526317972020631,-0.25649529520163084
BDILV000379a,PTK2,465,28.055877561612647,0.11253305693779339,0.8540276048195169,0.7414945478817235,-0.25649529520163084
LMB_AB1,PTK2,465,28.055877561612647,0.18912251834514346,1.2054827818718183,1.0163602635266749,-0.25649529520163084
GSK2256098C,PTK2,465,28.055877561612647,0.17058972875924835,0.7736190933828514,0.603029364623603,-0.25649529520163084
50869,PTK2,465,28.055877561612647,0.20957276531491653,1.0485585486275733,0.8389857833126567,-0.25649529520163084
GSK2276186C,PTK2,465,28.055877561612647,0.17068521473739062,0.9394887426054912,0.7688035278681006,-0.25649529520163084
615590,PTK2,465,28.055877561612647,0.1921489420951807,0.8459919773778888,0.653843035282708,-0.25649529520163084
GSK626616AC,PTK2,465,28.055877561612647,0.21740703432050262,1.20431246873224,0.9869054344117374,-0.25649529520163084
729189,PTK2,465,28.055877561612647,0.12880997653631218,0.7970307053562146,0.6682207288199024,-0.25649529520163084
667880,PTK2,465,28.055877561612647,0.12121323161355156,0.930782069571207,0.8095688379576554,-0.25649529520163084
741909,PTK2,465,28.055877561612647,0.08547111198173865,0.23293548101550704,0.1474643690337684,-0.25649529520163084
630600,PTK2,465,28.055877561612647,0.1689898748483017,0.9843638907702146,0.8153740159219129,-0.25649529520163084
LMP744,PTK2,465,28.055877561612647,0.21245664182334595,1.0229535794471971,0.8104969376238511,-0.25649529520163084
GSK3337463A,PTK2,465,28.055877561612647,0.22150845533151,1.2318461642291123,1.0103377088976022,-0.25649529520163084
GSK2801,PTK2,465,28.055877561612647,0.19609563384136589,1.1484454904532782,0.9523498566119123,-0.25649529520163084
123829,PTK2,465,28.055877561612647,0.057432144656534324,0.21212197662094368,0.15468983196440936,-0.25649529520163084
Acetalax,PTK2,465,28.055877561612647,-0.019195828071662185,0.7585038662555309,0.7776996943271931,-0.25649529520163084
720427,PTK2,465,28.055877561612647,0.18746212136710155,1.0676088042114003,0.8801466828442988,-0.25649529520163084
LMB_AB3,PTK2,465,28.055877561612647,0.1699733092959104,0.9639898929139861,0.7940165836180757,-0.25649529520163084
Dacarbazine,PTK2,465,28.055877561612647,0.1565145668670581,1.06915429994898,0.9126397330819219,-0.25649529520163084
Mitoxantrone,PTK2,465,28.055877561612647,0.21656415573216828,0.8065398399725986,0.5899756842404303,-0.25649529520163084
BDF00022089a,PTK2,465,28.055877561612647,0.13632053618168893,0.7332312105157665,0.5969106743340775,-0.25649529520163084
BEN,PTK2,465,28.055877561612647,0.2359386891748302,0.9629898324337861,0.7270511432589559,-0.25649529520163084
GSK-LSD1,PTK2,465,28.055877561612647,0.19741360367612878,0.6135675454743176,0.41615394179818876,-0.25649529520163084
Elephantin,PTK2,465,28.055877561612647,0.10658309126496669,0.9806324228221507,0.874049331557184,-0.25649529520163084
OSI-027,UROS,565,28.049462559828836,0.05115007630981224,0.5456246526554787,0.49447457634566644,0.1965326979873095
Bortezomib,MSMO1,566,28.034143972993707,0.06586564625027966,0.16823169589619727,0.10236604964591761,0.2020671634543238
Ibrutinib,HEMK2,537,28.003160577593647,0.13399737582330856,0.40154385370843215,0.2675464778851236,0.21727366056469738
Navitoclax,MSMO1,571,27.923364263540968,0.13340722263350172,1.0320415987269387,0.898634376093437,0.20282904486056846
HKMTI-1-005,HEMK2,477,27.910422104671376,0.14688138762992026,0.7783404707044141,0.6314590830744939,0.2241107542724992
ICL-SIRT078,HEMK2,477,27.910422104671376,0.12974799372762702,1.0511587650388117,0.9214107713111847,0.2241107542724992
Afatinib,TLN1,570,27.890950904115446,0.10945486658595209,0.541254166810326,0.4317993002243739,-0.23209690590484722
AZD8055,HEMK2,477,27.883252363532733,0.07909896857189894,0.7766831611015058,0.6975841925296069,0.22602147356139896
Daporinad,UROS,327,27.873029260606675,0.14627215515690623,0.7367253827816711,0.5904532276247649,0.2774446871220556
776928,PTK2,464,27.844838591703148,0.12415327373651983,0.7450754048264506,0.6209221310899308,-0.25561086592494175
EPZ5676,UBR4,568,27.843962558770038,0.26784447427088004,0.8369285100491942,0.5690840357783142,-0.20450837551508363
ML323,HEMK2,536,27.83412246079162,0.17911119316299567,0.6126922217127189,0.4335810285497232,0.2151960138741369
LY2109761,HEMK2,536,27.83412246079162,0.1950555917616098,0.7046071654262229,0.5095515736646131,0.2151960138741369
AZD5991,ITGAV,463,27.81203133571019,0.18152813071598925,1.0128006519144948,0.8312725211985055,-0.28165916901300825
CDK9_5576,ITGAV,463,27.80038623892099,0.19081668059104576,0.7421376813227758,0.5513210007317301,-0.2817411418550913
CDK9_5038,ITGAV,463,27.80038623892099,0.17198248883410425,0.829168436549188,0.6571859477150838,-0.2817411418550913
AZD1208,ITGAV,464,27.769534388879645,0.2176463043801584,1.0691112682864625,0.8514649639063041,-0.28122559983855355
AZD5153,ITGAV,464,27.769534388879645,0.19682757780107327,0.7795029078619847,0.5826753300609114,-0.28122559983855355
ERK_6604,ITGAV,464,27.769534388879645,0.1342761631093472,0.2932338923440999,0.1589577292347527,-0.28122559983855355
AZD1332,ITGAV,464,27.769534388879645,0.08779609415919891,0.16512673820897683,0.07733064404977792,-0.28122559983855355
JAK_8517,ITGAV,464,27.769534388879645,0.1434388774445309,0.4648868381060901,0.32144796066155923,-0.28122559983855355
IRAK4_4710,ITGAV,464,27.769534388879645,0.23658340464320624,0.9053902568341048,0.6688068521908985,-0.28122559983855355
JAK1_8709,ITGAV,464,27.769534388879645,0.2298283301572647,1.0217401608994519,0.7919118307421872,-0.28122559983855355
ERK_2440,ITGAV,464,27.769534388879645,0.11910541439879055,0.04348451920300259,-0.07562089519578796,-0.28122559983855355
AZD2014,ITGAV,464,27.769534388879645,0.13846501496730929,0.2907020658370925,0.15223705086978323,-0.28122559983855355
AZD5438,ITGAV,464,27.769534388879645,0.19497978634488297,1.0056380194321315,0.8106582330872485,-0.28122559983855355
PBD-288,HEMK2,477,27.763661845891434,0.16086913395787286,1.0688294386388804,0.9079603046810075,0.22367456495505755
CT7033-2,HEMK2,477,27.763661845891434,0.21166102929722386,1.2892003449732432,1.0775393156760193,0.22367456495505755
A-366,HEMK2,477,27.763661845891434,0.18122964040224931,1.0035575297820936,0.8223278893798442,0.22367456495505755
CPI-637,HEMK2,477,27.763661845891434,0.19862150130388836,0.8210469439232829,0.6224254426193946,0.22367456495505755
Crizotinib,MSMO1,570,27.749903933770014,0.20831242050621987,0.4626661902231405,0.2543537697169206,0.20252003821106515
AGK2,MSMO1,558,27.72003684323984,0.1569953701714854,0.44985005880205775,0.29285468863057235,0.20089116326865175
Eg5_9814,ITGAV,461,27.702719203501417,0.15256657097578244,0.5960479908763304,0.443481419900548,-0.28281005988258656
Dactinomycin,MSMO1,569,27.701630530955637,0.2217488468635391,0.34512774122716144,0.12337889436362234,0.20341390680592672
Docetaxel,MSMO1,572,27.70079011765167,0.17089318479611823,0.014535100263334459,-0.15635808453278377,0.20108750328535585
Nutlin-3a (-),MSMO1,572,27.70079011765167,0.19310384639952194,0.3695690728909047,0.17646522649138274,0.20108750328535585
MG-132,MSMO1,572,27.70079011765167,0.054781053896252575,0.14029490903711028,0.08551385514085771,0.20108750328535585
MK-2206,MSMO1,572,27.70079011765167,0.12257217807051381,0.683816532634267,0.5612443545637532,0.20108750328535585
5-Fluorouracil,MSMO1,572,27.70079011765167,0.2194981237127345,0.3333130856675702,0.11381496195483568,0.20108750328535585
PD173074,MSMO1,572,27.70079011765167,0.18671510577560615,0.38891259812985757,0.2021974923542514,0.20108750328535585
PAK_5339,ITGB5,463,27.698908268755517,0.1604469079194713,0.7144511951637637,0.5540042872442923,-0.2631158965410846
AGK2,UROS,558,27.697238883014954,0.1569953701714854,1.0548404592839096,0.8978450891124241,0.19332180787221387
Dihydrorotenone,PTK2,464,27.686920178722445,0.09589247606644011,0.9911226932367557,0.8952302171703156,-0.2545173783205241
MIRA-1,MSMO1,571,27.669745302953533,0.18785771590034817,0.6606735913901123,0.4728158754897641,0.2019383694929828
Olaparib,MSMO1,571,27.669745302953533,0.20191035823368397,0.7386721502602133,0.5367617920265293,0.2019383694929828
PD0325901,MSMO1,571,27.669745302953533,0.08956246237943777,0.010666481591928484,-0.07889598078750928,0.2019383694929828
AZD3759,MSMO1,571,27.669745302953533,0.14690781758177332,0.29511337685257666,0.14820555927080334,0.2019383694929828
Oxaliplatin,MSMO1,571,27.669745302953533,0.2657031102275074,0.6201733969544297,0.3544702867269223,0.2019383694929828
Gemcitabine,MSMO1,571,27.669745302953533,0.21828701803109102,0.42470380631763915,0.20641678828654814,0.2019383694929828
Camptothecin,MSMO1,571,27.669745302953533,0.1979871779634431,0.3527104712328434,0.1547232932694003,0.2019383694929828
MK-1775,MSMO1,571,27.669745302953533,0.2282855729816046,0.5272433832181609,0.2989578102365563,0.2019383694929828
Lapatinib,MSMO1,571,27.669745302953533,0.08445848111686635,0.28424851441931087,0.19979003330244452,0.2019383694929828
Linsitinib,MSMO1,571,27.669745302953533,0.22018722358495654,0.6089521552239381,0.3887649316389815,0.2019383694929828
5-azacytidine,HEMK2,476,27.624095572358534,0.13720736609475748,1.317078722224883,1.1798713561301255,0.22276456958155655
GSK-LSD1-2HCl,HEMK2,476,27.624095572358534,0.1376229434563707,0.9411042679239384,0.8034813244675677,0.22276456958155655
GSK343,MSMO1,570,27.597125211971345,0.20393028131039767,0.7220681559680823,0.5181378746576846,0.2023144358546405
Alpelisib,MSMO1,570,27.597125211971345,0.1754072902812252,0.4721826754484529,0.2967753851672277,0.2023144358546405
GSK1904529A,MSMO1,570,27.597125211971345,0.18172481933496568,0.5190196021879233,0.33729478285295766,0.2023144358546405
Irinotecan,MSMO1,570,27.597125211971345,0.21827951516117608,0.37177330812671716,0.15349379296554108,0.2023144358546405
LGK974,MSMO1,570,27.597125211971345,0.216576537076208,0.8750180149297345,0.6584414778535266,0.2023144358546405
Luminespib,MSMO1,570,27.597125211971345,0.09728320854179227,0.0360846804507362,-0.061198528091056074,0.2023144358546405
EPZ004777,MSMO1,570,27.597125211971345,0.2608164638823929,0.6512541412584878,0.3904376773760949,0.2023144358546405
Fulvestrant,MSMO1,570,27.597125211971345,0.2051883649728587,0.7644984930136567,0.5593101280407979,0.2023144358546405
GNE-317,UBR4,557,27.584102494089663,0.05628083964861328,-0.05964238748935445,-0.11592322713796774,-0.20405046206852204
Dasatinib,UBR4,567,27.498655944917353,3.317231664344318e-07,-0.41214735922581497,-0.4121476909489814,-0.20378862627406896
IGF1R_3801,ITGAV,463,27.439729273109815,0.1599494115567059,0.4584355736441858,0.2984861620874799,-0.27969230441860216
AZD1208,ITGB5,464,27.43289516811266,0.2176463043801584,0.8599457312894844,0.642299426909326,-0.2619919661154582
AZD1332,ITGB5,464,27.43289516811266,0.08779609415919891,0.0676229249219338,-0.020173169237265115,-0.2619919661154582
ERK_6604,ITGB5,464,27.43289516811266,0.1342761631093472,0.27454679857186304,0.14027063546251584,-0.2619919661154582
AZD2014,ITGB5,464,27.43289516811266,0.13846501496730929,0.33048848993562246,0.19202347496831318,-0.2619919661154582
AZD5438,ITGB5,464,27.43289516811266,0.19497978634488297,0.9715411522831626,0.7765613659382796,-0.2619919661154582
ERK_2440,ITGB5,464,27.43289516811266,0.11910541439879055,-0.03238719207640913,-0.1514926064751997,-0.2619919661154582
JAK1_8709,ITGB5,464,27.43289516811266,0.2298283301572647,1.003387866154955,0.7735595359976902,-0.2619919661154582
JAK_8517,ITGB5,464,27.43289516811266,0.1434388774445309,0.11676195695023593,-0.026676920494294973,-0.2619919661154582
AZD5153,ITGB5,464,27.43289516811266,0.19682757780107327,0.6167849538845319,0.4199573760834586,-0.2619919661154582
IRAK4_4710,ITGB5,464,27.43289516811266,0.23658340464320624,0.8487158782462687,0.6121324736030624,-0.2619919661154582
CDK9_5576,ITGB5,463,27.428417514615443,0.19081668059104576,0.8003781332080452,0.6095614526169995,-0.2620662089083925
CDK9_5038,ITGB5,463,27.428417514615443,0.17198248883410425,0.8332283745427961,0.6612458857086918,-0.2620662089083925
Methotrexate,HEMK2,527,27.420062279530587,0.06908032682211968,0.7727266619530303,0.7036463351309106,0.2106327450083989
AZD5991,ITGB5,463,27.40943273814691,0.18152813071598925,0.8233293157253575,0.6418011850093682,-0.2619255976763238
Bleomycin (50 uM),UBR4,472,27.362810788582742,0.124402167633185,0.39796603845092177,0.27356387081773675,-0.21946608834301556
GSK2830371,UBR4,472,27.362810788582742,0.20940062284627928,0.8976146038631867,0.6882139810169075,-0.21946608834301556
AZD7762,MSMO1,569,27.357867445114515,0.17656345080487745,0.4687009691700158,0.29213751836513835,0.19991075860397797
Navitoclax,TLN1,571,27.357005113368096,0.13340722263350172,1.3804156965197327,1.247008473886231,-0.2317016746733771
AZD4547,MSMO1,568,27.328972475766825,0.137150987969838,0.36953730546236707,0.23238631749252908,0.20078283932587263
Methotrexate,ITGB5,527,27.310321060564867,0.06908032682211968,0.3147884752293725,0.2457081484072528,-0.23497510184565115
ABT737,MSMO1,566,27.303718244580875,0.1791747082330155,0.9326836015289014,0.7535088932958859,0.200350163657334
Nelarabine,ITGB5,464,27.287296802893053,0.1724743803662855,1.0391759769743212,0.8667015966080357,-0.2622443463699767
AZD8186,MSMO1,567,27.21898684696734,0.05517264793066273,0.301931286595539,0.24675863866487624,0.20019857398546492
P22077,MSMO1,567,27.21898684696734,0.1507318258225852,0.7053505590944663,0.554618733271881,0.20019857398546492
Epirubicin,MSMO1,567,27.21898684696734,0.18043675143070056,0.4010173826476891,0.22058063121698854,0.20019857398546492
Ipatasertib,MSMO1,567,27.21898684696734,0.056291894367077114,0.6117554203364015,0.5554635259693244,0.20019857398546492
AGI-5198,MSMO1,567,27.21898684696734,0.14917475740634037,0.5846732676007673,0.435498510194427,0.20019857398546492
Buparlisib,MSMO1,567,27.21898684696734,0.16229622503791616,0.2944573001317244,0.13216107509380823,0.20019857398546492
Cediranib,MSMO1,567,27.21898684696734,0.12041081921677685,0.04174163301027879,-0.07866918620649806,0.20019857398546492
Afuresertib,MSMO1,567,27.21898684696734,0.05607579510310348,0.5146365151384351,0.45856072003533166,0.20019857398546492
I-BRD9,MSMO1,567,27.21898684696734,0.2265635290285338,0.6419643605560191,0.4154008315274853,0.20019857398546492
GSK2578215A,MSMO1,567,27.21898684696734,0.16106910237369965,0.3961924786186668,0.23512337624496715,0.20019857398546492
Gefitinib,MSMO1,567,27.21898684696734,0.1566692707838535,0.06796076437597681,-0.0887085064078767,0.20019857398546492
AZD6738,MSMO1,567,27.21898684696734,0.17750058632024893,0.5309367784170963,0.3534361920968474,0.20019857398546492
BMS-536924,MSMO1,567,27.21898684696734,0.12880118837570362,0.016092097386956685,-0.11270909098874693,0.20019857398546492
AZD5363,MSMO1,567,27.21898684696734,0.06692939007913745,0.4954056106333164,0.42847622055417894,0.20019857398546492
Cyclophosphamide,MSMO1,567,27.21898684696734,0.16546611449497234,0.5445761462834621,0.37911003178848973,0.20019857398546492
GDC0810,MSMO1,567,27.21898684696734,0.1440082007533468,0.40744806496482916,0.26343986421148236,0.20019857398546492
NVP-ADW742,MSMO1,567,27.21898684696734,0.1771537013202507,0.4761031545817685,0.2989494532615178,0.20019857398546492
Dactolisib,MSMO1,567,27.21898684696734,0.1281979935231402,0.2171563250293753,0.08895833150623508,0.20019857398546492
Osimertinib,MSMO1,566,27.192122184978995,0.11078268956935403,0.2323317844641136,0.12154909489475957,0.19970225169262038
Erlotinib,MSMO1,565,27.14507846044587,0.11564232149513366,-0.047356444316075094,-0.16299876581120876,0.19993865655187282
IAP_5620,ITGAV,461,27.14102916552744,-0.008082069766990886,0.5577703204880675,0.5658523902550584,-0.27886569716240567
Nelarabine,ITGAV,464,27.1372289819582,0.1724743803662855,1.187615490106914,1.0151411097406284,-0.27727688792683014
Axitinib,MSMO1,567,27.123895644053576,0.18626014427652626,0.6354974303939519,0.44923728611742564,0.19833817721141664
IGF1R_3801,ITGB5,463,27.096323562335364,0.1599494115567059,0.0520565894242956,-0.10789282213241029,-0.2603151577699131
Eg5_9814,ITGB5,461,27.084528447696922,0.15256657097578244,0.6094366594089972,0.45687008843321475,-0.26155302775127354
Mitoxantrone,ITGB5,465,27.059995575908065,0.21656415573216828,0.6567380591323828,0.44017390340021456,-0.2597236080146276
GSK2256098C,ITGB5,465,27.059995575908065,0.17058972875924835,0.9288528731210771,0.7582631443618287,-0.2597236080146276
743380,ITGB5,465,27.059995575908065,0.1324211337129954,0.3423221628510691,0.20990102913807368,-0.2597236080146276
GSK2801,ITGB5,465,27.059995575908065,0.19609563384136589,1.024090925477053,0.8279952916356871,-0.2597236080146276
123829,ITGB5,465,27.059995575908065,0.057432144656534324,0.06671148368828622,0.009279339031751897,-0.2597236080146276
LMB_AB1,ITGB5,465,27.059995575908065,0.18912251834514346,1.1884987394617967,0.9993762211166533,-0.2597236080146276
615590,ITGB5,465,27.059995575908065,0.1921489420951807,0.971518214738125,0.7793692726429443,-0.2597236080146276
Fludarabine,ITGB5,465,27.059995575908065,0.11540034900091624,0.5852448125879209,0.4698444635870047,-0.2597236080146276
630600,ITGB5,465,27.059995575908065,0.1689898748483017,0.9393077515196447,0.770317876671343,-0.2597236080146276
GSK2830371A,ITGB5,465,27.059995575908065,0.1981560010898867,1.1221107922816373,0.9239547911917506,-0.2597236080146276
765771,ITGB5,465,27.059995575908065,0.20400892174517343,0.9349588435799633,0.7309499218347899,-0.2597236080146276
BEN,ITGB5,465,27.059995575908065,0.2359386891748302,0.8848880550413292,0.648949365866499,-0.2597236080146276
GSK2276186C,ITGB5,465,27.059995575908065,0.17068521473739062,0.9691327346297832,0.7984475198923926,-0.2597236080146276
667880,ITGB5,465,27.059995575908065,0.12121323161355156,0.6235393987191727,0.5023261671056212,-0.2597236080146276
GSK3337463A,ITGB5,465,27.059995575908065,0.22150845533151,1.1471659851813005,0.9256575298497906,-0.2597236080146276
729189,ITGB5,465,27.059995575908065,0.12880997653631218,0.7228700570152218,0.5940600804789096,-0.2597236080146276
Dacarbazine,ITGB5,465,27.059995575908065,0.1565145668670581,0.967898103117101,0.8113835362500429,-0.2597236080146276
123138,ITGB5,465,27.059995575908065,0.1345859247174845,0.8368510257555104,0.7022651010380259,-0.2597236080146276
GSK2110183B,ITGB5,465,27.059995575908065,0.03812700870683967,0.8201396957100089,0.7820126870031692,-0.2597236080146276
L-Oxonoreleagnine,ITGB5,465,27.059995575908065,0.17262456582661825,0.7927636783946886,0.6201391125680704,-0.2597236080146276
BDOCA000347a,ITGB5,465,27.059995575908065,0.10998581355167882,0.5262672283809945,0.4162814148293157,-0.2597236080146276
LMB_AB2,ITGB5,465,27.059995575908065,0.20044360022756716,1.1696910568503105,0.9692474566227434,-0.2597236080146276
Gallibiscoquinazole,ITGB5,465,27.059995575908065,0.18658523264353638,0.7441235903440906,0.5575383577005542,-0.2597236080146276
BDILV000379a,ITGB5,465,27.059995575908065,0.11253305693779339,0.8174017379488597,0.7048686810110664,-0.2597236080146276
Bromosporine,ITGB5,465,27.059995575908065,0.16541214489560116,0.5561327956458979,0.3907206507502967,-0.2597236080146276
BDF00022089a,ITGB5,465,27.059995575908065,0.13632053618168893,0.6891980220479239,0.552877485866235,-0.2597236080146276
GSK626616AC,ITGB5,465,27.059995575908065,0.21740703432050262,1.174130181940887,0.9567231476203844,-0.2597236080146276
720427,ITGB5,465,27.059995575908065,0.18746212136710155,0.9074758884312896,0.720013767064188,-0.2597236080146276
GSK-LSD1,ITGB5,465,27.059995575908065,0.19741360367612878,0.7328245151663635,0.5354109114902347,-0.2597236080146276
50869,ITGB5,465,27.059995575908065,0.20957276531491653,1.0081000864838463,0.7985273211689298,-0.2597236080146276
Acetalax,ITGB5,465,27.059995575908065,-0.019195828071662185,0.3232959072484354,0.3424917353200976,-0.2597236080146276
LMP744,ITGB5,465,27.059995575908065,0.21245664182334595,0.8289351210726075,0.6164784792492615,-0.2597236080146276
LMB_AB3,ITGB5,465,27.059995575908065,0.1699733092959104,0.8418708240631166,0.6718975147672063,-0.2597236080146276
Elephantin,ITGB5,465,27.059995575908065,0.10658309126496669,0.7633870877574075,0.6568039964924408,-0.2597236080146276
741909,ITGB5,465,27.059995575908065,0.08547111198173865,0.23404720804619752,0.14857609606445887,-0.2597236080146276
Bleomycin,ITGB5,465,27.059995575908065,0.12805407735598856,0.4209903550852477,0.2929362777292591,-0.2597236080146276
150412,ITGB5,465,27.059995575908065,0.13341242211939772,0.7587431450559526,0.6253307229365549,-0.2597236080146276
BMS-345541,MSMO1,537,27.031526075330255,0.2906204401272033,0.5764465947376796,0.2858261546104763,0.20524379617974173
Mycophenolic acid,HEMK2,474,27.019861525643968,0.16693267005799012,1.120506934651607,0.9535742645936169,0.21976863908909217
Nilotinib,MSMO1,565,27.014736174213407,0.13290593436200063,0.5614790988452087,0.42857316448320815,0.19865703091057763
Foretinib,MSMO1,565,26.96979541986476,0.1679932053846095,0.4295737279244072,0.2615805225397977,0.19929428421444126
BIBR-1532,MSMO1,565,26.96979541986476,0.16884627583499334,0.49239194772866657,0.3235456718936732,0.19929428421444126
N-acetyl cysteine,PTK2,477,26.9684641478527,0.054471960182223764,0.4282479791575844,0.3737760189753606,-0.24629659237185036
776928,ITGB5,464,26.964150612831702,0.12415327373651983,0.7324290672072387,0.6082757934707188,-0.25980066644724037
MK-8776,MSMO1,564,26.954082969667613,0.19416805572230258,0.6751248211416668,0.4809567654193643,0.19947720689624038
GW441756,MSMO1,565,26.89720792780474,0.14023046002084436,0.4381712613534401,0.2979408013325957,0.1998242862836183
Alisertib,MSMO1,562,26.896137616464245,0.19589192278322404,0.28573088059588464,0.0898389578126606,0.20142917981807773
Bleomycin (50 uM),PTK2,472,26.89106235462132,0.124402167633185,0.25578744971675804,0.13138528208357303,-0.24549886919680222
GSK2830371,PTK2,472,26.89106235462132,0.20940062284627928,1.2106379243062089,1.0012373014599296,-0.24549886919680222
AZD8055,PTK2,477,26.87579967580834,0.07909896857189894,0.14812545418936712,0.06902648561746819,-0.24634402588697907
GNE-317,TLN1,557,26.864273542002927,0.05628083964861328,0.4420037896596007,0.3857229500109874,-0.23425848421859022
Leflunomide,UROS,538,26.859285795158424,0.27476115011562063,1.4627371037263266,1.187975953610706,0.19141727502331196
Niraparib,UROS,538,26.859285795158424,0.2799975468554755,1.4960108091450668,1.2160132622895912,0.19141727502331196
AZ960,UROS,538,26.859285795158424,0.17274684949292313,0.9789311503193618,0.8061843008264387,0.19141727502331196
Mirin,UROS,538,26.859285795158424,0.2076944845886189,1.0104093572829427,0.8027148726943238,0.19141727502331196
LCL161,UROS,538,26.859285795158424,0.10743343666579672,0.6066449651242773,0.4992115284584806,0.19141727502331196
LJI308,MSMO1,563,26.857998712603305,0.2227666981307513,0.7756037217631336,0.5528370236323823,0.20034466893532024
AZ6102,MSMO1,563,26.857998712603305,0.1007729652171064,0.4636783194826319,0.3629053542655255,0.20034466893532024
Dihydrorotenone,ITGB5,464,26.857757180566363,0.09589247606644011,0.5345338683349583,0.43864139226851817,-0.2591674935193171
765771,ITGAV,465,26.83148847265176,0.20400892174517343,1.0056326475454498,0.8016237258002763,-0.2744296237593512
667880,ITGAV,465,26.83148847265176,0.12121323161355156,0.8407162088304216,0.7195029772168701,-0.2744296237593512
50869,ITGAV,465,26.83148847265176,0.20957276531491653,1.1787245823815005,0.9691518170665839,-0.2744296237593512
LMB_AB3,ITGAV,465,26.83148847265176,0.1699733092959104,1.021153644303269,0.8511803350073586,-0.2744296237593512
741909,ITGAV,465,26.83148847265176,0.08547111198173865,0.3440946683761059,0.2586235563943673,-0.2744296237593512
Gallibiscoquinazole,ITGAV,465,26.83148847265176,0.18658523264353638,0.8754629347471388,0.6888777021036023,-0.2744296237593512
LMB_AB2,ITGAV,465,26.83148847265176,0.20044360022756716,1.287268662476411,1.0868250622488438,-0.2744296237593512
BDILV000379a,ITGAV,465,26.83148847265176,0.11253305693779339,0.8701572316946893,0.7576241747568959,-0.2744296237593512
GSK-LSD1,ITGAV,465,26.83148847265176,0.19741360367612878,0.8470513865450748,0.649637782868946,-0.2744296237593512
123138,ITGAV,465,26.83148847265176,0.1345859247174845,0.8243977903407975,0.689811865623313,-0.2744296237593512
BDOCA000347a,ITGAV,465,26.83148847265176,0.10998581355167882,0.479588173642154,0.3696023600904752,-0.2744296237593512
729189,ITGAV,465,26.83148847265176,0.12880997653631218,0.8898144066525356,0.7610044301162234,-0.2744296237593512
GSK2276186C,ITGAV,465,26.83148847265176,0.17068521473739062,1.104317312939166,0.9336320982017753,-0.2744296237593512
743380,ITGAV,465,26.83148847265176,0.1324211337129954,0.479581496798802,0.3471603630858066,-0.2744296237593512
Bromosporine,ITGAV,465,26.83148847265176,0.16541214489560116,0.7036847246231485,0.5382725797275473,-0.2744296237593512
L-Oxonoreleagnine,ITGAV,465,26.83148847265176,0.17262456582661825,0.845570944668673,0.6729463788420548,-0.2744296237593512
Acetalax,ITGAV,465,26.83148847265176,-0.019195828071662185,0.6374262761513719,0.6566221042230341,-0.2744296237593512
630600,ITGAV,465,26.83148847265176,0.1689898748483017,0.9825626409203909,0.8135727660720893,-0.2744296237593512
Dacarbazine,ITGAV,465,26.83148847265176,0.1565145668670581,1.1088925843585835,0.9523780174915254,-0.2744296237593512
150412,ITGAV,465,26.83148847265176,0.13341242211939772,1.1269228091347177,0.9935103870153199,-0.2744296237593512
LMP744,ITGAV,465,26.83148847265176,0.21245664182334595,1.0111056354460943,0.7986489936227483,-0.2744296237593512
GSK2110183B,ITGAV,465,26.83148847265176,0.03812700870683967,1.0884570237278308,1.050330015020991,-0.2744296237593512
GSK2256098C,ITGAV,465,26.83148847265176,0.17058972875924835,1.0750061333162386,0.9044164045569902,-0.2744296237593512
GSK626616AC,ITGAV,465,26.83148847265176,0.21740703432050262,1.2145518962140631,0.9971448618935606,-0.2744296237593512
Bleomycin,ITGAV,465,26.83148847265176,0.12805407735598856,0.27796877153203225,0.1499146941760437,-0.2744296237593512
GSK2830371A,ITGAV,465,26.83148847265176,0.1981560010898867,1.1953871737764676,0.9972311726865809,-0.2744296237593512
BDF00022089a,ITGAV,465,26.83148847265176,0.13632053618168893,0.6750158495236613,0.5386953133419724,-0.2744296237593512
615590,ITGAV,465,26.83148847265176,0.1921489420951807,0.8884908385717164,0.6963418964765357,-0.2744296237593512
Mitoxantrone,ITGAV,465,26.83148847265176,0.21656415573216828,0.6735542009097927,0.4569900451776244,-0.2744296237593512
720427,ITGAV,465,26.83148847265176,0.18746212136710155,1.010944670205333,0.8234825488382316,-0.2744296237593512
Elephantin,ITGAV,465,26.83148847265176,0.10658309126496669,0.9133193333264933,0.8067362420615266,-0.2744296237593512
LMB_AB1,ITGAV,465,26.83148847265176,0.18912251834514346,1.2657617448566976,1.076639226511554,-0.2744296237593512
BEN,ITGAV,465,26.83148847265176,0.2359386891748302,0.9180318987283131,0.682093209553483,-0.2744296237593512
GSK2801,ITGAV,465,26.83148847265176,0.19609563384136589,1.1397959025389515,0.9437002686975856,-0.2744296237593512
GSK3337463A,ITGAV,465,26.83148847265176,0.22150845533151,1.2721911152980159,1.0506826599665058,-0.2744296237593512
Fludarabine,ITGAV,465,26.83148847265176,0.11540034900091624,0.6789601221247826,0.5635597731238664,-0.2744296237593512
123829,ITGAV,465,26.83148847265176,0.057432144656534324,0.19522360382208834,0.13779145916555402,-0.2744296237593512
Alisertib,UROS,562,26.82282924064538,0.19589192278322404,1.1363952674692892,0.9405033446860651,0.18641550399556028
GSK591,MSMO1,562,26.813746304301926,0.1897061326624742,0.5914559232325054,0.40174979057003124,0.20022751517283302
IWP-2,UROS,537,26.742390162821117,0.2302287454869887,1.2465627351109005,1.0163339896239119,0.1904129639439611
776928,ITGAV,464,26.677818508549855,0.12415327373651983,0.6486728746429967,0.5245196009064769,-0.2740278975679721
Dabrafenib,MSMO1,565,26.673585137496023,0.12714255535279503,0.35181619457956503,0.22467363922677,0.19774832286879757
Leflunomide,MSMO1,538,26.654987114480342,0.27476115011562063,0.6830644524219033,0.40830330230628264,0.2039466599140482
Niraparib,MSMO1,538,26.654987114480342,0.2799975468554755,0.6070468834772798,0.32704933662180424,0.2039466599140482
LCL161,MSMO1,538,26.654987114480342,0.10743343666579672,0.2077354620410029,0.10030202537520619,0.2039466599140482
Mirin,MSMO1,538,26.654987114480342,0.2076944845886189,0.38936713447914645,0.18167264989052756,0.2039466599140482
AZ960,MSMO1,538,26.654987114480342,0.17274684949292313,0.045684493196147195,-0.12706235629677592,0.2039466599140482
Ibrutinib,MSMO1,537,26.601100662858837,0.13399737582330856,0.4357423753522151,0.30174499952890654,0.2039199136299148
OSI-027,UBR4,565,26.59313464641962,0.05115007630981224,-0.011349735249016548,-0.06249981155882879,-0.20273663634313213
Obatoclax Mesylate,MSMO1,496,26.57756224097108,0.09928623989788024,0.343753720457791,0.24446748055991077,0.20442036382517978
GNE-317,MSMO1,557,26.54180014470764,0.05628083964861328,0.2169094385672362,0.16062859891862294,0.19729758557201263
BIBR-1532,TLN1,565,26.519291704952565,0.16884627583499334,1.2506229661930632,1.08177669035807,-0.23094351146663403
Foretinib,TLN1,565,26.519291704952565,0.1679932053846095,1.0096001268874693,0.8416069215028598,-0.23094351146663403
Camptothecin,TLN1,571,26.51527066521107,0.1979871779634431,1.2622540483421891,1.0642668703787461,-0.2288618653905777
Lapatinib,TLN1,571,26.51527066521107,0.08445848111686635,0.5220777823974164,0.43761930128055004,-0.2288618653905777
Linsitinib,TLN1,571,26.51527066521107,0.22018722358495654,1.5084684216673738,1.2882811980824174,-0.2288618653905777
MIRA-1,TLN1,571,26.51527066521107,0.18785771590034817,1.6872586042197883,1.4994008883194403,-0.2288618653905777
Oxaliplatin,TLN1,571,26.51527066521107,0.2657031102275074,1.740237851636257,1.4745347414087497,-0.2288618653905777
Gemcitabine,TLN1,571,26.51527066521107,0.21828701803109102,1.1358687070961297,0.9175816890650388,-0.2288618653905777
Olaparib,TLN1,571,26.51527066521107,0.20191035823368397,1.7400035022980493,1.5380931440643653,-0.2288618653905777
AZD3759,TLN1,571,26.51527066521107,0.14690781758177332,0.38855905765248494,0.24165124007071162,-0.2288618653905777
PD0325901,TLN1,571,26.51527066521107,0.08956246237943777,-0.18533502930370854,-0.2748974916831463,-0.2288618653905777
MK-1775,TLN1,571,26.51527066521107,0.2282855729816046,1.46720148355487,1.2389159105732652,-0.2288618653905777
IWP-2,MSMO1,537,26.494023100765446,0.2302287454869887,0.6440593820666889,0.4138306365797002,0.20242438510444596
EPZ5676,MSMO1,568,26.49183820991048,0.26784447427088004,0.6873925521051695,0.41954807783428943,0.1983575605818731
Dihydrorotenone,ITGAV,464,26.491434442571567,0.09589247606644011,0.5117365247099719,0.41584404864353175,-0.2727509808114127
Fulvestrant,TLN1,570,26.47766409105,0.2051883649728587,1.6177963756688967,1.412608010696038,-0.22905518330311883
Alpelisib,TLN1,570,26.47766409105,0.1754072902812252,0.820947347259716,0.6455400569784908,-0.22905518330311883
Luminespib,TLN1,570,26.47766409105,0.09728320854179227,0.7905079350945662,0.6932247265527739,-0.22905518330311883
Irinotecan,TLN1,570,26.47766409105,0.21827951516117608,1.4437553563766574,1.2254758412154814,-0.22905518330311883
LGK974,TLN1,570,26.47766409105,0.216576537076208,1.927342008935547,1.710765471859339,-0.22905518330311883
GSK343,TLN1,570,26.47766409105,0.20393028131039767,1.4405978545986966,1.236667573288299,-0.22905518330311883
GSK1904529A,TLN1,570,26.47766409105,0.18172481933496568,1.3257259309935916,1.144001111658626,-0.22905518330311883
EPZ004777,TLN1,570,26.47766409105,0.2608164638823929,1.8307331411322387,1.5699166772498458,-0.22905518330311883
Methotrexate,UBR4,527,26.47017169257417,0.06908032682211968,0.6602059703377635,0.5911256435156438,-0.20163348224563515
MK-8776,TLN1,564,26.447392864255963,0.19416805572230258,1.6482095311506126,1.45404147542831,-0.23091228266144231
AT13148,MSMO1,562,26.438107188543224,0.09859446087359527,0.2557496089982042,0.15715514812460893,0.19813678770060575
KU-55933,MSMO1,566,26.4016286207588,0.18441391232983725,0.5711557524532908,0.3867418401234535,0.197521389284734
Doramapimod,MSMO1,566,26.4016286207588,0.08998519069848925,0.37407547799378604,0.2840902872952968,0.197521389284734
Nutlin-3a (-),TLN1,572,26.392047860041657,0.19310384639952194,1.2927129991017225,1.0996091527022007,-0.2277224339006277
PD173074,TLN1,572,26.392047860041657,0.18671510577560615,1.0303502748795088,0.8436351691039027,-0.2277224339006277
Docetaxel,TLN1,572,26.392047860041657,0.17089318479611823,1.05617330072304,0.8852801159269218,-0.2277224339006277
MG-132,TLN1,572,26.392047860041657,0.054781053896252575,0.8359874920007233,0.7812064381044708,-0.2277224339006277
MK-2206,TLN1,572,26.392047860041657,0.12257217807051381,1.2338499485242684,1.1112777704537546,-0.2277224339006277
5-Fluorouracil,TLN1,572,26.392047860041657,0.2194981237127345,1.4389455847898673,1.2194474610771329,-0.2277224339006277
Dactinomycin,TLN1,569,26.390838597247505,0.2217488468635391,1.1560674067507868,0.9343185598872477,-0.22887069898811985
GW441756,TLN1,565,26.38322390203205,0.14023046002084436,1.2819632851055225,1.141732825084678,-0.22764247548091737
Ibrutinib,UROS,537,26.30562369434727,0.13399737582330856,0.7100033430373021,0.5760059672139934,0.19243234203843193
Afatinib,UBR4,570,26.288231682594024,0.10945486658595209,-0.39298928352367835,-0.5024441501096304,-0.20381553392868168
Obatoclax Mesylate,HEMK2,496,26.251892698169936,0.09928623989788024,1.0770818411345917,0.9777956012367115,0.2191962134488259
AGK2,UBR4,558,26.24425640555662,0.1569953701714854,0.46521934708130863,0.3082239769098232,-0.1981124683187093
AZD4547,TLN1,568,26.17779071527888,0.137150987969838,1.3409148958847306,1.2037639079148925,-0.22802184453462954
ICL-SIRT078,UBR4,477,26.16840496699629,0.12974799372762702,0.5058046343724321,0.37605664064480504,-0.22139974644630095
HKMTI-1-005,UBR4,477,26.16840496699629,0.14688138762992026,0.4312238116285073,0.28434242399858706,-0.22139974644630095
Bortezomib,TLN1,566,26.164464362945342,0.06586564625027966,0.8247261873092676,0.7588605410589879,-0.22850164070965223
Buparlisib,TLN1,567,26.13672195942267,0.16229622503791616,1.2405163331178943,1.0782201080799783,-0.22800775336484286
GDC0810,TLN1,567,26.13672195942267,0.1440082007533468,1.5228401636804683,1.3788319629271215,-0.22800775336484286
P22077,TLN1,567,26.13672195942267,0.1507318258225852,1.37217782694619,1.2214460011236048,-0.22800775336484286
I-BRD9,TLN1,567,26.13672195942267,0.2265635290285338,1.7727828792710272,1.5462193502424935,-0.22800775336484286
Dactolisib,TLN1,567,26.13672195942267,0.1281979935231402,0.6697261179845698,0.5415281244614296,-0.22800775336484286
Ipatasertib,TLN1,567,26.13672195942267,0.056291894367077114,0.9632938099352854,0.9070019155682082,-0.22800775336484286
Cyclophosphamide,TLN1,567,26.13672195942267,0.16546611449497234,1.579609583200762,1.4141434687057897,-0.22800775336484286
AGI-5198,TLN1,567,26.13672195942267,0.14917475740634037,1.3613882675700415,1.212213510163701,-0.22800775336484286
GSK2578215A,TLN1,567,26.13672195942267,0.16106910237369965,1.4062447753480924,1.2451756729743928,-0.22800775336484286
AZD6738,TLN1,567,26.13672195942267,0.17750058632024893,1.2273206849089977,1.0498200985887487,-0.22800775336484286
Gefitinib,TLN1,567,26.13672195942267,0.1566692707838535,0.4734777583652981,0.3168084875814446,-0.22800775336484286
Afuresertib,TLN1,567,26.13672195942267,0.05607579510310348,1.129278553360334,1.0732027582572305,-0.22800775336484286
BMS-536924,TLN1,567,26.13672195942267,0.12880118837570362,0.35424850670590646,0.22544731833020284,-0.22800775336484286
AZD5363,TLN1,567,26.13672195942267,0.06692939007913745,0.9782547428888113,0.9113253528096739,-0.22800775336484286
Epirubicin,TLN1,567,26.13672195942267,0.18043675143070056,1.5439023958308726,1.363465644400172,-0.22800775336484286
NVP-ADW742,TLN1,567,26.13672195942267,0.1771537013202507,0.9559566510386881,0.7788029497184374,-0.22800775336484286
AZD8186,TLN1,567,26.13672195942267,0.05517264793066273,0.12176571711064599,0.06659306917998326,-0.22800775336484286
Cediranib,TLN1,567,26.13672195942267,0.12041081921677685,0.6073713689739139,0.486960549757137,-0.22800775336484286
Alisertib,UBR4,562,26.129501794378825,0.19589192278322404,0.980057963047446,0.7841660402642219,-0.1998602891614142
Entinostat,MSMO1,539,26.11701075172551,0.2029798899162391,0.8770379122758009,0.6740580223595618,0.20072058112419233
MN-64,MSMO1,538,26.103532437246013,0.1751033031060035,0.408325405221418,0.23322210211541453,0.20149857885611777
KRAS (G12C) Inhibitor-12,MSMO1,538,26.103532437246013,0.2011948506999906,0.32715422484693774,0.12595937414694713,0.20149857885611777
PFI3,MSMO1,538,26.103532437246013,0.20355317538579845,0.7214006849760224,0.517847509590224,0.20149857885611777
I-BET-762,MSMO1,538,26.103532437246013,0.2378633061010216,0.5967122883122855,0.35884898221126393,0.20149857885611777
CZC24832,MSMO1,538,26.103532437246013,0.21465168187537986,0.5957136059532755,0.38106192407789563,0.20149857885611777
PCI-34051,MSMO1,538,26.103532437246013,0.2159769033357765,0.7406888019331831,0.5247118985974066,0.20149857885611777
OF-1,MSMO1,538,26.103532437246013,0.13334625540436176,0.56482288182197,0.4314766264176083,0.20149857885611777
AGI-6780,MSMO1,538,26.103532437246013,0.18417938725194427,0.5425113464772612,0.3583319592253169,0.20149857885611777
Entospletinib,MSMO1,538,26.103532437246013,0.1158141026944653,-0.004234493945007088,-0.1200485966394724,0.20149857885611777
Dasatinib,MSMO1,567,26.092233823912885,3.317231664344318e-07,-0.27536279155850296,-0.2753631232816694,0.1959423732553678
Axitinib,TLN1,567,26.077161664093854,0.18626014427652626,1.927372056772761,1.7411119124962346,-0.22744180039009082
AZD7762,TLN1,569,26.053463059250134,0.17656345080487745,1.333312718316407,1.1567492675115296,-0.22685683986445734
OSI-027,MSMO1,565,26.03077501252365,0.05115007630981224,0.2961338751032847,0.24498379879347246,0.19540483016447632
GSK2606414,MSMO1,535,26.02515728524027,0.22192558861325895,0.5062824281131785,0.2843568394999195,0.20241489183296996
Dabrafenib,TLN1,565,26.00557217763946,0.12714255535279503,0.7420636665168807,0.6149211111640857,-0.22855956668372135
Avagacestat,MSMO1,564,26.000289910250398,0.2186140732734649,0.5155162492273598,0.2969021759538949,0.195902134147667
Crizotinib,TLN1,570,25.977433517874008,0.20831242050621987,1.7591372527890825,1.5508248322828626,-0.2266807449958943
ABT737,TLN1,566,25.974691561595645,0.1791747082330155,1.3566562745069672,1.1774815662739517,-0.2273179273898496
IAP_5620,ITGB5,461,25.969977533095268,-0.008082069766990886,0.5523674355288307,0.5604495052958216,-0.2559559840329434
Erlotinib,TLN1,565,25.95223783730022,0.11564232149513366,0.5365974038890264,0.4209550823938928,-0.22650609143101227
Nelarabine,MSMO1,464,25.947558767344702,0.1724743803662855,0.6201843789338719,0.4477099985675864,0.21117332192957375
AMG-319,MSMO1,564,25.922342876974934,0.1962649214900859,0.6013077970004619,0.405042875510376,0.19598099457107188
AT13148,TLN1,562,25.880760223585167,0.09859446087359527,0.9522919030134251,0.8536974421398299,-0.22785525575834822
AZ6102,TLN1,563,25.84061319002645,0.1007729652171064,0.8418327646725139,0.7410597994554075,-0.22770508561515568
LJI308,TLN1,563,25.84061319002645,0.2227666981307513,1.3105907345920258,1.0878240364612746,-0.22770508561515568
GSK591,TLN1,562,25.835664667935866,0.1897061326624742,1.2932187647721631,1.1035126321096889,-0.2280069595819167
AZD5582,MSMO1,533,25.814573147467378,0.044738784512264915,0.3582225643063558,0.31348377979409087,0.20328941226519512
JNK Inhibitor VIII,MSMO1,563,25.79956917540861,0.197582461689642,0.490911963338331,0.293329501648689,0.19580048042233913
776928,MSMO1,464,25.783405913060925,0.12415327373651983,0.36057180689902774,0.2364185331625079,0.2093363876829787
PFI-1,MSMO1,561,25.77215534132607,0.19027805060734174,0.48804830026251583,0.29777024965517407,0.19540669713372244
Obatoclax Mesylate,ITGAV,496,25.731570839948454,0.09928623989788024,0.3408927988822708,0.24160655898439057,-0.2597376045127067
EHT-1864,MSMO1,559,25.712124779536335,0.14142482051273006,0.41145030688542406,0.27002548637269397,0.19439598910716688
NU7441,MSMO1,559,25.712124779536335,0.13682219156482858,0.5121949387514318,0.3753727471866033,0.19439598910716688
AMG-319,TLN1,564,25.70956390125885,0.1962649214900859,1.3864652375029656,1.1902003160128798,-0.22790909847954566
720427,MSMO1,465,25.70575900537684,0.18746212136710155,0.5527339702485555,0.365271848881454,0.20839475907899577
L-Oxonoreleagnine,MSMO1,465,25.70575900537684,0.17262456582661825,0.39175342181035067,0.2191288559837324,0.20839475907899577
50869,MSMO1,465,25.70575900537684,0.20957276531491653,0.22897614860070145,0.01940338328578492,0.20839475907899577
123829,MSMO1,465,25.70575900537684,0.057432144656534324,-0.1467454278522364,-0.20417757250877072,0.20839475907899577
LMB_AB2,MSMO1,465,25.70575900537684,0.20044360022756716,0.6214889914429783,0.4210453912154112,0.20839475907899577
Fludarabine,MSMO1,465,25.70575900537684,0.11540034900091624,0.5500502426987175,0.43464989369780127,0.20839475907899577
BDF00022089a,MSMO1,465,25.70575900537684,0.13632053618168893,0.23605378506484273,0.0997332488831538,0.20839475907899577
765771,MSMO1,465,25.70575900537684,0.20400892174517343,0.7851293163776234,0.5811203946324499,0.20839475907899577
Elephantin,MSMO1,465,25.70575900537684,0.10658309126496669,0.284802404561372,0.17821931329640534,0.20839475907899577
GSK2276186C,MSMO1,465,25.70575900537684,0.17068521473739062,0.4222931607177772,0.2516079459803866,0.20839475907899577
Bleomycin,MSMO1,465,25.70575900537684,0.12805407735598856,0.18655266113408378,0.05849858377809522,0.20839475907899577
123138,MSMO1,465,25.70575900537684,0.1345859247174845,0.4322822110418824,0.29769628632439793,0.20839475907899577
GSK3337463A,MSMO1,465,25.70575900537684,0.22150845533151,0.6312370984708875,0.4097286431393775,0.20839475907899577
LMB_AB1,MSMO1,465,25.70575900537684,0.18912251834514346,0.571536288165365,0.38241376982022146,0.20839475907899577
667880,MSMO1,465,25.70575900537684,0.12121323161355156,0.6179263857496969,0.49671315413614536,0.20839475907899577
Acetalax,MSMO1,465,25.70575900537684,-0.019195828071662185,0.28385953143636344,0.30305535950802565,0.20839475907899577
615590,MSMO1,465,25.70575900537684,0.1921489420951807,0.2743343152871592,0.08218537319197847,0.20839475907899577
BEN,MSMO1,465,25.70575900537684,0.2359386891748302,0.3967225281487692,0.16078383897393897,0.20839475907899577
743380,MSMO1,465,25.70575900537684,0.1324211337129954,0.2340243233736011,0.10160318966060569,0.20839475907899577
150412,MSMO1,465,25.70575900537684,0.13341242211939772,0.3324049826238503,0.1989925605044526,0.20839475907899577
LMB_AB3,MSMO1,465,25.70575900537684,0.1699733092959104,0.24866452873672465,0.07869121944081425,0.20839475907899577
Bromosporine,MSMO1,465,25.70575900537684,0.16541214489560116,0.44945930783933735,0.2840471629437362,0.20839475907899577
BDILV000379a,MSMO1,465,25.70575900537684,0.11253305693779339,0.27137098199544457,0.15883792505765118,0.20839475907899577
729189,MSMO1,465,25.70575900537684,0.12880997653631218,0.3320560913751508,0.20324611483883862,0.20839475907899577
GSK626616AC,MSMO1,465,25.70575900537684,0.21740703432050262,0.7015352840359215,0.48412824971541885,0.20839475907899577
Dacarbazine,MSMO1,465,25.70575900537684,0.1565145668670581,0.6843169666380097,0.5278023997709516,0.20839475907899577
GSK2830371A,MSMO1,465,25.70575900537684,0.1981560010898867,0.45587259218477055,0.2577165910948839,0.20839475907899577
GSK2256098C,MSMO1,465,25.70575900537684,0.17058972875924835,0.50058151931354,0.3299917905542916,0.20839475907899577
Gallibiscoquinazole,MSMO1,465,25.70575900537684,0.18658523264353638,0.4606972036897888,0.2741119710462524,0.20839475907899577
LMP744,MSMO1,465,25.70575900537684,0.21245664182334595,0.4005759033075768,0.18811926148423086,0.20839475907899577
GSK2801,MSMO1,465,25.70575900537684,0.19609563384136589,0.3185987074317244,0.12250307359035853,0.20839475907899577
Mitoxantrone,MSMO1,465,25.70575900537684,0.21656415573216828,0.21778987300848404,0.001225717276315763,0.20839475907899577
630600,MSMO1,465,25.70575900537684,0.1689898748483017,0.4498036534649307,0.280813778616629,0.20839475907899577
741909,MSMO1,465,25.70575900537684,0.08547111198173865,0.1081817359289767,0.02271062394723805,0.20839475907899577
BDOCA000347a,MSMO1,465,25.70575900537684,0.10998581355167882,0.15555982234727805,0.04557400879559924,0.20839475907899577
GSK-LSD1,MSMO1,465,25.70575900537684,0.19741360367612878,0.34192855091935087,0.14451494724322209,0.20839475907899577
GSK2110183B,MSMO1,465,25.70575900537684,0.03812700870683967,0.5461663321395109,0.5080393234326712,0.20839475907899577
OTX015,MSMO1,537,25.704169269582856,0.21781590036663787,0.4858679324179848,0.268052032051347,0.19904400553358725
CCT007093,MSMO1,556,25.69900040993621,0.21150555376343247,0.6157080637615195,0.40420250999808705,0.1963906947128987
Dinaciclib,MSMO1,537,25.677566305532398,0.17602894735136937,0.32066935698134885,0.14464040962997948,0.19913133962593418
Entinostat,UBR4,539,25.67648944261909,0.2029798899162391,0.5967649542230617,0.39378506430682264,-0.2025983221947109
JAK_8517,MSMO1,464,25.654172766206766,0.1434388774445309,0.06896327349988893,-0.07447560394464198,0.20717968368982093
IRAK4_4710,MSMO1,464,25.654172766206766,0.23658340464320624,0.398514437702795,0.16193103305958875,0.20717968368982093
AZD1208,MSMO1,464,25.654172766206766,0.2176463043801584,0.4955480819230574,0.277901777542899,0.20717968368982093
AZD1332,MSMO1,464,25.654172766206766,0.08779609415919891,0.04736451332004304,-0.04043158083915587,0.20717968368982093
ERK_6604,MSMO1,464,25.654172766206766,0.1342761631093472,0.18565516659665462,0.05137900348730742,0.20717968368982093
JAK1_8709,MSMO1,464,25.654172766206766,0.2298283301572647,0.5191127788648865,0.2892844487076218,0.20717968368982093
ERK_2440,MSMO1,464,25.654172766206766,0.11910541439879055,0.0191101748955172,-0.09999523950327335,0.20717968368982093
AZD2014,MSMO1,464,25.654172766206766,0.13846501496730929,0.2586285834896399,0.12016356852233062,0.20717968368982093
AZD5438,MSMO1,464,25.654172766206766,0.19497978634488297,0.6357746326780159,0.44079484633313293,0.20717968368982093
AZD5153,MSMO1,464,25.654172766206766,0.19682757780107327,0.5543424528046509,0.3575148750035776,0.20717968368982093
IGF1R_3801,MSMO1,463,25.651569483424705,0.1599494115567059,0.040337671957556505,-0.11961173959914939,0.20708999795914218
Dasatinib,TLN1,567,25.639387285036932,3.317231664344318e-07,-0.6920083090696647,-0.6920086407928311,-0.2239551693092727
Eg5_9814,MSMO1,461,25.631549355731366,0.15256657097578244,0.07009749095820396,-0.08246908001757848,0.20777726470454946
OSI-027,TLN1,565,25.5759326185129,0.05115007630981224,0.7060972282944132,0.654947151984601,-0.2260561285897061
CDK9_5576,MSMO1,463,25.554369529185063,0.19081668059104576,0.4520053261811808,0.261188645590135,0.20643070900946817
CDK9_5038,MSMO1,463,25.554369529185063,0.17198248883410425,0.5478320437702096,0.3758495549361053,0.20643070900946817
Osimertinib,TLN1,566,25.540901510362893,0.11078268956935403,0.5394125687984207,0.4286298792290667,-0.22582283247719942
AZD5991,MSMO1,463,25.520859044742195,0.18152813071598925,0.5911047424763005,0.40957661176031124,0.2063584084791353
EPZ5676,TLN1,568,25.518926519347385,0.26784447427088004,1.8908892711729997,1.6230447969021196,-0.22514013980386918
PAK_5339,MSMO1,463,25.479473382036826,0.1604469079194713,0.36363316029375803,0.20318625237428672,0.20652948749321728
CDK9_5576,HEMK2,463,25.46683230490705,0.19081668059104576,1.0629086869730664,0.8720920063820207,0.22937597146281136
CDK9_5038,HEMK2,463,25.46683230490705,0.17198248883410425,0.9698683759472673,0.797885887113163,0.22937597146281136
Obatoclax Mesylate,ITGB5,496,25.432603948344934,0.09928623989788024,0.32675978120831733,0.2274735413104371,-0.23847503397707845
Entinostat,UROS,539,25.427545452728992,0.2029798899162391,1.3022500618014652,1.099270171885226,0.19137095865720397
Avagacestat,TLN1,564,25.4218336764499,0.2186140732734649,1.02845248244277,0.8098384091693052,-0.22778702869776965
JNK Inhibitor VIII,TLN1,563,25.418704354255038,0.197582461689642,1.3483615977905568,1.1507791361009148,-0.22363409737099157
Nilotinib,TLN1,565,25.400455765782723,0.13290593436200063,1.5353429651876989,1.4024370308256981,-0.2251854774376536
JAK1_8709,HEMK2,464,25.383838423491397,0.2298283301572647,0.9874746791256537,0.757646348968389,0.22810574264181224
AZD2014,HEMK2,464,25.383838423491397,0.13846501496730929,0.7909988862459245,0.6525338712786153,0.22810574264181224
AZD5438,HEMK2,464,25.383838423491397,0.19497978634488297,1.1289528568423948,0.9339730704975118,0.22810574264181224
ERK_6604,HEMK2,464,25.383838423491397,0.1342761631093472,1.0043065898888817,0.8700304267795345,0.22810574264181224
AZD1332,HEMK2,464,25.383838423491397,0.08779609415919891,0.6462019944202921,0.5584059002610933,0.22810574264181224
ERK_2440,HEMK2,464,25.383838423491397,0.11910541439879055,0.9671288508815749,0.8480234364827843,0.22810574264181224
JAK_8517,HEMK2,464,25.383838423491397,0.1434388774445309,0.707226341302126,0.5637874638575952,0.22810574264181224
AZD5153,HEMK2,464,25.383838423491397,0.19682757780107327,1.1745239017867808,0.9776963239857075,0.22810574264181224
IRAK4_4710,HEMK2,464,25.383838423491397,0.23658340464320624,0.9028442118970488,0.6662608072538425,0.22810574264181224
AZD1208,HEMK2,464,25.383838423491397,0.2176463043801584,1.0371466794856725,0.8195003751055141,0.22810574264181224
ICL-SIRT078,ITGB5,477,25.368240160307188,0.12974799372762702,0.8793541508859226,0.7496061571582956,-0.24578068379005497
HKMTI-1-005,ITGB5,477,25.368240160307188,0.14688138762992026,0.8039995132016832,0.6571181255717629,-0.24578068379005497
Dihydrorotenone,MSMO1,464,25.35224101098478,0.09589247606644011,0.41099555208385824,0.31510307601741816,0.2057067247745875
Leflunomide,UBR4,538,25.324743999983966,0.27476115011562063,1.1791374753083683,0.9043763251927477,-0.20292860404473573
LCL161,UBR4,538,25.324743999983966,0.10743343666579672,0.2816280124593069,0.1741945757935102,-0.20292860404473573
AZ960,UBR4,538,25.324743999983966,0.17274684949292313,0.6788462297580861,0.506099380265163,-0.20292860404473573
Niraparib,UBR4,538,25.324743999983966,0.2799975468554755,1.4083412848637105,1.128343738008235,-0.20292860404473573
Mirin,UBR4,538,25.324743999983966,0.2076944845886189,0.4738231500200524,0.2661286654314335,-0.20292860404473573
Methotrexate,MSMO1,527,25.2958717120578,0.06908032682211968,-0.046593793848083154,-0.11567412067020283,0.19423552958754728
AZD5991,HEMK2,463,25.244003397968665,0.18152813071598925,0.4802596712831897,0.2987315405672004,0.2274727023181629
IWP-2,UBR4,537,25.175293158221656,0.2302287454869887,0.8452421780418532,0.6150134325548645,-0.20207613363061536
N-acetyl cysteine,UBR4,477,25.162817790515547,0.054471960182223764,0.38009470840076415,0.32562274821854037,-0.21002830752574175
BMS-345541,UROS,537,25.159964861217546,0.2906204401272033,1.3093759177083653,1.018755477581162,0.18718493470633582
Cisplatin,UBR4,484,25.15972495326186,0.19813020376192553,0.9766936675113943,0.7785634637494687,-0.21646182349495172
Cisplatin,ITGB5,484,25.091335606073304,0.19813020376192553,1.055368980907683,0.8572387771457575,-0.24004917294514294
IGF1R_3801,HEMK2,463,25.048524151249254,0.1599494115567059,0.6941777520724496,0.5342283405157437,0.22627962266377397
KU-55933,TLN1,566,25.041219602962695,0.18441391232983725,1.3167951004308485,1.1323811881010113,-0.22436115896824485
Doramapimod,TLN1,566,25.041219602962695,0.08998519069848925,1.145211518324916,1.0552263276264269,-0.22436115896824485
Eg5_9814,HEMK2,461,25.00177599766298,0.15256657097578244,0.9913188114246552,0.8387522404488728,0.22619486521212454
LY2109761,MSMO1,536,25.000152176411184,0.1950555917616098,0.42378077327007374,0.22872518150846394,0.19727177302024312
ML323,MSMO1,536,25.000152176411184,0.17911119316299567,0.596710578182798,0.41759938501980237,0.19727177302024312
Motesanib,TLN1,561,24.985658227068072,0.2315715909530889,1.6507949591221756,1.4192233681690867,-0.22656825590151947
Lestaurtinib,TLN1,561,24.985658227068072,0.1796660317575717,1.6859648971423955,1.5062988653848237,-0.22656825590151947
JQ1,TLN1,561,24.985658227068072,0.19270675607637947,1.373278868157078,1.1805721120806985,-0.22656825590151947
Bosutinib,TLN1,561,24.985658227068072,0.20674692914772005,1.3073090865461316,1.1005621573984117,-0.22656825590151947
Lenalidomide,TLN1,561,24.985658227068072,0.2693126768803686,1.9068377607960745,1.6375250839157058,-0.22656825590151947
BDILV000379a,DLG5,465,24.938221527658982,0.11253305693779339,0.9124037095947499,0.7998706526569566,-0.24407245532709215
615590,DLG5,465,24.938221527658982,0.1921489420951807,0.9264610853641448,0.7343121432689641,-0.24407245532709215
GSK3337463A,DLG5,465,24.938221527658982,0.22150845533151,1.0497220809529106,0.8282136256214007,-0.24407245532709215
765771,DLG5,465,24.938221527658982,0.20400892174517343,0.8269639204392832,0.6229549986941099,-0.24407245532709215
BEN,DLG5,465,24.938221527658982,0.2359386891748302,1.1528255038908468,0.9168868147160166,-0.24407245532709215
123138,DLG5,465,24.938221527658982,0.1345859247174845,0.7451573533423841,0.6105714286248995,-0.24407245532709215
Dacarbazine,DLG5,465,24.938221527658982,0.1565145668670581,1.0416857048209995,0.8851711379539414,-0.24407245532709215
BDF00022089a,DLG5,465,24.938221527658982,0.13632053618168893,0.7579115162525839,0.621590980070895,-0.24407245532709215
BDOCA000347a,DLG5,465,24.938221527658982,0.10998581355167882,0.9950701212535045,0.8850843077018257,-0.24407245532709215
Mitoxantrone,DLG5,465,24.938221527658982,0.21656415573216828,0.9611154226620992,0.7445512669299309,-0.24407245532709215
Gallibiscoquinazole,DLG5,465,24.938221527658982,0.18658523264353638,0.9600261797643267,0.7734409471207904,-0.24407245532709215
L-Oxonoreleagnine,DLG5,465,24.938221527658982,0.17262456582661825,0.6640695686641148,0.4914450028374966,-0.24407245532709215
Fludarabine,DLG5,465,24.938221527658982,0.11540034900091624,0.7164793880255863,0.6010790390246701,-0.24407245532709215
GSK2830371A,DLG5,465,24.938221527658982,0.1981560010898867,1.1018677607803091,0.9037117596904224,-0.24407245532709215
Bromosporine,DLG5,465,24.938221527658982,0.16541214489560116,1.1492834802222252,0.983871335326624,-0.24407245532709215
630600,DLG5,465,24.938221527658982,0.1689898748483017,0.9582805863467805,0.7892907114984788,-0.24407245532709215
LMB_AB2,DLG5,465,24.938221527658982,0.20044360022756716,1.231861356316242,1.0314177560886748,-0.24407245532709215
Bleomycin,DLG5,465,24.938221527658982,0.12805407735598856,0.5197589790613054,0.39170490170531685,-0.24407245532709215
741909,DLG5,465,24.938221527658982,0.08547111198173865,0.38334591183155353,0.2978747998498149,-0.24407245532709215
GSK-LSD1,DLG5,465,24.938221527658982,0.19741360367612878,0.9745022982210478,0.777088694544919,-0.24407245532709215
150412,DLG5,465,24.938221527658982,0.13341242211939772,0.6504655774007646,0.5170531552813669,-0.24407245532709215
GSK2256098C,DLG5,465,24.938221527658982,0.17058972875924835,0.9330765497422162,0.7624868209829678,-0.24407245532709215
720427,DLG5,465,24.938221527658982,0.18746212136710155,0.7945520866363652,0.6070899652692636,-0.24407245532709215
667880,DLG5,465,24.938221527658982,0.12121323161355156,1.1220234271501064,1.000810195536555,-0.24407245532709215
50869,DLG5,465,24.938221527658982,0.20957276531491653,0.8627122786825236,0.6531395133676071,-0.24407245532709215
LMB_AB1,DLG5,465,24.938221527658982,0.18912251834514346,1.2120039195919312,1.0228814012467877,-0.24407245532709215
GSK2276186C,DLG5,465,24.938221527658982,0.17068521473739062,1.039097470740185,0.8684122560027944,-0.24407245532709215
LMP744,DLG5,465,24.938221527658982,0.21245664182334595,0.9389004676794762,0.7264438258561303,-0.24407245532709215
729189,DLG5,465,24.938221527658982,0.12880997653631218,0.8230922717111422,0.69428229517483,-0.24407245532709215
GSK626616AC,DLG5,465,24.938221527658982,0.21740703432050262,1.190668571891077,0.9732615375705744,-0.24407245532709215
Elephantin,DLG5,465,24.938221527658982,0.10658309126496669,1.0278237643158639,0.9212406730508972,-0.24407245532709215
Acetalax,DLG5,465,24.938221527658982,-0.019195828071662185,-0.04465204511540611,-0.025456217043743925,-0.24407245532709215
GSK2801,DLG5,465,24.938221527658982,0.19609563384136589,1.1655212559389376,0.9694256220975718,-0.24407245532709215
743380,DLG5,465,24.938221527658982,0.1324211337129954,0.5842707045253334,0.45184957081233795,-0.24407245532709215
123829,DLG5,465,24.938221527658982,0.057432144656534324,0.060986053216711016,0.003553908560176691,-0.24407245532709215
GSK2110183B,DLG5,465,24.938221527658982,0.03812700870683967,0.25752279849625836,0.2193957897894187,-0.24407245532709215
LMB_AB3,DLG5,465,24.938221527658982,0.1699733092959104,0.7562496167780874,0.5862763074821771,-0.24407245532709215
Cisplatin,ITGAV,484,24.93521875211148,0.19813020376192553,1.0281191811524573,0.8299889773905318,-0.2568799522876373
PAK_5339,HEMK2,463,24.929133139825154,0.1604469079194713,0.8469087602498054,0.6864618523303341,0.22590083075485617
Ibrutinib,DLG5,537,24.854976708321907,0.13399737582330856,0.28628236092064874,0.15228498509734018,-0.23627018176960102
ICL-SIRT078,ITGAV,477,24.841673109912353,0.12974799372762702,0.914294331398119,0.784546337670492,-0.25861714386551965
HKMTI-1-005,ITGAV,477,24.841673109912353,0.14688138762992026,0.9183728760043456,0.7714914883744253,-0.25861714386551965
776928,DLG5,464,24.822695392224603,0.12415327373651983,0.7345024021650894,0.6103491284285696,-0.2439104404461881
Dihydrorotenone,DLG5,464,24.70153421600775,0.09589247606644011,0.5781859150830472,0.48229343901660704,-0.24295425442716526
Dinaciclib,UROS,537,24.697304586867777,0.17602894735136937,1.0266615605559457,0.8506326132045763,0.18778743920322788
BMS-345541,UBR4,537,24.663105138369705,0.2906204401272033,1.0761998288232548,0.7855793886960516,-0.199969266458718
Entospletinib,UROS,538,24.660009302210753,0.1158141026944653,0.7967067115036924,0.6808926088092271,0.18776010331444573
I-BET-762,UROS,538,24.660009302210753,0.2378633061010216,1.3216124846588715,1.08374917855785,0.18776010331444573
PFI3,UROS,538,24.660009302210753,0.20355317538579845,1.2433691891879595,1.039816013802161,0.18776010331444573
CZC24832,UROS,538,24.660009302210753,0.21465168187537986,1.32533820981375,1.1106865279383702,0.18776010331444573
AGI-6780,UROS,538,24.660009302210753,0.18417938725194427,1.0970330910515638,0.9128537037996195,0.18776010331444573
MN-64,UROS,538,24.660009302210753,0.1751033031060035,0.8483936355816423,0.6732903324756387,0.18776010331444573
OF-1,UROS,538,24.660009302210753,0.13334625540436176,0.5149496442197674,0.3816033888154057,0.18776010331444573
KRAS (G12C) Inhibitor-12,UROS,538,24.660009302210753,0.2011948506999906,1.422112183975196,1.2209173332752055,0.18776010331444573
PCI-34051,UROS,538,24.660009302210753,0.2159769033357765,1.3674192847816324,1.1514423814458559,0.18776010331444573
Nelarabine,DLG5,464,24.656369559817538,0.1724743803662855,0.9860119540965215,0.813537573730236,-0.2422251025257245
BMS-754807,TLN1,560,24.606162993410578,0.15864041314567673,1.100681234265814,0.9420408211201374,-0.22472213149367734
N30652-18-1,ITGB5,478,24.40292442335958,0.2138542027993366,1.1307387121142873,0.9168845093149507,-0.238885868238057
BDP-00009066,ITGB5,478,24.40292442335958,0.18119232170511906,0.5028915812469612,0.32169925954184214,-0.238885868238057
MIM1,ITGB5,478,24.40292442335958,0.13572889415233946,0.6178123413080617,0.48208344715572227,-0.238885868238057
N29087-69-1,ITGB5,478,24.40292442335958,0.22360509111491594,0.9470462855787021,0.7234411944637862,-0.238885868238057
Cytarabine,ITGB5,478,24.40292442335958,0.1834101353378042,1.0023368351748625,0.8189266998370583,-0.238885868238057
N25720-51-A1,ITGB5,478,24.40292442335958,0.17893398639433397,0.7286058261866332,0.5496718397922992,-0.238885868238057
N27922-53-1,ITGB5,478,24.40292442335958,0.18593238793229758,0.8878040267444635,0.7018716388121659,-0.238885868238057
BPD-00008900,ITGB5,478,24.40292442335958,0.1451919243030389,0.34931438381701246,0.20412245951397356,-0.238885868238057
GSK2606414,UROS,535,24.35399399159602,0.22192558861325895,0.9078722392585775,0.6859466506453186,0.18621640302112244
Nelarabine,HEMK2,464,24.321333323530375,0.1724743803662855,0.9896411402507982,0.8171667598845127,0.22592465350269195
Mycophenolic acid,ITGB5,474,24.267208288190947,0.16693267005799012,0.7498893330055469,0.5829566629475569,-0.24048424376701652
Daporinad,CFL1,327,24.250951763000295,0.14627215515690623,0.6453563568460394,0.4990842016891332,0.3140942306029128
N-acetyl cysteine,ITGB5,477,24.24268584418412,0.054471960182223764,0.5398607550943229,0.4853887949120991,-0.2332087014959137
AZD5991,DLG5,463,24.233808719061006,0.18152813071598925,1.0843761645030148,0.9028480337870255,-0.24035815603179864
AZD8055,ITGB5,477,24.211018558884593,0.07909896857189894,0.16153705740460392,0.08243808883270498,-0.23728389279450626
OTX015,UROS,537,24.207719267547223,0.21781590036663787,1.2139077833482181,0.9960918829815802,0.18508457690778105
AZD1332,DLG5,464,24.164682734332114,0.08779609415919891,0.23227826010489944,0.1444821659457005,-0.23927894444751427
ERK_2440,DLG5,464,24.164682734332114,0.11910541439879055,-0.03175020146374201,-0.15085561586253254,-0.23927894444751427
JAK_8517,DLG5,464,24.164682734332114,0.1434388774445309,0.6629095178524241,0.5194706404078933,-0.23927894444751427
AZD5153,DLG5,464,24.164682734332114,0.19682757780107327,0.8485758463137102,0.6517482685126369,-0.23927894444751427
AZD1208,DLG5,464,24.164682734332114,0.2176463043801584,1.1562488415037984,0.93860253712364,-0.23927894444751427
IRAK4_4710,DLG5,464,24.164682734332114,0.23658340464320624,0.9666935927121403,0.730110188068934,-0.23927894444751427
ERK_6604,DLG5,464,24.164682734332114,0.1342761631093472,-0.19390019180129378,-0.328176354910641,-0.23927894444751427
AZD5438,DLG5,464,24.164682734332114,0.19497978634488297,0.7501764830660134,0.5551966967211304,-0.23927894444751427
JAK1_8709,DLG5,464,24.164682734332114,0.2298283301572647,0.8357490537727619,0.6059207236154972,-0.23927894444751427
AZD2014,DLG5,464,24.164682734332114,0.13846501496730929,-0.04533230212793907,-0.18379731709524835,-0.23927894444751427
Entinostat,DLG5,539,24.164403778127735,0.2029798899162391,0.9850124001231166,0.7820325102068775,-0.23550419604588482
CDK9_5038,DLG5,463,24.140669074530337,0.17198248883410425,0.8074677956256575,0.6354853067915532,-0.23952561179789894
CDK9_5576,DLG5,463,24.140669074530337,0.19081668059104576,0.7384040678272685,0.5475873872362228,-0.23952561179789894
OTX015,DLG5,537,24.130138202540877,0.21781590036663787,0.7968315150198215,0.5790156146531836,-0.23527246531976362
N25720-51-A1,ITGAV,478,24.083185568429627,0.17893398639433397,1.0170589747366534,0.8381249883423194,-0.2532570975634692
N29087-69-1,ITGAV,478,24.083185568429627,0.22360509111491594,0.959973567486319,0.7363684763714031,-0.2532570975634692
MIM1,ITGAV,478,24.083185568429627,0.13572889415233946,0.4885966220465329,0.35286772789419346,-0.2532570975634692
N30652-18-1,ITGAV,478,24.083185568429627,0.2138542027993366,1.1942523776341432,0.9803981748348065,-0.2532570975634692
BPD-00008900,ITGAV,478,24.083185568429627,0.1451919243030389,0.14093579194024097,-0.004256132362797926,-0.2532570975634692
N27922-53-1,ITGAV,478,24.083185568429627,0.18593238793229758,0.9277683949846393,0.7418360070523417,-0.2532570975634692
Cytarabine,ITGAV,478,24.083185568429627,0.1834101353378042,1.0558778129153814,0.8724676775775773,-0.2532570975634692
BDP-00009066,ITGAV,478,24.083185568429627,0.18119232170511906,0.38765989492983155,0.2064675732247125,-0.2532570975634692
GSK2801,HEMK2,465,24.076529525794694,0.19609563384136589,0.8284396838649136,0.6323440500235478,0.22319828421660692
GSK2110183B,HEMK2,465,24.076529525794694,0.03812700870683967,0.38864902921915495,0.3505220205123153,0.22319828421660692
LMB_AB2,HEMK2,465,24.076529525794694,0.20044360022756716,0.9509132752561235,0.7504696750285563,0.22319828421660692
GSK626616AC,HEMK2,465,24.076529525794694,0.21740703432050262,0.9149549313818847,0.697547897061382,0.22319828421660692
GSK2276186C,HEMK2,465,24.076529525794694,0.17068521473739062,0.8010682166952354,0.6303830019578448,0.22319828421660692
Fludarabine,HEMK2,465,24.076529525794694,0.11540034900091624,0.9538772696828945,0.8384769206819783,0.22319828421660692
L-Oxonoreleagnine,HEMK2,465,24.076529525794694,0.17262456582661825,0.9281385848857528,0.7555140190591346,0.22319828421660692
LMP744,HEMK2,465,24.076529525794694,0.21245664182334595,1.0973781480909512,0.8849215062676052,0.22319828421660692
LMB_AB1,HEMK2,465,24.076529525794694,0.18912251834514346,1.0577968942807539,0.8686743759356104,0.22319828421660692
GSK2256098C,HEMK2,465,24.076529525794694,0.17058972875924835,0.8552495500135957,0.6846598212543473,0.22319828421660692
GSK2830371A,HEMK2,465,24.076529525794694,0.1981560010898867,0.8651886973280414,0.6670326962381546,0.22319828421660692
GSK-LSD1,HEMK2,465,24.076529525794694,0.19741360367612878,0.4810888373212859,0.2836752336451571,0.22319828421660692
GSK3337463A,HEMK2,465,24.076529525794694,0.22150845533151,1.0192095866345805,0.7977011313030705,0.22319828421660692
Elephantin,HEMK2,465,24.076529525794694,0.10658309126496669,0.8908977429906588,0.7843146517256921,0.22319828421660692
LMB_AB3,HEMK2,465,24.076529525794694,0.1699733092959104,0.9037151741043024,0.733741864808392,0.22319828421660692
Gallibiscoquinazole,HEMK2,465,24.076529525794694,0.18658523264353638,0.7939927369832845,0.6074075043397482,0.22319828421660692
Bromosporine,HEMK2,465,24.076529525794694,0.16541214489560116,0.8821663278666392,0.716754182971038,0.22319828421660692
123138,HEMK2,465,24.076529525794694,0.1345859247174845,1.0425241675101706,0.9079382427926861,0.22319828421660692
743380,HEMK2,465,24.076529525794694,0.1324211337129954,0.46694037900226365,0.33451924528926824,0.22319828421660692
Mitoxantrone,HEMK2,465,24.076529525794694,0.21656415573216828,1.3144483369539002,1.097884181221732,0.22319828421660692
630600,HEMK2,465,24.076529525794694,0.1689898748483017,1.3224660567000188,1.1534761818517172,0.22319828421660692
667880,HEMK2,465,24.076529525794694,0.12121323161355156,0.4331076261161072,0.3118943945025556,0.22319828421660692
729189,HEMK2,465,24.076529525794694,0.12880997653631218,0.7599916174312968,0.6311816408949846,0.22319828421660692
BEN,HEMK2,465,24.076529525794694,0.2359386891748302,0.89546074721658,0.6595220580417498,0.22319828421660692
615590,HEMK2,465,24.076529525794694,0.1921489420951807,0.8535082156439933,0.6613592735488125,0.22319828421660692
150412,HEMK2,465,24.076529525794694,0.13341242211939772,0.9398462334150327,0.806433811295635,0.22319828421660692
Bleomycin,HEMK2,465,24.076529525794694,0.12805407735598856,1.1848435361075083,1.0567894587515196,0.22319828421660692
BDOCA000347a,HEMK2,465,24.076529525794694,0.10998581355167882,0.39491479865531254,0.28492898510363374,0.22319828421660692
Dacarbazine,HEMK2,465,24.076529525794694,0.1565145668670581,1.0248349077057524,0.8683203408386942,0.22319828421660692
123829,HEMK2,465,24.076529525794694,0.057432144656534324,1.1241155387936146,1.0666833941370804,0.22319828421660692
720427,HEMK2,465,24.076529525794694,0.18746212136710155,0.9123160902510349,0.7248539688839333,0.22319828421660692
BDILV000379a,HEMK2,465,24.076529525794694,0.11253305693779339,0.46999205857194876,0.35745900163415534,0.22319828421660692
50869,HEMK2,465,24.076529525794694,0.20957276531491653,1.0921848850621845,0.8826121197472679,0.22319828421660692
765771,HEMK2,465,24.076529525794694,0.20400892174517343,1.268679630441538,1.0646707086963645,0.22319828421660692
BDF00022089a,HEMK2,465,24.076529525794694,0.13632053618168893,0.5088853672339785,0.37256483105228955,0.22319828421660692
741909,HEMK2,465,24.076529525794694,0.08547111198173865,0.3931839760660826,0.30771286408434395,0.22319828421660692
Acetalax,HEMK2,465,24.076529525794694,-0.019195828071662185,-0.19626181956503505,-0.17706599149337288,0.22319828421660692
Eg5_9814,DLG5,461,24.068711155332927,0.15256657097578244,0.7095994078635771,0.5570328368877947,-0.24024553207803237
GSK2606414,DLG5,535,24.062662796141964,0.22192558861325895,0.7932904393532493,0.5713648507399903,-0.2363888840999246
Mycophenolic acid,ITGAV,474,24.056781972758106,0.16693267005799012,0.8184978983945909,0.6515652283366007,-0.2563648476773061
MN-64,DLG5,538,24.042442611752957,0.1751033031060035,0.4952060889685506,0.32010278586254715,-0.23466680979505217
PFI3,DLG5,538,24.042442611752957,0.20355317538579845,1.1304497253627854,0.926896549976987,-0.23466680979505217
AGI-6780,DLG5,538,24.042442611752957,0.18417938725194427,1.3013416573211571,1.1171622700692128,-0.23466680979505217
I-BET-762,DLG5,538,24.042442611752957,0.2378633061010216,0.944931602339933,0.7070682962389114,-0.23466680979505217
PCI-34051,DLG5,538,24.042442611752957,0.2159769033357765,1.127378236332249,0.9114013329964726,-0.23466680979505217
OF-1,DLG5,538,24.042442611752957,0.13334625540436176,0.7198418441682705,0.5864955887639087,-0.23466680979505217
KRAS (G12C) Inhibitor-12,DLG5,538,24.042442611752957,0.2011948506999906,0.8069759831307746,0.605781132430784,-0.23466680979505217
CZC24832,DLG5,538,24.042442611752957,0.21465168187537986,0.9974369246770641,0.7827852428016843,-0.23466680979505217
Entospletinib,DLG5,538,24.042442611752957,0.1158141026944653,0.34544305358440947,0.22962895088994417,-0.23466680979505217
KRAS (G12C) Inhibitor-12,UBR4,538,24.025857258822334,0.2011948506999906,0.8899536771967814,0.6887588264967908,-0.19878008995279958
PCI-34051,UBR4,538,24.025857258822334,0.2159769033357765,1.1181041600591137,0.9021272567233373,-0.19878008995279958
AGI-6780,UBR4,538,24.025857258822334,0.18417938725194427,0.7693167159142552,0.5851373286623109,-0.19878008995279958
MN-64,UBR4,538,24.025857258822334,0.1751033031060035,0.13846457653086552,-0.036638726575137975,-0.19878008995279958
Entospletinib,UBR4,538,24.025857258822334,0.1158141026944653,0.25764549990988,0.1418313972154147,-0.19878008995279958
I-BET-762,UBR4,538,24.025857258822334,0.2378633061010216,0.5536877573176676,0.31582445121664604,-0.19878008995279958
PFI3,UBR4,538,24.025857258822334,0.20355317538579845,0.6880648509779026,0.4845116755921042,-0.19878008995279958
CZC24832,UBR4,538,24.025857258822334,0.21465168187537986,0.6177948291048583,0.4031431472294784,-0.19878008995279958
OF-1,UBR4,538,24.025857258822334,0.13334625540436176,0.6282160654631592,0.4948698100587975,-0.19878008995279958
GSK2606414,UBR4,535,24.00690409189733,0.22192558861325895,0.41152605885706417,0.18960047024380522,-0.19921447054342903
776928,HEMK2,464,24.000267208269438,0.12415327373651983,0.5943127392927909,0.4701594655562711,0.2229117065517962
IAP_5620,HEMK2,461,23.93420860987379,-0.008082069766990886,0.38793433597820826,0.39601640574519914,0.22311989623127984
CPI-637,ITGAV,477,23.92088541905997,0.19862150130388836,0.905432129151367,0.7068106278474786,-0.2541347319696805
CT7033-2,ITGAV,477,23.92088541905997,0.21166102929722386,1.1871122382698864,0.9754512089726626,-0.2541347319696805
A-366,ITGAV,477,23.92088541905997,0.18122964040224931,0.8596563330274609,0.6784266926252116,-0.2541347319696805
PBD-288,ITGAV,477,23.92088541905997,0.16086913395787286,0.6853094258115815,0.5244402918537087,-0.2541347319696805
Dinaciclib,DLG5,537,23.905214807106738,0.17602894735136937,0.5490516015189824,0.373022654167613,-0.2342618076157808
IGF1R_3801,DLG5,463,23.875167996159576,0.1599494115567059,0.4492534794630558,0.28930406790634994,-0.2378751527016217
A-366,ITGB5,477,23.838415525872733,0.18122964040224931,0.7353944980311379,0.5541648576288886,-0.23538887410968173
CPI-637,ITGB5,477,23.838415525872733,0.19862150130388836,1.0028611788741701,0.8042396775702818,-0.23538887410968173
PBD-288,ITGB5,477,23.838415525872733,0.16086913395787286,0.7296404966460927,0.5687713626882198,-0.23538887410968173
CT7033-2,ITGB5,477,23.838415525872733,0.21166102929722386,1.148868667789429,0.9372076384922052,-0.23538887410968173
PFI-1,TLN1,561,23.826191602103762,0.19027805060734174,1.3346488108483296,1.1443707602409878,-0.22117954266792447
AGK2,TLN1,558,23.822535768635873,0.1569953701714854,1.3577317976437195,1.200736427472234,-0.21896259177347852
Daporinad,HEMK2,327,23.752673652645566,0.14627215515690623,0.5651915901186798,0.4189194349617736,0.24084250467089577
EHT-1864,TLN1,559,23.743923854444603,0.14142482051273006,1.4562464287496637,1.3148216082369337,-0.22126287066272057
NU7441,TLN1,559,23.743923854444603,0.13682219156482858,1.0604348425972248,0.9236126510323962,-0.22126287066272057
OTX015,UBR4,537,23.71654054441533,0.21781590036663787,0.6316299406334771,0.4138140402668392,-0.19681439017865748
IAP_5620,MSMO1,461,23.6374790562849,-0.008082069766990886,-0.008735643297112353,-0.0006535735301214669,0.20482024812874575
5-azacytidine,ITGAV,476,23.586689099859097,0.13720736609475748,0.5634170893591713,0.42620972326441386,-0.25254612669298104
GSK-LSD1-2HCl,ITGAV,476,23.586689099859097,0.1376229434563707,0.8430306761216221,0.7054077326652514,-0.25254612669298104
Dinaciclib,UBR4,537,23.541271140145412,0.17602894735136937,0.1485365168075127,-0.027492430543856666,-0.19644606813702042
LY2109761,UBR4,536,23.531025393998448,0.1950555917616098,0.5908058639918593,0.3957502722302495,-0.19655453219985802
ML323,UBR4,536,23.531025393998448,0.17911119316299567,0.5836782062445667,0.404567013081571,-0.19655453219985802
PAK_5339,DLG5,463,23.528817673568664,0.1604469079194713,0.3875106726638686,0.22706376474439732,-0.23641765622476127
Dihydrorotenone,HEMK2,464,23.521669571676167,0.09589247606644011,0.21759133225399346,0.12169885618755336,0.22047619505233795
5-azacytidine,ITGB5,476,23.45682010662351,0.13720736609475748,0.6305676624456545,0.49336029635089707,-0.23309427842636557
GSK-LSD1-2HCl,ITGB5,476,23.45682010662351,0.1376229434563707,0.8404349801037119,0.7028120366473412,-0.23309427842636557
CCT007093,TLN1,556,23.40121114258905,0.21150555376343247,1.4034633154202962,1.1919577616568637,-0.2200721134965481
Bleomycin (50 uM),ITGB5,472,23.380268775002605,0.124402167633185,0.24175970297455227,0.11735753534136727,-0.23280737499597734
GSK2830371,ITGB5,472,23.380268775002605,0.20940062284627928,0.9627231360024016,0.7533225131561223,-0.23280737499597734
Mycophenolic acid,UBR4,474,23.366008395332425,0.16693267005799012,0.9114955641052648,0.7445628940472746,-0.2127485411417054
Navitoclax,MLLT1,571,23.363271762406455,0.13340722263350172,1.275610193134981,1.1422029705014793,0.21184092891162665
BPD-00008900,UBR4,478,23.301862334735457,0.1451919243030389,0.41232821016087906,0.26713628585784016,-0.20923012739088998
BDP-00009066,UBR4,478,23.301862334735457,0.18119232170511906,0.32693414702013446,0.1457418253150154,-0.20923012739088998
N30652-18-1,UBR4,478,23.301862334735457,0.2138542027993366,0.5589586053855845,0.3451044025862479,-0.20923012739088998
Cytarabine,UBR4,478,23.301862334735457,0.1834101353378042,1.2282489603418332,1.044838825004029,-0.20923012739088998
N25720-51-A1,UBR4,478,23.301862334735457,0.17893398639433397,0.45621429285561393,0.27728030646128,-0.20923012739088998
N27922-53-1,UBR4,478,23.301862334735457,0.18593238793229758,0.6847208407914604,0.49878845285916285,-0.20923012739088998
N29087-69-1,UBR4,478,23.301862334735457,0.22360509111491594,0.583046324358194,0.3594412332432781,-0.20923012739088998
MIM1,UBR4,478,23.301862334735457,0.13572889415233946,0.7044125683694779,0.5686836742171384,-0.20923012739088998
BMS-345541,DLG5,537,23.281645045458635,0.2906204401272033,1.0135182597149084,0.7228978195877052,-0.23029659184710283
AZD5582,UROS,533,23.270200547051168,0.044738784512264915,0.7492310318468791,0.7044922473346142,0.18374382104892267
Niraparib,DLG5,538,23.21102734042125,0.2799975468554755,1.281924203998535,1.0019266571430596,-0.22948613762927064
AZ960,DLG5,538,23.21102734042125,0.17274684949292313,0.722463442684348,0.549716593191425,-0.22948613762927064
Leflunomide,DLG5,538,23.21102734042125,0.27476115011562063,1.4564199790985306,1.18165882898291,-0.22948613762927064
Mirin,DLG5,538,23.21102734042125,0.2076944845886189,0.6888108118976533,0.48111632730903436,-0.22948613762927064
LCL161,DLG5,538,23.21102734042125,0.10743343666579672,0.516969488747632,0.4095360520818353,-0.22948613762927064
ML323,UROS,536,23.20742991926193,0.17911119316299567,1.096883316580826,0.9177721234178304,0.1816430300853068
LY2109761,UROS,536,23.20742991926193,0.1950555917616098,1.0351691197136026,0.8401135279519928,0.1816430300853068
CPI-637,UBR4,477,23.206298589759015,0.19862150130388836,0.6050949206389918,0.4064734193351035,-0.20929712375990103
PBD-288,UBR4,477,23.206298589759015,0.16086913395787286,0.5633169365044204,0.40244780254654755,-0.20929712375990103
A-366,UBR4,477,23.206298589759015,0.18122964040224931,0.6395174514100846,0.45828781100783533,-0.20929712375990103
CT7033-2,UBR4,477,23.206298589759015,0.21166102929722386,0.7009038966459087,0.48924286734868483,-0.20929712375990103
BI-2536,UROS,548,23.198330133596542,0.2142236952269241,1.330539959774453,1.1163162645475289,0.17957417752595428
Afatinib,MLLT1,570,23.120399127743887,0.10945486658595209,0.17027895037501747,0.060824083789065383,0.2093050455680073
AZD8055,ITGAV,477,23.116890861294383,0.07909896857189894,0.17975422005290487,0.10065525148100593,-0.25123763881490063
IWP-2,DLG5,537,23.083292523490087,0.2302287454869887,1.1681372564929662,0.9379085110059775,-0.22912815933210107
OSI-027,MLLT1,565,23.019229066062564,0.05115007630981224,0.27577180119188993,0.22462172488207768,0.2102603237630014
Bosutinib,AFF1,561,23.01877562259216,0.20674692914772005,1.0354376108061807,0.8286906816584606,0.2063889742244358
Lestaurtinib,AFF1,561,23.01877562259216,0.1796660317575717,1.0367350760014302,0.8570690442438585,0.2063889742244358
Lenalidomide,AFF1,561,23.01877562259216,0.2693126768803686,1.1066469881894545,0.8373343113090859,0.2063889742244358
JQ1,AFF1,561,23.01877562259216,0.19270675607637947,0.9371531941452526,0.7444464380688731,0.2063889742244358
Motesanib,AFF1,561,23.01877562259216,0.2315715909530889,0.8695892388455919,0.638017647892503,0.2063889742244358
LY2109761,DLG5,536,22.99053928155171,0.1950555917616098,0.5973222595525105,0.4022666677909007,-0.2296453304926316
ML323,DLG5,536,22.99053928155171,0.17911119316299567,1.2061617072223105,1.027050514059315,-0.2296453304926316
AZD5582,DLG5,533,22.96849470172512,0.044738784512264915,0.24540435609002578,0.20066557157776088,-0.2292931138901917
Ibrutinib,TLN1,537,22.88418006738456,0.13399737582330856,0.6801403988119986,0.5461430229886901,-0.22185261724853747
GSK-LSD1-2HCl,UBR4,476,22.881887292110353,0.1376229434563707,0.4712624818869275,0.3336395384305568,-0.20734099399442002
5-azacytidine,UBR4,476,22.881887292110353,0.13720736609475748,0.666170035312798,0.5289626692180405,-0.20734099399442002
Alisertib,TLN1,562,22.877857670539996,0.19589192278322404,1.5207000258746672,1.3248081030914431,-0.21695313213805278
IAP_5620,DLG5,461,22.872428371203338,-0.008082069766990886,0.24933754429788088,0.2574196140648718,-0.2340916746179408
Docetaxel,MLLT1,572,22.787903232972184,0.17089318479611823,0.3195223168831694,0.14862913208705117,0.20815482552492115
PD173074,MLLT1,572,22.787903232972184,0.18671510577560615,0.45741342455095446,0.27069831877534833,0.20815482552492115
5-Fluorouracil,MLLT1,572,22.787903232972184,0.2194981237127345,0.5220012669399062,0.30250314322717176,0.20815482552492115
MK-2206,MLLT1,572,22.787903232972184,0.12257217807051381,0.7821432650050812,0.6595710869345675,0.20815482552492115
Nutlin-3a (-),MLLT1,572,22.787903232972184,0.19310384639952194,0.7017226976576518,0.5086188512581299,0.20815482552492115
MG-132,MLLT1,572,22.787903232972184,0.054781053896252575,0.18760416885447168,0.1328231149582191,0.20815482552492115
Navitoclax,AFF1,571,22.78707140522002,0.13340722263350172,1.0347505837761803,0.9013433611426787,0.2061364297054222
AZD5582,UBR4,533,22.764414630491515,0.044738784512264915,0.2957938226150054,0.2510550381027405,-0.19299154351295528
AGK2,INTS6,558,22.756780063257615,0.1569953701714854,0.3701295738356434,0.21313420366415797,-0.20804078937149006
MK-1775,MLLT1,571,22.714559607500966,0.2282855729816046,0.6561973296856549,0.42791175670405035,0.20803025898426394
Camptothecin,MLLT1,571,22.714559607500966,0.1979871779634431,0.52118130475282,0.32319412678937687,0.20803025898426394
MIRA-1,MLLT1,571,22.714559607500966,0.18785771590034817,0.6639812807115122,0.476123564811164,0.20803025898426394
Linsitinib,MLLT1,571,22.714559607500966,0.22018722358495654,0.6834456164955283,0.4632583929105717,0.20803025898426394
Lapatinib,MLLT1,571,22.714559607500966,0.08445848111686635,-0.08054880234057489,-0.16500728345744126,0.20803025898426394
Gemcitabine,MLLT1,571,22.714559607500966,0.21828701803109102,0.34308578385841987,0.12479876582732885,0.20803025898426394
Olaparib,MLLT1,571,22.714559607500966,0.20191035823368397,0.9829320948338917,0.7810217366002077,0.20803025898426394
PD0325901,MLLT1,571,22.714559607500966,0.08956246237943777,0.23694420586637543,0.14738174348693767,0.20803025898426394
AZD3759,MLLT1,571,22.714559607500966,0.14690781758177332,0.18137419726373766,0.03446637968196434,0.20803025898426394
Oxaliplatin,MLLT1,571,22.714559607500966,0.2657031102275074,0.8427303968915736,0.5770272866640662,0.20803025898426394
GNE-317,AFF1,557,22.696792173039782,0.05628083964861328,0.18914086609973246,0.1328600264511192,0.20424385574068107
Alisertib,AFF1,562,22.666792773136322,0.19589192278322404,0.7475941467339445,0.5517022239507205,0.20137043176875472
Fulvestrant,MLLT1,570,22.61782161359351,0.2051883649728587,0.9033034063877292,0.6981150414148705,0.20786842097163477
GSK1904529A,MLLT1,570,22.61782161359351,0.18172481933496568,0.41545295520987846,0.23372813587491278,0.20786842097163477
EPZ004777,MLLT1,570,22.61782161359351,0.2608164638823929,0.8889102324296926,0.6280937685472997,0.20786842097163477
Luminespib,MLLT1,570,22.61782161359351,0.09728320854179227,0.14872439525552344,0.05144118671373117,0.20786842097163477
GSK343,MLLT1,570,22.61782161359351,0.20393028131039767,0.6965103567235676,0.49258007541316995,0.20786842097163477
Irinotecan,MLLT1,570,22.61782161359351,0.21827951516117608,0.5939488997253412,0.3756693845641651,0.20786842097163477
Alpelisib,MLLT1,570,22.61782161359351,0.1754072902812252,0.4436688062909041,0.2682615160096789,0.20786842097163477
LGK974,MLLT1,570,22.61782161359351,0.216576537076208,0.7727712439331561,0.5561947068569482,0.20786842097163477
Dabrafenib,INTS6,565,22.5898719853737,0.12714255535279503,-0.18953374836281695,-0.31667630371561195,-0.2022030414906591
ABT737,AFF1,566,22.585165807491286,0.1791747082330155,1.1179234960439912,0.9387487878109757,0.2046795921463672
BMS-754807,AFF1,560,22.5745933616173,0.15864041314567673,0.5925714601595282,0.4339310470138515,0.20442894998298558
Axitinib,INTS6,567,22.563425699791186,0.18626014427652626,0.3027648089544974,0.11650466467797116,-0.2046516765821996
Axitinib,MLLT1,567,22.555738732000023,0.18626014427652626,1.0088423420735675,0.8225821977970412,0.2080468019476629
AZD7762,MLLT1,569,22.55178940372586,0.17656345080487745,0.6167712650902769,0.44020781428539946,0.20709234595436837
Crizotinib,MLLT1,570,22.496851326190058,0.20831242050621987,0.9974261269949972,0.7891137064887773,0.2062707098772882
AZD4547,MLLT1,568,22.47893181051875,0.137150987969838,0.43123074470619194,0.29407975673635395,0.20697635006157497
Dactinomycin,MLLT1,569,22.476973416644494,0.2217488468635391,0.4775441681978813,0.25579532133434224,0.20724561968052888
CCT007093,AFF1,556,22.448084100768096,0.21150555376343247,0.6778710648221726,0.46636551105874013,0.2060383620901813
Ibrutinib,ILK,537,22.439747718048526,0.13399737582330856,0.7166480358130733,0.5826506599897647,-0.21750334845264446
Erlotinib,MLLT1,565,22.433003793021378,0.11564232149513366,0.07240601494596652,-0.043236306549167144,0.20681078606771866
PD173074,AFF1,572,22.407256650744824,0.18671510577560615,0.7778977024684298,0.5911825966928237,0.20294878281693
5-Fluorouracil,AFF1,572,22.407256650744824,0.2194981237127345,0.8123569322272386,0.5928588085145041,0.20294878281693
MK-2206,AFF1,572,22.407256650744824,0.12257217807051381,0.7028637573787629,0.5802915793082492,0.20294878281693
Docetaxel,AFF1,572,22.407256650744824,0.17089318479611823,0.594002236810631,0.42310905201451277,0.20294878281693
MG-132,AFF1,572,22.407256650744824,0.054781053896252575,0.7163733917057407,0.6615923378094881,0.20294878281693
Nutlin-3a (-),AFF1,572,22.407256650744824,0.19310384639952194,0.7938364299055048,0.6007325835059829,0.20294878281693
Gefitinib,MLLT1,567,22.3998790493281,0.1566692707838535,-0.05174949448792573,-0.20841876527177924,0.20660489570060064
Ipatasertib,MLLT1,567,22.3998790493281,0.056291894367077114,0.5078379979400248,0.4515461035729477,0.20660489570060064
NVP-ADW742,MLLT1,567,22.3998790493281,0.1771537013202507,0.5305650173662101,0.3534113160459594,0.20660489570060064
Cyclophosphamide,MLLT1,567,22.3998790493281,0.16546611449497234,0.6608481206499363,0.4953820061549639,0.20660489570060064
Buparlisib,MLLT1,567,22.3998790493281,0.16229622503791616,0.4337256556135545,0.2714294305756383,0.20660489570060064
AZD5363,MLLT1,567,22.3998790493281,0.06692939007913745,0.40769082541104684,0.3407614353319094,0.20660489570060064
Afuresertib,MLLT1,567,22.3998790493281,0.05607579510310348,0.5694339794627244,0.513358184359621,0.20660489570060064
AZD6738,MLLT1,567,22.3998790493281,0.17750058632024893,0.4395086633474992,0.26200807702725026,0.20660489570060064
BMS-536924,MLLT1,567,22.3998790493281,0.12880118837570362,0.11637316816716164,-0.012428020208541973,0.20660489570060064
Dactolisib,MLLT1,567,22.3998790493281,0.1281979935231402,0.19535028808835672,0.06715229456521651,0.20660489570060064
GDC0810,MLLT1,567,22.3998790493281,0.1440082007533468,0.5409383468170594,0.39693014606371263,0.20660489570060064
Cediranib,MLLT1,567,22.3998790493281,0.12041081921677685,0.04784250919412719,-0.07256831002264966,0.20660489570060064
AZD8186,MLLT1,567,22.3998790493281,0.05517264793066273,-0.0386479999033446,-0.09382064783400734,0.20660489570060064
GSK2578215A,MLLT1,567,22.3998790493281,0.16106910237369965,0.42827498083919513,0.2672058784654955,0.20660489570060064
P22077,MLLT1,567,22.3998790493281,0.1507318258225852,0.600870252741886,0.4501384269193008,0.20660489570060064
I-BRD9,MLLT1,567,22.3998790493281,0.2265635290285338,0.9425731070549244,0.7160095780263905,0.20660489570060064
AGI-5198,MLLT1,567,22.3998790493281,0.14917475740634037,0.7268438280641685,0.5776690706578281,0.20660489570060064
Epirubicin,MLLT1,567,22.3998790493281,0.18043675143070056,0.6730488709597725,0.4926121195290719,0.20660489570060064
LCL161,TLN1,538,22.39838574616815,0.10743343666579672,0.8283776257314295,0.7209441890656327,-0.22023524557814006
AZ960,TLN1,538,22.39838574616815,0.17274684949292313,1.2163909668514143,1.0436441173584912,-0.22023524557814006
Mirin,TLN1,538,22.39838574616815,0.2076944845886189,1.6500552940924138,1.442360809503795,-0.22023524557814006
Niraparib,TLN1,538,22.39838574616815,0.2799975468554755,1.939049512743165,1.6590519658876897,-0.22023524557814006
Leflunomide,TLN1,538,22.39838574616815,0.27476115011562063,2.0457207736888963,1.7709596235732756,-0.22023524557814006
Osimertinib,MLLT1,566,22.379478194781562,0.11078268956935403,0.01137879532589697,-0.09940389424345705,0.2063714431643385
N-acetyl cysteine,ITGAV,477,22.377815894842133,0.054471960182223764,0.6213889407516409,0.5669169805694171,-0.2468151545768698
AZD7762,INTS6,569,22.37629548962761,0.17656345080487745,0.5259692225581627,0.34940577175328524,-0.20074806437366222
PD173074,INTS6,572,22.36890548323455,0.18671510577560615,0.2915892060273421,0.10487410025173596,-0.20079402538760147
Docetaxel,INTS6,572,22.36890548323455,0.17089318479611823,0.3667919874285599,0.19589880263244167,-0.20079402538760147
MG-132,INTS6,572,22.36890548323455,0.054781053896252575,0.13904923768690028,0.08426818379064771,-0.20079402538760147
5-Fluorouracil,INTS6,572,22.36890548323455,0.2194981237127345,0.608729389928233,0.38923126621549853,-0.20079402538760147
MK-2206,INTS6,572,22.36890548323455,0.12257217807051381,0.3441489340075983,0.22157675593708448,-0.20079402538760147
Nutlin-3a (-),INTS6,572,22.36890548323455,0.19310384639952194,0.5159917509411898,0.3228879045416678,-0.20079402538760147
OSI-027,INTS6,565,22.367889235241144,0.05115007630981224,0.12504812525140896,0.07389804894159671,-0.2046876507388825
EPZ5676,MLLT1,568,22.340529256544038,0.26784447427088004,1.0656723091622695,0.7978278348913894,0.20543059175203537
Nilotinib,MLLT1,565,22.334860305289798,0.13290593436200063,0.6297440299729113,0.49683809561091075,0.20606481780264044
EHT-1864,AFF1,559,22.304838572669983,0.14142482051273006,0.3419949597368474,0.20057013922411734,0.20378528698108592
NU7441,AFF1,559,22.304838572669983,0.13682219156482858,0.6204691481700273,0.48364695660519874,0.20378528698108592
Bortezomib,MLLT1,566,22.302856374642968,0.06586564625027966,0.2615552973721778,0.19568965112189815,0.20608362200657143
Axitinib,AFF1,567,22.30204648240346,0.18626014427652626,0.8888088190029658,0.7025486747264396,0.20471553308859833
ABT737,MLLT1,566,22.299754063748278,0.1791747082330155,1.3750816556728123,1.1959069474397968,0.2053858095698053
N29087-69-1,MSMO1,478,22.291419834717406,0.22360509111491594,0.5311386243896388,0.3075335332747228,0.19262085125877632
N30652-18-1,MSMO1,478,22.291419834717406,0.2138542027993366,0.646989142025039,0.4331349392257024,0.19262085125877632
BDP-00009066,MSMO1,478,22.291419834717406,0.18119232170511906,0.09438289703131034,-0.08680942467380873,0.19262085125877632
N25720-51-A1,MSMO1,478,22.291419834717406,0.17893398639433397,0.8517506142340043,0.6728166278396703,0.19262085125877632
MIM1,MSMO1,478,22.291419834717406,0.13572889415233946,0.4487122201613902,0.3129833260090507,0.19262085125877632
N27922-53-1,MSMO1,478,22.291419834717406,0.18593238793229758,0.708796292557791,0.5228639046254934,0.19262085125877632
Cytarabine,MSMO1,478,22.291419834717406,0.1834101353378042,0.5353196235701108,0.35190948823230656,0.19262085125877632
BPD-00008900,MSMO1,478,22.291419834717406,0.1451919243030389,0.24300132400946256,0.09780939970642366,0.19262085125877632
Mirin,ILK,538,22.28490172011426,0.2076944845886189,1.2396967712619626,1.0320022866733438,-0.2178078169290338
LCL161,ILK,538,22.28490172011426,0.10743343666579672,0.9805050604533692,0.8730716237875724,-0.2178078169290338
Leflunomide,ILK,538,22.28490172011426,0.27476115011562063,1.8139960720953732,1.5392349219797525,-0.2178078169290338
Niraparib,ILK,538,22.28490172011426,0.2799975468554755,1.8712280774201857,1.5912305305647103,-0.2178078169290338
AZ960,ILK,538,22.28490172011426,0.17274684949292313,1.151800923851042,0.9790540743581189,-0.2178078169290338
Afatinib,ILK,570,22.27760602233858,0.10945486658595209,0.7011166164439662,0.5916617498580141,-0.21228540497038678
GSK-LSD1-2HCl,MSMO1,476,22.272608069631374,0.1376229434563707,0.6192396970433071,0.48161675358693634,0.19180092295110696
5-azacytidine,MSMO1,476,22.272608069631374,0.13720736609475748,0.44030103950844623,0.30309367341368876,0.19180092295110696
BIBR-1532,MLLT1,565,22.257790254640724,0.16884627583499334,0.8219956537039312,0.6531493778689379,0.20648497384919495
Foretinib,MLLT1,565,22.257790254640724,0.1679932053846095,0.7486968177109705,0.580703612326361,0.20648497384919495
BI-2536,TLN1,548,22.254434637424936,0.2142236952269241,1.6158973604137346,1.4016736651868105,-0.21458465635839194
Dabrafenib,MLLT1,565,22.24906468578999,0.12714255535279503,0.8012555510864445,0.6741129957336495,0.2067991427885188
Entinostat,TLN1,539,22.226821890951488,0.2029798899162391,1.603342534200856,1.4003626442846169,-0.22111464389743726
CT7033-2,MSMO1,477,22.198309988067756,0.21166102929722386,0.6135351223524986,0.4018740930552748,0.19126641735876476
CPI-637,MSMO1,477,22.198309988067756,0.19862150130388836,0.7094528996998851,0.5108313983959968,0.19126641735876476
A-366,MSMO1,477,22.198309988067756,0.18122964040224931,0.6373411467774526,0.45611150637520326,0.19126641735876476
PBD-288,MSMO1,477,22.198309988067756,0.16086913395787286,0.25403696034673445,0.09316782638886159,0.19126641735876476
ABT737,INTS6,566,22.195629290952102,0.1791747082330155,0.30994884232005765,0.13077413408704214,-0.20113818079357965
MK-8776,MLLT1,564,22.192580298047208,0.19416805572230258,0.9243636997366683,0.7301956440143658,0.20625626025678803
Navitoclax,INTS6,571,22.163643015812337,0.13340722263350172,0.12029151297221836,-0.01311570966128335,-0.19991788099447788
IWP-2,TLN1,537,22.16005962567465,0.2302287454869887,2.0345686017852254,1.8043398562982367,-0.21873400747710012
AZD4547,INTS6,568,22.134498102803068,0.137150987969838,0.2328946769502579,0.0957436889804199,-0.19952789705753893
Oxaliplatin,INTS6,571,22.127866912913923,0.2657031102275074,0.5128571673463914,0.247154057118884,-0.19959224110758814
Gemcitabine,INTS6,571,22.127866912913923,0.21828701803109102,0.8593476685169494,0.6410606504858585,-0.19959224110758814
PD0325901,INTS6,571,22.127866912913923,0.08956246237943777,-0.42977972570404954,-0.5193421880834873,-0.19959224110758814
Lapatinib,INTS6,571,22.127866912913923,0.08445848111686635,-0.11062903113022755,-0.19508751224709392,-0.19959224110758814
MIRA-1,INTS6,571,22.127866912913923,0.18785771590034817,0.6656419496542331,0.4777842337538849,-0.19959224110758814
AZD3759,INTS6,571,22.127866912913923,0.14690781758177332,0.31673841787461726,0.16983060029284394,-0.19959224110758814
Olaparib,INTS6,571,22.127866912913923,0.20191035823368397,0.6410366430875025,0.43912628485381855,-0.19959224110758814
Camptothecin,INTS6,571,22.127866912913923,0.1979871779634431,0.701615163205309,0.5036279852418659,-0.19959224110758814
MK-1775,INTS6,571,22.127866912913923,0.2282855729816046,0.6193561699177549,0.3910705969361503,-0.19959224110758814
Linsitinib,INTS6,571,22.127866912913923,0.22018722358495654,0.41010676793266826,0.18991954434771172,-0.19959224110758814
MIRA-1,AFF1,571,22.12389829684884,0.18785771590034817,1.0140984476012571,0.826240731700909,0.20134877565977205
AZD3759,AFF1,571,22.12389829684884,0.14690781758177332,0.276185216191033,0.12927739860925966,0.20134877565977205
Gemcitabine,AFF1,571,22.12389829684884,0.21828701803109102,0.5358729206031705,0.31758590257207947,0.20134877565977205
PD0325901,AFF1,571,22.12389829684884,0.08956246237943777,0.19881012225332212,0.10924765987388435,0.20134877565977205
Linsitinib,AFF1,571,22.12389829684884,0.22018722358495654,0.9766894021909991,0.7565021786060425,0.20134877565977205
MK-1775,AFF1,571,22.12389829684884,0.2282855729816046,0.8300251397980043,0.6017395668163997,0.20134877565977205
Oxaliplatin,AFF1,571,22.12389829684884,0.2657031102275074,0.991196862886374,0.7254937526588665,0.20134877565977205
Camptothecin,AFF1,571,22.12389829684884,0.1979871779634431,0.6113465516431849,0.41335937367974174,0.20134877565977205
Lapatinib,AFF1,571,22.12389829684884,0.08445848111686635,0.22002628219412207,0.13556780107725572,0.20134877565977205
Olaparib,AFF1,571,22.12389829684884,0.20191035823368397,0.8723741889286127,0.6704638306949288,0.20134877565977205
Dasatinib,AFF1,567,22.120940122933977,3.317231664344318e-07,-0.16487918656206146,-0.1648795182852279,0.2015784670067256
Nilotinib,INTS6,565,22.118446238015714,0.13290593436200063,0.23849841966325455,0.10559248530125392,-0.19976487229318712
PFI-1,AFF1,561,22.11759090762405,0.19027805060734174,1.024659865779781,0.8343818151724393,0.2020031726699091
GW441756,MLLT1,565,22.08328949914366,0.14023046002084436,0.5945760343409149,0.4543455743200705,0.20438153229546252
Buparlisib,INTS6,567,22.058073218970318,0.16229622503791616,0.43022526660100846,0.2679290415630923,-0.19911867488137833
Dactolisib,INTS6,567,22.058073218970318,0.1281979935231402,0.2092654698145584,0.0810674762914182,-0.19911867488137833
Ipatasertib,INTS6,567,22.058073218970318,0.056291894367077114,0.07016304321861294,0.013871148851535828,-0.19911867488137833
NVP-ADW742,INTS6,567,22.058073218970318,0.1771537013202507,0.27175635726095837,0.09460265594070766,-0.19911867488137833
BMS-536924,INTS6,567,22.058073218970318,0.12880118837570362,0.121126894121774,-0.007674294253929612,-0.19911867488137833
AZD6738,INTS6,567,22.058073218970318,0.17750058632024893,0.4948765480768274,0.31737596175657845,-0.19911867488137833
GDC0810,INTS6,567,22.058073218970318,0.1440082007533468,0.22478560645450404,0.08077740570115724,-0.19911867488137833
AGI-5198,INTS6,567,22.058073218970318,0.14917475740634037,0.4623294072022034,0.31315464979586305,-0.19911867488137833
Afuresertib,INTS6,567,22.058073218970318,0.05607579510310348,-0.03356948094539964,-0.08964527604850311,-0.19911867488137833
Cyclophosphamide,INTS6,567,22.058073218970318,0.16546611449497234,0.49555904960731095,0.3300929351123386,-0.19911867488137833
GSK2578215A,INTS6,567,22.058073218970318,0.16106910237369965,0.4191038190410604,0.2580347166673608,-0.19911867488137833
AZD5363,INTS6,567,22.058073218970318,0.06692939007913745,0.21832478716512235,0.1513953970859849,-0.19911867488137833
Gefitinib,INTS6,567,22.058073218970318,0.1566692707838535,0.1285325535827689,-0.0281367172010846,-0.19911867488137833
AZD8186,INTS6,567,22.058073218970318,0.05517264793066273,0.3553151890285101,0.3001425410978474,-0.19911867488137833
P22077,INTS6,567,22.058073218970318,0.1507318258225852,0.4162901759317526,0.2655583501091674,-0.19911867488137833
Epirubicin,INTS6,567,22.058073218970318,0.18043675143070056,0.842588684212573,0.6621519327818725,-0.19911867488137833
Cediranib,INTS6,567,22.058073218970318,0.12041081921677685,0.021594603477616842,-0.09881621573916001,-0.19911867488137833
I-BRD9,INTS6,567,22.058073218970318,0.2265635290285338,0.528584057803318,0.30202052877478414,-0.19911867488137833
LJI308,INTS6,563,22.044510130730014,0.2227666981307513,0.45467379348027054,0.23190709534951923,-0.20066865343086668
AZ6102,INTS6,563,22.044510130730014,0.1007729652171064,0.05019653041817304,-0.050576434798933353,-0.20066865343086668
AMG-319,MLLT1,564,22.034384898087175,0.1962649214900859,0.9437357077965062,0.7474707863064203,0.2044497612616063
Foretinib,ILK,565,22.028029492035056,0.1679932053846095,0.9579450225027402,0.7899518171181307,-0.21634510147284158
BIBR-1532,ILK,565,22.028029492035056,0.16884627583499334,1.5237677933685763,1.354921517533583,-0.21634510147284158
BI-2536,AFF1,548,22.023838821427578,0.2142236952269241,0.8386554751336256,0.6244317799067015,0.20114655001368328
AZD7762,AFF1,569,22.013227863844897,0.17656345080487745,0.9379511120716386,0.7613876612667612,0.20047063436953239
GSK591,INTS6,562,22.005600301213324,0.1897061326624742,0.49870994676003855,0.3090038140975644,-0.20052003854385828
Mycophenolic acid,MSMO1,474,21.984015157072,0.16693267005799012,0.7294007248428838,0.5624680547848937,0.19275510477158994
MK-8776,ILK,564,21.964534680193754,0.19416805572230258,1.8698832245078116,1.675715168785509,-0.21623374256252234
Dasatinib,MLLT1,567,21.95677535527489,3.317231664344318e-07,-0.6531608912620864,-0.6531612229852528,0.20365623922832898
Dactolisib,AFF1,567,21.94903420263879,0.1281979935231402,0.45193251898378733,0.3237345254606471,0.20040409977203888
I-BRD9,AFF1,567,21.94903420263879,0.2265635290285338,1.2267804375759221,1.0002169085473884,0.20040409977203888
Cyclophosphamide,AFF1,567,21.94903420263879,0.16546611449497234,0.6947568850064108,0.5292907705114385,0.20040409977203888
NVP-ADW742,AFF1,567,21.94903420263879,0.1771537013202507,0.6867140143210504,0.5095603130007997,0.20040409977203888
Afuresertib,AFF1,567,21.94903420263879,0.05607579510310348,0.3358115983461253,0.27973580324302183,0.20040409977203888
Buparlisib,AFF1,567,21.94903420263879,0.16229622503791616,0.6512981526995736,0.4890019276616574,0.20040409977203888
AZD5363,AFF1,567,21.94903420263879,0.06692939007913745,0.23221209374883214,0.1652827036696947,0.20040409977203888
Gefitinib,AFF1,567,21.94903420263879,0.1566692707838535,0.18163103430756888,0.024961763523715375,0.20040409977203888
AZD8186,AFF1,567,21.94903420263879,0.05517264793066273,0.027857222022369833,-0.0273154259082929,0.20040409977203888
GSK2578215A,AFF1,567,21.94903420263879,0.16106910237369965,0.624812059811883,0.4637429574381834,0.20040409977203888
AZD6738,AFF1,567,21.94903420263879,0.17750058632024893,0.529043778883759,0.3515431925635101,0.20040409977203888
Epirubicin,AFF1,567,21.94903420263879,0.18043675143070056,0.6617271287485725,0.48129037731787194,0.20040409977203888
AGI-5198,AFF1,567,21.94903420263879,0.14917475740634037,0.790098527771396,0.6409237703650557,0.20040409977203888
GDC0810,AFF1,567,21.94903420263879,0.1440082007533468,0.40421096176030086,0.26020276100695405,0.20040409977203888
BMS-536924,AFF1,567,21.94903420263879,0.12880118837570362,0.5742874475368653,0.4454862591611617,0.20040409977203888
Cediranib,AFF1,567,21.94903420263879,0.12041081921677685,0.45238661809231684,0.33197579887553996,0.20040409977203888
P22077,AFF1,567,21.94903420263879,0.1507318258225852,0.6678682727909592,0.5171364469683739,0.20040409977203888
Ipatasertib,AFF1,567,21.94903420263879,0.056291894367077114,0.12658398875196353,0.07029209438488641,0.20040409977203888
Bortezomib,INTS6,566,21.93893764311871,0.06586564625027966,0.08928002526525812,0.023414379014978462,-0.1985257521015362
Dactinomycin,INTS6,569,21.935524015260274,0.2217488468635391,0.5375514773998191,0.31580263053628,-0.19882292552838074
GNE-317,ILK,557,21.916961218266355,0.05628083964861328,0.25721664132287453,0.20093580167426126,-0.21735275241901802
JQ1,MLLT1,561,21.911735817347473,0.19270675607637947,0.5985064668896721,0.4057997108132927,0.20147113196621252
Lenalidomide,MLLT1,561,21.911735817347473,0.2693126768803686,0.8519834425568448,0.5826707656764762,0.20147113196621252
Bosutinib,MLLT1,561,21.911735817347473,0.20674692914772005,0.5359857561243673,0.3292388269766472,0.20147113196621252
Lestaurtinib,MLLT1,561,21.911735817347473,0.1796660317575717,0.9343290099442457,0.754662978186674,0.20147113196621252
Motesanib,MLLT1,561,21.911735817347473,0.2315715909530889,0.6329747783478631,0.4014031873947742,0.20147113196621252
Ibrutinib,UBR4,537,21.900067942917712,0.13399737582330856,-0.4525376593231943,-0.5865350351465028,-0.19458175261467575
Alpelisib,AFF1,570,21.893937960030787,0.1754072902812252,0.40031851829188614,0.22491122801066094,0.19991420815634853
Luminespib,AFF1,570,21.893937960030787,0.09728320854179227,0.5958380061539041,0.49855479761211186,0.19991420815634853
GSK1904529A,AFF1,570,21.893937960030787,0.18172481933496568,0.3986957950668639,0.21697097573189825,0.19991420815634853
Irinotecan,AFF1,570,21.893937960030787,0.21827951516117608,0.7552883166630127,0.5370088015018366,0.19991420815634853
EPZ004777,AFF1,570,21.893937960030787,0.2608164638823929,1.0580212472569692,0.7972047833745763,0.19991420815634853
Fulvestrant,AFF1,570,21.893937960030787,0.2051883649728587,0.7221569678338635,0.5169686028610048,0.19991420815634853
LGK974,AFF1,570,21.893937960030787,0.216576537076208,0.8722676536970737,0.6556911166208657,0.19991420815634853
GSK343,AFF1,570,21.893937960030787,0.20393028131039767,0.8615782844157164,0.6576480031053187,0.19991420815634853
Luminespib,INTS6,570,21.886380226559783,0.09728320854179227,0.2850247836484086,0.18774157510661632,-0.19807570968208582
EPZ004777,INTS6,570,21.886380226559783,0.2608164638823929,0.8792237637361232,0.6184072998537303,-0.19807570968208582
Irinotecan,INTS6,570,21.886380226559783,0.21827951516117608,0.8434946644510849,0.6252151492899088,-0.19807570968208582
GSK1904529A,INTS6,570,21.886380226559783,0.18172481933496568,0.27649821935438906,0.09477340001942339,-0.19807570968208582
LGK974,INTS6,570,21.886380226559783,0.216576537076208,0.2597911993011006,0.04321466222489262,-0.19807570968208582
GSK343,INTS6,570,21.886380226559783,0.20393028131039767,0.44935265173832223,0.24542237042792456,-0.19807570968208582
Fulvestrant,INTS6,570,21.886380226559783,0.2051883649728587,0.47992706535403945,0.27473870038118076,-0.19807570968208582
Alpelisib,INTS6,570,21.886380226559783,0.1754072902812252,0.3747031613583546,0.19929587107712937,-0.19807570968208582
Bortezomib,AFF1,566,21.88362846015329,0.06586564625027966,0.6809087203850642,0.6150430741347845,0.20022832444108907
IWP-2,ILK,537,21.88072853664103,0.2302287454869887,1.9929751525794017,1.762746407092413,-0.21565608128905425
Avagacestat,MLLT1,564,21.877245891389848,0.2186140732734649,0.6520916139279935,0.4334775406545286,0.20420769521215565
Osimertinib,INTS6,566,21.864155226159262,0.11078268956935403,0.020210004094763118,-0.09057268547459091,-0.19827075671848804
Foretinib,INTS6,565,21.84896147253377,0.1679932053846095,0.05753831950142681,-0.11045488588318268,-0.19802090866812197
BIBR-1532,INTS6,565,21.84896147253377,0.16884627583499334,0.44216524484700565,0.2733189690120123,-0.19802090866812197
Lestaurtinib,MSMO1,561,21.848181074513306,0.1796660317575717,0.6103051644995207,0.430639132741949,0.18851497570882123
JQ1,MSMO1,561,21.848181074513306,0.19270675607637947,0.7305125531792891,0.5378057971029097,0.18851497570882123
Lenalidomide,MSMO1,561,21.848181074513306,0.2693126768803686,0.7969672806619783,0.5276546037816097,0.18851497570882123
Bosutinib,MSMO1,561,21.848181074513306,0.20674692914772005,0.4714412759932465,0.2646943468455264,0.18851497570882123
Motesanib,MSMO1,561,21.848181074513306,0.2315715909530889,0.7868784070389332,0.5553068160858443,0.18851497570882123
Dactinomycin,AFF1,569,21.84608701315651,0.2217488468635391,0.6108968814811884,0.38914803461764924,0.19955548665222306
Crizotinib,INTS6,570,21.831528041957363,0.20831242050621987,0.3840202678360554,0.17570784732983555,-0.19769359903101874
Erlotinib,INTS6,565,21.8290878537911,0.11564232149513366,0.08274116225601454,-0.03290115923911913,-0.1982368748640231
Lestaurtinib,USP19,561,21.805453985009613,0.1796660317575717,0.6287390241294113,0.4490729923718396,-0.20732487106780595
JQ1,USP19,561,21.805453985009613,0.19270675607637947,0.6938948647831381,0.5011881087067587,-0.20732487106780595
Lenalidomide,USP19,561,21.805453985009613,0.2693126768803686,0.8157255770343004,0.5464129001539317,-0.20732487106780595
Motesanib,USP19,561,21.805453985009613,0.2315715909530889,0.6627143687605457,0.4311427778074568,-0.20732487106780595
Bosutinib,USP19,561,21.805453985009613,0.20674692914772005,0.34785778046193055,0.1411108513142105,-0.20732487106780595
JNK Inhibitor VIII,MLLT1,563,21.80328239349495,0.197582461689642,0.6585780388650562,0.4609955771754142,0.2018698437679249
MK-8776,INTS6,564,21.78396631066219,0.19416805572230258,0.6709644657974142,0.47679641007511164,-0.19802695100118964
AMG-319,INTS6,564,21.767892792192594,0.1962649214900859,0.8053492426317258,0.6090843211416399,-0.19838045171170263
Crizotinib,AFF1,570,21.76461145345066,0.20831242050621987,0.8674754091890293,0.6591629886828094,0.19949321902628528
Irinotecan,ILK,570,21.756243894822862,0.21827951516117608,1.6936481973376305,1.4753686821764544,-0.21283488747353232
GSK1904529A,ILK,570,21.756243894822862,0.18172481933496568,1.2873079439835629,1.1055831246485972,-0.21283488747353232
LGK974,ILK,570,21.756243894822862,0.216576537076208,1.814954357559317,1.598377820483109,-0.21283488747353232
Luminespib,ILK,570,21.756243894822862,0.09728320854179227,0.9735252127646986,0.8762420042229063,-0.21283488747353232
EPZ004777,ILK,570,21.756243894822862,0.2608164638823929,2.043491508025706,1.782675044143313,-0.21283488747353232
Fulvestrant,ILK,570,21.756243894822862,0.2051883649728587,1.8285759085623239,1.6233875435894651,-0.21283488747353232
Alpelisib,ILK,570,21.756243894822862,0.1754072902812252,0.8767130614061092,0.701305771124884,-0.21283488747353232
GSK343,ILK,570,21.756243894822862,0.20393028131039767,1.668896606850671,1.4649663255402734,-0.21283488747353232
Avagacestat,AFF1,564,21.73958693858701,0.2186140732734649,0.7171969462981227,0.49858287302465776,0.20033497285870377
AZD4547,AFF1,568,21.73225853520538,0.137150987969838,0.6348873438650604,0.4977363558952224,0.19885694430856443
Dinaciclib,AFF1,537,21.73161837928552,0.17602894735136937,0.592964172422308,0.41693522507093866,0.20964932455952465
Dactinomycin,ILK,569,21.712440016641217,0.2217488468635391,1.2946323861500182,1.072883539286479,-0.21286378896820016
BMS-754807,MSMO1,560,21.711671137439453,0.15864041314567673,0.3766142335401322,0.21797382039445545,0.18706232208284196
Erlotinib,AFF1,565,21.694631912165452,0.11564232149513366,0.3359145371739622,0.22027221567882854,0.1990705336547322
Doramapimod,MLLT1,566,21.683716818318366,0.08998519069848925,0.7146779195595481,0.6246927288610589,0.20310706546673898
KU-55933,MLLT1,566,21.683716818318366,0.18441391232983725,0.5673399374317396,0.3829260251019023,0.20310706546673898
KRAS (G12C) Inhibitor-12,TLN1,538,21.67852536643128,0.2011948506999906,1.7867502059230271,1.5855553552230366,-0.21862266234286395
AGI-6780,TLN1,538,21.67852536643128,0.18417938725194427,2.1607679749008666,1.9765885876489224,-0.21862266234286395
OF-1,TLN1,538,21.67852536643128,0.13334625540436176,1.1593074074945244,1.0259611520901626,-0.21862266234286395
I-BET-762,TLN1,538,21.67852536643128,0.2378633061010216,1.2818191864506534,1.0439558803496318,-0.21862266234286395
PFI3,TLN1,538,21.67852536643128,0.20355317538579845,1.920175228387393,1.7166220530015945,-0.21862266234286395
MN-64,TLN1,538,21.67852536643128,0.1751033031060035,0.7688700413274345,0.593766738221431,-0.21862266234286395
Entospletinib,TLN1,538,21.67852536643128,0.1158141026944653,0.8905053139724943,0.774691211278029,-0.21862266234286395
CZC24832,TLN1,538,21.67852536643128,0.21465168187537986,1.7125517250454478,1.497900043170068,-0.21862266234286395
PCI-34051,TLN1,538,21.67852536643128,0.2159769033357765,1.9651598325812787,1.7491829292455021,-0.21862266234286395
Osimertinib,AFF1,566,21.67118731092109,0.11078268956935403,0.43445546334193835,0.3236727737725843,0.19872846449662485
Nilotinib,AFF1,565,21.668682645137377,0.13290593436200063,0.6729487552117687,0.5400428208497681,0.19883593821211126
Afatinib,AFF1,570,21.643878077047052,0.10945486658595209,0.2377142798535437,0.1282594132675916,0.19927355561995702
PFI-1,MLLT1,561,21.636371466205272,0.19027805060734174,0.5647820533850254,0.3745040027776837,0.20079710952643756
OTX015,TLN1,537,21.634109962970328,0.21781590036663787,1.1633957354714417,0.9455798351048038,-0.21870153810292678
BMS-754807,USP19,560,21.62521196419324,0.15864041314567673,0.7551408296945057,0.596500416548829,-0.20605625564585897
NU7441,MLLT1,559,21.62513995130868,0.13682219156482858,0.4466010717632691,0.30977888019844046,0.2011600427579422
EHT-1864,MLLT1,559,21.62513995130868,0.14142482051273006,0.3668153623127702,0.22539054180004012,0.2011600427579422
Bortezomib,ILK,566,21.61543600139444,0.06586564625027966,0.6234441982200964,0.5575785519698168,-0.2126954345535289
GW441756,ILK,565,21.614504236971495,0.14023046002084436,1.4287109390798989,1.2884804790590545,-0.20922307391885503
AGK2,AFF1,558,21.596371320115974,0.1569953701714854,0.6281994514841129,0.47120408131262753,0.20177731216397526
Obatoclax Mesylate,CFL1,496,21.57930533510624,0.09928623989788024,0.6674250362909021,0.5681387963930219,0.24470704972749502
GNE-317,AURKA,557,21.554663479602045,0.05628083964861328,0.5866281734317633,0.53034733378315,-0.22487100954552275
I-BET-762,ILK,538,21.543838012306267,0.2378633061010216,1.3913266416526666,1.153463335551645,-0.2153313002783567
PFI3,ILK,538,21.543838012306267,0.20355317538579845,1.9565716970358464,1.753018521650048,-0.2153313002783567
MN-64,ILK,538,21.543838012306267,0.1751033031060035,0.9644913632253784,0.7893880601193749,-0.2153313002783567
PCI-34051,ILK,538,21.543838012306267,0.2159769033357765,1.892004794857302,1.6760278915215254,-0.2153313002783567
OF-1,ILK,538,21.543838012306267,0.13334625540436176,1.0272374211183941,0.8938911657140324,-0.2153313002783567
AGI-6780,ILK,538,21.543838012306267,0.18417938725194427,1.9170088884701104,1.7328295012181663,-0.2153313002783567
KRAS (G12C) Inhibitor-12,ILK,538,21.543838012306267,0.2011948506999906,1.6745692898330862,1.4733744391330956,-0.2153313002783567
Entospletinib,ILK,538,21.543838012306267,0.1158141026944653,0.8733338289698324,0.757519726275367,-0.2153313002783567
CZC24832,ILK,538,21.543838012306267,0.21465168187537986,1.8022647149367563,1.5876130330613765,-0.2153313002783567
LCL161,AFF1,538,21.54270857266244,0.10743343666579672,0.2923931291331902,0.1849596924673935,0.20572053229734272
AZ960,AFF1,538,21.54270857266244,0.17274684949292313,0.7246940700406242,0.5519472205477012,0.20572053229734272
Niraparib,AFF1,538,21.54270857266244,0.2799975468554755,0.9421722075484735,0.662174660692998,0.20572053229734272
Leflunomide,AFF1,538,21.54270857266244,0.27476115011562063,1.0207357358782858,0.7459745857626652,0.20572053229734272
Mirin,AFF1,538,21.54270857266244,0.2076944845886189,0.5863768582389913,0.37868237365037244,0.20572053229734272
Dasatinib,INTS6,567,21.53819719988058,3.317231664344318e-07,0.3663694617624116,0.36636913003924515,-0.19769079073314377
GSK2606414,TLN1,535,21.53736994513644,0.22192558861325895,1.5321923600382126,1.3102667714249536,-0.21836104576351675
BMS-345541,ILK,537,21.536783784957482,0.2906204401272033,1.5967719709059387,1.3061515307787355,-0.21468719206401995
GSK2830371,ITGAV,472,21.535899370370288,0.20940062284627928,1.396727323792936,1.1873267009466568,-0.24572048790808598
Bleomycin (50 uM),ITGAV,472,21.535899370370288,0.124402167633185,0.2704852171199969,0.1460830494868119,-0.24572048790808598
Dinaciclib,ILK,537,21.529937048160686,0.17602894735136937,1.0734572185450872,0.8974282711937178,-0.2157038166935669
BMS-754807,MLLT1,560,21.52094273981645,0.15864041314567673,0.715521498816314,0.5568810856706372,0.19942314867075475
AMG-319,ILK,564,21.508893955630597,0.1962649214900859,1.8252437842834586,1.6289788627933728,-0.21363141547771258
AZD4547,ILK,568,21.48131533034082,0.137150987969838,1.3049988945575814,1.1678479065877434,-0.21159895649363214
Entinostat,ILK,539,21.47797420160667,0.2029798899162391,1.9130051706527837,1.7100252807365446,-0.21474122148577804
AMG-319,AFF1,564,21.471920671875633,0.1962649214900859,1.2123243138170574,1.0160593923269716,0.19892337796851134
KU-55933,AFF1,566,21.46565060968241,0.18441391232983725,0.639394808009379,0.4549808956795417,0.1979200636131747
Doramapimod,AFF1,566,21.46565060968241,0.08998519069848925,0.6302637448711952,0.540278554172706,0.1979200636131747
AT13148,ILK,562,21.4556059383828,0.09859446087359527,1.1169888623726247,1.0183944014990294,-0.2135691363303244
CCT007093,MLLT1,556,21.45102900036123,0.21150555376343247,0.5104192173752263,0.29891366361179383,0.20067694110032946
EPZ5676,INTS6,568,21.441286582486295,0.26784447427088004,0.8579917491988518,0.5901472749279717,-0.19628746900461547
BMS-345541,TLN1,537,21.426073908605417,0.2906204401272033,1.7367814071529026,1.4461609670256994,-0.21661652382725116
Olaparib,ILK,571,21.412321515376377,0.20191035823368397,1.911347565115182,1.709437206881498,-0.21024837454001433
MIRA-1,ILK,571,21.412321515376377,0.18785771590034817,1.8213924195378473,1.633534703637499,-0.21024837454001433
AZD3759,ILK,571,21.412321515376377,0.14690781758177332,0.6131230665321222,0.46621524895034894,-0.21024837454001433
MK-1775,ILK,571,21.412321515376377,0.2282855729816046,1.389053412718502,1.1607678397368972,-0.21024837454001433
Lapatinib,ILK,571,21.412321515376377,0.08445848111686635,0.7009743160688154,0.6165158349519491,-0.21024837454001433
Gemcitabine,ILK,571,21.412321515376377,0.21828701803109102,1.167664652340829,0.949377634309738,-0.21024837454001433
Linsitinib,ILK,571,21.412321515376377,0.22018722358495654,1.427341004549637,1.2071537809646806,-0.21024837454001433
Oxaliplatin,ILK,571,21.412321515376377,0.2657031102275074,1.7941464717771816,1.5284433615496742,-0.21024837454001433
PD0325901,ILK,571,21.412321515376377,0.08956246237943777,-0.5018181498837486,-0.5913806122631864,-0.21024837454001433
Camptothecin,ILK,571,21.412321515376377,0.1979871779634431,1.3878560412790346,1.1898688633155916,-0.21024837454001433
AT13148,INTS6,562,21.399767749186502,0.09859446087359527,0.058570432677487336,-0.04002402819610794,-0.19800705524185894
Dinaciclib,TLN1,537,21.39570730733462,0.17602894735136937,1.2354703075790352,1.0594413602276658,-0.2168925522539945
BIBR-1532,DLG5,565,21.39512687200101,0.16884627583499334,0.8781112301239129,0.7092649542889196,-0.21546693208907708
Foretinib,DLG5,565,21.39512687200101,0.1679932053846095,0.7590932960370795,0.59110009065247,-0.21546693208907708
IWP-2,AFF1,537,21.390173689167394,0.2302287454869887,0.9899038313332141,0.7596750858462255,0.20449723305137413
Afatinib,DLG5,570,21.38553165070155,0.10945486658595209,0.49393179569894713,0.384476929112995,-0.2156360818852045
Cyclophosphamide,ILK,567,21.379580597940755,0.16546611449497234,1.605559598609608,1.4400934841146358,-0.21103475979552225
Gefitinib,ILK,567,21.379580597940755,0.1566692707838535,0.6853190790580589,0.5286498082742054,-0.21103475979552225
GSK2578215A,ILK,567,21.379580597940755,0.16106910237369965,1.589303137205635,1.4282340348319353,-0.21103475979552225
AZD6738,ILK,567,21.379580597940755,0.17750058632024893,1.3109907622147328,1.1334901758944838,-0.21103475979552225
NVP-ADW742,ILK,567,21.379580597940755,0.1771537013202507,1.0561148603154489,0.8789611589951982,-0.21103475979552225
AZD8186,ILK,567,21.379580597940755,0.05517264793066273,0.223999008344475,0.16882636041381227,-0.21103475979552225
AZD5363,ILK,567,21.379580597940755,0.06692939007913745,0.9606389411564459,0.8937095510773084,-0.21103475979552225
Cediranib,ILK,567,21.379580597940755,0.12041081921677685,0.3444452666290229,0.22403444741224607,-0.21103475979552225
Buparlisib,ILK,567,21.379580597940755,0.16229622503791616,1.0435660587040172,0.881269833666101,-0.21103475979552225
Ipatasertib,ILK,567,21.379580597940755,0.056291894367077114,0.8206530217480889,0.7643611273810117,-0.21103475979552225
I-BRD9,ILK,567,21.379580597940755,0.2265635290285338,1.924927272388306,1.6983637433597722,-0.21103475979552225
AGI-5198,ILK,567,21.379580597940755,0.14917475740634037,1.3638334904751281,1.2146587330687877,-0.21103475979552225
Dactolisib,ILK,567,21.379580597940755,0.1281979935231402,0.6938439475765199,0.5656459540533797,-0.21103475979552225
Epirubicin,ILK,567,21.379580597940755,0.18043675143070056,1.4166653899487884,1.2362286385180878,-0.21103475979552225
Afuresertib,ILK,567,21.379580597940755,0.05607579510310348,0.9220734841252101,0.8659976890221066,-0.21103475979552225
P22077,ILK,567,21.379580597940755,0.1507318258225852,1.4697155644109852,1.3189837385884,-0.21103475979552225
BMS-536924,ILK,567,21.379580597940755,0.12880118837570362,0.44019045729921197,0.3113892689235084,-0.21103475979552225
GDC0810,ILK,567,21.379580597940755,0.1440082007533468,1.4616554325571667,1.31764723180382,-0.21103475979552225
AZD7762,ILK,569,21.373913483514656,0.17656345080487745,1.4914071687848358,1.3148437179799584,-0.21060181270771425
Navitoclax,ILK,571,21.37383053505231,0.13340722263350172,1.4032687726824586,1.269861550048957,-0.2104608913070522
EPZ5676,AFF1,568,21.371021468849474,0.26784447427088004,1.1082668070619144,0.8404223327910343,0.1963290515729933
BIBR-1532,AFF1,565,21.366214531127756,0.16884627583499334,0.9286221949143777,0.7597759190793844,0.19813774065826448
Foretinib,AFF1,565,21.366214531127756,0.1679932053846095,0.7808173651267007,0.6128241597420913,0.19813774065826448
Obatoclax Mesylate,UBR4,496,21.35912668527193,0.09928623989788024,0.46419289219442933,0.36490665229654906,-0.19950612767514173
MK-8776,DLG5,564,21.335597733053927,0.19416805572230258,1.2791878680825388,1.0850198123602361,-0.21536641168017182
MK-8776,AFF1,564,21.329493215358752,0.19416805572230258,0.8689020802154155,0.6747340244931129,0.19794875945330132
GSK2606414,ILK,535,21.309842301588173,0.22192558861325895,1.33436793501674,1.112442346403481,-0.2145071398233029
Nutlin-3a (-),ILK,572,21.3070248366185,0.19310384639952194,1.3704501349350917,1.1773462885355697,-0.20927410675349903
5-Fluorouracil,ILK,572,21.3070248366185,0.2194981237127345,1.4551696168489752,1.2356714931362407,-0.20927410675349903
MK-2206,ILK,572,21.3070248366185,0.12257217807051381,1.1313511050370457,1.008778926966532,-0.20927410675349903
Docetaxel,ILK,572,21.3070248366185,0.17089318479611823,1.1053166825150766,0.9344234977189584,-0.20927410675349903
PD173074,ILK,572,21.3070248366185,0.18671510577560615,1.1043263684685183,0.9176112626929122,-0.20927410675349903
MG-132,ILK,572,21.3070248366185,0.054781053896252575,0.47470149214790514,0.41992043825165254,-0.20927410675349903
BI-2536,USP19,548,21.253420399352656,0.2142236952269241,0.7831731947298919,0.5689494995029678,-0.20441682367961644
GNE-317,INTS6,557,21.22839063340171,0.05628083964861328,0.18243055059006627,0.126149710941453,-0.196505608972022
CZC24832,AFF1,538,21.21767974451673,0.21465168187537986,0.8713882264824411,0.6567365446070612,0.20595456724360736
Entospletinib,AFF1,538,21.21767974451673,0.1158141026944653,0.33333512059596626,0.21752101790150097,0.20595456724360736
MN-64,AFF1,538,21.21767974451673,0.1751033031060035,0.0749970105840168,-0.1001062925219867,0.20595456724360736
PFI3,AFF1,538,21.21767974451673,0.20355317538579845,0.9023333722847524,0.698780196898954,0.20595456724360736
OF-1,AFF1,538,21.21767974451673,0.13334625540436176,0.17897276623866828,0.04562651083430652,0.20595456724360736
AGI-6780,AFF1,538,21.21767974451673,0.18417938725194427,0.8429134524863532,0.6587340652344089,0.20595456724360736
I-BET-762,AFF1,538,21.21767974451673,0.2378633061010216,1.1185349155973614,0.8806716094963398,0.20595456724360736
KRAS (G12C) Inhibitor-12,AFF1,538,21.21767974451673,0.2011948506999906,0.49014512748686007,0.28895027678686946,0.20595456724360736
PCI-34051,AFF1,538,21.21767974451673,0.2159769033357765,0.9379027509104919,0.7219258475747155,0.20595456724360736
Daporinad,PTK2,327,21.192040861467376,0.14627215515690623,0.5972240689741121,0.45095191381720584,-0.2515025115073574
GSK2606414,AFF1,535,21.171480598126745,0.22192558861325895,0.8696619283200963,0.6477363397068373,0.20534323029397797
Cisplatin,MSMO1,484,21.15988519808458,0.19813020376192553,0.40193475484896785,0.20380455108704232,0.18810704799865793
ABT737,ILK,566,21.15406658612659,0.1791747082330155,1.5345942337800633,1.3554195255470478,-0.20977188899262758
Methotrexate,TLN1,527,21.145348553599565,0.06908032682211968,1.1594840787162293,1.0904037518941097,-0.2097143960000289
Dabrafenib,AFF1,565,21.139911334761074,0.12714255535279503,0.9638894069320061,0.836746851579211,0.19721452841725257
Navitoclax,DLG5,571,21.13857434730528,0.13340722263350172,0.8459516458893565,0.7125444232558548,-0.21678463485081603
OTX015,AFF1,537,21.126378559669888,0.21781590036663787,0.8357508859404409,0.617934985573803,0.20587869255826738
OTX015,ILK,537,21.079622745616415,0.21781590036663787,1.1926137475110972,0.9747978471444593,-0.2130924730876158
LJI308,MLLT1,563,21.056747819482368,0.2227666981307513,0.878559519523669,0.6557928213929176,0.2047167785101313
AZ6102,MLLT1,563,21.056747819482368,0.1007729652171064,0.12149157903372389,0.020718613816617493,0.2047167785101313
HKMTI-1-005,DLG5,477,21.048993974815733,0.14688138762992026,1.133092115258686,0.9862107276287657,-0.2218632459694227
ICL-SIRT078,DLG5,477,21.048993974815733,0.12974799372762702,1.1033361285279633,0.9735881348003362,-0.2218632459694227
Dabrafenib,ILK,565,21.048578304845943,0.12714255535279503,0.9196496918755365,0.7925071365227414,-0.21298930880837358
AZD5582,AFF1,533,21.038174964725023,0.044738784512264915,0.4631326687233518,0.41839388421108686,0.20584856432457074
GSK591,MLLT1,562,21.034108871721273,0.1897061326624742,0.5922843439153423,0.4025782112528682,0.20473380829565044
Crizotinib,ILK,570,20.99432037216363,0.20831242050621987,1.8240725966768592,1.6157601761706393,-0.2081854101703833
GW441756,AFF1,565,20.987621415321573,0.14023046002084436,0.6631959077129339,0.5229654476920895,0.19580322991218307
GNE-317,MLLT1,557,20.983790651079687,0.05628083964861328,0.11828964452955985,0.06200880488094657,0.19915728967761098
AZD5582,TLN1,533,20.97738501633535,0.044738784512264915,0.9859024204520979,0.941163635939833,-0.2156066589941769
Entinostat,AFF1,539,20.97387496061146,0.2029798899162391,0.9741008251027596,0.7711209351865205,0.20379755371789357
LJI308,DLG5,563,20.94997386928374,0.2227666981307513,1.05225579918765,0.8294891010568987,-0.21531641073595048
AZ6102,DLG5,563,20.94997386928374,0.1007729652171064,0.30602024061804817,0.2052472754009418,-0.21531641073595048
AZD5582,ILK,533,20.947950075963657,0.044738784512264915,1.1639432555253002,1.1192044710130353,-0.21168194428352224
Axitinib,ILK,567,20.938009851672355,0.18626014427652626,1.9682062627257275,1.7819461184492011,-0.20824383547720035
GSK591,DLG5,562,20.93128793596673,0.1897061326624742,0.9417484873141178,0.7520423546516436,-0.2155051177900079
Osimertinib,ILK,566,20.923837534260546,0.11078268956935403,0.5710343571193588,0.4602516675500048,-0.20881160272010518
Erlotinib,ILK,565,20.90708154099613,0.11564232149513366,0.566533907983469,0.4508915864883354,-0.209070513694825
LJI308,ILK,563,20.87509464430356,0.2227666981307513,1.6464780128510605,1.4237113147203093,-0.21097361980789292
AZ6102,ILK,563,20.87509464430356,0.1007729652171064,0.46267880178698606,0.3619058365698797,-0.21097361980789292
Afatinib,INTS6,570,20.859247545119015,0.10945486658595209,0.06488738200487469,-0.0445674845810774,-0.1964461830324274
EPZ5676,ILK,568,20.85688706686387,0.26784447427088004,2.181130621961692,1.9132861476908118,-0.2083095461396905
A-366,CFL1,477,20.85380389242464,0.18122964040224931,0.8433488120793522,0.6621191716771029,0.24612045813035874
CT7033-2,CFL1,477,20.85380389242464,0.21166102929722386,1.1640883607289123,0.9524273314316885,0.24612045813035874
CPI-637,CFL1,477,20.85380389242464,0.19862150130388836,1.155145938294223,0.9565244369903347,0.24612045813035874
PBD-288,CFL1,477,20.85380389242464,0.16086913395787286,0.963781315970601,0.8029121820127282,0.24612045813035874
Alisertib,MLLT1,562,20.84966222694458,0.19589192278322404,0.8674345391890956,0.6715426164058715,0.19947325511955616
GSK591,ILK,562,20.84748821300293,0.1897061326624742,1.4667944348324753,1.277088302170001,-0.21098408695171006
Nelarabine,CFL1,464,20.814252685380055,0.1724743803662855,0.9419525050435272,0.7694781246772417,0.24919408894451953
Obatoclax Mesylate,DLG5,496,20.812214502924714,0.09928623989788024,0.7886355319893155,0.6893492920914353,-0.219437839156149
LY2109761,TLN1,536,20.793493651867017,0.1950555917616098,1.1300800006304301,0.9350244088688203,-0.2143999108514235
ML323,TLN1,536,20.793493651867017,0.17911119316299567,1.9727188133675129,1.7936076202045173,-0.2143999108514235
AZD8055,AFF1,477,20.784664024153916,0.07909896857189894,0.44143037374687594,0.362331405174977,0.2128717753778704
AMG-319,DLG5,564,20.768422240751367,0.1962649214900859,1.065283674229951,0.8690187527398651,-0.21237874541025983
BMS-345541,AFF1,537,20.75093482858209,0.2906204401272033,0.864674015842326,0.5740535757151226,0.20231426820539983
Doramapimod,ILK,566,20.74810519442942,0.08998519069848925,1.4683012542189269,1.3783160635204377,-0.2071503273229406
KU-55933,ILK,566,20.74810519442942,0.18441391232983725,1.4506420236906987,1.2662281113608616,-0.2071503273229406
Nilotinib,ILK,565,20.742885987572617,0.13290593436200063,1.627854722960005,1.4949487885980044,-0.20778542833628186
Ibrutinib,AFF1,537,20.73632984088713,0.13399737582330856,0.1386651058963866,0.004667730073078025,0.2037734527297057
Lestaurtinib,ILK,561,20.727632332727026,0.1796660317575717,1.81210392658902,1.6324378948314482,-0.20681254060990298
Lenalidomide,ILK,561,20.727632332727026,0.2693126768803686,2.1509096102601997,1.881596933379831,-0.20681254060990298
Bosutinib,ILK,561,20.727632332727026,0.20674692914772005,1.4494016509358183,1.2426547217880983,-0.20681254060990298
JQ1,ILK,561,20.727632332727026,0.19270675607637947,1.5735678842953744,1.3808611282189949,-0.20681254060990298
Motesanib,ILK,561,20.727632332727026,0.2315715909530889,1.921450491812122,1.6898789008590331,-0.20681254060990298
Cisplatin,CFL1,484,20.72192333571804,0.19813020376192553,0.829656458212918,0.6315262544509925,0.24360770235021484
JNK Inhibitor VIII,ILK,563,20.708524833833586,0.197582461689642,1.4247942434738325,1.2272117817841905,-0.20463245377841371
ML323,AFF1,536,20.68881422410955,0.17911119316299567,0.6667003537521724,0.48758916058917673,0.20228560118012764
LY2109761,AFF1,536,20.68881422410955,0.1950555917616098,0.6211016715689106,0.4260460798073008,0.20228560118012764
Lapatinib,DLG5,571,20.677423518603884,0.08445848111686635,0.3909492331422347,0.30649075202536835,-0.21418061153520643
Olaparib,DLG5,571,20.677423518603884,0.20191035823368397,1.4680008811216205,1.2660905228879367,-0.21418061153520643
Camptothecin,DLG5,571,20.677423518603884,0.1979871779634431,1.3362177064521568,1.1382305284887138,-0.21418061153520643
Gemcitabine,DLG5,571,20.677423518603884,0.21828701803109102,1.0302449828860452,0.8119579648549542,-0.21418061153520643
Linsitinib,DLG5,571,20.677423518603884,0.22018722358495654,1.3042544243131255,1.084067200728169,-0.21418061153520643
PD0325901,DLG5,571,20.677423518603884,0.08956246237943777,-0.5751052031671701,-0.6646676655466078,-0.21418061153520643
Oxaliplatin,DLG5,571,20.677423518603884,0.2657031102275074,1.121625024121322,0.8559219138938146,-0.21418061153520643
MIRA-1,DLG5,571,20.677423518603884,0.18785771590034817,1.2457930197841025,1.0579353038837542,-0.21418061153520643
AZD3759,DLG5,571,20.677423518603884,0.14690781758177332,0.35308213448050757,0.20617431689873425,-0.21418061153520643
MK-1775,DLG5,571,20.677423518603884,0.2282855729816046,1.0934733248139392,0.8651877518323347,-0.21418061153520643
Alisertib,INTS6,562,20.668888762658778,0.19589192278322404,0.5711605658964504,0.37526864311322633,-0.196652537501655
Mycophenolic acid,DLG5,474,20.642951738807724,0.16693267005799012,0.980042836001478,0.8131101659434878,-0.22209289649043
Crizotinib,AURKA,570,20.638721417456733,0.20831242050621987,0.4163626035674899,0.20805018306127002,-0.21353742158899264
LY2109761,ILK,536,20.626638354122715,0.1950555917616098,1.3694463079044683,1.1743907161428586,-0.2105245193652684
ML323,ILK,536,20.626638354122715,0.17911119316299567,1.6795533256836481,1.5004421325206525,-0.2105245193652684
OSI-027,DLG5,565,20.615702109697292,0.05115007630981224,0.5388875432844862,0.48773746697467396,-0.2158592773315999
Methotrexate,MLLT1,527,20.611764728417445,0.06908032682211968,0.15779874478073638,0.08871841795861671,0.19372007023430898
AT13148,DLG5,562,20.609362777171935,0.09859446087359527,0.6566260147176256,0.5580315538440304,-0.21350119410987597
Axitinib,DLG5,567,20.592824024623482,0.18626014427652626,1.4767787242808847,1.2905185800043584,-0.2149885966762491
Nutlin-3a (-),DLG5,572,20.58784068259362,0.19310384639952194,0.8167547371045518,0.6236508907050299,-0.21335022428905667
5-Fluorouracil,DLG5,572,20.58784068259362,0.2194981237127345,0.7901882339008912,0.5706901101881567,-0.21335022428905667
PD173074,DLG5,572,20.58784068259362,0.18671510577560615,0.8293904078111871,0.642675302035581,-0.21335022428905667
MG-132,DLG5,572,20.58784068259362,0.054781053896252575,0.3429308225811738,0.2881497686849212,-0.21335022428905667
MK-2206,DLG5,572,20.58784068259362,0.12257217807051381,0.6324484989933603,0.5098763209228465,-0.21335022428905667
Docetaxel,DLG5,572,20.58784068259362,0.17089318479611823,0.7302296337191221,0.5593364489230038,-0.21335022428905667
Avagacestat,ILK,564,20.56708060551904,0.2186140732734649,1.4027152553806177,1.1841011821071528,-0.2058729276982355
CDK9_5038,PXN,463,20.565592794789463,0.17198248883410425,0.7461329739906947,0.5741504851565904,-0.2156661949802636
CDK9_5576,PXN,463,20.565592794789463,0.19081668059104576,0.7403830012642345,0.5495663206731888,-0.2156661949802636
BI-2536,MSMO1,548,20.5370559737545,0.2142236952269241,0.13926957147252922,-0.07495412375439489,0.18462542612982788
AZD5438,PXN,464,20.53052262695964,0.19497978634488297,0.8207706966303403,0.6257909102854573,-0.21493668270720764
IRAK4_4710,PXN,464,20.53052262695964,0.23658340464320624,0.9080474885769553,0.671464083933749,-0.21493668270720764
AZD1332,PXN,464,20.53052262695964,0.08779609415919891,0.3425043292944819,0.25470823513528296,-0.21493668270720764
ERK_2440,PXN,464,20.53052262695964,0.11910541439879055,0.23699325363505,0.11788783923625945,-0.21493668270720764
JAK_8517,PXN,464,20.53052262695964,0.1434388774445309,0.9540233277940051,0.8105844503494742,-0.21493668270720764
JAK1_8709,PXN,464,20.53052262695964,0.2298283301572647,1.1826521181483811,0.9528237879911164,-0.21493668270720764
AZD1208,PXN,464,20.53052262695964,0.2176463043801584,1.197395268456768,0.9797489640766095,-0.21493668270720764
AZD2014,PXN,464,20.53052262695964,0.13846501496730929,0.49408415193917643,0.35561913697186714,-0.21493668270720764
ERK_6604,PXN,464,20.53052262695964,0.1342761631093472,0.2916459242426522,0.15736976113330498,-0.21493668270720764
AZD5153,PXN,464,20.53052262695964,0.19682757780107327,0.9936616123074415,0.7968340345063682,-0.21493668270720764
N-acetyl cysteine,MSMO1,477,20.512012069320736,0.054471960182223764,0.2895683289635702,0.23509636878134643,0.17893602534563993
Obatoclax Mesylate,TLN1,496,20.50571542802575,0.09928623989788024,0.7747738865037931,0.6754876466059129,-0.2145365841185923
ICL-SIRT078,MSMO1,477,20.49294317906432,0.12974799372762702,0.7452826897005145,0.6155346959728875,0.18595596444940965
HKMTI-1-005,MSMO1,477,20.49294317906432,0.14688138762992026,0.7978962111603682,0.651014823530448,0.18595596444940965
Avagacestat,DLG5,564,20.488488100417083,0.2186140732734649,0.9912040630543867,0.7725899897809217,-0.21354018085725096
Dasatinib,ILK,567,20.484170675865535,3.317231664344318e-07,-0.6690566161099887,-0.6690569478331551,-0.20630911499621998
JNK Inhibitor VIII,AFF1,563,20.474643892117452,0.197582461689642,0.5577333162414396,0.36015085455179763,0.19215831100924602
GSK1904529A,DLG5,570,20.460419791710972,0.18172481933496568,1.25490000232765,1.0731751829926843,-0.21275272428792044
EPZ004777,DLG5,570,20.460419791710972,0.2608164638823929,1.3249241900377946,1.0641077261554017,-0.21275272428792044
Irinotecan,DLG5,570,20.460419791710972,0.21827951516117608,1.3743329782527507,1.1560534630915746,-0.21275272428792044
LGK974,DLG5,570,20.460419791710972,0.216576537076208,1.1437721812024313,0.9271956441262232,-0.21275272428792044
GSK343,DLG5,570,20.460419791710972,0.20393028131039767,1.1174895791562498,0.9135592978458521,-0.21275272428792044
Fulvestrant,DLG5,570,20.460419791710972,0.2051883649728587,1.168042672373785,0.9628543074009261,-0.21275272428792044
Alpelisib,DLG5,570,20.460419791710972,0.1754072902812252,0.5855860885023111,0.4101787982210859,-0.21275272428792044
Luminespib,DLG5,570,20.460419791710972,0.09728320854179227,0.30011590139728667,0.20283269285549438,-0.21275272428792044
GSK2830371,CFL1,472,20.45368148821386,0.20940062284627928,0.7715647208690376,0.5621640980227584,0.24666504922286242
Bleomycin (50 uM),CFL1,472,20.45368148821386,0.124402167633185,0.582291284726538,0.457889117093353,0.24666504922286242
Dactinomycin,DLG5,569,20.44846476079578,0.2217488468635391,0.7484710390928535,0.5267221922293144,-0.21287974819595593
615590,CFL1,465,20.442712122532864,0.1921489420951807,0.5962171372801496,0.40406819518496884,0.24606322236915604
GSK-LSD1,CFL1,465,20.442712122532864,0.19741360367612878,0.6540327240764994,0.45661912040037056,0.24606322236915604
Bleomycin,CFL1,465,20.442712122532864,0.12805407735598856,0.7033462130063353,0.5752921356503466,0.24606322236915604
BDOCA000347a,CFL1,465,20.442712122532864,0.10998581355167882,0.7437750283008616,0.6337892147491828,0.24606322236915604
L-Oxonoreleagnine,CFL1,465,20.442712122532864,0.17262456582661825,0.7664158317647635,0.5937912659381452,0.24606322236915604
729189,CFL1,465,20.442712122532864,0.12880997653631218,0.7393755987319584,0.6105656221956461,0.24606322236915604
Elephantin,CFL1,465,20.442712122532864,0.10658309126496669,0.6326153254613457,0.526032234196379,0.24606322236915604
Acetalax,CFL1,465,20.442712122532864,-0.019195828071662185,0.24844877873517401,0.2676446068068362,0.24606322236915604
123829,CFL1,465,20.442712122532864,0.057432144656534324,0.4332581598578687,0.37582601520133435,0.24606322236915604
GSK2830371A,CFL1,465,20.442712122532864,0.1981560010898867,0.6632696400412956,0.4651136389514089,0.24606322236915604
Gallibiscoquinazole,CFL1,465,20.442712122532864,0.18658523264353638,0.9146148748463526,0.7280296422028163,0.24606322236915604
630600,CFL1,465,20.442712122532864,0.1689898748483017,1.1361970019128846,0.967207127064583,0.24606322236915604
741909,CFL1,465,20.442712122532864,0.08547111198173865,0.20205756999766708,0.11658645801592843,0.24606322236915604
GSK2801,CFL1,465,20.442712122532864,0.19609563384136589,1.1658149430486942,0.9697193092073283,0.24606322236915604
667880,CFL1,465,20.442712122532864,0.12121323161355156,0.505682919599005,0.38446968798545345,0.24606322236915604
GSK626616AC,CFL1,465,20.442712122532864,0.21740703432050262,1.0124019538500597,0.7949949195295571,0.24606322236915604
Mitoxantrone,CFL1,465,20.442712122532864,0.21656415573216828,0.8411465510925562,0.624582395360388,0.24606322236915604
743380,CFL1,465,20.442712122532864,0.1324211337129954,0.31241304924996444,0.17999191553696903,0.24606322236915604
BEN,CFL1,465,20.442712122532864,0.2359386891748302,0.778582612936663,0.5426439237618328,0.24606322236915604
150412,CFL1,465,20.442712122532864,0.13341242211939772,0.5493039807416416,0.4158915586222438,0.24606322236915604
GSK2110183B,CFL1,465,20.442712122532864,0.03812700870683967,0.6231221550876908,0.584995146380851,0.24606322236915604
BDF00022089a,CFL1,465,20.442712122532864,0.13632053618168893,0.7384911207521158,0.6021705845704268,0.24606322236915604
Fludarabine,CFL1,465,20.442712122532864,0.11540034900091624,0.817106088484071,0.7017057394831547,0.24606322236915604
GSK2256098C,CFL1,465,20.442712122532864,0.17058972875924835,0.7887720743494857,0.6181823455902373,0.24606322236915604
LMB_AB3,CFL1,465,20.442712122532864,0.1699733092959104,0.7167520266502699,0.5467787173543596,0.24606322236915604
720427,CFL1,465,20.442712122532864,0.18746212136710155,0.8815487005841163,0.6940865792170148,0.24606322236915604
123138,CFL1,465,20.442712122532864,0.1345859247174845,0.7315571278910467,0.5969712031735621,0.24606322236915604
LMP744,CFL1,465,20.442712122532864,0.21245664182334595,0.9133110624379287,0.7008544206145828,0.24606322236915604
Bromosporine,CFL1,465,20.442712122532864,0.16541214489560116,0.8547754920691593,0.6893633471735581,0.24606322236915604
50869,CFL1,465,20.442712122532864,0.20957276531491653,1.2989270023191903,1.0893542370042737,0.24606322236915604
LMB_AB2,CFL1,465,20.442712122532864,0.20044360022756716,0.9924740245320653,0.7920304243044982,0.24606322236915604
Dacarbazine,CFL1,465,20.442712122532864,0.1565145668670581,0.9357027273197395,0.7791881604526814,0.24606322236915604
765771,CFL1,465,20.442712122532864,0.20400892174517343,1.0709298917982937,0.8669209700531202,0.24606322236915604
LMB_AB1,CFL1,465,20.442712122532864,0.18912251834514346,0.9915858849041622,0.8024633665590187,0.24606322236915604
BDILV000379a,CFL1,465,20.442712122532864,0.11253305693779339,0.8242173714757437,0.7116843145379503,0.24606322236915604
GSK2276186C,CFL1,465,20.442712122532864,0.17068521473739062,0.8424316125747512,0.6717463978373606,0.24606322236915604
GSK3337463A,CFL1,465,20.442712122532864,0.22150845533151,0.9413686238109328,0.7198601684794228,0.24606322236915604
Crizotinib,DLG5,570,20.426073663994238,0.20831242050621987,1.1243902100186642,0.9160777895124443,-0.21285717780149008
AT13148,MLLT1,562,20.4184517200836,0.09859446087359527,0.4300050374821765,0.3314105766085812,0.2017761245696612
Nelarabine,PXN,464,20.40786761578232,0.1724743803662855,0.9872336990825065,0.814759318716221,-0.21503013907941868
N-acetyl cysteine,CFL1,477,20.382136566542272,0.054471960182223764,0.5654512225699204,0.5109792623876966,0.24631019219087327
IAP_5620,CFL1,461,20.37889627152672,-0.008082069766990886,0.40217767693448575,0.41025974670147664,0.24429670112967294
AZD5991,PXN,463,20.37123396475399,0.18152813071598925,1.0315855566899113,0.850057425973922,-0.21385166929592336
MIM1,CFL1,478,20.33984784195055,0.13572889415233946,0.5982988406482133,0.4625699464958738,0.24329021338247384
N29087-69-1,CFL1,478,20.33984784195055,0.22360509111491594,0.8632832452634736,0.6396781541485577,0.24329021338247384
N25720-51-A1,CFL1,478,20.33984784195055,0.17893398639433397,1.0667097633753237,0.8877757769809898,0.24329021338247384
N30652-18-1,CFL1,478,20.33984784195055,0.2138542027993366,1.0122566466303289,0.7984024438309922,0.24329021338247384
Cytarabine,CFL1,478,20.33984784195055,0.1834101353378042,0.9728903000003847,0.7894801646625804,0.24329021338247384
BDP-00009066,CFL1,478,20.33984784195055,0.18119232170511906,0.6388183534096598,0.4576260317045407,0.24329021338247384
N27922-53-1,CFL1,478,20.33984784195055,0.18593238793229758,0.8989616425259953,0.7130292545936977,0.24329021338247384
BPD-00008900,CFL1,478,20.33984784195055,0.1451919243030389,0.4277755665537943,0.2825836422507554,0.24329021338247384
PBD-288,DLG5,477,20.333053793313898,0.16086913395787286,1.0789279854455633,0.9180588514876905,-0.22269969012314797
A-366,DLG5,477,20.333053793313898,0.18122964040224931,0.9812233184999972,0.7999936780977479,-0.22269969012314797
CT7033-2,DLG5,477,20.333053793313898,0.21166102929722386,1.1053244164945997,0.8936633871973758,-0.22269969012314797
CPI-637,DLG5,477,20.333053793313898,0.19862150130388836,1.3179449984208589,1.1193234971169705,-0.22269969012314797
Eg5_9814,CFL1,461,20.318844018393666,0.15256657097578244,0.8535784612241654,0.701011890248383,0.24646075418498317
BMS-754807,ILK,560,20.304584468318,0.15864041314567673,0.9713224059009516,0.8126819927552749,-0.20472072387257068
IGF1R_3801,PXN,463,20.301811918018025,0.1599494115567059,0.7588533766951847,0.5989039651384789,-0.21356996321619837
743380,PXN,465,20.30100153338336,0.1324211337129954,0.2273824926830641,0.09496135897006869,-0.21386447507244583
GSK3337463A,PXN,465,20.30100153338336,0.22150845533151,1.0916912655605153,0.8701828102290053,-0.21386447507244583
765771,PXN,465,20.30100153338336,0.20400892174517343,0.7759103150358115,0.571901393290638,-0.21386447507244583
GSK2830371A,PXN,465,20.30100153338336,0.1981560010898867,1.1121217446859686,0.9139657435960818,-0.21386447507244583
123829,PXN,465,20.30100153338336,0.057432144656534324,0.28291460688379955,0.22548246222726523,-0.21386447507244583
Gallibiscoquinazole,PXN,465,20.30100153338336,0.18658523264353638,0.7356280947144382,0.5490428620709018,-0.21386447507244583
729189,PXN,465,20.30100153338336,0.12880997653631218,0.8472149879530801,0.7184050114167679,-0.21386447507244583
667880,PXN,465,20.30100153338336,0.12121323161355156,0.8505691931623859,0.7293559615488343,-0.21386447507244583
615590,PXN,465,20.30100153338336,0.1921489420951807,0.6968232009561035,0.5046742588609228,-0.21386447507244583
GSK626616AC,PXN,465,20.30100153338336,0.21740703432050262,1.1987041352285226,0.98129710090802,-0.21386447507244583
720427,PXN,465,20.30100153338336,0.18746212136710155,0.6392302425872556,0.45176812122015403,-0.21386447507244583
50869,PXN,465,20.30100153338336,0.20957276531491653,0.9654503588998019,0.7558775935848854,-0.21386447507244583
741909,PXN,465,20.30100153338336,0.08547111198173865,0.0741361449287303,-0.011334967053008349,-0.21386447507244583
150412,PXN,465,20.30100153338336,0.13341242211939772,0.7529654643185526,0.6195530421991549,-0.21386447507244583
123138,PXN,465,20.30100153338336,0.1345859247174845,0.667452987744235,0.5328670630267505,-0.21386447507244583
630600,PXN,465,20.30100153338336,0.1689898748483017,0.9453908144098703,0.7764009395615685,-0.21386447507244583
Dacarbazine,PXN,465,20.30100153338336,0.1565145668670581,1.0259431811705477,0.8694286143034896,-0.21386447507244583
GSK2256098C,PXN,465,20.30100153338336,0.17058972875924835,1.0454576466819718,0.8748679179227234,-0.21386447507244583
LMB_AB2,PXN,465,20.30100153338336,0.20044360022756716,1.0559049227116832,0.8554613224841161,-0.21386447507244583
Acetalax,PXN,465,20.30100153338336,-0.019195828071662185,-0.3739393276426838,-0.3547434995710216,-0.21386447507244583
Fludarabine,PXN,465,20.30100153338336,0.11540034900091624,0.7448746557090762,0.62947430670816,-0.21386447507244583
BDF00022089a,PXN,465,20.30100153338336,0.13632053618168893,0.6916602644986457,0.5553397283169568,-0.21386447507244583
BDILV000379a,PXN,465,20.30100153338336,0.11253305693779339,0.8615669224640897,0.7490338655262964,-0.21386447507244583
BDOCA000347a,PXN,465,20.30100153338336,0.10998581355167882,0.4853034590114446,0.3753176454597658,-0.21386447507244583
Mitoxantrone,PXN,465,20.30100153338336,0.21656415573216828,1.2471483921258002,1.030584236393632,-0.21386447507244583
L-Oxonoreleagnine,PXN,465,20.30100153338336,0.17262456582661825,0.6606349291113167,0.4880103632846985,-0.21386447507244583
BEN,PXN,465,20.30100153338336,0.2359386891748302,1.1142021140684741,0.878263424893644,-0.21386447507244583
Elephantin,PXN,465,20.30100153338336,0.10658309126496669,0.8222277316711538,0.7156446404061871,-0.21386447507244583
Bleomycin,PXN,465,20.30100153338336,0.12805407735598856,0.4350610237230552,0.30700694636706666,-0.21386447507244583
GSK2110183B,PXN,465,20.30100153338336,0.03812700870683967,0.7592401495758297,0.72111314086899,-0.21386447507244583
LMB_AB1,PXN,465,20.30100153338336,0.18912251834514346,1.2320418269253737,1.0429193085802302,-0.21386447507244583
GSK2276186C,PXN,465,20.30100153338336,0.17068521473739062,1.2548896153184588,1.084204400581068,-0.21386447507244583
Bromosporine,PXN,465,20.30100153338336,0.16541214489560116,1.0020372964887536,0.8366251515931524,-0.21386447507244583
GSK-LSD1,PXN,465,20.30100153338336,0.19741360367612878,0.8574019855831477,0.6599883819070189,-0.21386447507244583
LMB_AB3,PXN,465,20.30100153338336,0.1699733092959104,0.9484755913187969,0.7785022820228865,-0.21386447507244583
GSK2801,PXN,465,20.30100153338336,0.19609563384136589,1.0679320461715016,0.8718364123301358,-0.21386447507244583
LMP744,PXN,465,20.30100153338336,0.21245664182334595,1.2899810506069902,1.0775244087836442,-0.21386447507244583
BI-2536,MLLT1,548,20.292610868873233,0.2142236952269241,0.6517176858112385,0.4374939905843144,0.19658699458072895
5-azacytidine,CFL1,476,20.29085456571297,0.13720736609475748,0.7264754705257976,0.5892681044310402,0.24352735334451556
GSK-LSD1-2HCl,CFL1,476,20.29085456571297,0.1376229434563707,0.8105044970201899,0.6728815535638192,0.24352735334451556
776928,CFL1,464,20.273008564434367,0.12415327373651983,0.6348417586787292,0.5106884849422093,0.24524393554633536
Dihydrorotenone,CFL1,464,20.26194273167903,0.09589247606644011,0.6179997407814979,0.5221072647150578,0.24456727777684348
PAK_5339,PXN,463,20.224535470215052,0.1604469079194713,0.3691047978182465,0.2086578898987752,-0.21297692960201334
Dabrafenib,AURKA,565,20.202932077891045,0.12714255535279503,0.4334130336135925,0.30627047826079745,-0.21362583024897322
OSI-027,ILK,565,20.185161373054843,0.05115007630981224,1.1031700425003588,1.0520199661905465,-0.2059946254623214
Bortezomib,AURKA,566,20.1822329709143,0.06586564625027966,0.2823697674541938,0.21650412120391413,-0.21423202495155963
AZD4547,DLG5,568,20.180404207340214,0.137150987969838,1.086244593031829,0.9490936050619909,-0.21172717486982692
AT13148,AURKA,562,20.174130204498827,0.09859446087359527,-0.036237593704651974,-0.13483205457824726,-0.2136864296163722
Bortezomib,DLG5,566,20.17282058582891,0.06586564625027966,0.3639448737895845,0.2980792275393048,-0.21240231891596847
GW441756,DLG5,565,20.166047834742077,0.14023046002084436,0.7887144166376274,0.648483956616783,-0.2110452138471191
Dihydrorotenone,PXN,464,20.151525243541602,0.09589247606644011,0.19693667268517373,0.10104419661873362,-0.2133546513164375
Doramapimod,AURKA,566,20.147371298606327,0.08998519069848925,0.10744105207360766,0.01745586137511841,-0.21078333317615344
KU-55933,AURKA,566,20.147371298606327,0.18441391232983725,0.4776917679090328,0.2932778555791955,-0.21078333317615344
Ibrutinib,PXN,537,20.127986700200687,0.13399737582330856,0.4206464466958106,0.286649070872502,-0.2045895266662678
776928,PXN,464,20.09909407327843,0.12415327373651983,1.1325863938622536,1.0084331201257337,-0.21295295708935053
AZD5438,CFL1,464,20.098510183058274,0.19497978634488297,1.0446533939229348,0.8496736075780518,0.24379944598870357
IRAK4_4710,CFL1,464,20.098510183058274,0.23658340464320624,0.7456100529295485,0.5090266482863423,0.24379944598870357
AZD1208,CFL1,464,20.098510183058274,0.2176463043801584,0.8131971343166131,0.5955508299364547,0.24379944598870357
AZD2014,CFL1,464,20.098510183058274,0.13846501496730929,0.32444539738733963,0.18598038242003034,0.24379944598870357
AZD5153,CFL1,464,20.098510183058274,0.19682757780107327,0.9924158713909478,0.7955882935898745,0.24379944598870357
JAK_8517,CFL1,464,20.098510183058274,0.1434388774445309,0.739132819276254,0.5956939418317231,0.24379944598870357
JAK1_8709,CFL1,464,20.098510183058274,0.2298283301572647,0.8303336936677965,0.6005053635105319,0.24379944598870357
ERK_6604,CFL1,464,20.098510183058274,0.1342761631093472,0.7677339192975993,0.6334577561882521,0.24379944598870357
ERK_2440,CFL1,464,20.098510183058274,0.11910541439879055,0.30228525300256887,0.18317983860377832,0.24379944598870357
AZD1332,CFL1,464,20.098510183058274,0.08779609415919891,0.17083024189830254,0.08303414773910363,0.24379944598870357
AZD7762,DLG5,569,20.09075378117335,0.17656345080487745,1.0380378448623244,0.861474394057447,-0.2108761811457032
Cisplatin,DLG5,484,20.090318188741985,0.19813020376192553,1.2927157312524606,1.0945855274905352,-0.21925471130475002
P22077,DLG5,567,20.078713343449,0.1507318258225852,0.9609870375783854,0.8102552117558002,-0.21114318419350023
Buparlisib,DLG5,567,20.078713343449,0.16229622503791616,0.6074079011013428,0.4451116760634266,-0.21114318419350023
I-BRD9,DLG5,567,20.078713343449,0.2265635290285338,1.339465864083246,1.1129023350547123,-0.21114318419350023
Afuresertib,DLG5,567,20.078713343449,0.05607579510310348,0.45409020144811163,0.3980144063450082,-0.21114318419350023
BMS-536924,DLG5,567,20.078713343449,0.12880118837570362,0.4694025291582167,0.34060134078251303,-0.21114318419350023
Gefitinib,DLG5,567,20.078713343449,0.1566692707838535,0.5931877535659984,0.4365184827821449,-0.21114318419350023
Dactolisib,DLG5,567,20.078713343449,0.1281979935231402,0.31830033587930123,0.19010234235616102,-0.21114318419350023
Cyclophosphamide,DLG5,567,20.078713343449,0.16546611449497234,1.132226159053187,0.9667600445582147,-0.21114318419350023
AZD8186,DLG5,567,20.078713343449,0.05517264793066273,-0.23687360478368874,-0.2920462527143515,-0.21114318419350023
Cediranib,DLG5,567,20.078713343449,0.12041081921677685,0.22715279418212017,0.10674197496534332,-0.21114318419350023
Epirubicin,DLG5,567,20.078713343449,0.18043675143070056,1.264797626546045,1.0843608751153444,-0.21114318419350023
GDC0810,DLG5,567,20.078713343449,0.1440082007533468,1.0533756991243024,0.9093674983709557,-0.21114318419350023
Ipatasertib,DLG5,567,20.078713343449,0.056291894367077114,0.3185303631410015,0.2622384687739244,-0.21114318419350023
AGI-5198,DLG5,567,20.078713343449,0.14917475740634037,0.9626922327453151,0.8135174753389748,-0.21114318419350023
AZD6738,DLG5,567,20.078713343449,0.17750058632024893,0.8886368944952726,0.7111363081750237,-0.21114318419350023
NVP-ADW742,DLG5,567,20.078713343449,0.1771537013202507,0.7328184446580618,0.555664743337811,-0.21114318419350023
AZD5363,DLG5,567,20.078713343449,0.06692939007913745,0.49197640652019303,0.4250470164410556,-0.21114318419350023
GSK2578215A,DLG5,567,20.078713343449,0.16106910237369965,1.0745405561267343,0.9134714537530346,-0.21114318419350023
CDK9_5038,CFL1,463,20.072188768648406,0.17198248883410425,0.8412071133725939,0.6692246245384896,0.2444310456059171
CDK9_5576,CFL1,463,20.072188768648406,0.19081668059104576,0.8340601994266214,0.6432435188355756,0.2444310456059171
Avagacestat,AURKA,564,20.067066210885056,0.2186140732734649,0.432952706345936,0.2143386330724711,-0.21066287904757477
AZD7762,AURKA,569,20.05246366456202,0.17656345080487745,0.6209563067283733,0.44439285592349587,-0.2127613893517427
5-azacytidine,DLG5,476,20.04765038004181,0.13720736609475748,0.8507907547398589,0.7135833886451014,-0.22105975260014632
GSK-LSD1-2HCl,DLG5,476,20.04765038004181,0.1376229434563707,0.865852163600681,0.7282292201443102,-0.22105975260014632
PD173074,AURKA,572,20.044717759117496,0.18671510577560615,0.5767890873739318,0.3900739815983256,-0.2113443538334196
Nutlin-3a (-),AURKA,572,20.044717759117496,0.19310384639952194,0.416727138231803,0.22362329183228108,-0.2113443538334196
MG-132,AURKA,572,20.044717759117496,0.054781053896252575,0.3646750117066097,0.3098939578103571,-0.2113443538334196
5-Fluorouracil,AURKA,572,20.044717759117496,0.2194981237127345,0.7722214005316047,0.5527232768188702,-0.2113443538334196
Docetaxel,AURKA,572,20.044717759117496,0.17089318479611823,0.14545197100006252,-0.02544121379605571,-0.2113443538334196
MK-2206,AURKA,572,20.044717759117496,0.12257217807051381,0.2647043533100946,0.14213217523958083,-0.2113443538334196
Bleomycin (50 uM),AFF1,472,20.014199437522752,0.124402167633185,0.22409158510134078,0.09968941746815578,0.20818282014488984
GSK2830371,AFF1,472,20.014199437522752,0.20940062284627928,1.0977043592573636,0.8883037364110844,0.20818282014488984
AZD5991,CFL1,463,19.985988274217718,0.18152813071598925,0.9164837564692486,0.7349556257532593,0.24347118956860517
Eg5_9814,PXN,461,19.978106170521087,0.15256657097578244,0.7580666142269981,0.6055000432512156,-0.2123144515580619
Mycophenolic acid,CFL1,474,19.96722490700593,0.16693267005799012,0.6710900511448588,0.5041573810868687,0.24359140418015904
ABT737,DLG5,566,19.944970586244423,0.1791747082330155,0.9277007552310488,0.7485260469980333,-0.21059882055535456
ABT737,AURKA,566,19.94132613991497,0.1791747082330155,0.2063464119007066,0.02717170366769109,-0.21346419301952618
Foretinib,AURKA,565,19.93234947496137,0.1679932053846095,0.1909544864807461,0.0229612810961366,-0.21250295240293998
BIBR-1532,AURKA,565,19.93234947496137,0.16884627583499334,0.20944251506712752,0.04059623923213418,-0.21250295240293998
Bosutinib,AURKA,561,19.932318601210362,0.20674692914772005,0.6078367188225221,0.401089789674802,-0.21022886993684567
JQ1,AURKA,561,19.932318601210362,0.19270675607637947,0.17669903833115527,-0.016007717745224193,-0.21022886993684567
Lestaurtinib,AURKA,561,19.932318601210362,0.1796660317575717,0.4050303873306484,0.22536435557307669,-0.21022886993684567
Lenalidomide,AURKA,561,19.932318601210362,0.2693126768803686,0.30236562685087676,0.03305294997050817,-0.21022886993684567
Motesanib,AURKA,561,19.932318601210362,0.2315715909530889,0.29702927054927303,0.06545767959618412,-0.21022886993684567
PAK_5339,CFL1,463,19.93200453112676,0.1604469079194713,0.8685375916898509,0.7080906837703795,0.24376571146139925
Ipatasertib,AURKA,567,19.883850086017407,0.056291894367077114,0.2658857497541231,0.209593855387046,-0.21243881295889458
AZD8186,AURKA,567,19.883850086017407,0.05517264793066273,0.3575914788844289,0.30241883095376615,-0.21243881295889458
Afuresertib,AURKA,567,19.883850086017407,0.05607579510310348,0.27162339162842825,0.21554759652532476,-0.21243881295889458
GSK2578215A,AURKA,567,19.883850086017407,0.16106910237369965,0.3123903115177924,0.15132120914409275,-0.21243881295889458
Buparlisib,AURKA,567,19.883850086017407,0.16229622503791616,0.3747146290642679,0.21241840402635173,-0.21243881295889458
GDC0810,AURKA,567,19.883850086017407,0.1440082007533468,0.36319116268471185,0.21918296193136505,-0.21243881295889458
Cediranib,AURKA,567,19.883850086017407,0.12041081921677685,0.388143061373171,0.26773224215639413,-0.21243881295889458
Epirubicin,AURKA,567,19.883850086017407,0.18043675143070056,0.4404048874742834,0.2599681360435828,-0.21243881295889458
BMS-536924,AURKA,567,19.883850086017407,0.12880118837570362,0.34854594353343565,0.21974475515773204,-0.21243881295889458
P22077,AURKA,567,19.883850086017407,0.1507318258225852,0.5006311096652415,0.3498992838426563,-0.21243881295889458
AGI-5198,AURKA,567,19.883850086017407,0.14917475740634037,0.38015277919156637,0.230978021785226,-0.21243881295889458
AZD6738,AURKA,567,19.883850086017407,0.17750058632024893,0.7021738932465332,0.5246733069262843,-0.21243881295889458
AZD5363,AURKA,567,19.883850086017407,0.06692939007913745,0.1892403549172244,0.12231096483808696,-0.21243881295889458
NVP-ADW742,AURKA,567,19.883850086017407,0.1771537013202507,0.3390796693759408,0.1619259680556901,-0.21243881295889458
Cyclophosphamide,AURKA,567,19.883850086017407,0.16546611449497234,0.3298843772230568,0.16441826272808446,-0.21243881295889458
Gefitinib,AURKA,567,19.883850086017407,0.1566692707838535,0.4336171970660447,0.27694792628219117,-0.21243881295889458
Dactolisib,AURKA,567,19.883850086017407,0.1281979935231402,0.3969433929799298,0.2687453994567896,-0.21243881295889458
I-BRD9,AURKA,567,19.883850086017407,0.2265635290285338,0.3003210839774615,0.07375755494892769,-0.21243881295889458
MK-8776,AURKA,564,19.876745098477784,0.19416805572230258,0.4685580136516553,0.2743899579293527,-0.2123960023985876
EPZ004777,AURKA,570,19.872260951387982,0.2608164638823929,0.18539074789014373,-0.07542571599224915,-0.21096457344395775
Fulvestrant,AURKA,570,19.872260951387982,0.2051883649728587,0.4558178458134678,0.2506294808406091,-0.21096457344395775
Irinotecan,AURKA,570,19.872260951387982,0.21827951516117608,0.4574566234700475,0.23917710830887143,-0.21096457344395775
LGK974,AURKA,570,19.872260951387982,0.216576537076208,0.43729297495138403,0.22071643787517603,-0.21096457344395775
Alpelisib,AURKA,570,19.872260951387982,0.1754072902812252,0.45874231520006903,0.2833350249188438,-0.21096457344395775
GSK1904529A,AURKA,570,19.872260951387982,0.18172481933496568,0.5628634161858036,0.38113859685083795,-0.21096457344395775
Luminespib,AURKA,570,19.872260951387982,0.09728320854179227,-0.05894059579979302,-0.15622380434158528,-0.21096457344395775
GSK343,AURKA,570,19.872260951387982,0.20393028131039767,0.3855149138576074,0.18158463254720972,-0.21096457344395775
AGK2,DLG5,558,19.853737630965426,0.1569953701714854,0.7358219994362196,0.5788266292647342,-0.21061345297655726
NU7441,INTS6,559,19.83298267756118,0.13682219156482858,0.3063191544541808,0.1694969628893522,-0.20079236842177575
EHT-1864,INTS6,559,19.83298267756118,0.14142482051273006,-0.15447722483495552,-0.2959020453476856,-0.20079236842177575
Axitinib,AURKA,567,19.832789855320407,0.18626014427652626,0.3315929597819569,0.14533281550543065,-0.21176713467561026
AZD4547,AURKA,568,19.79796453730266,0.137150987969838,0.5214683008059168,0.3843173128360788,-0.21131265887324208
Dactinomycin,AURKA,569,19.79756205067386,0.2217488468635391,0.4170017019439519,0.19525285508041282,-0.21080758903620594
KU-55933,USP19,566,19.79522557308477,0.18441391232983725,0.23383226655628533,0.04941835422644808,-0.20701022215140855
Doramapimod,USP19,566,19.79522557308477,0.08998519069848925,0.6318993938058188,0.5419142031073296,-0.20701022215140855
CCT007093,DLG5,556,19.790628848512075,0.21150555376343247,1.0029023376402681,0.7913967838768357,-0.20993929103405615
Oxaliplatin,AURKA,571,19.789917103661494,0.2657031102275074,0.6647235150124351,0.3990204047849277,-0.20990204375769864
Camptothecin,AURKA,571,19.789917103661494,0.1979871779634431,0.6003428058308481,0.402355627867405,-0.20990204375769864
Gemcitabine,AURKA,571,19.789917103661494,0.21828701803109102,0.5515395475194441,0.3332525294883531,-0.20990204375769864
MIRA-1,AURKA,571,19.789917103661494,0.18785771590034817,0.18003150999885753,-0.007826205901490635,-0.20990204375769864
Lapatinib,AURKA,571,19.789917103661494,0.08445848111686635,0.5703579776783984,0.485899496561532,-0.20990204375769864
Linsitinib,AURKA,571,19.789917103661494,0.22018722358495654,0.3000798973777344,0.07989267379277784,-0.20990204375769864
MK-1775,AURKA,571,19.789917103661494,0.2282855729816046,0.37285035248615095,0.14456477950454635,-0.20990204375769864
AZD3759,AURKA,571,19.789917103661494,0.14690781758177332,0.3984888372863556,0.25158101970458224,-0.20990204375769864
PD0325901,AURKA,571,19.789917103661494,0.08956246237943777,0.6883531277609866,0.5987906653815488,-0.20990204375769864
Olaparib,AURKA,571,19.789917103661494,0.20191035823368397,0.48265043840954086,0.2807400801758569,-0.20990204375769864
IGF1R_3801,CFL1,463,19.786369060979453,0.1599494115567059,0.6817379849431028,0.521788573386397,0.24216579019401685
GW441756,USP19,565,19.72596902206572,0.14023046002084436,0.4592907676397833,0.319060307618939,-0.2063179094259331
BMS-754807,AURKA,560,19.715321473997715,0.15864041314567673,0.19702531743702995,0.03838490429135322,-0.20896989467440907
PFI-1,DLG5,561,19.70525007916372,0.19027805060734174,0.8804849684053505,0.6902069177980088,-0.20886362956699986
Navitoclax,AURKA,571,19.692761352547844,0.13340722263350172,0.33786557799644307,0.20445835536294135,-0.20928131689492183
AZD8055,CFL1,477,19.687950215102607,0.07909896857189894,0.20032215657645247,0.12122318800455353,0.2392083224700632
Erlotinib,AURKA,565,19.68651490747645,0.11564232149513366,0.6328180502241734,0.5171757287290397,-0.2113197956371635
NU7441,DLG5,559,19.686372559803313,0.13682219156482858,0.64516142601782,0.5083392344529915,-0.20900183837168076
EHT-1864,DLG5,559,19.686372559803313,0.14142482051273006,0.9351313765067847,0.7937065559940546,-0.20900183837168076
Osimertinib,AURKA,566,19.678695681758388,0.11078268956935403,0.40252055212852356,0.29173786255916956,-0.2112133111163725
Nilotinib,DLG5,565,19.671606478930862,0.13290593436200063,1.2420796243402428,1.109173689978242,-0.20945527417261195
PFI-1,INTS6,561,19.671322505708584,0.19027805060734174,0.3048545753568012,0.11457652474945948,-0.19788651792001175
Avagacestat,INTS6,564,19.66894325989069,0.2186140732734649,0.19450578351222547,-0.024108289761239438,-0.1974615505270238
Osimertinib,DLG5,566,19.665611340493918,0.11078268956935403,0.5224730572062855,0.41169036763693145,-0.20901431511519383
Cisplatin,AFF1,484,19.652928903182737,0.19813020376192553,0.812316479375746,0.6141862756138206,0.20568473537790188
MIM1,DLG5,478,19.6390120748505,0.13572889415233946,1.2318026770392727,1.0960737828869331,-0.21664647985584817
N30652-18-1,DLG5,478,19.6390120748505,0.2138542027993366,1.373545510817385,1.1596913080180484,-0.21664647985584817
BDP-00009066,DLG5,478,19.6390120748505,0.18119232170511906,0.5286391627767435,0.34744684107162443,-0.21664647985584817
Cytarabine,DLG5,478,19.6390120748505,0.1834101353378042,1.0693406023139647,0.8859304669761605,-0.21664647985584817
N27922-53-1,DLG5,478,19.6390120748505,0.18593238793229758,1.3903467197364965,1.2044143318041989,-0.21664647985584817
BPD-00008900,DLG5,478,19.6390120748505,0.1451919243030389,0.9500553653794854,0.8048634410764466,-0.21664647985584817
N25720-51-A1,DLG5,478,19.6390120748505,0.17893398639433397,1.1200665747672998,0.9411325883729658,-0.21664647985584817
N29087-69-1,DLG5,478,19.6390120748505,0.22360509111491594,1.3895373516755596,1.1659322605606437,-0.21664647985584817
OTX015,PXN,537,19.635832882940925,0.21781590036663787,1.0025931653530158,0.7847772649863779,-0.20537165887040051
EPZ5676,AURKA,568,19.63144627030154,0.26784447427088004,0.3432471725799895,0.07540269830910945,-0.20995883522183684
Alisertib,ILK,562,19.630672017673835,0.19589192278322404,1.2613428344250563,1.0654509116418323,-0.2030590494626463
Erlotinib,DLG5,565,19.62806813384692,0.11564232149513366,0.608642325546395,0.4930000040512613,-0.20897723439517824
AMG-319,AURKA,564,19.618211974816045,0.1962649214900859,0.39325959560919255,0.19699467411910665,-0.21049599460618787
AZ6102,AFF1,563,19.560042706769433,0.1007729652171064,0.29510939299799066,0.19433642778088428,0.19497579261549364
LJI308,AFF1,563,19.560042706769433,0.2227666981307513,0.9305133210598832,0.7077466229291318,0.19497579261549364
CCT007093,INTS6,556,19.559922976340744,0.21150555376343247,0.46595277730401374,0.25444722354058125,-0.1991667396831237
Dasatinib,DLG5,567,19.55308733677569,3.317231664344318e-07,-0.2220087751423808,-0.22200910686554723,-0.2087773993786038
GSK591,AFF1,562,19.52786881875327,0.1897061326624742,0.6377093793582187,0.44800324669574454,0.19489915498468918
PFI-1,ILK,561,19.51393605742171,0.19027805060734174,1.3476906746505932,1.1574126240432514,-0.20131800374630598
Dinaciclib,PXN,537,19.505586079684953,0.17602894735136937,0.6505734071082496,0.47454445975688025,-0.20476194756730767
HKMTI-1-005,CFL1,477,19.50476915115322,0.14688138762992026,0.8289479141664161,0.6820665265364958,0.2383367178086202
ICL-SIRT078,CFL1,477,19.50476915115322,0.12974799372762702,0.7796552633608912,0.6499072696332642,0.2383367178086202
EPZ5676,DLG5,568,19.504355483886837,0.26784447427088004,1.472194436046715,1.2043499617758349,-0.20782103281670103
Lenalidomide,INTS6,561,19.48524927582875,0.2693126768803686,0.6825492652428518,0.41323658836248317,-0.19852526581645277
Lestaurtinib,INTS6,561,19.48524927582875,0.1796660317575717,0.2893717002656584,0.10970566850808669,-0.19852526581645277
JQ1,INTS6,561,19.48524927582875,0.19270675607637947,0.6084051836292264,0.4156984275528469,-0.19852526581645277
Motesanib,INTS6,561,19.48524927582875,0.2315715909530889,0.7230582169672048,0.49148662601411597,-0.19852526581645277
Bosutinib,INTS6,561,19.48524927582875,0.20674692914772005,0.587178498789288,0.3804315696415679,-0.19852526581645277
Doramapimod,DLG5,566,19.480907228825775,0.08998519069848925,0.764406893677081,0.6744217029785918,-0.20957109584646408
KU-55933,DLG5,566,19.480907228825775,0.18441391232983725,0.9288326609185119,0.7444187485886746,-0.20957109584646408
Nilotinib,AURKA,565,19.462500420640037,0.13290593436200063,0.15927235426671693,0.026366419904716304,-0.21015839517023474
Lestaurtinib,DLG5,561,19.43230480755838,0.1796660317575717,1.152567454568633,0.9729014228110614,-0.2089400917274059
Lenalidomide,DLG5,561,19.43230480755838,0.2693126768803686,1.6078463170904775,1.338533640210109,-0.2089400917274059
Motesanib,DLG5,561,19.43230480755838,0.2315715909530889,1.3554039944317864,1.1238324034786975,-0.2089400917274059
Bosutinib,DLG5,561,19.43230480755838,0.20674692914772005,1.1096636181541333,0.9029166890064132,-0.2089400917274059
JQ1,DLG5,561,19.43230480755838,0.19270675607637947,0.9196184525419329,0.7269116964655534,-0.2089400917274059
OSI-027,AFF1,565,19.40986279878132,0.05115007630981224,0.03259756190453594,-0.018552514405276298,0.19896887119406156
LJI308,AURKA,563,19.39621123642934,0.2227666981307513,0.26462708099478593,0.04186038286403462,-0.20961366496398853
AZ6102,AURKA,563,19.39621123642934,0.1007729652171064,0.4780264884400439,0.37725352322293754,-0.20961366496398853
Entinostat,INTS6,539,19.393870082592315,0.2029798899162391,0.3536893057869692,0.1507094158707301,-0.19747923051162558
BMS-754807,DLG5,560,19.379161378192503,0.15864041314567673,0.8385139579970867,0.6798735448514099,-0.20908701421697323
GSK591,AURKA,562,19.374872175146027,0.1897061326624742,0.4893623593134551,0.2996562266509809,-0.20982082149175363
AGK2,MLLT1,558,19.352721315542112,0.1569953701714854,0.5791251156868888,0.42212974551540344,0.1961830396834121
I-BET-762,PXN,538,19.32810421579146,0.2378633061010216,1.1501219880887148,0.9122586819876932,-0.20283412698048794
MN-64,PXN,538,19.32810421579146,0.1751033031060035,0.7328183650357508,0.5577150619297473,-0.20283412698048794
OF-1,PXN,538,19.32810421579146,0.13334625540436176,0.36000820866280203,0.22666195325844027,-0.20283412698048794
PCI-34051,PXN,538,19.32810421579146,0.2159769033357765,1.1776850147132345,0.961708111377458,-0.20283412698048794
KRAS (G12C) Inhibitor-12,PXN,538,19.32810421579146,0.2011948506999906,1.0931151651727065,0.8919203144727159,-0.20283412698048794
PFI3,PXN,538,19.32810421579146,0.20355317538579845,1.2470229915517725,1.0434698161659741,-0.20283412698048794
CZC24832,PXN,538,19.32810421579146,0.21465168187537986,1.0616407562994994,0.8469890744241195,-0.20283412698048794
AGI-6780,PXN,538,19.32810421579146,0.18417938725194427,1.1942026245503055,1.0100232372983613,-0.20283412698048794
Entospletinib,PXN,538,19.32810421579146,0.1158141026944653,0.5920893233714413,0.476275220676976,-0.20283412698048794
Obatoclax Mesylate,AFF1,496,19.298707499465976,0.09928623989788024,0.4109122455589689,0.31162600566108867,0.20039228528551561
OSI-027,AURKA,565,19.291594659081177,0.05115007630981224,0.4523493707435549,0.4011992944337427,-0.2087438365469893
IAP_5620,PXN,461,19.268901257179365,-0.008082069766990886,0.4236371816673778,0.4317192514343687,-0.2107504492112622
ICL-SIRT078,TLN1,477,19.262788389649717,0.12974799372762702,1.7278773095204512,1.598129315792824,-0.21591658689211846
HKMTI-1-005,TLN1,477,19.262788389649717,0.14688138762992026,1.5608935408698157,1.4140121532398955,-0.21591658689211846
N-acetyl cysteine,DLG5,477,19.24756834010253,0.054471960182223764,0.44225049990450943,0.38777853972228565,-0.21123847028351087
JNK Inhibitor VIII,DLG5,563,19.212381219908952,0.197582461689642,0.843904125245554,0.646321663555912,-0.20608056629638652
BMS-754807,INTS6,560,19.203588646735216,0.15864041314567673,0.23264795939618418,0.07400754625050746,-0.19639040849711165
Cisplatin,TLN1,484,19.184304260054084,0.19813020376192553,1.8688747938849972,1.6707445901230717,-0.21260588561839527
Leflunomide,MLLT1,538,19.17383506095807,0.27476115011562063,0.8949495277619404,0.6201883776463197,0.20327460895376706
Niraparib,MLLT1,538,19.17383506095807,0.2799975468554755,1.2944952453775138,1.0144976985220384,0.20327460895376706
Mirin,MLLT1,538,19.17383506095807,0.2076944845886189,0.3015232658166847,0.09382878122806582,0.20327460895376706
AZ960,MLLT1,538,19.17383506095807,0.17274684949292313,0.4365750349722289,0.26382818547930575,0.20327460895376706
LCL161,MLLT1,538,19.17383506095807,0.10743343666579672,0.44208381134939034,0.3346503746835936,0.20327460895376706
Dabrafenib,DLG5,565,19.155330340083687,0.12714255535279503,0.5754007142655878,0.44825815891279275,-0.2108953814770731
Entinostat,PXN,539,19.145153325165236,0.2029798899162391,1.5098603577192224,1.3068804678029833,-0.20205445701993763
KU-55933,INTS6,566,19.134235193535883,0.18441391232983725,0.394658658362629,0.21024474603279172,-0.19128204339124005
Doramapimod,INTS6,566,19.134235193535883,0.08998519069848925,0.21593762912307654,0.1259524384245873,-0.19128204339124005
A-366,TLN1,477,19.10640807500357,0.18122964040224931,1.5662094371565232,1.3849797967542739,-0.2145455482263956
PBD-288,TLN1,477,19.10640807500357,0.16086913395787286,1.6133937590609184,1.4525246251030455,-0.2145455482263956
CT7033-2,TLN1,477,19.10640807500357,0.21166102929722386,1.5109560507680737,1.2992950214708499,-0.2145455482263956
CPI-637,TLN1,477,19.10640807500357,0.19862150130388836,1.8272727237491093,1.628651222445221,-0.2145455482263956
PFI-1,AURKA,561,19.097335927132427,0.19027805060734174,0.5339328890668159,0.3436548384594742,-0.20529111353373442
BI-2536,AURKA,548,19.09553156781206,0.2142236952269241,0.24495488550641958,0.030731190279495474,-0.20808778753896526
NU7441,ILK,559,19.091501041410943,0.13682219156482858,1.1439633523970723,1.0071411608322436,-0.19870379682832792
EHT-1864,ILK,559,19.091501041410943,0.14142482051273006,1.3426144171294467,1.2011895966167168,-0.19870379682832792
Dasatinib,AURKA,567,19.076030218028087,3.317231664344318e-07,-0.0016873680409135634,-0.0016876997640799978,-0.20679876932054309
CCT007093,ILK,556,19.066098608773302,0.21150555376343247,1.6302548834400619,1.4187493296766294,-0.19892335925039384
GSK2606414,PXN,535,19.059020360782505,0.22192558861325895,0.854274344164302,0.6323487555510431,-0.20188169725769972
Avagacestat,USP19,564,19.035788412766497,0.2186140732734649,0.5268031326882744,0.30818905941480945,-0.2017143948365486
Bleomycin (50 uM),DLG5,472,19.035317503506448,0.124402167633185,0.5422913973114327,0.4178892296782477,-0.21468165761666538
GSK2830371,DLG5,472,19.035317503506448,0.20940062284627928,1.6586903538081132,1.449289730961834,-0.21468165761666538
BI-2536,INTS6,548,19.030284011759566,0.2142236952269241,0.6338475818309467,0.4196238866040226,-0.20433705023619578
PAK_5339,AFF1,463,19.01836974714645,0.1604469079194713,0.7323258800980788,0.5718789721786075,0.2088341575754996
AZ6102,USP19,563,19.01072923152406,0.1007729652171064,0.24143952504266253,0.14066655982555615,-0.20366628332760187
LJI308,USP19,563,19.01072923152406,0.2227666981307513,0.6100387292396656,0.3872720311089143,-0.20366628332760187
GNE-317,DLG5,557,19.00133627101632,0.05628083964861328,-0.21974857215633134,-0.2760294118049446,-0.20661916057007867
BIBR-1532,USP19,565,18.986360904505567,0.16884627583499334,0.6131915061716985,0.44434523033670514,-0.20384381239550156
Foretinib,USP19,565,18.986360904505567,0.1679932053846095,0.6576583447003808,0.48966513931577127,-0.20384381239550156
GSK591,USP19,562,18.98019843137412,0.1897061326624742,0.577779449769735,0.3880733171072609,-0.20357493710865832
IWP-2,PXN,537,18.97813036614098,0.2302287454869887,1.3775898866960146,1.1473611412090259,-0.20119264118443317
CDK9_5038,AFF1,463,18.97027558646216,0.17198248883410425,0.6368895968793379,0.4649071080452336,0.20810196357600838
CDK9_5576,AFF1,463,18.97027558646216,0.19081668059104576,0.6550185976039312,0.4642019170128855,0.20810196357600838
N29087-69-1,TLN1,478,18.967109014946978,0.22360509111491594,2.0105005594289587,1.7868954683140428,-0.2130911399485751
Cytarabine,TLN1,478,18.967109014946978,0.1834101353378042,1.817317302746271,1.6339071674084669,-0.2130911399485751
N27922-53-1,TLN1,478,18.967109014946978,0.18593238793229758,1.9409489296115865,1.7550165416792889,-0.2130911399485751
MIM1,TLN1,478,18.967109014946978,0.13572889415233946,1.2528769762058303,1.117148082053491,-0.2130911399485751
BPD-00008900,TLN1,478,18.967109014946978,0.1451919243030389,0.9826713351066491,0.8374794108036101,-0.2130911399485751
N25720-51-A1,TLN1,478,18.967109014946978,0.17893398639433397,1.4805564111560865,1.3016224247617525,-0.2130911399485751
N30652-18-1,TLN1,478,18.967109014946978,0.2138542027993366,2.0405951623606366,1.8267409595613,-0.2130911399485751
BDP-00009066,TLN1,478,18.967109014946978,0.18119232170511906,0.725561806793208,0.5443694850880889,-0.2130911399485751
EHT-1864,AURKA,559,18.963808059949855,0.14142482051273006,0.3664799292649774,0.22505510875224735,-0.20451987996999246
NU7441,AURKA,559,18.963808059949855,0.13682219156482858,0.3957585185619325,0.2589363269971039,-0.20451987996999246
A-366,AFF1,477,18.959518775021625,0.18122964040224931,0.7056300213400413,0.524400380937792,0.20428675141012428
CPI-637,AFF1,477,18.959518775021625,0.19862150130388836,1.1113843464924535,0.9127628451885652,0.20428675141012428
PBD-288,AFF1,477,18.959518775021625,0.16086913395787286,0.7402894710114681,0.5794203370535953,0.20428675141012428
CT7033-2,AFF1,477,18.959518775021625,0.21166102929722386,0.7593005430251089,0.547639513727885,0.20428675141012428
MK-8776,USP19,564,18.924097309444026,0.19416805572230258,0.8519407019929457,0.6577726462706431,-0.20362831523969321
JNK Inhibitor VIII,USP19,563,18.904196645227586,0.197582461689642,0.5551542662104909,0.3575718045208489,-0.20171107926107865
AZD5438,AFF1,464,18.90410288549298,0.19497978634488297,0.8177491711713833,0.6227693848265003,0.2070211201791287
AZD1332,AFF1,464,18.90410288549298,0.08779609415919891,0.37597864156940003,0.2881825474102011,0.2070211201791287
JAK_8517,AFF1,464,18.90410288549298,0.1434388774445309,0.5523949779968408,0.4089561005523099,0.2070211201791287
ERK_6604,AFF1,464,18.90410288549298,0.1342761631093472,0.7633657266216216,0.6290895635122744,0.2070211201791287
ERK_2440,AFF1,464,18.90410288549298,0.11910541439879055,0.8289782632017283,0.7098728488029378,0.2070211201791287
AZD5153,AFF1,464,18.90410288549298,0.19682757780107327,0.9753843218941112,0.7785567440930379,0.2070211201791287
AZD2014,AFF1,464,18.90410288549298,0.13846501496730929,0.2528993220841743,0.11443430711686503,0.2070211201791287
JAK1_8709,AFF1,464,18.90410288549298,0.2298283301572647,0.9997805791067583,0.7699522489494937,0.2070211201791287
AZD1208,AFF1,464,18.90410288549298,0.2176463043801584,0.9690790456063778,0.7514327412262194,0.2070211201791287
IRAK4_4710,AFF1,464,18.90410288549298,0.23658340464320624,0.8675348105848107,0.6309514059416045,0.2070211201791287
IWP-2,MLLT1,537,18.87839842724174,0.2302287454869887,1.1104574343116336,0.8802286888246449,0.2013948967132934
LCL161,PXN,538,18.873257904572235,0.10743343666579672,0.4933501960632802,0.3859167593974835,-0.19956896573314567
Mirin,PXN,538,18.873257904572235,0.2076944845886189,0.8658923065419432,0.6581978219533242,-0.19956896573314567
Niraparib,PXN,538,18.873257904572235,0.2799975468554755,1.5061821237805855,1.2261845769251098,-0.19956896573314567
AZ960,PXN,538,18.873257904572235,0.17274684949292313,1.0637844812401993,0.8910376317472761,-0.19956896573314567
Leflunomide,PXN,538,18.873257904572235,0.27476115011562063,1.1526612021854632,0.8779000520698426,-0.19956896573314567
AT13148,USP19,562,18.868405513130696,0.09859446087359527,0.5080495057343464,0.4094550448607511,-0.20293229158867537
AZD5582,PXN,533,18.858394924658818,0.044738784512264915,0.21855263248304313,0.1738138479707782,-0.20076457560411348
N25720-51-A1,AFF1,478,18.853919875024275,0.17893398639433397,0.8386834979568133,0.6597495115624793,0.20057537217870156
BPD-00008900,AFF1,478,18.853919875024275,0.1451919243030389,0.6309115167710749,0.48571959246803603,0.20057537217870156
Cytarabine,AFF1,478,18.853919875024275,0.1834101353378042,0.8260524051510318,0.6426422698132277,0.20057537217870156
MIM1,AFF1,478,18.853919875024275,0.13572889415233946,0.45313697114888485,0.3174080769965454,0.20057537217870156
BDP-00009066,AFF1,478,18.853919875024275,0.18119232170511906,0.33996212805315845,0.1587698063480394,0.20057537217870156
N30652-18-1,AFF1,478,18.853919875024275,0.2138542027993366,0.920963261115874,0.7071090583165374,0.20057537217870156
N29087-69-1,AFF1,478,18.853919875024275,0.22360509111491594,0.9668630523076791,0.7432579611927632,0.20057537217870156
N27922-53-1,AFF1,478,18.853919875024275,0.18593238793229758,0.9252156224296801,0.7392832344973825,0.20057537217870156
Daporinad,TLN1,327,18.85113370714448,0.14627215515690623,1.4510754799981944,1.3048033248412882,-0.24757532119701225
AMG-319,USP19,564,18.84449571682374,0.1962649214900859,0.6806912872882634,0.48442636579817755,-0.20288987666938788
Eg5_9814,AFF1,461,18.834622720864242,0.15256657097578244,0.8994204526629084,0.746853881687126,0.2075974577153489
AZD5991,AFF1,463,18.833390318195306,0.18152813071598925,0.9793706712224748,0.7978425405064855,0.20694817768810467
IGF1R_3801,AFF1,463,18.783040383744332,0.1599494115567059,0.6320882528184598,0.4721388412617539,0.2059614809856859
Mycophenolic acid,TLN1,474,18.759279159622945,0.16693267005799012,1.5696645095816772,1.4027318395236872,-0.21308320175555975
N-acetyl cysteine,AFF1,477,18.75534930109247,0.054471960182223764,0.15235951616166252,0.09788755597943875,0.19962787356989056
AGK2,ILK,558,18.73570131759159,0.1569953701714854,1.2840807731058694,1.127085402934384,-0.20010447301785397
Dabrafenib,USP19,565,18.685067348848545,0.12714255535279503,0.47279023330942216,0.3456476779566271,-0.2012096369093281
Entinostat,USP19,539,18.68484631201308,0.2029798899162391,0.9982292293036579,0.7952493393874187,-0.20122245135521816
CDK9_5038,UBR4,463,18.651560732013976,0.17198248883410425,0.32485514398102944,0.1528726551469252,-0.19625507433655193
CDK9_5576,UBR4,463,18.651560732013976,0.19081668059104576,0.513553747009184,0.32273706641813826,-0.19625507433655193
Olaparib,USP19,571,18.617807772594524,0.20191035823368397,1.0856938213753584,0.8837834631416744,-0.19967784082449025
AZD3759,USP19,571,18.617807772594524,0.14690781758177332,0.17429419752112008,0.027386379939346756,-0.19967784082449025
PD0325901,USP19,571,18.617807772594524,0.08956246237943777,-0.012764356008531975,-0.10232681838796974,-0.19967784082449025
Oxaliplatin,USP19,571,18.617807772594524,0.2657031102275074,1.0124116408121964,0.746708530584689,-0.19967784082449025
Gemcitabine,USP19,571,18.617807772594524,0.21828701803109102,0.8158425515453362,0.5975555335142453,-0.19967784082449025
Lapatinib,USP19,571,18.617807772594524,0.08445848111686635,-0.21617718859524832,-0.30063566971211464,-0.19967784082449025
MK-1775,USP19,571,18.617807772594524,0.2282855729816046,0.6424438584431525,0.414158285461548,-0.19967784082449025
MIRA-1,USP19,571,18.617807772594524,0.18785771590034817,0.926281789281477,0.7384240733811288,-0.19967784082449025
Camptothecin,USP19,571,18.617807772594524,0.1979871779634431,0.781655296236041,0.5836681182725979,-0.19967784082449025
Linsitinib,USP19,571,18.617807772594524,0.22018722358495654,1.2405745109948778,1.0203872874099214,-0.19967784082449025
Methotrexate,USP19,527,18.616889620721498,0.06908032682211968,0.43349610496578367,0.364415778143664,-0.20433244939200884
HKMTI-1-005,AFF1,477,18.60092731960908,0.14688138762992026,0.8814757478312057,0.7345943602012854,0.20008363335860907
ICL-SIRT078,AFF1,477,18.60092731960908,0.12974799372762702,0.9065946621035644,0.7768466683759374,0.20008363335860907
5-Fluorouracil,USP19,572,18.58943546189888,0.2194981237127345,0.9408261518999662,0.7213280281872317,-0.19916511725682737
Docetaxel,USP19,572,18.58943546189888,0.17089318479611823,0.3915460435279444,0.2206528587318262,-0.19916511725682737
Nutlin-3a (-),USP19,572,18.58943546189888,0.19310384639952194,0.6571329777025182,0.4640291313029963,-0.19916511725682737
MG-132,USP19,572,18.58943546189888,0.054781053896252575,0.20050743543369612,0.14572638153744355,-0.19916511725682737
PD173074,USP19,572,18.58943546189888,0.18671510577560615,0.4214024096125559,0.23468730383694972,-0.19916511725682737
MK-2206,USP19,572,18.58943546189888,0.12257217807051381,0.43052786972394286,0.30795569165342906,-0.19916511725682737
Navitoclax,USP19,571,18.577604595055814,0.13340722263350172,1.0047826414017718,0.8713754187682701,-0.19932777150032194
5-azacytidine,TLN1,476,18.571813316291486,0.13720736609475748,1.4456473548834585,1.308439988788701,-0.21180999112654
GSK-LSD1-2HCl,TLN1,476,18.571813316291486,0.1376229434563707,1.6779692526692973,1.5403463092129266,-0.21180999112654
5-azacytidine,AFF1,476,18.568956674191806,0.13720736609475748,0.8548795470491829,0.7176721809544254,0.20199388593570497
GSK-LSD1-2HCl,AFF1,476,18.568956674191806,0.1376229434563707,0.8540226340329508,0.71639969057658,0.20199388593570497
AZD5438,UBR4,464,18.560929463756313,0.19497978634488297,0.7310872897573052,0.5361075034124222,-0.1949474698308896
JAK_8517,UBR4,464,18.560929463756313,0.1434388774445309,0.34837321652198255,0.20493433907745165,-0.1949474698308896
IRAK4_4710,UBR4,464,18.560929463756313,0.23658340464320624,0.85716263061202,0.6205792259688138,-0.1949474698308896
AZD2014,UBR4,464,18.560929463756313,0.13846501496730929,0.13100700826259826,-0.007458006704711029,-0.1949474698308896
JAK1_8709,UBR4,464,18.560929463756313,0.2298283301572647,0.6252379935925149,0.3954096634352502,-0.1949474698308896
AZD1332,UBR4,464,18.560929463756313,0.08779609415919891,0.32435217219796625,0.23655607803876733,-0.1949474698308896
AZD5153,UBR4,464,18.560929463756313,0.19682757780107327,0.7967132319313298,0.5998856541302565,-0.1949474698308896
AZD1208,UBR4,464,18.560929463756313,0.2176463043801584,0.9561578498741183,0.7385115454939599,-0.1949474698308896
ERK_2440,UBR4,464,18.560929463756313,0.11910541439879055,0.10772768034896854,-0.011377734049822008,-0.1949474698308896
ERK_6604,UBR4,464,18.560929463756313,0.1342761631093472,0.08820782141653755,-0.046068341692809656,-0.1949474698308896
AT13148,AFF1,562,18.551571714642996,0.09859446087359527,0.3551353737457993,0.25654091287220404,0.19134182200956795
Afatinib,USP19,570,18.535582214500046,0.10945486658595209,-0.3039464390823294,-0.4134013056682815,-0.1989601302817831
AZD5991,UBR4,463,18.52918303277077,0.18152813071598925,0.3844521216817224,0.20292399096573313,-0.19500081731034286
AZD8055,DLG5,477,18.509318373547,0.07909896857189894,0.3603665655500145,0.28126759697811554,-0.2130790896922438
ABT737,USP19,566,18.504361822679755,0.1791747082330155,0.8344430190337153,0.6552683108006998,-0.2006002616465733
GW441756,AURKA,565,18.45763459033539,0.14023046002084436,0.331805962298738,0.19157550227789363,-0.20719534694643363
AZ960,AURKA,538,18.414940945989997,0.17274684949292313,0.15423233618996215,-0.018514513302960972,-0.21112275549062207
Leflunomide,AURKA,538,18.414940945989997,0.27476115011562063,0.653176329852936,0.3784151797373154,-0.21112275549062207
Niraparib,AURKA,538,18.414940945989997,0.2799975468554755,0.7148889901616695,0.434891443306194,-0.21112275549062207
Mirin,AURKA,538,18.414940945989997,0.2076944845886189,0.2825392138962172,0.07484472930759833,-0.21112275549062207
LCL161,AURKA,538,18.414940945989997,0.10743343666579672,0.03662888123008885,-0.07080455543570786,-0.21112275549062207
Eg5_9814,UBR4,461,18.40639413828158,0.15256657097578244,0.30978091466575614,0.1572143436899737,-0.19467793359144864
Obatoclax Mesylate,UROS,496,18.35250045611765,0.09928623989788024,0.8737024836974321,0.7744162437995519,0.15891841764172523
AZD6482,CFL1,127,18.33684781444784,-0.024216293914580175,0.060499777256841206,0.08471607117142138,0.4368731252343456
GSK269962A,CFL1,127,18.33684781444784,0.2207332640919142,0.2757318802297098,0.05499861613779558,0.4368731252343456
PF-4708671,CFL1,127,18.33684781444784,0.3086976605731276,0.5277842904840008,0.2190866299108732,0.4368731252343456
LY2109761,PXN,536,18.334019065359417,0.1950555917616098,1.035982352265578,0.8409267605039682,-0.19727855267597688
ML323,PXN,536,18.334019065359417,0.17911119316299567,0.8959870439175692,0.7168758507545736,-0.19727855267597688
PAK_5339,UBR4,463,18.33184608456877,0.1604469079194713,0.53852414817431,0.37807724025483874,-0.19321555036904703
LGK974,USP19,570,18.32434959713957,0.216576537076208,0.9594929642438947,0.7429164271676867,-0.19785572228843265
GSK1904529A,USP19,570,18.32434959713957,0.18172481933496568,0.4626345202121724,0.2809097008772067,-0.19785572228843265
EPZ004777,USP19,570,18.32434959713957,0.2608164638823929,1.0280966369867843,0.7672801731043914,-0.19785572228843265
Alpelisib,USP19,570,18.32434959713957,0.1754072902812252,0.48026249746472943,0.30485520718350423,-0.19785572228843265
Irinotecan,USP19,570,18.32434959713957,0.21827951516117608,0.9359788325120172,0.7176993173508411,-0.19785572228843265
Fulvestrant,USP19,570,18.32434959713957,0.2051883649728587,0.7475403539611469,0.5423519889882882,-0.19785572228843265
GSK343,USP19,570,18.32434959713957,0.20393028131039767,0.5294251370594439,0.32549485574904624,-0.19785572228843265
Luminespib,USP19,570,18.32434959713957,0.09728320854179227,0.4267794553771413,0.329496246835349,-0.19785572228843265
Crizotinib,USP19,570,18.32206269863343,0.20831242050621987,0.8494885784614418,0.6411761579552219,-0.19779306313978384
PFI-1,USP19,561,18.320916725839925,0.19027805060734174,0.8143346506930097,0.624056600085668,-0.19785688458495657
Niraparib,INTS6,538,18.311318588247183,0.2799975468554755,0.8689689575753727,0.5889714107198972,-0.1935593459490011
Mirin,INTS6,538,18.311318588247183,0.2076944845886189,0.37729822251976425,0.16960373793114536,-0.1935593459490011
AZ960,INTS6,538,18.311318588247183,0.17274684949292313,0.7894858908580902,0.616739041365167,-0.1935593459490011
LCL161,INTS6,538,18.311318588247183,0.10743343666579672,0.4497957705202562,0.34236233385445947,-0.1935593459490011
Leflunomide,INTS6,538,18.311318588247183,0.27476115011562063,0.7370176439549766,0.46225649383935596,-0.1935593459490011
PCI-34051,INTS6,538,18.309523567222566,0.2159769033357765,0.6075198392855531,0.3915429359497766,-0.1940952297212514
I-BET-762,INTS6,538,18.309523567222566,0.2378633061010216,0.6728571931971665,0.43499388709614495,-0.1940952297212514
OF-1,INTS6,538,18.309523567222566,0.13334625540436176,-0.08789251183420208,-0.22123876723856384,-0.1940952297212514
AGI-6780,INTS6,538,18.309523567222566,0.18417938725194427,0.3832289920164367,0.1990496047644924,-0.1940952297212514
CZC24832,INTS6,538,18.309523567222566,0.21465168187537986,0.7932473220792834,0.5785956402039035,-0.1940952297212514
PFI3,INTS6,538,18.309523567222566,0.20355317538579845,0.806527068586842,0.6029738932010436,-0.1940952297212514
KRAS (G12C) Inhibitor-12,INTS6,538,18.309523567222566,0.2011948506999906,0.5384989882172464,0.3373041375172558,-0.1940952297212514
MN-64,INTS6,538,18.309523567222566,0.1751033031060035,0.5087706908913733,0.33366738778536975,-0.1940952297212514
Entospletinib,INTS6,538,18.309523567222566,0.1158141026944653,0.6010016156279268,0.48518751293346146,-0.1940952297212514
IWP-2,AURKA,537,18.305733540310317,0.2302287454869887,0.33323538114604634,0.10300663565905763,-0.2105936486494445
Ibrutinib,MLLT1,537,18.301103648096156,0.13399737582330856,0.1063708580687852,-0.027626517754523364,0.20297582201761435
OTX015,INTS6,537,18.294541369619402,0.21781590036663787,0.5547024448511682,0.33688654448453026,-0.19340944547268432
Bortezomib,USP19,566,18.29404244715287,0.06586564625027966,0.20688245630842636,0.1410168100581467,-0.19857499076361457
Dactolisib,USP19,567,18.282397383608714,0.1281979935231402,0.348350260340923,0.22015226681778277,-0.19816168309424667
AZD8186,USP19,567,18.282397383608714,0.05517264793066273,0.14860316105143262,0.09343051312076989,-0.19816168309424667
Epirubicin,USP19,567,18.282397383608714,0.18043675143070056,0.9309650895600508,0.7505283381293502,-0.19816168309424667
Gefitinib,USP19,567,18.282397383608714,0.1566692707838535,-0.15236327152887957,-0.3090325423127331,-0.19816168309424667
Cediranib,USP19,567,18.282397383608714,0.12041081921677685,0.364071387156183,0.24366056793940613,-0.19816168309424667
AGI-5198,USP19,567,18.282397383608714,0.14917475740634037,0.6741443247213523,0.524969567315012,-0.19816168309424667
NVP-ADW742,USP19,567,18.282397383608714,0.1771537013202507,0.8457462297243619,0.6685925284041112,-0.19816168309424667
AZD6738,USP19,567,18.282397383608714,0.17750058632024893,0.5190281722581893,0.3415275859379404,-0.19816168309424667
AZD5363,USP19,567,18.282397383608714,0.06692939007913745,0.15853183428518658,0.09160244420604913,-0.19816168309424667
Afuresertib,USP19,567,18.282397383608714,0.05607579510310348,0.1679907208480931,0.11191492574498962,-0.19816168309424667
GDC0810,USP19,567,18.282397383608714,0.1440082007533468,0.4208161141812254,0.2768079134278786,-0.19816168309424667
BMS-536924,USP19,567,18.282397383608714,0.12880118837570362,0.6436835005048219,0.5148823121291183,-0.19816168309424667
Buparlisib,USP19,567,18.282397383608714,0.16229622503791616,0.5846127166472707,0.42231649160935447,-0.19816168309424667
P22077,USP19,567,18.282397383608714,0.1507318258225852,0.6955619980778122,0.5448301722552269,-0.19816168309424667
Ipatasertib,USP19,567,18.282397383608714,0.056291894367077114,0.03422428291412208,-0.022067611452955035,-0.19816168309424667
GSK2578215A,USP19,567,18.282397383608714,0.16106910237369965,0.8004171581720945,0.6393480557983948,-0.19816168309424667
I-BRD9,USP19,567,18.282397383608714,0.2265635290285338,0.9862847585843854,0.7597212295558515,-0.19816168309424667
Cyclophosphamide,USP19,567,18.282397383608714,0.16546611449497234,0.796877817148281,0.6314117026533086,-0.19816168309424667
GSK2606414,INTS6,535,18.27601731435969,0.22192558861325895,0.3981710002208558,0.17624541160759682,-0.1943327309686995
Entinostat,MLLT1,539,18.274472626905247,0.2029798899162391,0.9585517528857267,0.7555718629694876,0.20353056396603925
Alisertib,DLG5,562,18.270636282967697,0.19589192278322404,1.1558392211330248,0.9599472983498007,-0.20347846591604146
Dactinomycin,USP19,569,18.269794445870502,0.2217488468635391,0.5374126144104694,0.31566376754693026,-0.19754169266826568
IGF1R_3801,UBR4,463,18.269031797653323,0.1599494115567059,0.5044930610688151,0.3445436495121092,-0.19308775495004732
Obatoclax Mesylate,PXN,496,18.262579355802714,0.09928623989788024,0.4523254961043539,0.3530392562064737,-0.2071810137462114
CCT-018159,UROS,95,18.245090199807418,0.2715537896125783,0.4840386290118204,0.21248483939924206,0.4054031354983203
Elesclomol,UROS,95,18.245090199807418,0.3693949532567993,0.7960820069452558,0.4266870536884565,0.4054031354983203
IOX2,UROS,95,18.245090199807418,0.42745021915700115,0.7381485632437192,0.3106983440867181,0.4054031354983203
Bicalutamide,UROS,95,18.245090199807418,0.4794800601204695,0.7821478028505023,0.30266774273003283,0.4054031354983203
BX795,UROS,95,18.245090199807418,0.2752206673159552,0.47947578825315956,0.20425512093720438,0.4054031354983203
CHIR-99021,UROS,95,18.245090199807418,0.3603806847318715,0.6646686903569471,0.3042880056250756,0.4054031354983203
AZD8055,TLN1,477,18.230135692502653,0.07909896857189894,0.5565005736161999,0.47740160504430096,-0.21469127636844582
JNK Inhibitor VIII,AURKA,563,18.2288801526991,0.197582461689642,0.4866312170030161,0.2890487553133741,-0.20618822490522212
Nelarabine,AFF1,464,18.212908014807518,0.1724743803662855,0.6904676573923837,0.5179932770260982,0.2055852795402619
Dinaciclib,INTS6,537,18.21121860112739,0.17602894735136937,0.43384730140440847,0.2578183540530391,-0.19399071701367307
Cisplatin,UROS,484,18.18408568327453,0.19813020376192553,1.3724439568483682,1.1743137530864427,0.15889613829388083
AZD4547,USP19,568,18.17623781465429,0.137150987969838,0.5019499268457914,0.36479893887595344,-0.19704256915574028
ICL-SIRT078,UROS,477,18.169284308233657,0.12974799372762702,1.2628408029056206,1.1330928091779935,0.16092754303900447
HKMTI-1-005,UROS,477,18.169284308233657,0.14688138762992026,1.3077847898491812,1.160903402219261,0.16092754303900447
AZD7762,USP19,569,18.148301715579738,0.17656345080487745,0.5727809238762142,0.3962174730713367,-0.19651430923902496
ABT737,CD96,566,18.147080206305613,0.1791747082330155,0.8646538985226027,0.6854791902895871,-0.20891583779103715
CCT007093,USP19,556,18.136206249037244,0.21150555376343247,0.49072657824209864,0.27922102447866615,-0.19746628821451545
EHT-1864,USP19,559,18.136029310970045,0.14142482051273006,0.443487193348919,0.302062372836189,-0.19677178910112142
NU7441,USP19,559,18.136029310970045,0.13682219156482858,0.3550465317087024,0.2182243401438738,-0.19677178910112142
Afatinib,AURKA,570,18.12946497392797,0.10945486658595209,0.4080344977738672,0.2985796311879151,-0.20635727929051964
KU-55933,CD96,566,18.12101208942,0.18441391232983725,0.9102040672243868,0.7257901548945496,-0.20815230762383582
Doramapimod,CD96,566,18.12101208942,0.08998519069848925,0.29225146198095275,0.2022662712824635,-0.20815230762383582
BMS-345541,INTS6,537,18.113564061400794,0.2906204401272033,0.7905806282947975,0.4999601881675942,-0.19308599161158754
Nilotinib,USP19,565,18.10898045032744,0.13290593436200063,0.582453161873868,0.4495472275118674,-0.1974558436952974
Afatinib,PXN,570,18.104134236205496,0.10945486658595209,0.23819686614392643,0.12874199955797433,-0.19727312828067542
BMS-345541,PXN,537,18.090565274353178,0.2906204401272033,1.0475449653930893,0.756924525265886,-0.19599459660018526
IWP-2,INTS6,537,18.084633319873344,0.2302287454869887,0.4721966493323723,0.2419679038453836,-0.19174575813586422
Osimertinib,USP19,566,18.0557727928639,0.11078268956935403,-0.06775258623951479,-0.1785352758088688,-0.19649651035873245
BI-2536,ILK,548,18.05541687447912,0.2142236952269241,1.575999213583551,1.361775518356627,-0.19469051586364924
Erlotinib,USP19,565,18.03043535958905,0.11564232149513366,-0.1381297545594708,-0.25377207605460445,-0.19658692240186876
IAP_5620,AFF1,461,18.025926089632595,-0.008082069766990886,0.5085911106934706,0.5166731804604615,0.20339869505200076
BMS-345541,MLLT1,537,18.025309482957347,0.2906204401272033,0.4866055234354999,0.19598508330829661,0.19945099635258112
BMS-345541,AURKA,537,18.005033146894018,0.2906204401272033,0.6462658675353615,0.35564542740815824,-0.20888625552018109
765771,AFF1,465,17.983028246456787,0.20400892174517343,0.8282033456692868,0.6241944239241133,0.20290725985477429
Acetalax,AFF1,465,17.983028246456787,-0.019195828071662185,-0.34711048868668803,-0.32791466061502583,0.20290725985477429
150412,AFF1,465,17.983028246456787,0.13341242211939772,0.19110322641263194,0.05769080429323423,0.20290725985477429
741909,AFF1,465,17.983028246456787,0.08547111198173865,0.5802690503129412,0.49479793833120256,0.20290725985477429
LMB_AB2,AFF1,465,17.983028246456787,0.20044360022756716,0.7864320546638291,0.585988454436262,0.20290725985477429
729189,AFF1,465,17.983028246456787,0.12880997653631218,0.7796040096904069,0.6507940331540947,0.20290725985477429
Elephantin,AFF1,465,17.983028246456787,0.10658309126496669,0.962615681531885,0.8560325902669184,0.20290725985477429
GSK-LSD1,AFF1,465,17.983028246456787,0.19741360367612878,0.7856785028166333,0.5882648991405045,0.20290725985477429
50869,AFF1,465,17.983028246456787,0.20957276531491653,0.7201027950492677,0.5105300297343511,0.20290725985477429
Mitoxantrone,AFF1,465,17.983028246456787,0.21656415573216828,0.9136917531914289,0.6971275974592607,0.20290725985477429
BDILV000379a,AFF1,465,17.983028246456787,0.11253305693779339,0.530380356417096,0.41784729947930266,0.20290725985477429
LMP744,AFF1,465,17.983028246456787,0.21245664182334595,0.6729656109765135,0.4605089691531676,0.20290725985477429
667880,AFF1,465,17.983028246456787,0.12121323161355156,0.5757022726277748,0.45448904101422327,0.20290725985477429
Gallibiscoquinazole,AFF1,465,17.983028246456787,0.18658523264353638,0.8589568568132737,0.6723716241697373,0.20290725985477429
615590,AFF1,465,17.983028246456787,0.1921489420951807,0.3901181767345048,0.19796923463932406,0.20290725985477429
630600,AFF1,465,17.983028246456787,0.1689898748483017,0.9613018928705257,0.7923120180222241,0.20290725985477429
LMB_AB1,AFF1,465,17.983028246456787,0.18912251834514346,0.8533547455101661,0.6642322271650226,0.20290725985477429
720427,AFF1,465,17.983028246456787,0.18746212136710155,0.746507147631054,0.5590450262639524,0.20290725985477429
LMB_AB3,AFF1,465,17.983028246456787,0.1699733092959104,0.5301165343252257,0.3601432250293153,0.20290725985477429
123138,AFF1,465,17.983028246456787,0.1345859247174845,0.7910327093289765,0.656446784611492,0.20290725985477429
BDOCA000347a,AFF1,465,17.983028246456787,0.10998581355167882,0.6854806164009444,0.5754948028492656,0.20290725985477429
123829,AFF1,465,17.983028246456787,0.057432144656534324,0.052498651105998995,-0.00493349355053533,0.20290725985477429
743380,AFF1,465,17.983028246456787,0.1324211337129954,0.7783845415045176,0.6459634077915222,0.20290725985477429
GSK2110183B,AFF1,465,17.983028246456787,0.03812700870683967,0.14718529351608595,0.10905828480924629,0.20290725985477429
L-Oxonoreleagnine,AFF1,465,17.983028246456787,0.17262456582661825,0.7832891366487169,0.6106645708220987,0.20290725985477429
GSK3337463A,AFF1,465,17.983028246456787,0.22150845533151,0.7772800319380494,0.5557715766065394,0.20290725985477429
GSK626616AC,AFF1,465,17.983028246456787,0.21740703432050262,0.720601599963933,0.5031945656434305,0.20290725985477429
Dacarbazine,AFF1,465,17.983028246456787,0.1565145668670581,0.9737033617312502,0.817188794864192,0.20290725985477429
GSK2830371A,AFF1,465,17.983028246456787,0.1981560010898867,0.7623902882288153,0.5642342871389285,0.20290725985477429
BEN,AFF1,465,17.983028246456787,0.2359386891748302,0.754708781434101,0.5187700922592708,0.20290725985477429
Fludarabine,AFF1,465,17.983028246456787,0.11540034900091624,1.0146741553373624,0.8992738063364462,0.20290725985477429
GSK2801,AFF1,465,17.983028246456787,0.19609563384136589,0.909746094743054,0.7136504609016882,0.20290725985477429
GSK2256098C,AFF1,465,17.983028246456787,0.17058972875924835,0.7381647465912875,0.5675750178320391,0.20290725985477429
Bromosporine,AFF1,465,17.983028246456787,0.16541214489560116,0.9579693811041552,0.792557236208554,0.20290725985477429
BDF00022089a,AFF1,465,17.983028246456787,0.13632053618168893,0.6058010218513675,0.4694804856696786,0.20290725985477429
Bleomycin,AFF1,465,17.983028246456787,0.12805407735598856,0.29975743908960134,0.17170336173361278,0.20290725985477429
GSK2276186C,AFF1,465,17.983028246456787,0.17068521473739062,0.7522454620622828,0.5815602473248922,0.20290725985477429
KRAS (G12C) Inhibitor-12,MLLT1,538,17.96151240699378,0.2011948506999906,0.5990730744605948,0.39787822376060417,0.2017410905373475
Entospletinib,MLLT1,538,17.96151240699378,0.1158141026944653,0.05082445029363164,-0.06498965240083367,0.2017410905373475
MN-64,MLLT1,538,17.96151240699378,0.1751033031060035,0.06775719200074001,-0.10734611110526349,0.2017410905373475
OF-1,MLLT1,538,17.96151240699378,0.13334625540436176,0.11795003965086724,-0.015396215753494522,0.2017410905373475
PFI3,MLLT1,538,17.96151240699378,0.20355317538579845,0.8286094893004706,0.6250563139146722,0.2017410905373475
PCI-34051,MLLT1,538,17.96151240699378,0.2159769033357765,1.1285125575572945,0.9125356542215181,0.2017410905373475
I-BET-762,MLLT1,538,17.96151240699378,0.2378633061010216,0.8031989053396535,0.565335599238632,0.2017410905373475
CZC24832,MLLT1,538,17.96151240699378,0.21465168187537986,0.9755494297639112,0.7608977478885314,0.2017410905373475
AGI-6780,MLLT1,538,17.96151240699378,0.18417938725194427,0.8986441245549925,0.7144647373030483,0.2017410905373475
CCT007093,AURKA,556,17.957460405796194,0.21150555376343247,0.2377750483901066,0.026269494626674134,-0.20055532070049722
GSK2606414,MLLT1,535,17.94819120895385,0.22192558861325895,0.591618203885521,0.36969261527226205,0.20185403445860062
Methotrexate,AFF1,527,17.9263248194416,0.06908032682211968,0.3633223242557527,0.29424199743363305,0.1762998889552811
GW441756,INTS6,565,17.918129382243595,0.14023046002084436,0.14691636465037466,0.006685904629530309,-0.18806916507042853
AGK2,AURKA,558,17.915073263461043,0.1569953701714854,0.4319479138844677,0.2749525437129823,-0.20039939552627417
Foretinib,PXN,565,17.90230909073868,0.1679932053846095,0.971896311727079,0.8039031063424695,-0.20113877923876908
BIBR-1532,PXN,565,17.90230909073868,0.16884627583499334,0.857224601198324,0.6883783253633307,-0.20113877923876908
ML323,INTS6,536,17.891639726193393,0.17911119316299567,0.3728580488289929,0.19374685566599725,-0.1920313329192808
LY2109761,INTS6,536,17.891639726193393,0.1950555917616098,0.5929069629840211,0.3978513712224113,-0.1920313329192808
GNE-317,USP19,557,17.89026186730789,0.05628083964861328,0.28085067963234017,0.2245698399837269,-0.19647859635497716
Bleomycin (50 uM),TLN1,472,17.887200697483262,0.124402167633185,0.6421262717083036,0.5177241040751186,-0.2113830536776039
GSK2830371,TLN1,472,17.887200697483262,0.20940062284627928,2.0926628428184437,1.8832622199721645,-0.2113830536776039
776928,AFF1,464,17.878210429382833,0.12415327373651983,0.4655969496918055,0.3414436759552857,0.20213640305883424
IAP_5620,UBR4,461,17.864654444874365,-0.008082069766990886,0.2737450972132395,0.28182716698023036,-0.19104174143314012
MK-8776,PXN,564,17.842244101079693,0.19416805572230258,1.4823062420127222,1.2881381862904195,-0.2008464619662332
OTX015,MLLT1,537,17.84133419026791,0.21781590036663787,0.5971490663085415,0.3793331659419036,0.20119961551301452
Methotrexate,AURKA,527,17.80885090341691,0.06908032682211968,0.5717834588025836,0.502703131980464,-0.2121230431893775
AMG-319,PXN,564,17.781936151543658,0.1962649214900859,1.1217891064967607,0.9255241850066748,-0.2007071351961294
Axitinib,USP19,567,17.773010435045915,0.18626014427652626,1.1183268279900076,0.9320666837134813,-0.19429902277162517
GW441756,PXN,565,17.76694857282453,0.14023046002084436,0.7125313657182508,0.5723009056974064,-0.19608666059441937
OTX015,AURKA,537,17.70949803999354,0.21781590036663787,0.13807593376201088,-0.07973996660462698,-0.20904356537596125
ML323,MLLT1,536,17.703124727386793,0.17911119316299567,0.5725467576404439,0.39343556447744826,0.19920693613330517
LY2109761,MLLT1,536,17.703124727386793,0.1950555917616098,0.7616138193760802,0.5665582276144704,0.19920693613330517
Avagacestat,CD96,564,17.68580406784971,0.2186140732734649,0.6184094894142376,0.39979541614077263,-0.20494312384263633
LJI308,PXN,563,17.67064883514518,0.2227666981307513,1.270650666725641,1.0478839685948897,-0.20016653798291206
AZ6102,PXN,563,17.67064883514518,0.1007729652171064,0.22674785119178578,0.12597488597467937,-0.20016653798291206
150412,UBR4,465,17.669967101457175,0.13341242211939772,0.08847649657212486,-0.044935925547272854,-0.19202451937536705
BDOCA000347a,UBR4,465,17.669967101457175,0.10998581355167882,0.3079457159469729,0.1979599023952941,-0.19202451937536705
LMB_AB1,UBR4,465,17.669967101457175,0.18912251834514346,1.0123169127454348,0.8231943944002913,-0.19202451937536705
L-Oxonoreleagnine,UBR4,465,17.669967101457175,0.17262456582661825,0.45706415344387197,0.28443958761725374,-0.19202451937536705
Gallibiscoquinazole,UBR4,465,17.669967101457175,0.18658523264353638,0.6157718218051682,0.4291865891616318,-0.19202451937536705
Mitoxantrone,UBR4,465,17.669967101457175,0.21656415573216828,1.3305090211210757,1.1139448653889075,-0.19202451937536705
BEN,UBR4,465,17.669967101457175,0.2359386891748302,1.3516181058612897,1.1156794166864594,-0.19202451937536705
BDILV000379a,UBR4,465,17.669967101457175,0.11253305693779339,0.4038458660232038,0.29131280908541046,-0.19202451937536705
741909,UBR4,465,17.669967101457175,0.08547111198173865,0.257244053287198,0.17177294130545936,-0.19202451937536705
Elephantin,UBR4,465,17.669967101457175,0.10658309126496669,0.826502656655599,0.7199195653906323,-0.19202451937536705
729189,UBR4,465,17.669967101457175,0.12880997653631218,0.323259584688881,0.19444960815256881,-0.19202451937536705
Acetalax,UBR4,465,17.669967101457175,-0.019195828071662185,-1.030225497017456,-1.0110296689457938,-0.19202451937536705
LMB_AB2,UBR4,465,17.669967101457175,0.20044360022756716,0.9329328984273972,0.7324892981998301,-0.19202451937536705
743380,UBR4,465,17.669967101457175,0.1324211337129954,0.40513692607101204,0.27271579235801663,-0.19202451937536705
720427,UBR4,465,17.669967101457175,0.18746212136710155,0.763130227738607,0.5756681063715055,-0.19202451937536705
GSK626616AC,UBR4,465,17.669967101457175,0.21740703432050262,0.9864678237001943,0.7690607893796917,-0.19202451937536705
615590,UBR4,465,17.669967101457175,0.1921489420951807,0.41493839445437886,0.22278945235919814,-0.19202451937536705
Bromosporine,UBR4,465,17.669967101457175,0.16541214489560116,0.6725104231617572,0.507098278266156,-0.19202451937536705
GSK2256098C,UBR4,465,17.669967101457175,0.17058972875924835,0.8740017686641122,0.7034120399048638,-0.19202451937536705
765771,UBR4,465,17.669967101457175,0.20400892174517343,0.7162490593376,0.5122401375924266,-0.19202451937536705
Dacarbazine,UBR4,465,17.669967101457175,0.1565145668670581,0.6262424733889346,0.46972790652187646,-0.19202451937536705
GSK2276186C,UBR4,465,17.669967101457175,0.17068521473739062,0.7661212179410031,0.5954360032036125,-0.19202451937536705
667880,UBR4,465,17.669967101457175,0.12121323161355156,0.7267266336481153,0.6055134020345637,-0.19202451937536705
123829,UBR4,465,17.669967101457175,0.057432144656534324,-0.09804345743093329,-0.1554756020874676,-0.19202451937536705
630600,UBR4,465,17.669967101457175,0.1689898748483017,0.7712700950713097,0.602280220223008,-0.19202451937536705
123138,UBR4,465,17.669967101457175,0.1345859247174845,0.6558453317941488,0.5212594070766643,-0.19202451937536705
GSK2801,UBR4,465,17.669967101457175,0.19609563384136589,0.7456984988378262,0.5496028649964604,-0.19202451937536705
GSK3337463A,UBR4,465,17.669967101457175,0.22150845533151,0.6739450932893178,0.45243663795780786,-0.19202451937536705
GSK2830371A,UBR4,465,17.669967101457175,0.1981560010898867,0.9647119628840658,0.7665559617941791,-0.19202451937536705
50869,UBR4,465,17.669967101457175,0.20957276531491653,0.6601370802655168,0.45056431495060023,-0.19202451937536705
GSK2110183B,UBR4,465,17.669967101457175,0.03812700870683967,-0.2124466924653379,-0.2505737011721776,-0.19202451937536705
BDF00022089a,UBR4,465,17.669967101457175,0.13632053618168893,0.506273879012492,0.36995334283080306,-0.19202451937536705
Bleomycin,UBR4,465,17.669967101457175,0.12805407735598856,0.3021733273663279,0.17411925001033934,-0.19202451937536705
Fludarabine,UBR4,465,17.669967101457175,0.11540034900091624,0.9050500431134147,0.7896496941124985,-0.19202451937536705
LMB_AB3,UBR4,465,17.669967101457175,0.1699733092959104,0.7378800417378228,0.5679067324419125,-0.19202451937536705
LMP744,UBR4,465,17.669967101457175,0.21245664182334595,1.0554332657151109,0.8429766238917649,-0.19202451937536705
GSK-LSD1,UBR4,465,17.669967101457175,0.19741360367612878,0.3356958125338349,0.13828220885770612,-0.19202451937536705
Gemcitabine,CD96,571,17.66931574533462,0.21828701803109102,0.6558662066580775,0.43757918862698647,-0.20488092421911205
AZD3759,CD96,571,17.66931574533462,0.14690781758177332,-0.08052354923188014,-0.22743136681365345,-0.20488092421911205
PD0325901,CD96,571,17.66931574533462,0.08956246237943777,-0.03201362199781342,-0.12157608437725119,-0.20488092421911205
Linsitinib,CD96,571,17.66931574533462,0.22018722358495654,1.0520044822642167,0.8318172586792602,-0.20488092421911205
Camptothecin,CD96,571,17.66931574533462,0.1979871779634431,0.6461477473004725,0.4481605693370294,-0.20488092421911205
Olaparib,CD96,571,17.66931574533462,0.20191035823368397,1.078651943193752,0.876741584960068,-0.20488092421911205
MIRA-1,CD96,571,17.66931574533462,0.18785771590034817,0.733115112435656,0.5452573965353078,-0.20488092421911205
MK-1775,CD96,571,17.66931574533462,0.2282855729816046,1.2781171004789664,1.0498315274973617,-0.20488092421911205
Lapatinib,CD96,571,17.66931574533462,0.08445848111686635,0.09744358760661488,0.01298510648974853,-0.20488092421911205
Oxaliplatin,CD96,571,17.66931574533462,0.2657031102275074,0.715029979389258,0.44932686916175063,-0.20488092421911205
BI-2536,CD96,548,17.6684410741155,0.2142236952269241,0.6580870822967626,0.4438633870698385,-0.20968442311221874
Nelarabine,UBR4,464,17.639462447646235,0.1724743803662855,1.0022386082364283,0.8297642278701428,-0.19208960279840567
GSK591,PXN,562,17.63705385732067,0.1897061326624742,1.283472868419666,1.0937667357571916,-0.20002328288629095
Entinostat,AURKA,539,17.63588570663197,0.2029798899162391,0.38944066331983385,0.18646077340359474,-0.2078043158234342
Nutlin-3a (-),CD96,572,17.635810971869347,0.19310384639952194,0.7066284495358849,0.513524603136363,-0.204167065547394
PD173074,CD96,572,17.635810971869347,0.18671510577560615,0.6659752915216007,0.4792601857459946,-0.204167065547394
MK-2206,CD96,572,17.635810971869347,0.12257217807051381,0.7541010907988019,0.6315289127282881,-0.204167065547394
MG-132,CD96,572,17.635810971869347,0.054781053896252575,0.40414406823071053,0.34936301433445793,-0.204167065547394
5-Fluorouracil,CD96,572,17.635810971869347,0.2194981237127345,0.6623676670398924,0.4428695433271579,-0.204167065547394
Docetaxel,CD96,572,17.635810971869347,0.17089318479611823,0.5177503778535245,0.34685719305740625,-0.204167065547394
MK-8776,CD96,564,17.611459059541733,0.19416805572230258,0.82577440466811,0.6316063489458075,-0.20560169867626193
Crizotinib,CD96,570,17.608079408004738,0.20831242050621987,1.169804846929666,0.9614924264234461,-0.20470824860389814
Bortezomib,CD96,566,17.584180466295315,0.06586564625027966,0.6019491453318939,0.5360834990816142,-0.20638070850397688
Luminespib,CD96,570,17.58123876989884,0.09728320854179227,0.17427655571515618,0.07699334717336391,-0.20432406443395124
EPZ004777,CD96,570,17.58123876989884,0.2608164638823929,0.8615635574383786,0.6007470935559858,-0.20432406443395124
GSK1904529A,CD96,570,17.58123876989884,0.18172481933496568,0.6442620455076421,0.46253722617267645,-0.20432406443395124
Fulvestrant,CD96,570,17.58123876989884,0.2051883649728587,0.7377789854704611,0.5325906204976023,-0.20432406443395124
Alpelisib,CD96,570,17.58123876989884,0.1754072902812252,0.5233643641829383,0.3479570739017131,-0.20432406443395124
GSK343,CD96,570,17.58123876989884,0.20393028131039767,0.41240765970170035,0.20847737839130268,-0.20432406443395124
Irinotecan,CD96,570,17.58123876989884,0.21827951516117608,0.7213616969481933,0.5030821817870172,-0.20432406443395124
LGK974,CD96,570,17.58123876989884,0.216576537076208,0.8739249709057098,0.6573484338295017,-0.20432406443395124
GNE-317,CD96,557,17.571225092717437,0.05628083964861328,0.6628309061840738,0.6065500665354605,-0.2084193535887685
776928,UBR4,464,17.564909283638766,0.12415327373651983,0.28380148079914147,0.15964820706262164,-0.19154207819103058
Navitoclax,CD96,571,17.557116469167788,0.13340722263350172,0.8804474994286139,0.7470402767951122,-0.20384006260123871
CPI-637,UROS,477,17.553671673963223,0.19862150130388836,1.7242890371828614,1.525667535878973,0.1558302645286424
PBD-288,UROS,477,17.553671673963223,0.16086913395787286,1.451986034392412,1.291116900434539,0.1558302645286424
A-366,UROS,477,17.553671673963223,0.18122964040224931,1.4089071124692873,1.227677472067038,0.1558302645286424
CT7033-2,UROS,477,17.553671673963223,0.21166102929722386,1.756928079124373,1.5452670498271492,0.1558302645286424
EPZ5676,USP19,568,17.54183754888635,0.26784447427088004,0.8117755615175275,0.5439310872466474,-0.19319929208787845
N29087-69-1,UROS,478,17.536210995375598,0.22360509111491594,1.6473127982804487,1.4237077071655329,0.15769703676076208
N27922-53-1,UROS,478,17.536210995375598,0.18593238793229758,1.6585548195908626,1.472622431658565,0.15769703676076208
N30652-18-1,UROS,478,17.536210995375598,0.2138542027993366,1.7249183121962643,1.5110641093969277,0.15769703676076208
BPD-00008900,UROS,478,17.536210995375598,0.1451919243030389,1.3067669360812257,1.161575011778187,0.15769703676076208
BDP-00009066,UROS,478,17.536210995375598,0.18119232170511906,1.1505540826256082,0.9693617609204892,0.15769703676076208
Cytarabine,UROS,478,17.536210995375598,0.1834101353378042,1.6950327583145437,1.5116226229767395,0.15769703676076208
N25720-51-A1,UROS,478,17.536210995375598,0.17893398639433397,1.6108431465551698,1.4319091601608358,0.15769703676076208
MIM1,UROS,478,17.536210995375598,0.13572889415233946,1.3338750562356392,1.1981461620832996,0.15769703676076208
Alpelisib,PXN,570,17.529402004521497,0.1754072902812252,0.6254715257712762,0.450064235490051,-0.19700344123137215
EPZ004777,PXN,570,17.529402004521497,0.2608164638823929,1.4126967479669372,1.1518802840845443,-0.19700344123137215
Fulvestrant,PXN,570,17.529402004521497,0.2051883649728587,1.0318177445831749,0.8266293796103161,-0.19700344123137215
Luminespib,PXN,570,17.529402004521497,0.09728320854179227,0.8057278101717004,0.7084446016299081,-0.19700344123137215
Irinotecan,PXN,570,17.529402004521497,0.21827951516117608,1.5207076984934,1.302428183332224,-0.19700344123137215
GSK343,PXN,570,17.529402004521497,0.20393028131039767,1.2915728556301143,1.0876425743197167,-0.19700344123137215
LGK974,PXN,570,17.529402004521497,0.216576537076208,0.9402473396006058,0.7236708025243979,-0.19700344123137215
GSK1904529A,PXN,570,17.529402004521497,0.18172481933496568,0.7576351587376903,0.5759103394027246,-0.19700344123137215
JNK Inhibitor VIII,INTS6,563,17.514811248596125,0.197582461689642,0.56467879981949,0.367096338129848,-0.18622303340133556
Motesanib,CD96,561,17.509138592591146,0.2315715909530889,0.6650111872757116,0.43343959632262274,-0.20430267869036972
Bosutinib,CD96,561,17.509138592591146,0.20674692914772005,0.42262166716481814,0.21587473801709808,-0.20430267869036972
Lenalidomide,CD96,561,17.509138592591146,0.2693126768803686,0.9497574410649895,0.680444764184621,-0.20430267869036972
Lestaurtinib,CD96,561,17.509138592591146,0.1796660317575717,0.9882159559384042,0.8085499241808325,-0.20430267869036972
JQ1,CD96,561,17.509138592591146,0.19270675607637947,0.4294042185577544,0.23669746248137494,-0.20430267869036972
Dasatinib,USP19,567,17.49540788477166,3.317231664344318e-07,-0.6247370215219095,-0.6247373532450758,-0.19313453025442273
AZD5582,INTS6,533,17.49006076296942,0.044738784512264915,0.4399535762517152,0.3952147917394503,-0.19000245834562376
Dactinomycin,CD96,569,17.48945000850418,0.2217488468635391,0.3466412063283362,0.12489235946479713,-0.20369837189821013
Dinaciclib,MLLT1,537,17.46402380027639,0.17602894735136937,0.25464753444174226,0.0786185870903729,0.19924912828641983
Dactolisib,CD96,567,17.452408867559477,0.1281979935231402,0.5916986789553486,0.46350068543220835,-0.20469933855192401
NVP-ADW742,CD96,567,17.452408867559477,0.1771537013202507,0.8512959616267579,0.6741422603065073,-0.20469933855192401
Cediranib,CD96,567,17.452408867559477,0.12041081921677685,0.6951897855013872,0.5747789662846103,-0.20469933855192401
AGI-5198,CD96,567,17.452408867559477,0.14917475740634037,0.5590177961923458,0.4098430387860055,-0.20469933855192401
BMS-536924,CD96,567,17.452408867559477,0.12880118837570362,0.5747376311530733,0.44593644277736966,-0.20469933855192401
GDC0810,CD96,567,17.452408867559477,0.1440082007533468,0.5467335519886234,0.4027253512352766,-0.20469933855192401
AZD6738,CD96,567,17.452408867559477,0.17750058632024893,0.9011249948638016,0.7236244085435527,-0.20469933855192401
AZD8186,CD96,567,17.452408867559477,0.05517264793066273,0.3242831402183169,0.26911049228765416,-0.20469933855192401
Buparlisib,CD96,567,17.452408867559477,0.16229622503791616,1.08322179340244,0.9209255683645238,-0.20469933855192401
AZD5363,CD96,567,17.452408867559477,0.06692939007913745,0.31113320408174294,0.2442038140026055,-0.20469933855192401
Epirubicin,CD96,567,17.452408867559477,0.18043675143070056,0.816195677610537,0.6357589261798364,-0.20469933855192401
Gefitinib,CD96,567,17.452408867559477,0.1566692707838535,0.05037532757687905,-0.10629394320697447,-0.20469933855192401
GSK2578215A,CD96,567,17.452408867559477,0.16106910237369965,0.8062525354109743,0.6451834330372747,-0.20469933855192401
Cyclophosphamide,CD96,567,17.452408867559477,0.16546611449497234,0.6986691536720506,0.5332030391770783,-0.20469933855192401
I-BRD9,CD96,567,17.452408867559477,0.2265635290285338,0.7668727074542538,0.54030917842572,-0.20469933855192401
Afuresertib,CD96,567,17.452408867559477,0.05607579510310348,0.47209631766730736,0.41602052256420385,-0.20469933855192401
P22077,CD96,567,17.452408867559477,0.1507318258225852,0.44396512823111484,0.29323330240852963,-0.20469933855192401
Ipatasertib,CD96,567,17.452408867559477,0.056291894367077114,0.5069091667600709,0.4506172723929938,-0.20469933855192401
IWP-2,USP19,537,17.432022504087307,0.2302287454869887,1.1102924083906367,0.880063662903648,-0.19953732304191074
Daporinad,ITGAV,327,17.42653817573651,0.14627215515690623,0.8089113625339927,0.6626392073770864,-0.26995889886292346
Dabrafenib,PXN,565,17.425279156762286,0.12714255535279503,0.6998605846664402,0.5727180293136451,-0.19856381814395488
Dactinomycin,PXN,569,17.42373277055813,0.2217488468635391,0.9568841468114626,0.7351352999479235,-0.19640904347554203
Foretinib,CD96,565,17.419008570535084,0.1679932053846095,0.9462421631614779,0.7782489577768684,-0.20466735816656276
BIBR-1532,CD96,565,17.419008570535084,0.16884627583499334,0.5189619005335793,0.3501156246985859,-0.20466735816656276
CCT007093,CD96,556,17.41485936098608,0.21150555376343247,0.6947033827468236,0.48319782898339114,-0.20327341794864362
AZD4547,CD96,568,17.411818969487157,0.137150987969838,0.8122245342946658,0.6750735463248279,-0.20375576376962554
Dihydrorotenone,AFF1,464,17.409504597248247,0.09589247606644011,0.31457258985371406,0.21868011378727395,0.20018342915214168
N-acetyl cysteine,TLN1,477,17.402891919074385,0.054471960182223764,1.0385493092888873,0.9840773491066636,-0.20632937788678268
Dihydrorotenone,UBR4,464,17.39744458184238,0.09589247606644011,0.13372709439910957,0.03783461833266946,-0.1900405297943239
Methotrexate,ILK,527,17.394904211000547,0.06908032682211968,1.1453449453098097,1.07626461848769,-0.1915491886127019
Navitoclax,PXN,571,17.380937998382493,0.13340722263350172,1.0250874740126055,0.8916802513791038,-0.1962352238967595
OTX015,CD96,537,17.380814638005567,0.21781590036663787,0.1833870849577217,-0.03442881540891615,-0.21054002381190762
Lapatinib,PXN,571,17.37967684207901,0.08445848111686635,0.2533199213660093,0.16886144024914293,-0.195571439345059
Olaparib,PXN,571,17.37967684207901,0.20191035823368397,1.3318012628889073,1.1298909046552232,-0.195571439345059
PD0325901,PXN,571,17.37967684207901,0.08956246237943777,0.07186467322370736,-0.017697789155730406,-0.195571439345059
Gemcitabine,PXN,571,17.37967684207901,0.21828701803109102,1.1608972872021572,0.9426102691710663,-0.195571439345059
Oxaliplatin,PXN,571,17.37967684207901,0.2657031102275074,1.3437246143070165,1.0780215040795091,-0.195571439345059
Linsitinib,PXN,571,17.37967684207901,0.22018722358495654,1.207684971302877,0.9874977477179204,-0.195571439345059
MK-1775,PXN,571,17.37967684207901,0.2282855729816046,0.8296193952780333,0.6013338222964287,-0.195571439345059
AZD3759,PXN,571,17.37967684207901,0.14690781758177332,0.3733987345559229,0.22649091697414955,-0.195571439345059
Camptothecin,PXN,571,17.37967684207901,0.1979871779634431,1.2391790261134743,1.0411918481500313,-0.195571439345059
MIRA-1,PXN,571,17.37967684207901,0.18785771590034817,1.365847691238935,1.177989975338587,-0.195571439345059
AZD7762,CD96,569,17.37799106378885,0.17656345080487745,0.9251459846407987,0.7485825338359212,-0.2030361616559034
GSK2606414,USP19,535,17.360265246794455,0.22192558861325895,0.4110871691095865,0.18916158049632753,-0.1986639573318956
Alisertib,AURKA,562,17.35872821217156,0.19589192278322404,0.3576278475021219,0.16173592471889786,-0.20064328099945777
Daporinad,INTS6,327,17.35014310312461,0.14627215515690623,0.35831688764922015,0.21204473249231393,-0.23960802913595636
AMG-319,CD96,564,17.34457884773677,0.1962649214900859,0.7324176460589379,0.536152724568852,-0.20435959684197116
5-Fluorouracil,PXN,572,17.341137696336688,0.2194981237127345,1.087439419754412,0.8679412960416775,-0.19517543367498896
Docetaxel,PXN,572,17.341137696336688,0.17089318479611823,0.7369997865632638,0.5661066017671456,-0.19517543367498896
PD173074,PXN,572,17.341137696336688,0.18671510577560615,1.027357495465811,0.8406423896902048,-0.19517543367498896
MK-2206,PXN,572,17.341137696336688,0.12257217807051381,0.878814033956185,0.7562418558856712,-0.19517543367498896
Nutlin-3a (-),PXN,572,17.341137696336688,0.19310384639952194,0.9346034497754233,0.7414996033759014,-0.19517543367498896
MG-132,PXN,572,17.341137696336688,0.054781053896252575,0.40066352428477336,0.34588247038852077,-0.19517543367498896
Alisertib,CD96,562,17.32181064709075,0.19589192278322404,1.0717119467779674,0.8758200239947433,-0.20108149142030032
PFI3,AURKA,538,17.308847230426338,0.20355317538579845,0.3513083592837419,0.14775518389794343,-0.20565672560142334
I-BET-762,AURKA,538,17.308847230426338,0.2378633061010216,0.285356782193089,0.047493476092067416,-0.20565672560142334
OF-1,AURKA,538,17.308847230426338,0.13334625540436176,0.2704747715635343,0.13712851615917251,-0.20565672560142334
AGI-6780,AURKA,538,17.308847230426338,0.18417938725194427,0.46294307805848117,0.2787636908065369,-0.20565672560142334
PCI-34051,AURKA,538,17.308847230426338,0.2159769033357765,0.5954848028696268,0.37950789953385033,-0.20565672560142334
CZC24832,AURKA,538,17.308847230426338,0.21465168187537986,0.4203669364625628,0.20571525458718293,-0.20565672560142334
MN-64,AURKA,538,17.308847230426338,0.1751033031060035,0.23166238560934818,0.05655908250334468,-0.20565672560142334
KRAS (G12C) Inhibitor-12,AURKA,538,17.308847230426338,0.2011948506999906,0.621701982808417,0.42050713210842644,-0.20565672560142334
Entospletinib,AURKA,538,17.308847230426338,0.1158141026944653,0.38578077644307296,0.26996667374860767,-0.20565672560142334
Bortezomib,PXN,566,17.30146246160097,0.06586564625027966,0.32397689466990615,0.2581112484196265,-0.1965865165152197
Dactolisib,PXN,567,17.263273666055277,0.1281979935231402,0.5586120365038397,0.4304140429806995,-0.19607403615515892
Epirubicin,PXN,567,17.263273666055277,0.18043675143070056,1.010330465535894,0.8298937141051934,-0.19607403615515892
AZD8186,PXN,567,17.263273666055277,0.05517264793066273,0.020977268107193758,-0.03419537982346897,-0.19607403615515892
NVP-ADW742,PXN,567,17.263273666055277,0.1771537013202507,0.8457702212412146,0.6686165199209639,-0.19607403615515892
Cediranib,PXN,567,17.263273666055277,0.12041081921677685,0.30400398009828067,0.18359316088150382,-0.19607403615515892
AGI-5198,PXN,567,17.263273666055277,0.14917475740634037,1.0943784584015217,0.9452037009951814,-0.19607403615515892
Afuresertib,PXN,567,17.263273666055277,0.05607579510310348,0.7948665889214089,0.7387907938183055,-0.19607403615515892
I-BRD9,PXN,567,17.263273666055277,0.2265635290285338,1.2957487590771772,1.0691852300486435,-0.19607403615515892
P22077,PXN,567,17.263273666055277,0.1507318258225852,0.6537732763881113,0.5030414505655261,-0.19607403615515892
Buparlisib,PXN,567,17.263273666055277,0.16229622503791616,0.6423389845449522,0.480042759507036,-0.19607403615515892
Gefitinib,PXN,567,17.263273666055277,0.1566692707838535,0.3051544078439753,0.14848513706012179,-0.19607403615515892
AZD5363,PXN,567,17.263273666055277,0.06692939007913745,0.6984474932391256,0.6315181031599881,-0.19607403615515892
BMS-536924,PXN,567,17.263273666055277,0.12880118837570362,0.5483008000787154,0.41949961170301175,-0.19607403615515892
GSK2578215A,PXN,567,17.263273666055277,0.16106910237369965,0.8947937253927802,0.7337246230190806,-0.19607403615515892
Ipatasertib,PXN,567,17.263273666055277,0.056291894367077114,0.5747006943405073,0.5184087999734301,-0.19607403615515892
AZD6738,PXN,567,17.263273666055277,0.17750058632024893,0.9375411915206815,0.7600406052004326,-0.19607403615515892
Cyclophosphamide,PXN,567,17.263273666055277,0.16546611449497234,0.9649369493030933,0.799470834808121,-0.19607403615515892
GDC0810,PXN,567,17.263273666055277,0.1440082007533468,1.0363512924769707,0.8923430917236239,-0.19607403615515892
PFI3,USP19,538,17.26089398259376,0.20355317538579845,0.5838900483359935,0.380336872950195,-0.19746897023737436
CZC24832,USP19,538,17.26089398259376,0.21465168187537986,0.7345304682764539,0.519878786401074,-0.19746897023737436
MN-64,USP19,538,17.26089398259376,0.1751033031060035,0.3712657530743951,0.19616244996839158,-0.19746897023737436
KRAS (G12C) Inhibitor-12,USP19,538,17.26089398259376,0.2011948506999906,0.8928433825903035,0.691648531890313,-0.19746897023737436
AGI-6780,USP19,538,17.26089398259376,0.18417938725194427,0.8247474959759258,0.6405681087239815,-0.19746897023737436
I-BET-762,USP19,538,17.26089398259376,0.2378633061010216,0.7287544440733319,0.4908911379723103,-0.19746897023737436
OF-1,USP19,538,17.26089398259376,0.13334625540436176,0.6145566686152693,0.4812104132109075,-0.19746897023737436
PCI-34051,USP19,538,17.26089398259376,0.2159769033357765,1.0320267032714656,0.8160497999356892,-0.19746897023737436
Entospletinib,USP19,538,17.26089398259376,0.1158141026944653,0.09165204663610589,-0.024162056058359416,-0.19746897023737436
AZD4547,PXN,568,17.25940717032608,0.137150987969838,0.8557394565590535,0.7185884685892154,-0.19586430907255684
Daporinad,ITGB5,327,17.25803608558457,0.14627215515690623,0.4475831154506114,0.3013109602937052,-0.23453559421618866
Axitinib,PXN,567,17.24885982122842,0.18626014427652626,1.3527511699008792,1.166491025624353,-0.1962480945086828
PFI-1,CD96,561,17.222387223597735,0.19027805060734174,0.3834017655917714,0.19312371498442968,-0.2028729382403236
AZD7762,PXN,569,17.21911722617829,0.17656345080487745,1.1763086844890702,0.9997452336841928,-0.19545266232488823
BMS-345541,USP19,537,17.206735876982034,0.2906204401272033,0.8621587044733746,0.5715382643461713,-0.19719139138475136
Ibrutinib,USP19,537,17.178188694639893,0.13399737582330856,-0.031441316125159866,-0.16543869194846844,-0.1967687470727193
EPZ5676,CD96,568,17.166920566362467,0.26784447427088004,0.6444072315058963,0.37656275723501625,-0.20171769404423678
Osimertinib,CD96,566,17.16550139639234,0.11078268956935403,0.177608278523614,0.06682558895425997,-0.20295690078359957
Leflunomide,USP19,538,17.15868441783368,0.27476115011562063,1.0051211589710465,0.7303600088554258,-0.19692645919960589
LCL161,USP19,538,17.15868441783368,0.10743343666579672,0.4439717531094126,0.33653831644361587,-0.19692645919960589
Mirin,USP19,538,17.15868441783368,0.2076944845886189,0.5461989403253851,0.3385044557367662,-0.19692645919960589
AZ960,USP19,538,17.15868441783368,0.17274684949292313,0.7879062306277016,0.6151593811347784,-0.19692645919960589
Niraparib,USP19,538,17.15868441783368,0.2799975468554755,1.224209816521545,0.9442122696660694,-0.19692645919960589
Erlotinib,CD96,565,17.147457235564424,0.11564232149513366,0.07523854728779336,-0.0404037742073403,-0.2028751580990983
Ibrutinib,INTS6,537,17.124618606239967,0.13399737582330856,0.2278529699936292,0.09385559417032063,-0.19076966210462917
5-azacytidine,UROS,476,17.11170984179711,0.13720736609475748,1.4237839088361746,1.286576542741417,0.15288977159880834
GSK-LSD1-2HCl,UROS,476,17.11170984179711,0.1376229434563707,1.2902253543806375,1.1526024109242667,0.15288977159880834
AZD5582,MLLT1,533,17.110362645577773,0.044738784512264915,0.22523616085440917,0.18049737634214424,0.20238175809276762
ABT737,PXN,566,17.106879354911715,0.1791747082330155,1.2333796530680614,1.054204944835046,-0.19525508720918208
GSK2606414,AURKA,535,17.098399324485538,0.22192558861325895,0.3126471252967454,0.09072153668348643,-0.20475353464745996
CHIR-99021,FERMT2,95,17.09344914810076,0.3603806847318715,0.6484718475686694,0.28809116283679786,-0.47473404255319146
CCT-018159,FERMT2,95,17.09344914810076,0.2715537896125783,0.5149359633251943,0.243382173712616,-0.47473404255319146
IOX2,FERMT2,95,17.09344914810076,0.42745021915700115,0.7873555732913216,0.3599053541343204,-0.47473404255319146
BX795,FERMT2,95,17.09344914810076,0.2752206673159552,0.5141841516143529,0.23896348429839775,-0.47473404255319146
Elesclomol,FERMT2,95,17.09344914810076,0.3693949532567993,0.6734696124347107,0.30407465917791143,-0.47473404255319146
Bicalutamide,FERMT2,95,17.09344914810076,0.4794800601204695,0.7301586688417098,0.25067860872124026,-0.47473404255319146
BMS-754807,CD96,560,17.08830413271123,0.15864041314567673,0.8288943878180004,0.6702539746723237,-0.20227358141174834
ML323,AURKA,536,17.072998287619512,0.17911119316299567,0.3021284291300946,0.1230172359670989,-0.2045134583959023
LY2109761,AURKA,536,17.072998287619512,0.1950555917616098,0.23017778370166495,0.03512219194005514,-0.2045134583959023
Crizotinib,PXN,570,17.064972129346586,0.20831242050621987,1.5253172711077283,1.3170048506015084,-0.1935934746360853
AZD6482,UBR4,127,17.063538597001777,-0.024216293914580175,-0.3084957745450474,-0.2842794806304672,-0.34775145294338206
PF-4708671,UBR4,127,17.063538597001777,0.3086976605731276,0.30314102667617787,-0.005556633896949714,-0.34775145294338206
GSK269962A,UBR4,127,17.063538597001777,0.2207332640919142,0.28331179377295357,0.06257852968103936,-0.34775145294338206
Doramapimod,PXN,566,17.045293293853252,0.08998519069848925,1.0137606267048382,0.923775436006349,-0.19438718960905396
KU-55933,PXN,566,17.045293293853252,0.18441391232983725,0.8944623708735934,0.7100484585437561,-0.19438718960905396
Bleomycin (50 uM),MSMO1,472,17.01361504879735,0.124402167633185,-0.23380907456639202,-0.358211242199577,0.17879095238758216
GSK2830371,MSMO1,472,17.01361504879735,0.20940062284627928,0.8732221872733004,0.6638215644270211,0.17879095238758216
GW441756,CD96,565,17.00647554323817,0.14023046002084436,0.456177829239934,0.3159473692190896,-0.20477301260867337
OSI-027,USP19,565,17.002835166680036,0.05115007630981224,0.38459669353523446,0.33344661722542224,-0.19145516372779214
Axitinib,CD96,567,16.99905115950594,0.18626014427652626,1.222063732417769,1.0358035881412428,-0.2013219876779325
AZD1332,TLN1,464,16.995386405520506,0.08779609415919891,0.5402675397226034,0.4524714455634045,-0.20620980354942015
JAK1_8709,TLN1,464,16.995386405520506,0.2298283301572647,1.7890946057845005,1.5592662756272357,-0.20620980354942015
IRAK4_4710,TLN1,464,16.995386405520506,0.23658340464320624,1.7370427568794498,1.5004593522362435,-0.20620980354942015
ERK_6604,TLN1,464,16.995386405520506,0.1342761631093472,0.4918220590181713,0.3575458959088241,-0.20620980354942015
AZD5438,TLN1,464,16.995386405520506,0.19497978634488297,1.500521024926739,1.3055412385818561,-0.20620980354942015
AZD5153,TLN1,464,16.995386405520506,0.19682757780107327,1.5397949651908458,1.3429673873897725,-0.20620980354942015
AZD1208,TLN1,464,16.995386405520506,0.2176463043801584,2.082797308507134,1.8651510041269754,-0.20620980354942015
JAK_8517,TLN1,464,16.995386405520506,0.1434388774445309,1.2694028761575458,1.1259639987130148,-0.20620980354942015
AZD2014,TLN1,464,16.995386405520506,0.13846501496730929,0.686004532242605,0.5475395172752957,-0.20620980354942015
ERK_2440,TLN1,464,16.995386405520506,0.11910541439879055,0.3799122589092926,0.26080684451050207,-0.20620980354942015
CDK9_5576,TLN1,463,16.992806831875587,0.19081668059104576,1.4615033291899227,1.2706866485988768,-0.2065180016230139
CDK9_5038,TLN1,463,16.992806831875587,0.17198248883410425,1.495286714201468,1.323304225367364,-0.2065180016230139
Cisplatin,MLLT1,484,16.983890885966684,0.19813020376192553,0.8140241695680862,0.6158939658061606,0.19277530260782774
AT13148,PXN,562,16.95433981112467,0.09859446087359527,0.7520933407775671,0.6534988799039718,-0.1972241986122142
Dinaciclib,USP19,537,16.948047195829286,0.17602894735136937,0.45890580246885715,0.2828768551174878,-0.1953862801628087
Nilotinib,CD96,565,16.938877624274433,0.13290593436200063,0.6366661440287341,0.5037602096667335,-0.2017770305379927
OSI-027,PXN,565,16.93585594795594,0.05115007630981224,0.39342524777854293,0.3422751714687307,-0.19496824046099404
EHT-1864,CD96,559,16.93120378755501,0.14142482051273006,0.7287841256333725,0.5873593051206424,-0.20014344245402008
NU7441,CD96,559,16.93120378755501,0.13682219156482858,0.10455426554068804,-0.03226792602414054,-0.20014344245402008
N-acetyl cysteine,UROS,477,16.925509528934615,0.054471960182223764,0.8004339866494729,0.7459620264672491,0.1522302929224109
Erlotinib,PXN,565,16.923535284319247,0.11564232149513366,0.2671144390600348,0.15147211756490114,-0.19445779910087274
Dabrafenib,CD96,565,16.9218478670267,0.12714255535279503,-0.01591994187696069,-0.14306249722975573,-0.2010846213572338
AZD5991,TLN1,463,16.904232817449994,0.18152813071598925,1.8624195482527222,1.6808914175367329,-0.20549890267623191
Nilotinib,PXN,565,16.861752376957668,0.13290593436200063,1.11095632355012,0.9780503891881195,-0.1943811530572257
Osimertinib,PXN,566,16.861305601228846,0.11078268956935403,0.45005652368545995,0.3392738341161059,-0.19385383695086938
AGK2,USP19,558,16.851151224229756,0.1569953701714854,0.6591139033457264,0.502118533174241,-0.19226568139065564
AZD5582,AURKA,533,16.85018346849809,0.044738784512264915,-0.27691229286730423,-0.32165107737956916,-0.20289006978943663
GNE-317,PXN,557,16.8472947045153,0.05628083964861328,0.05927665082052788,0.0029958111719146016,-0.19578821219389805
Dinaciclib,AURKA,537,16.84208289236824,0.17602894735136937,0.3429071533148514,0.16687820596348202,-0.2032812976094791
JNK Inhibitor VIII,PXN,563,16.841422078821424,0.197582461689642,0.9790943847378236,0.7815119230481816,-0.1908143603807712
AZD8055,UROS,477,16.83970749244168,0.07909896857189894,0.9310228720439521,0.8519239034720532,0.1500930205507639
Avagacestat,PXN,564,16.805425860887212,0.2186140732734649,0.8364486262317643,0.6178345529582994,-0.19281955444195215
IGF1R_3801,TLN1,463,16.776508805860715,0.1599494115567059,1.0414813448028868,0.8815319332461808,-0.2047378126453869
Dasatinib,CD96,567,16.740217890891046,3.317231664344318e-07,-0.46340905995715603,-0.46340939168032247,-0.2000318887543294
AZD5582,USP19,533,16.731408781042667,0.044738784512264915,0.3475004267471537,0.3027616422348888,-0.19401728069567856
OTX015,USP19,537,16.728236022883344,0.21781590036663787,0.659874808961123,0.44205890859448516,-0.1946429717211124
AZD6482,FERMT2,127,16.72345955094054,-0.024216293914580175,-0.24747480364019547,-0.22325850972561528,-0.4606943663292088
PF-4708671,FERMT2,127,16.72345955094054,0.3086976605731276,0.678948748288094,0.37025108771496645,-0.4606943663292088
GSK269962A,FERMT2,127,16.72345955094054,0.2207332640919142,0.2924988337337399,0.0717655696418257,-0.4606943663292088
AZ6102,CD96,563,16.684126327397333,0.1007729652171064,0.4169915440284029,0.3162185788112965,-0.19938044857798512
LJI308,CD96,563,16.684126327397333,0.2227666981307513,0.4980190701164233,0.275252371985672,-0.19938044857798512
GSK591,CD96,562,16.67483324831407,0.1897061326624742,0.44143319955671806,0.25172706689424384,-0.1998068142396483
Dasatinib,PXN,567,16.66698170176167,3.317231664344318e-07,-0.7177652315385384,-0.7177655632617048,-0.192651590737989
Eg5_9814,TLN1,461,16.614296042299696,0.15256657097578244,1.631728073926029,1.4791615029502465,-0.20420292713040053
EPZ5676,PXN,568,16.611212427551525,0.26784447427088004,1.5560913109996297,1.2882468367287496,-0.19175287355192802
JNK Inhibitor VIII,CD96,563,16.594721044095436,0.197582461689642,0.2565853771960914,0.05900291550644943,-0.20210883108572733
PAK_5339,ILK,463,16.56964203428252,0.1604469079194713,1.1956844403040536,1.0352375323845824,-0.2119452566499561
HKMTI-1-005,PXN,477,16.569284677770277,0.14688138762992026,1.2614884558997608,1.1146070682698406,-0.20254951273949223
ICL-SIRT078,PXN,477,16.569284677770277,0.12974799372762702,1.0813082236658162,0.9515602299381892,-0.20254951273949223
Afatinib,CD96,570,16.56541390724558,0.10945486658595209,0.2851452647234693,0.1756903981375172,-0.20150913295970035
Mycophenolic acid,PXN,474,16.51514415910101,0.16693267005799012,0.9618875867118544,0.7949549166538643,-0.20238871055659868
PAK_5339,TLN1,463,16.511489076319318,0.1604469079194713,1.3494124089668496,1.1889655010473783,-0.2033753466314723
Entinostat,CD96,539,16.489351585672022,0.2029798899162391,0.7257457488741194,0.5227658589578803,-0.20768369530982378
HKMTI-1-005,MLLT1,477,16.46836614620291,0.14688138762992026,0.5790064308567873,0.432125043226867,0.1902045257986355
ICL-SIRT078,MLLT1,477,16.46836614620291,0.12974799372762702,0.4333261192129579,0.30357812548533086,0.1902045257986355
LY2109761,USP19,536,16.466811732040327,0.1950555917616098,0.5340291246336188,0.33897353287200904,-0.19254035258885438
ML323,USP19,536,16.466811732040327,0.17911119316299567,0.8101888254096191,0.6310776322466234,-0.19254035258885438
Alisertib,USP19,562,16.403571318312874,0.19589192278322404,0.978085461403283,0.7821935386200589,-0.18923412588327845
Nelarabine,TLN1,464,16.379210628107185,0.1724743803662855,2.0799528770567406,1.907478496690455,-0.20538647453253794
Mirin,CD96,538,16.361558031106394,0.2076944845886189,0.78517371758547,0.5774792329968512,-0.20659348187629753
LCL161,CD96,538,16.361558031106394,0.10743343666579672,0.10076294058929657,-0.006670496076500151,-0.20659348187629753
Leflunomide,CD96,538,16.361558031106394,0.27476115011562063,1.0871638654114042,0.8124027152957836,-0.20659348187629753
Niraparib,CD96,538,16.361558031106394,0.2799975468554755,0.9060241217190065,0.626026574863531,-0.20659348187629753
AZ960,CD96,538,16.361558031106394,0.17274684949292313,0.556866444618177,0.3841195951252539,-0.20659348187629753
Mycophenolic acid,AFF1,474,16.354493578284103,0.16693267005799012,0.5156350750490253,0.34870240499103516,0.19443956319465674
Cisplatin,AURKA,484,16.342336174204583,0.19813020376192553,0.3763011142199524,0.17817091045802685,-0.2087486776700745
CCT007093,PXN,556,16.303407500965488,0.21150555376343247,1.0852651169090681,0.8737595631456356,-0.1907268285037165
PBD-288,MLLT1,477,16.296296468437873,0.16086913395787286,0.654329328059381,0.4934601941015082,0.1897661251285072
CPI-637,MLLT1,477,16.296296468437873,0.19862150130388836,1.0874122147504985,0.8887907134466102,0.1897661251285072
A-366,MLLT1,477,16.296296468437873,0.18122964040224931,0.44077733348128895,0.25954769307903963,0.1897661251285072
CT7033-2,MLLT1,477,16.296296468437873,0.21166102929722386,0.5932397007685949,0.38157867147137103,0.1897661251285072
N25720-51-A1,MLLT1,478,16.259888634268957,0.17893398639433397,0.8443287082519904,0.6653947218576564,0.18828309045158076
N29087-69-1,MLLT1,478,16.259888634268957,0.22360509111491594,0.8592782992457766,0.6356732081308607,0.18828309045158076
MIM1,MLLT1,478,16.259888634268957,0.13572889415233946,0.45858474949867134,0.3228558553463319,0.18828309045158076
Cytarabine,MLLT1,478,16.259888634268957,0.1834101353378042,0.7022677996391442,0.5188576643013401,0.18828309045158076
BPD-00008900,MLLT1,478,16.259888634268957,0.1451919243030389,0.5448432695215321,0.39965134521849316,0.18828309045158076
N30652-18-1,MLLT1,478,16.259888634268957,0.2138542027993366,0.9871773268562628,0.7733231240569263,0.18828309045158076
N27922-53-1,MLLT1,478,16.259888634268957,0.18593238793229758,0.8748456863810714,0.6889132984487738,0.18828309045158076
BDP-00009066,MLLT1,478,16.259888634268957,0.18119232170511906,-0.05387649863394118,-0.23506882033906024,0.18828309045158076
PFI3,CD96,538,16.2304647295964,0.20355317538579845,0.6807049666857476,0.4771517912999492,-0.20585438764856484
Entospletinib,CD96,538,16.2304647295964,0.1158141026944653,0.22326683062339733,0.10745272792893203,-0.20585438764856484
CZC24832,CD96,538,16.2304647295964,0.21465168187537986,0.5501060467612451,0.3354543648858652,-0.20585438764856484
MN-64,CD96,538,16.2304647295964,0.1751033031060035,0.27880113304696735,0.10369782994096385,-0.20585438764856484
I-BET-762,CD96,538,16.2304647295964,0.2378633061010216,0.25828903130018077,0.020425725199159167,-0.20585438764856484
KRAS (G12C) Inhibitor-12,CD96,538,16.2304647295964,0.2011948506999906,0.5482024268142551,0.3470075761142645,-0.20585438764856484
AGI-6780,CD96,538,16.2304647295964,0.18417938725194427,1.1306032212446002,0.946423833992656,-0.20585438764856484
PCI-34051,CD96,538,16.2304647295964,0.2159769033357765,0.9285507772427594,0.7125738739069829,-0.20585438764856484
OF-1,CD96,538,16.2304647295964,0.13334625540436176,0.4934753102046359,0.36012905480027413,-0.20585438764856484
HKMTI-1-005,AURKA,477,16.223393128979133,0.14688138762992026,-0.18820923829701908,-0.33509062592693933,-0.2098313865689956
ICL-SIRT078,AURKA,477,16.223393128979133,0.12974799372762702,0.20716878188315602,0.077420788155529,-0.2098313865689956
PFI-1,PXN,561,16.215872308451797,0.19027805060734174,0.7930197455905184,0.6027416949831766,-0.1889742244358112
OSI-027,CD96,565,16.198386047826393,0.05115007630981224,0.7048982760413419,0.6537481997315296,-0.1986006109062264
IWP-2,CD96,537,16.17788616105619,0.2302287454869887,0.763100312162539,0.5328715666755504,-0.20514328835562998
AT13148,CD96,562,16.149950036174843,0.09859446087359527,0.2107117031420708,0.11211724226847553,-0.19665165864706216
CDK9_5038,ILK,463,16.144834464005978,0.17198248883410425,1.567242728761488,1.395260239927384,-0.2088526558717219
CDK9_5576,ILK,463,16.144834464005978,0.19081668059104576,1.257309164831552,1.0664924842405061,-0.2088526558717219
CT7033-2,PXN,477,16.129952241132816,0.21166102929722386,0.9975515739988444,0.7858905447016206,-0.19882415743592768
CPI-637,PXN,477,16.129952241132816,0.19862150130388836,1.3898218626923755,1.1912003613884872,-0.19882415743592768
A-366,PXN,477,16.129952241132816,0.18122964040224931,0.6780134541953623,0.496783813793113,-0.19882415743592768
PBD-288,PXN,477,16.129952241132816,0.16086913395787286,0.8723713470625845,0.7115022131047116,-0.19882415743592768
AZD8055,MLLT1,477,16.127436694138026,0.07909896857189894,0.26809611111283466,0.18899714254093572,0.18469140241554896
AZD2014,ILK,464,16.126714046510802,0.13846501496730929,0.6347448294115804,0.4962798144442711,-0.20844651004115441
ERK_2440,ILK,464,16.126714046510802,0.11910541439879055,0.07663106418578824,-0.042474350213002304,-0.20844651004115441
ERK_6604,ILK,464,16.126714046510802,0.1342761631093472,0.025414435013631793,-0.10886172809571541,-0.20844651004115441
AZD5438,ILK,464,16.126714046510802,0.19497978634488297,1.3867583084171824,1.1917785220722994,-0.20844651004115441
IRAK4_4710,ILK,464,16.126714046510802,0.23658340464320624,1.7183332096955037,1.4817498050522975,-0.20844651004115441
JAK1_8709,ILK,464,16.126714046510802,0.2298283301572647,1.8268138130948872,1.5969854829376224,-0.20844651004115441
AZD1208,ILK,464,16.126714046510802,0.2176463043801584,2.0037091984679285,1.78606289408777,-0.20844651004115441
AZD5153,ILK,464,16.126714046510802,0.19682757780107327,1.487237596940682,1.2904100191396086,-0.20844651004115441
JAK_8517,ILK,464,16.126714046510802,0.1434388774445309,1.2371849742575898,1.0937460968130588,-0.20844651004115441
AZD1332,ILK,464,16.126714046510802,0.08779609415919891,0.3562947375146492,0.26849864335545026,-0.20844651004115441
NU7441,PXN,559,16.11179279947495,0.13682219156482858,0.7005074711991308,0.5636852796343023,-0.18859021073949805
EHT-1864,PXN,559,16.11179279947495,0.14142482051273006,0.41671371807708313,0.27528889756435304,-0.18859021073949805
5-azacytidine,MLLT1,476,16.086243646598685,0.13720736609475748,0.7316322913668092,0.5944249252720517,0.18747590396635316
GSK-LSD1-2HCl,MLLT1,476,16.086243646598685,0.1376229434563707,0.6356070912752706,0.4979841478188999,0.18747590396635316
BPD-00008900,PXN,478,16.080892324295853,0.1451919243030389,0.48707913478543324,0.34188721048239434,-0.19773103432779676
Cytarabine,PXN,478,16.080892324295853,0.1834101353378042,1.1147307240005018,0.9313205886626976,-0.19773103432779676
N29087-69-1,PXN,478,16.080892324295853,0.22360509111491594,1.2784494448087482,1.0548443536938323,-0.19773103432779676
N25720-51-A1,PXN,478,16.080892324295853,0.17893398639433397,0.9980109763574947,0.8190769899631607,-0.19773103432779676
N27922-53-1,PXN,478,16.080892324295853,0.18593238793229758,1.084720397407944,0.8987880094756464,-0.19773103432779676
N30652-18-1,PXN,478,16.080892324295853,0.2138542027993366,1.2520702371664145,1.0382160343670779,-0.19773103432779676
BDP-00009066,PXN,478,16.080892324295853,0.18119232170511906,0.5688180425481415,0.38762572084302244,-0.19773103432779676
MIM1,PXN,478,16.080892324295853,0.13572889415233946,0.6527199132838987,0.5169910191315592,-0.19773103432779676
GSK2830371A,TLN1,465,16.080251596441798,0.1981560010898867,1.9263968836987366,1.72824088260885,-0.20252581552225415
Bleomycin,TLN1,465,16.080251596441798,0.12805407735598856,1.02010579456789,0.8920517172119014,-0.20252581552225415
741909,TLN1,465,16.080251596441798,0.08547111198173865,0.6830189128466595,0.5975478008649209,-0.20252581552225415
Bromosporine,TLN1,465,16.080251596441798,0.16541214489560116,1.6003231005468406,1.4349109556512394,-0.20252581552225415
LMB_AB3,TLN1,465,16.080251596441798,0.1699733092959104,1.6639742976129945,1.4940009883170842,-0.20252581552225415
LMB_AB2,TLN1,465,16.080251596441798,0.20044360022756716,2.1027191105131124,1.9022755102855453,-0.20252581552225415
LMP744,TLN1,465,16.080251596441798,0.21245664182334595,1.4792539351244642,1.2667972933011182,-0.20252581552225415
GSK3337463A,TLN1,465,16.080251596441798,0.22150845533151,2.067081668026838,1.8455732126953277,-0.20252581552225415
GSK626616AC,TLN1,465,16.080251596441798,0.21740703432050262,2.1569972843333716,1.939590250012869,-0.20252581552225415
743380,TLN1,465,16.080251596441798,0.1324211337129954,0.8844725720667018,0.7520514383537065,-0.20252581552225415
765771,TLN1,465,16.080251596441798,0.20400892174517343,1.926401348756919,1.7223924270117454,-0.20252581552225415
720427,TLN1,465,16.080251596441798,0.18746212136710155,1.8619497705010402,1.6744876491339387,-0.20252581552225415
BEN,TLN1,465,16.080251596441798,0.2359386891748302,1.3546875640866398,1.1187488749118095,-0.20252581552225415
GSK-LSD1,TLN1,465,16.080251596441798,0.19741360367612878,1.4435326416695253,1.2461190379933966,-0.20252581552225415
Mitoxantrone,TLN1,465,16.080251596441798,0.21656415573216828,1.5533632411019913,1.336799085369823,-0.20252581552225415
123829,TLN1,465,16.080251596441798,0.057432144656534324,0.621454792368153,0.5640226477116187,-0.20252581552225415
150412,TLN1,465,16.080251596441798,0.13341242211939772,1.8655897083480664,1.7321772862286686,-0.20252581552225415
123138,TLN1,465,16.080251596441798,0.1345859247174845,1.6822825205760361,1.5476965958585516,-0.20252581552225415
Fludarabine,TLN1,465,16.080251596441798,0.11540034900091624,1.3684237178053154,1.253023368804399,-0.20252581552225415
50869,TLN1,465,16.080251596441798,0.20957276531491653,2.1455035977264334,1.935930832411517,-0.20252581552225415
L-Oxonoreleagnine,TLN1,465,16.080251596441798,0.17262456582661825,1.7804615441696572,1.6078369783430388,-0.20252581552225415
Acetalax,TLN1,465,16.080251596441798,-0.019195828071662185,0.2143063677271116,0.23350219579877377,-0.20252581552225415
GSK2110183B,TLN1,465,16.080251596441798,0.03812700870683967,1.5523282833118572,1.5142012746050175,-0.20252581552225415
615590,TLN1,465,16.080251596441798,0.1921489420951807,1.5429156688381953,1.3507667267430146,-0.20252581552225415
GSK2256098C,TLN1,465,16.080251596441798,0.17058972875924835,1.736745750086092,1.5661560213268437,-0.20252581552225415
Elephantin,TLN1,465,16.080251596441798,0.10658309126496669,1.8624753507628782,1.7558922594979114,-0.20252581552225415
630600,TLN1,465,16.080251596441798,0.1689898748483017,1.8861113034724128,1.7171214286241112,-0.20252581552225415
GSK2276186C,TLN1,465,16.080251596441798,0.17068521473739062,2.064789780271833,1.8941045655344424,-0.20252581552225415
BDF00022089a,TLN1,465,16.080251596441798,0.13632053618168893,1.1992978225271071,1.062977286345418,-0.20252581552225415
BDILV000379a,TLN1,465,16.080251596441798,0.11253305693779339,1.4376436704826132,1.3251106135448198,-0.20252581552225415
GSK2801,TLN1,465,16.080251596441798,0.19609563384136589,1.956062492072679,1.759966858231313,-0.20252581552225415
Dacarbazine,TLN1,465,16.080251596441798,0.1565145668670581,2.178421795339745,2.0219072284726867,-0.20252581552225415
667880,TLN1,465,16.080251596441798,0.12121323161355156,1.8710885818165843,1.7498753502030329,-0.20252581552225415
BDOCA000347a,TLN1,465,16.080251596441798,0.10998581355167882,1.2654774615498945,1.1554916479982156,-0.20252581552225415
LMB_AB1,TLN1,465,16.080251596441798,0.18912251834514346,2.193297969219408,2.0041754508742646,-0.20252581552225415
Gallibiscoquinazole,TLN1,465,16.080251596441798,0.18658523264353638,1.7870692613333798,1.6004840286898434,-0.20252581552225415
729189,TLN1,465,16.080251596441798,0.12880997653631218,1.8344638872246462,1.705653910688334,-0.20252581552225415
GSK2606414,CD96,535,16.02677683748549,0.22192558861325895,0.598278442469254,0.37635285385599504,-0.20477665228410086
AZD5991,ILK,463,16.024398953583844,0.18152813071598925,1.9974044897206202,1.815876359004631,-0.20776415808813212
Cisplatin,PXN,484,16.000546548080766,0.19813020376192553,1.2861771119362753,1.0880469081743498,-0.19578537268932933
Motesanib,PXN,561,15.980373149472276,0.2315715909530889,1.3605916705082703,1.1290200795551815,-0.1893767212481887
JQ1,PXN,561,15.980373149472276,0.19270675607637947,1.3446557815901683,1.1519490255137887,-0.1893767212481887
Lenalidomide,PXN,561,15.980373149472276,0.2693126768803686,1.5737301407587772,1.3044174638784085,-0.1893767212481887
Lestaurtinib,PXN,561,15.980373149472276,0.1796660317575717,1.5916231579521205,1.4119571261945487,-0.1893767212481887
Bosutinib,PXN,561,15.980373149472276,0.20674692914772005,0.9058277034850467,0.6990807743373266,-0.1893767212481887
IGF1R_3801,ILK,463,15.950135375263178,0.1599494115567059,0.7139727977460842,0.5540233861893784,-0.20707065333564173
AZD8055,CD96,477,15.915353072482969,0.07909896857189894,0.5583231776824669,0.47922420911056796,-0.20921452973705465
5-azacytidine,AURKA,476,15.907668159630745,0.13720736609475748,0.3107529325734317,0.1735455664786742,-0.20874572669186842
GSK-LSD1-2HCl,AURKA,476,15.907668159630745,0.1376229434563707,-0.03952254558728003,-0.1771454890436507,-0.20874572669186842
776928,TLN1,464,15.901025841391036,0.12415327373651983,1.2112519152262222,1.0870986414897024,-0.20148377006368967
AGK2,PXN,558,15.883405771536218,0.1569953701714854,0.8471192609360443,0.6901238907645588,-0.18954051453064896
Methotrexate,CD96,527,15.8378290780038,0.06908032682211968,0.7638020193960455,0.6947216925739259,-0.20355069260290007
AZD8055,AURKA,477,15.836796609530316,0.07909896857189894,0.23648675608588268,0.15738778751398375,-0.20600342450077053
ML323,CD96,536,15.825757059397239,0.17911119316299567,0.5161147006715039,0.3370035075085082,-0.20310438098236433
LY2109761,CD96,536,15.825757059397239,0.1950555917616098,-0.151383432365968,-0.34643902412757777,-0.20310438098236433
Dihydrorotenone,TLN1,464,15.822459810729073,0.09589247606644011,1.4222443044869661,1.326351828420526,-0.2005888472192525
5-azacytidine,PXN,476,15.77931070470478,0.13720736609475748,0.992636273605018,0.8554289075102606,-0.19646296651729214
GSK-LSD1-2HCl,PXN,476,15.77931070470478,0.1376229434563707,1.2893813387903874,1.1517583953340167,-0.19646296651729214
Dinaciclib,CD96,537,15.742372955258642,0.17602894735136937,0.5073032501860407,0.33127430283467135,-0.20358537833562762
Ibrutinib,AURKA,537,15.723879401882552,0.13399737582330856,0.4816828858914524,0.34768551006814385,-0.20190448765497343
Eg5_9814,ILK,461,15.715332911252654,0.15256657097578244,1.5161860049853353,1.3636194340095529,-0.20529291513918507
IOX2,ITGAV,95,15.678690193950992,0.42745021915700115,0.8953826032381189,0.46793238408111776,-0.4351483762597984
BX795,ITGAV,95,15.678690193950992,0.2752206673159552,0.5412623683918827,0.2660417010759275,-0.4351483762597984
Elesclomol,ITGAV,95,15.678690193950992,0.3693949532567993,0.8200092771973555,0.4506143239405562,-0.4351483762597984
CCT-018159,ITGAV,95,15.678690193950992,0.2715537896125783,0.5230279408226101,0.25147415121003175,-0.4351483762597984
CHIR-99021,ITGAV,95,15.678690193950992,0.3603806847318715,0.7784626964934644,0.41808201176159293,-0.4351483762597984
Bicalutamide,ITGAV,95,15.678690193950992,0.4794800601204695,0.6793711868447844,0.19989112672431486,-0.4351483762597984
N-acetyl cysteine,MLLT1,477,15.67310929065384,0.054471960182223764,0.3747848372129441,0.3203128770307203,0.18188409017984708
Mycophenolic acid,UROS,474,15.667288497143932,0.16693267005799012,0.9735817791927829,0.8066491091347927,0.1503647603500415
GSK2830371,MLLT1,472,15.6269630353698,0.20940062284627928,0.9587114971833974,0.7493108743371182,0.18109820630351173
Bleomycin (50 uM),MLLT1,472,15.6269630353698,0.124402167633185,-0.26857172035261623,-0.39297388798580124,0.18109820630351173
AZD5582,CD96,533,15.618942098186753,0.044738784512264915,0.5366809784305687,0.4919421939183038,-0.20160264797584324
Cisplatin,CD96,484,15.615489163578026,0.19813020376192553,0.5302624161650173,0.3321322124030918,-0.20538542179877084
BMS-754807,PXN,560,15.59814028979805,0.15864041314567673,1.1740849973782648,1.015444584232588,-0.18733708152312806
BI-2536,DLG5,548,15.56572386097856,0.2142236952269241,1.2864003783620177,1.0721766831350936,-0.1907892736365468
AZD8055,PXN,477,15.49759203847895,0.07909896857189894,0.41189197319885956,0.3327930046269606,-0.1970855919536836
GSK2830371,UROS,472,15.375551808021996,0.20940062284627928,1.9685864646293008,1.7591858417830215,0.14401929611980102
Bleomycin (50 uM),UROS,472,15.375551808021996,0.124402167633185,0.7207732651250517,0.5963710974918667,0.14401929611980102
Obatoclax Mesylate,MLLT1,496,15.373951935217875,0.09928623989788024,0.3746350348961573,0.275348794998277,0.1794145124903871
HKMTI-1-005,CD96,477,15.368194588907452,0.14688138762992026,0.6547715530765545,0.5078901654466343,-0.20574005239579055
ICL-SIRT078,CD96,477,15.368194588907452,0.12974799372762702,0.5792470692220374,0.44949907549441037,-0.20574005239579055
Alisertib,PXN,562,15.356518145951437,0.19589192278322404,1.1401096020935308,0.9442176793103068,-0.18450548254846605
GSK2830371,AURKA,472,15.35647250183861,0.20940062284627928,0.3028768256955348,0.09347620284925554,-0.20364716840442976
Bleomycin (50 uM),AURKA,472,15.35647250183861,0.124402167633185,0.490961011263983,0.366558843630798,-0.20364716840442976
Cytarabine,AURKA,478,15.309632950386625,0.1834101353378042,0.3403018959514388,0.15689176061363458,-0.2063357963494972
N30652-18-1,AURKA,478,15.309632950386625,0.2138542027993366,0.04816568272221212,-0.16568852007712448,-0.2063357963494972
N27922-53-1,AURKA,478,15.309632950386625,0.18593238793229758,0.2685172444239314,0.0825848564916338,-0.2063357963494972
MIM1,AURKA,478,15.309632950386625,0.13572889415233946,0.293707288779409,0.15797839462706953,-0.2063357963494972
BDP-00009066,AURKA,478,15.309632950386625,0.18119232170511906,0.18071534159447888,-0.0004769801106401794,-0.2063357963494972
N29087-69-1,AURKA,478,15.309632950386625,0.22360509111491594,0.12826334864035033,-0.09534174247456562,-0.2063357963494972
N25720-51-A1,AURKA,478,15.309632950386625,0.17893398639433397,0.11940009895513849,-0.05953388743919548,-0.2063357963494972
BPD-00008900,AURKA,478,15.309632950386625,0.1451919243030389,0.047101899084822575,-0.09809002521821633,-0.2063357963494972
N-acetyl cysteine,CD96,477,15.29726932528273,0.054471960182223764,0.21699803182746422,0.16252607164524047,-0.20440539048176304
Methotrexate,PXN,527,15.25378752682424,0.06908032682211968,0.491793248801409,0.42271292197928934,-0.18454305721262673
GSK269962A,ITGAV,127,15.249943142772858,0.2207332640919142,0.2989511198490739,0.0782178557571597,-0.4192268935133108
PF-4708671,ITGAV,127,15.249943142772858,0.3086976605731276,0.4604698647960708,0.15177220422294324,-0.4192268935133108
AZD6482,ITGAV,127,15.249943142772858,-0.024216293914580175,-0.038964918166098136,-0.014748624251517961,-0.4192268935133108
AZD8055,MSMO1,477,15.246389379244622,0.07909896857189894,0.3521483094387573,0.2730493408668584,0.17053775011228142
Methotrexate,INTS6,527,15.244964114673722,0.06908032682211968,0.22901335181865606,0.1599330249965364,-0.17478179679931474
Obatoclax Mesylate,ILK,496,15.238503928719634,0.09928623989788024,0.5851107490252893,0.48582450912740904,-0.19901205866676105
AGK2,CD96,558,15.227918169088108,0.1569953701714854,0.84203764757032,0.6850422773988345,-0.1965560096003838
Methotrexate,DLG5,527,15.191440558581428,0.06908032682211968,0.8249031718668483,0.7558228450447286,-0.18923999302117067
Nelarabine,ILK,464,15.176386161989774,0.1724743803662855,2.0041398045565497,1.8316654241902641,-0.2034355427316649
Daporinad,PXN,327,15.174088742333081,0.14627215515690623,0.736789627486892,0.5905174723299857,-0.22141075466025667
JAK_8517,UROS,464,15.168427657940866,0.1434388774445309,1.1607102894914445,1.0172714120469135,0.1471852574374695
AZD5438,UROS,464,15.168427657940866,0.19497978634488297,1.6635319434610603,1.4685521571161773,0.1471852574374695
AZD5153,UROS,464,15.168427657940866,0.19682757780107327,1.6447691670106221,1.4479415892095489,0.1471852574374695
ERK_6604,UROS,464,15.168427657940866,0.1342761631093472,0.7013296900380755,0.5670535269287283,0.1471852574374695
ERK_2440,UROS,464,15.168427657940866,0.11910541439879055,0.6580168844984278,0.5389114700996372,0.1471852574374695
AZD1332,UROS,464,15.168427657940866,0.08779609415919891,0.8854956754736474,0.7976995813144485,0.1471852574374695
AZD2014,UROS,464,15.168427657940866,0.13846501496730929,0.8137617955146452,0.675296780547336,0.1471852574374695
IRAK4_4710,UROS,464,15.168427657940866,0.23658340464320624,1.5172394636875106,1.2806560590443044,0.1471852574374695
JAK1_8709,UROS,464,15.168427657940866,0.2298283301572647,1.503712318047931,1.2738839878906663,0.1471852574374695
AZD1208,UROS,464,15.168427657940866,0.2176463043801584,1.6186887531521454,1.401042448771987,0.1471852574374695
630600,ILK,465,15.165022415637074,0.1689898748483017,1.843227942193898,1.6742380673455963,-0.20274900103596274
GSK2256098C,ILK,465,15.165022415637074,0.17058972875924835,1.8093400069917553,1.638750278232507,-0.20274900103596274
GSK2110183B,ILK,465,15.165022415637074,0.03812700870683967,1.2774021775632407,1.239275168856401,-0.20274900103596274
150412,ILK,465,15.165022415637074,0.13341242211939772,1.5319321606018952,1.3985197384824974,-0.20274900103596274
743380,ILK,465,15.165022415637074,0.1324211337129954,0.9444820206050935,0.812060886892098,-0.20274900103596274
LMB_AB1,ILK,465,15.165022415637074,0.18912251834514346,2.2281859085925464,2.039063390247403,-0.20274900103596274
Acetalax,ILK,465,15.165022415637074,-0.019195828071662185,-0.00017406535235232892,0.019021762719309856,-0.20274900103596274
Mitoxantrone,ILK,465,15.165022415637074,0.21656415573216828,1.5610927702043036,1.3445286144721353,-0.20274900103596274
667880,ILK,465,15.165022415637074,0.12121323161355156,1.5958075398105014,1.47459430819695,-0.20274900103596274
741909,ILK,465,15.165022415637074,0.08547111198173865,0.8043291678808767,0.7188580558991381,-0.20274900103596274
Elephantin,ILK,465,15.165022415637074,0.10658309126496669,1.8199723279982318,1.713389236733265,-0.20274900103596274
GSK-LSD1,ILK,465,15.165022415637074,0.19741360367612878,1.5237401654376053,1.3263265617614766,-0.20274900103596274
BDF00022089a,ILK,465,15.165022415637074,0.13632053618168893,1.4436390767527991,1.30731854057111,-0.20274900103596274
729189,ILK,465,15.165022415637074,0.12880997653631218,1.815803780674611,1.6869938041382988,-0.20274900103596274
Dacarbazine,ILK,465,15.165022415637074,0.1565145668670581,2.015406549899091,1.858891983032033,-0.20274900103596274
Bleomycin,ILK,465,15.165022415637074,0.12805407735598856,0.7285073096059023,0.6004532322499136,-0.20274900103596274
L-Oxonoreleagnine,ILK,465,15.165022415637074,0.17262456582661825,1.6037172384317644,1.431092672605146,-0.20274900103596274
GSK2801,ILK,465,15.165022415637074,0.19609563384136589,2.0935193928190543,1.8974237589776883,-0.20274900103596274
BDOCA000347a,ILK,465,15.165022415637074,0.10998581355167882,1.349552797815917,1.239566984264238,-0.20274900103596274
123138,ILK,465,15.165022415637074,0.1345859247174845,1.3452539681322415,1.210668043414757,-0.20274900103596274
BDILV000379a,ILK,465,15.165022415637074,0.11253305693779339,1.803589343395938,1.6910562864581447,-0.20274900103596274
GSK626616AC,ILK,465,15.165022415637074,0.21740703432050262,2.295736971128628,2.0783299368081254,-0.20274900103596274
615590,ILK,465,15.165022415637074,0.1921489420951807,1.5717895414401835,1.3796405993450027,-0.20274900103596274
Bromosporine,ILK,465,15.165022415637074,0.16541214489560116,1.8189663644744587,1.6535542195788575,-0.20274900103596274
720427,ILK,465,15.165022415637074,0.18746212136710155,1.7328903523418524,1.545428230974751,-0.20274900103596274
LMP744,ILK,465,15.165022415637074,0.21245664182334595,1.6418031752014974,1.4293465333781514,-0.20274900103596274
Gallibiscoquinazole,ILK,465,15.165022415637074,0.18658523264353638,1.7023086645229322,1.5157234318793957,-0.20274900103596274
GSK2276186C,ILK,465,15.165022415637074,0.17068521473739062,2.1793381933283644,2.0086529785909737,-0.20274900103596274
50869,ILK,465,15.165022415637074,0.20957276531491653,1.751546035914692,1.5419732705997755,-0.20274900103596274
123829,ILK,465,15.165022415637074,0.057432144656534324,0.2869683890988338,0.2295362444422995,-0.20274900103596274
765771,ILK,465,15.165022415637074,0.20400892174517343,1.6855749219956577,1.4815660002504842,-0.20274900103596274
LMB_AB2,ILK,465,15.165022415637074,0.20044360022756716,2.084222533435526,1.8837789332079589,-0.20274900103596274
LMB_AB3,ILK,465,15.165022415637074,0.1699733092959104,1.6226672416819945,1.4526939323860841,-0.20274900103596274
Fludarabine,ILK,465,15.165022415637074,0.11540034900091624,1.1765969491591597,1.0611966001582434,-0.20274900103596274
GSK2830371A,ILK,465,15.165022415637074,0.1981560010898867,1.9066109990657616,1.708454997975875,-0.20274900103596274
GSK3337463A,ILK,465,15.165022415637074,0.22150845533151,2.195319607731945,1.9738111524004347,-0.20274900103596274
BEN,ILK,465,15.165022415637074,0.2359386891748302,1.4566366142862193,1.220697925111389,-0.20274900103596274
Ibrutinib,CD96,537,15.151122856002452,0.13399737582330856,-0.20266945290770022,-0.3366668287310088,-0.2022886956672681
Obatoclax Mesylate,FDFT1,496,15.146930108158669,0.09928623989788024,0.6251218680976309,0.5258356281997507,0.22855146519390046
CDK9_5038,UROS,463,15.108584859650469,0.17198248883410425,1.5632957933657512,1.391313304531647,0.1467928065083051
CDK9_5576,UROS,463,15.108584859650469,0.19081668059104576,1.4600770989721819,1.269260418381136,0.1467928065083051
BMS-345541,CD96,537,15.105595708715791,0.2906204401272033,0.8352926765082593,0.5446722363810561,-0.20261850391662795
IAP_5620,TLN1,461,15.084679711537504,-0.008082069766990886,0.8816048969884073,0.8896869667553982,-0.20146466755916914
AZD5991,UROS,463,15.06091743320392,0.18152813071598925,1.5983986836640116,1.4168705529480223,0.14618598984987602
Cisplatin,INTS6,484,15.045487721677624,0.19813020376192553,0.7041043146361861,0.5059741108742606,-0.17725068623565016
PBD-288,AURKA,477,15.044582142509466,0.16086913395787286,-0.04055117895122878,-0.20142031290910165,-0.2042227327498458
CT7033-2,AURKA,477,15.044582142509466,0.21166102929722386,0.2637596833131558,0.052098654015931944,-0.2042227327498458
A-366,AURKA,477,15.044582142509466,0.18122964040224931,0.17136445023524013,-0.00986519016700918,-0.2042227327498458
CPI-637,AURKA,477,15.044582142509466,0.19862150130388836,-0.05007818430908449,-0.24869968561297284,-0.2042227327498458
PAK_5339,UROS,463,15.00952087347581,0.1604469079194713,1.4717772831348703,1.311330375215399,0.146180065558929
776928,ILK,464,15.003129396727187,0.12415327373651983,1.5748026113137725,1.4506493375772527,-0.20163897010597326
Bortezomib,FDFT1,566,14.985130078510661,0.06586564625027966,0.4817995865742543,0.4159339403239747,0.20888790941012714
Obatoclax Mesylate,INTS6,496,14.960981322728053,0.09928623989788024,-0.1804725632831135,-0.2797588031809938,-0.1802796249638594
Obatoclax Mesylate,AURKA,496,14.93885657938817,0.09928623989788024,0.2806872968495443,0.18140105695166406,-0.1941671534583847
Mycophenolic acid,MLLT1,474,14.9099832680105,0.16693267005799012,0.49663716073471276,0.32970449067672264,0.18546434864424427
GSK2830371,CD96,472,14.903438312615515,0.20940062284627928,0.6961801263414182,0.486779503495139,-0.20211740587880722
Bleomycin (50 uM),CD96,472,14.903438312615515,0.124402167633185,0.00449282208743145,-0.11990934554575355,-0.20211740587880722
Dihydrorotenone,ILK,464,14.89695244834542,0.09589247606644011,0.863742296591892,0.7678498205254518,-0.20064866890737726
IAP_5620,ILK,461,14.851385290065561,-0.008082069766990886,1.1788974911006327,1.1869795608676237,-0.20481939073847027
N30652-18-1,CD96,478,14.849552097178098,0.2138542027993366,0.7726680599372453,0.5588138571379087,-0.20260333771020966
N29087-69-1,CD96,478,14.849552097178098,0.22360509111491594,0.7427366504810133,0.5191315593660975,-0.20260333771020966
MIM1,CD96,478,14.849552097178098,0.13572889415233946,0.5689871578519412,0.43325826369960174,-0.20260333771020966
Cytarabine,CD96,478,14.849552097178098,0.1834101353378042,0.48531240645463286,0.30190227111682866,-0.20260333771020966
N25720-51-A1,CD96,478,14.849552097178098,0.17893398639433397,0.3909196039521452,0.21198561755781123,-0.20260333771020966
N27922-53-1,CD96,478,14.849552097178098,0.18593238793229758,0.5704053229361234,0.38447293500382584,-0.20260333771020966
BDP-00009066,CD96,478,14.849552097178098,0.18119232170511906,0.26715234986374703,0.08596002815862797,-0.20260333771020966
BPD-00008900,CD96,478,14.849552097178098,0.1451919243030389,0.14578295772698918,0.0005910334239502824,-0.20260333771020966
IGF1R_3801,UROS,463,14.843768673599854,0.1599494115567059,1.0200308897200117,0.8600814781633057,0.14513593950549336
Mycophenolic acid,AURKA,474,14.838959515899361,0.16693267005799012,0.1796699776185635,0.012737307560573369,-0.20306073611250008
Daporinad,MSMO1,327,14.80677499397853,0.14627215515690623,0.3806443108151555,0.23437215565824926,0.20538007569528052
N-acetyl cysteine,PXN,477,14.797344455957873,0.054471960182223764,0.5465959142048027,0.4921239540225789,-0.18662467750185252
Bleomycin (50 uM),PXN,472,14.759186044873783,0.124402167633185,0.2906771460235397,0.1662749783903547,-0.1903581481622651
GSK2830371,PXN,472,14.759186044873783,0.20940062284627928,1.5970282282208805,1.3876276053746013,-0.1903581481622651
Eg5_9814,UROS,461,14.75547703995482,0.15256657097578244,1.3370991305693498,1.1845325595935674,0.14373315075003282
AZD6482,ITGB5,127,14.728714571943316,-0.024216293914580175,0.19445761661870234,0.2186739105332825,-0.36529222909636294
GSK269962A,ITGB5,127,14.728714571943316,0.2207332640919142,0.29061379722945124,0.06988053313753703,-0.36529222909636294
PF-4708671,ITGB5,127,14.728714571943316,0.3086976605731276,0.6674863230014204,0.3587886624282928,-0.36529222909636294
GSK2830371,USP19,472,14.658539032773655,0.20940062284627928,0.91151181677808,0.7021111939318008,-0.19450727952418853
Bleomycin (50 uM),USP19,472,14.658539032773655,0.124402167633185,0.15081292151467482,0.02641075388148982,-0.19450727952418853
Afatinib,FDFT1,570,14.649452983024638,0.10945486658595209,0.020318903102309396,-0.0891359634836427,0.212434633532267
N-acetyl cysteine,AURKA,477,14.637841624722771,0.054471960182223764,0.01821563774646372,-0.03625632243576005,-0.196731554388551
ICL-SIRT078,INTS6,477,14.63249627580325,0.12974799372762702,0.02416529829196788,-0.10558269543565914,-0.17416901235902899
HKMTI-1-005,INTS6,477,14.63249627580325,0.14688138762992026,0.13736186853369994,-0.009519519096220314,-0.17416901235902899
BI-2536,PXN,548,14.61094299134583,0.2142236952269241,1.392181241916916,1.1779575466899919,-0.18385073411620687
PAK_5339,CD96,463,14.5477223671598,0.1604469079194713,0.4762576496065227,0.3158107416870514,-0.20782243376642717
AZ6102,FDFT1,563,14.529814202738967,0.1007729652171064,1.07865925550348,0.9778862902863735,0.21360160612388526
LJI308,FDFT1,563,14.529814202738967,0.2227666981307513,0.8496781903573505,0.6269114922265991,0.21360160612388526
GSK591,FDFT1,562,14.502026165685413,0.1897061326624742,0.6282141534280561,0.43850802076558193,0.21347219190831138
Obatoclax Mesylate,CD96,496,14.497569987820693,0.09928623989788024,0.026414797653846994,-0.07287144224403325,-0.19886936477122755
A-366,CD96,477,14.405616509492111,0.18122964040224931,0.6442337145737493,0.4630040741715,-0.19950370611653517
CT7033-2,CD96,477,14.405616509492111,0.21166102929722386,0.8415819216558228,0.6299208923585989,-0.19950370611653517
PBD-288,CD96,477,14.405616509492111,0.16086913395787286,0.8973462904799733,0.7364771565221004,-0.19950370611653517
CPI-637,CD96,477,14.405616509492111,0.19862150130388836,0.6813368885018927,0.48271538719800433,-0.19950370611653517
Nelarabine,FDFT1,464,14.383913141939253,0.1724743803662855,0.7918292315420167,0.6193548511757312,0.23728717053025078
776928,FDFT1,464,14.360368320300253,0.12415327373651983,0.5965025392798423,0.47234926554332246,0.2357100642182218
GSK-LSD1-2HCl,CD96,476,14.34828025749729,0.1376229434563707,0.5994264233486214,0.4618034798922507,-0.1992491773273361
5-azacytidine,CD96,476,14.34828025749729,0.13720736609475748,0.6234253882404787,0.4862180221457212,-0.1992491773273361
Navitoclax,FDFT1,571,14.328817042424781,0.13340722263350172,1.4555008530480074,1.3220936304145057,0.21118726420597558
765771,FDFT1,465,14.296058921075929,0.20400892174517343,1.0133979027602833,0.8093889810151098,0.23455603985353302
GSK2801,FDFT1,465,14.296058921075929,0.19609563384136589,0.40552871678096514,0.20943308293959925,0.23455603985353302
GSK2256098C,FDFT1,465,14.296058921075929,0.17058972875924835,0.7395788503121847,0.5689891215529363,0.23455603985353302
150412,FDFT1,465,14.296058921075929,0.13341242211939772,0.49549835753700455,0.3620859354176068,0.23455603985353302
L-Oxonoreleagnine,FDFT1,465,14.296058921075929,0.17262456582661825,0.5310216962295464,0.3583971304029282,0.23455603985353302
729189,FDFT1,465,14.296058921075929,0.12880997653631218,0.4924409785008919,0.36363100196457976,0.23455603985353302
Acetalax,FDFT1,465,14.296058921075929,-0.019195828071662185,0.32489280731516307,0.34408863538682527,0.23455603985353302
Elephantin,FDFT1,465,14.296058921075929,0.10658309126496669,0.37783736875582863,0.27125427749086195,0.23455603985353302
123138,FDFT1,465,14.296058921075929,0.1345859247174845,0.7084593439372653,0.5738734192197807,0.23455603985353302
BDOCA000347a,FDFT1,465,14.296058921075929,0.10998581355167882,-0.05594348405040523,-0.16592929760208405,0.23455603985353302
Bleomycin,FDFT1,465,14.296058921075929,0.12805407735598856,0.052362537590429775,-0.07569153976555879,0.23455603985353302
743380,FDFT1,465,14.296058921075929,0.1324211337129954,0.33031709310129365,0.19789595938829824,0.23455603985353302
Dacarbazine,FDFT1,465,14.296058921075929,0.1565145668670581,0.9756219366825406,0.8191073698154825,0.23455603985353302
741909,FDFT1,465,14.296058921075929,0.08547111198173865,0.2831421146391073,0.19767100265736867,0.23455603985353302
Gallibiscoquinazole,FDFT1,465,14.296058921075929,0.18658523264353638,0.7215994306197845,0.5350141979762482,0.23455603985353302
615590,FDFT1,465,14.296058921075929,0.1921489420951807,0.4778497311423323,0.28570078904715157,0.23455603985353302
Mitoxantrone,FDFT1,465,14.296058921075929,0.21656415573216828,0.5120249567689081,0.2954608010367399,0.23455603985353302
LMP744,FDFT1,465,14.296058921075929,0.21245664182334595,0.6654284123809162,0.45297177055757026,0.23455603985353302
BDILV000379a,FDFT1,465,14.296058921075929,0.11253305693779339,0.24100344326478376,0.12847038632699037,0.23455603985353302
GSK2110183B,FDFT1,465,14.296058921075929,0.03812700870683967,0.8030092257422001,0.7648822170353604,0.23455603985353302
GSK626616AC,FDFT1,465,14.296058921075929,0.21740703432050262,1.024899396868035,0.8074923625475325,0.23455603985353302
BEN,FDFT1,465,14.296058921075929,0.2359386891748302,0.979452927449819,0.7435142382749889,0.23455603985353302
GSK2830371A,FDFT1,465,14.296058921075929,0.1981560010898867,0.774527190759293,0.5763711896694063,0.23455603985353302
Bromosporine,FDFT1,465,14.296058921075929,0.16541214489560116,0.378805162571301,0.21339301767569982,0.23455603985353302
GSK-LSD1,FDFT1,465,14.296058921075929,0.19741360367612878,0.11883092633219201,-0.07858267734393677,0.23455603985353302
667880,FDFT1,465,14.296058921075929,0.12121323161355156,0.8659770841386778,0.7447638525251262,0.23455603985353302
50869,FDFT1,465,14.296058921075929,0.20957276531491653,0.4855167062703351,0.2759439409554186,0.23455603985353302
BDF00022089a,FDFT1,465,14.296058921075929,0.13632053618168893,0.097508914470238,-0.03881162171145093,0.23455603985353302
Fludarabine,FDFT1,465,14.296058921075929,0.11540034900091624,0.7180141080041437,0.6026137590032274,0.23455603985353302
LMB_AB2,FDFT1,465,14.296058921075929,0.20044360022756716,0.9661312329354154,0.7656876327078482,0.23455603985353302
720427,FDFT1,465,14.296058921075929,0.18746212136710155,0.8444855436824807,0.6570234223153792,0.23455603985353302
GSK2276186C,FDFT1,465,14.296058921075929,0.17068521473739062,0.5578328456878612,0.38714763095047056,0.23455603985353302
123829,FDFT1,465,14.296058921075929,0.057432144656534324,-0.16120684581111924,-0.21863899046765356,0.23455603985353302
LMB_AB3,FDFT1,465,14.296058921075929,0.1699733092959104,0.6062410372580026,0.43626772796209223,0.23455603985353302
LMB_AB1,FDFT1,465,14.296058921075929,0.18912251834514346,0.9260119249996401,0.7368894066544966,0.23455603985353302
630600,FDFT1,465,14.296058921075929,0.1689898748483017,0.657501905014134,0.4885120301658323,0.23455603985353302
GSK3337463A,FDFT1,465,14.296058921075929,0.22150845533151,1.052920553680837,0.8314120983493271,0.23455603985353302
Daporinad,USP19,327,14.260097590591858,0.14627215515690623,1.1179160122369451,0.971643857080039,-0.23243901066240924
Dasatinib,FDFT1,567,14.223416656178347,3.317231664344318e-07,-0.4895975177720699,-0.4895978494952363,0.20792981946119857
Crizotinib,FDFT1,570,14.218261883204182,0.20831242050621987,0.7964587851697899,0.58814636466357,0.21080348694598372
5-Fluorouracil,FDFT1,572,14.208758126909295,0.2194981237127345,0.5705797697032554,0.35108164599052094,0.21007657035201255
MK-2206,FDFT1,572,14.208758126909295,0.12257217807051381,0.9480612952546698,0.825489117184156,0.21007657035201255
MG-132,FDFT1,572,14.208758126909295,0.054781053896252575,0.3138271262646554,0.2590460723684028,0.21007657035201255
Nutlin-3a (-),FDFT1,572,14.208758126909295,0.19310384639952194,0.7056913399908828,0.5125874935913609,0.21007657035201255
PD173074,FDFT1,572,14.208758126909295,0.18671510577560615,0.761188918753289,0.5744738129776829,0.21007657035201255
Docetaxel,FDFT1,572,14.208758126909295,0.17089318479611823,0.27788829326836656,0.10699510847224833,0.21007657035201255
IAP_5620,AURKA,461,14.174462721635335,-0.008082069766990886,-0.27568528845858753,-0.26760321869159664,-0.1980784659083254
JNK Inhibitor VIII,FDFT1,563,14.120472288719222,0.197582461689642,0.6829725403065297,0.48539007861688765,0.20823905079670735
IGF1R_3801,FDFT1,463,14.10783775280149,0.1599494115567059,0.316228490640305,0.15627907908359912,0.23300913356398564
Dactinomycin,FDFT1,569,14.096737634011253,0.2217488468635391,0.5382833600507796,0.31653451318724046,0.20893658128588383
AZD8055,USP19,477,14.096728003751027,0.07909896857189894,0.0940246330795149,0.014925664507615968,-0.1895240925769534
EPZ5676,FDFT1,568,14.08599687612317,0.26784447427088004,0.9552775050510285,0.6874330307801484,0.20760519636729446
AT13148,FDFT1,562,14.082667867248464,0.09859446087359527,0.3626341286287995,0.26403966775520427,0.21036773946531365
Eg5_9814,FDFT1,461,14.065447684824997,0.15256657097578244,0.31946724060381443,0.166900669628032,0.23454155954391737
Mycophenolic acid,CD96,474,14.063857002815608,0.16693267005799012,0.5837605668030406,0.41682789674505044,-0.1963116343860964
Olaparib,FDFT1,571,14.054171213183276,0.20191035823368397,1.0732406574118456,0.8713302991781616,0.20861186007282417
MIRA-1,FDFT1,571,14.054171213183276,0.18785771590034817,0.8293630591088897,0.6415053432085416,0.20861186007282417
Camptothecin,FDFT1,571,14.054171213183276,0.1979871779634431,0.7754889664129205,0.5775017884494774,0.20861186007282417
Lapatinib,FDFT1,571,14.054171213183276,0.08445848111686635,0.4342835082366462,0.3498250271197798,0.20861186007282417
Oxaliplatin,FDFT1,571,14.054171213183276,0.2657031102275074,1.1470593563035705,0.8813562460760631,0.20861186007282417
Linsitinib,FDFT1,571,14.054171213183276,0.22018722358495654,0.9490279265874144,0.7288407030024578,0.20861186007282417
MK-1775,FDFT1,571,14.054171213183276,0.2282855729816046,0.952571578318171,0.7242860053365664,0.20861186007282417
PD0325901,FDFT1,571,14.054171213183276,0.08956246237943777,0.10857166710096362,0.019009204721525855,0.20861186007282417
Gemcitabine,FDFT1,571,14.054171213183276,0.21828701803109102,0.6821611244353973,0.4638741064043063,0.20861186007282417
AZD3759,FDFT1,571,14.054171213183276,0.14690781758177332,0.040995651491338936,-0.10591216609043438,0.20861186007282417
OSI-027,FDFT1,565,13.970113998889754,0.05115007630981224,0.7271731762657756,0.6760230999559633,0.2072936162228803
GW441756,FDFT1,565,13.933538810508924,0.14023046002084436,0.5419105181427926,0.4016800581219482,0.20776407123557813
CDK9_5576,AURKA,463,13.933201429668758,0.19081668059104576,0.4320724210946958,0.24125574050365003,-0.19703115645060976
CDK9_5038,AURKA,463,13.933201429668758,0.17198248883410425,0.06150361245573784,-0.1104788763783664,-0.19703115645060976
Axitinib,FDFT1,567,13.919223017742679,0.18626014427652626,1.2512954158506566,1.0650352715741302,0.20929924528192578
Dihydrorotenone,FDFT1,464,13.904873604190524,0.09589247606644011,0.3913759171884459,0.29548344112200575,0.23199883720092157
GSK1904529A,FDFT1,570,13.898354848986099,0.18172481933496568,0.993345437824669,0.8116206184897033,0.20708897226522704
Luminespib,FDFT1,570,13.898354848986099,0.09728320854179227,-0.23121157747096713,-0.3284947860127594,0.20708897226522704
Irinotecan,FDFT1,570,13.898354848986099,0.21827951516117608,0.8377510417759648,0.6194715266147888,0.20708897226522704
EPZ004777,FDFT1,570,13.898354848986099,0.2608164638823929,1.059313437992061,0.7984969741096681,0.20708897226522704
LGK974,FDFT1,570,13.898354848986099,0.216576537076208,1.1177291692017841,0.9011526321255761,0.20708897226522704
Alpelisib,FDFT1,570,13.898354848986099,0.1754072902812252,0.4452943896946034,0.2698870994133782,0.20708897226522704
Fulvestrant,FDFT1,570,13.898354848986099,0.2051883649728587,1.140125313419835,0.9349369484469763,0.20708897226522704
GSK343,FDFT1,570,13.898354848986099,0.20393028131039767,0.7488808406417459,0.5449505593313482,0.20708897226522704
BIBR-1532,FDFT1,565,13.876478442289901,0.16884627583499334,0.4980234685504896,0.3291771927154963,0.2075076529610855
Foretinib,FDFT1,565,13.876478442289901,0.1679932053846095,0.48331790730846497,0.3153247019238555,0.2075076529610855
GSK269962A,HEMK2,127,13.87302086090115,0.2207332640919142,0.25196719445678406,0.03123393036486985,0.31193171166104233
PF-4708671,HEMK2,127,13.87302086090115,0.3086976605731276,0.4298419964883526,0.121144335915225,0.31193171166104233
AZD6482,HEMK2,127,13.87302086090115,-0.024216293914580175,-0.0004738486977788124,0.023742445216801362,0.31193171166104233
ABT737,FDFT1,566,13.872163108673222,0.1791747082330155,1.535038806964436,1.3558640987314206,0.20963535759495608
MK-8776,FDFT1,564,13.86749877127661,0.19416805572230258,1.070389898932379,0.8762218432100765,0.20759006492440207
ERK_6604,FDFT1,464,13.8674271906482,0.1342761631093472,0.4043457824370598,0.2700696193277126,0.22980405394042336
AZD5438,FDFT1,464,13.8674271906482,0.19497978634488297,0.6984355050149397,0.5034557186700567,0.22980405394042336
IRAK4_4710,FDFT1,464,13.8674271906482,0.23658340464320624,0.2427309540336925,0.006147549390486257,0.22980405394042336
AZD5153,FDFT1,464,13.8674271906482,0.19682757780107327,0.5963335037910631,0.3995059259899898,0.22980405394042336
AZD1208,FDFT1,464,13.8674271906482,0.2176463043801584,1.3037536593826948,1.0861073550025364,0.22980405394042336
JAK_8517,FDFT1,464,13.8674271906482,0.1434388774445309,0.4849975611946673,0.3415586837501364,0.22980405394042336
AZD1332,FDFT1,464,13.8674271906482,0.08779609415919891,0.03683862692058623,-0.05095746723861268,0.22980405394042336
JAK1_8709,FDFT1,464,13.8674271906482,0.2298283301572647,0.4577983065485201,0.2279699763912554,0.22980405394042336
ERK_2440,FDFT1,464,13.8674271906482,0.11910541439879055,0.17127521326804315,0.052169798869252604,0.22980405394042336
AZD2014,FDFT1,464,13.8674271906482,0.13846501496730929,0.3007864205207854,0.16232140555347613,0.22980405394042336
AZD6482,INTS6,127,13.852993898553352,-0.024216293914580175,0.3209631454470004,0.3451794393615806,-0.34181078927634045
GSK269962A,INTS6,127,13.852993898553352,0.2207332640919142,0.3705156854861565,0.14978242139424228,-0.34181078927634045
PF-4708671,INTS6,127,13.852993898553352,0.3086976605731276,0.531926296523575,0.22322863595044745,-0.34181078927634045
IAP_5620,UROS,461,13.84570763041442,-0.008082069766990886,0.969453017151924,0.9775350869189149,0.14358457726372473
CDK9_5038,FDFT1,463,13.844903749304134,0.17198248883410425,0.6021242163845041,0.4301417275503998,0.23038310092380243
CDK9_5576,FDFT1,463,13.844903749304134,0.19081668059104576,0.6400824639990135,0.44926578340796774,0.23038310092380243
Erlotinib,FDFT1,565,13.818351533902387,0.11564232149513366,0.01340283959440356,-0.1022394819007301,0.2067463155674635
ERK_2440,AURKA,464,13.80873320663221,0.11910541439879055,0.5403949351412622,0.4212895207424717,-0.19545931764835897
AZD1332,AURKA,464,13.80873320663221,0.08779609415919891,0.3139303873092645,0.22613429315006556,-0.19545931764835897
AZD5153,AURKA,464,13.80873320663221,0.19682757780107327,0.2025410551336342,0.005713477332560946,-0.19545931764835897
AZD1208,AURKA,464,13.80873320663221,0.2176463043801584,0.35291567513943356,0.13526937075927517,-0.19545931764835897
IRAK4_4710,AURKA,464,13.80873320663221,0.23658340464320624,0.614507345456181,0.37792394081297476,-0.19545931764835897
JAK1_8709,AURKA,464,13.80873320663221,0.2298283301572647,0.5518435716883568,0.3220152415310922,-0.19545931764835897
JAK_8517,AURKA,464,13.80873320663221,0.1434388774445309,0.107583430901341,-0.03585544654318991,-0.19545931764835897
AZD5438,AURKA,464,13.80873320663221,0.19497978634488297,0.3490364865938333,0.15405670024895032,-0.19545931764835897
ERK_6604,AURKA,464,13.80873320663221,0.1342761631093472,0.490415182605551,0.3561390194962038,-0.19545931764835897
AZD2014,AURKA,464,13.80873320663221,0.13846501496730929,0.5725512061520984,0.43408619118478914,-0.19545931764835897
AZD5991,AURKA,463,13.794748839680041,0.18152813071598925,0.02597560309644612,-0.15555252761954314,-0.19566590964706698
AZD7762,FDFT1,569,13.790042120701257,0.17656345080487745,0.621296114267152,0.4447326634622746,0.20731805503262848
AZD5991,FDFT1,463,13.789507361603066,0.18152813071598925,0.9903207139919458,0.8087925832759565,0.22928360088559682
Ibrutinib,FDFT1,537,13.787261580292938,0.13399737582330856,0.28468131512795913,0.15068393930465057,0.21694199249438254
CT7033-2,INTS6,477,13.734878146021178,0.21166102929722386,0.5475863604979027,0.3359253312006788,-0.17610350368931024
PBD-288,INTS6,477,13.734878146021178,0.16086913395787286,0.32309475298402374,0.16222561902615087,-0.17610350368931024
A-366,INTS6,477,13.734878146021178,0.18122964040224931,0.5017431081161547,0.32051346771390543,-0.17610350368931024
CPI-637,INTS6,477,13.734878146021178,0.19862150130388836,1.0574492388205867,0.8588277375166984,-0.17610350368931024
IAP_5620,FDFT1,461,13.732602069802082,-0.008082069766990886,0.08617022963607966,0.09425229940307055,0.2288844985063037
P22077,FDFT1,567,13.672447236524757,0.1507318258225852,0.987323153072287,0.8365913272497019,0.2069613730017851
GSK2578215A,FDFT1,567,13.672447236524757,0.16106910237369965,0.6677846803472557,0.506715577973556,0.2069613730017851
Gefitinib,FDFT1,567,13.672447236524757,0.1566692707838535,0.08474883022946442,-0.07192044055438909,0.2069613730017851
AZD5363,FDFT1,567,13.672447236524757,0.06692939007913745,0.3369492062532105,0.27001981617407306,0.2069613730017851
AGI-5198,FDFT1,567,13.672447236524757,0.14917475740634037,0.6266200214030319,0.4774452639966915,0.2069613730017851
Ipatasertib,FDFT1,567,13.672447236524757,0.056291894367077114,0.6471603434718946,0.5908684491048174,0.2069613730017851
Epirubicin,FDFT1,567,13.672447236524757,0.18043675143070056,0.4875769891407737,0.30714023771007315,0.2069613730017851
GDC0810,FDFT1,567,13.672447236524757,0.1440082007533468,0.8486405716611544,0.7046323709078075,0.2069613730017851
Afuresertib,FDFT1,567,13.672447236524757,0.05607579510310348,0.5835926701380618,0.5275168750349584,0.2069613730017851
AZD6738,FDFT1,567,13.672447236524757,0.17750058632024893,0.6954742952318821,0.5179737089116332,0.2069613730017851
Buparlisib,FDFT1,567,13.672447236524757,0.16229622503791616,0.5142273520192584,0.3519311269813422,0.2069613730017851
Dactolisib,FDFT1,567,13.672447236524757,0.1281979935231402,0.20760256729708904,0.07940457377394883,0.2069613730017851
BMS-536924,FDFT1,567,13.672447236524757,0.12880118837570362,0.06979882040710336,-0.059002367968600256,0.2069613730017851
NVP-ADW742,FDFT1,567,13.672447236524757,0.1771537013202507,0.802645327718352,0.6254916263981012,0.2069613730017851
Cediranib,FDFT1,567,13.672447236524757,0.12041081921677685,0.3935506734589477,0.2731398542421708,0.2069613730017851
I-BRD9,FDFT1,567,13.672447236524757,0.2265635290285338,0.7753118943381617,0.5487483653096279,0.2069613730017851
AZD8186,FDFT1,567,13.672447236524757,0.05517264793066273,0.18794987358408446,0.13277722565342173,0.2069613730017851
Cyclophosphamide,FDFT1,567,13.672447236524757,0.16546611449497234,0.7881272880251047,0.6226611735301324,0.2069613730017851
Osimertinib,FDFT1,566,13.671622775789281,0.11078268956935403,0.2732584282058598,0.1624757386365058,0.2061623112125004
PAK_5339,FDFT1,463,13.66466415559421,0.1604469079194713,0.5900540329466843,0.42960712502721304,0.2282035663747885
Eg5_9814,CD96,461,13.66311400591073,0.15256657097578244,0.7349936436679045,0.5824270726921221,-0.2040194456114479
AZD4547,FDFT1,568,13.637949495882133,0.137150987969838,0.7292296301186423,0.5920786421488042,0.20584405999886585
IGF1R_3801,AURKA,463,13.611019388932363,0.1599494115567059,0.1984457833612417,0.0384963718045358,-0.19391510031638126
AZD1332,CD96,464,13.586145873006656,0.08779609415919891,0.11452656981875098,0.02673047565955207,-0.20244007620658422
JAK_8517,CD96,464,13.586145873006656,0.1434388774445309,0.5751248647930277,0.43168598734849684,-0.20244007620658422
AZD5153,CD96,464,13.586145873006656,0.19682757780107327,0.4250163170485151,0.22818873924744185,-0.20244007620658422
AZD2014,CD96,464,13.586145873006656,0.13846501496730929,0.27398788318438944,0.13552286821708015,-0.20244007620658422
AZD1208,CD96,464,13.586145873006656,0.2176463043801584,0.8924934970588534,0.674847192678695,-0.20244007620658422
JAK1_8709,CD96,464,13.586145873006656,0.2298283301572647,0.6672481187390628,0.4374197885817981,-0.20244007620658422
ERK_6604,CD96,464,13.586145873006656,0.1342761631093472,0.11610900217055634,-0.018167160938790866,-0.20244007620658422
IRAK4_4710,CD96,464,13.586145873006656,0.23658340464320624,0.41289799117926695,0.17631458653606072,-0.20244007620658422
ERK_2440,CD96,464,13.586145873006656,0.11910541439879055,0.09423129233390858,-0.024874122064881973,-0.20244007620658422
AZD5438,CD96,464,13.586145873006656,0.19497978634488297,0.2684783219953575,0.07349853565047451,-0.20244007620658422
Dabrafenib,FDFT1,565,13.555244493278847,0.12714255535279503,0.8320537425001376,0.7049111871473426,0.2041237168274659
CDK9_5576,CD96,463,13.555190639024113,0.19081668059104576,0.45260998621594706,0.26179330562490133,-0.20227391213091664
CDK9_5038,CD96,463,13.555190639024113,0.17198248883410425,0.5443300816254296,0.37234759279132534,-0.20227391213091664
N25720-51-A1,INTS6,478,13.552227646476142,0.17893398639433397,0.4420165044656421,0.2630825180713081,-0.17144944927556294
N27922-53-1,INTS6,478,13.552227646476142,0.18593238793229758,0.4872773476884155,0.30134495975611797,-0.17144944927556294
BPD-00008900,INTS6,478,13.552227646476142,0.1451919243030389,0.42307370710975734,0.27788178280671844,-0.17144944927556294
N29087-69-1,INTS6,478,13.552227646476142,0.22360509111491594,0.6022103088993546,0.3786052177844386,-0.17144944927556294
Cytarabine,INTS6,478,13.552227646476142,0.1834101353378042,0.5415488572421916,0.3581387219043874,-0.17144944927556294
BDP-00009066,INTS6,478,13.552227646476142,0.18119232170511906,0.5948545059723246,0.4136621842672055,-0.17144944927556294
MIM1,INTS6,478,13.552227646476142,0.13572889415233946,0.6128726238698079,0.47714372971746843,-0.17144944927556294
N30652-18-1,INTS6,478,13.552227646476142,0.2138542027993366,0.4962915407887471,0.2824373379894105,-0.17144944927556294
PAK_5339,AURKA,463,13.496611295452027,0.1604469079194713,0.6472858989226082,0.48683899100313693,-0.19311229844111347
Nilotinib,FDFT1,565,13.493818023362147,0.13290593436200063,1.144007758469986,1.0111018241079852,0.20502750142547005
5-azacytidine,INTS6,476,13.467123319161173,0.13720736609475748,0.1926339512826343,0.055426585187876826,-0.173719092403595
GSK-LSD1-2HCl,INTS6,476,13.467123319161173,0.1376229434563707,0.5493920226236811,0.4117690791673104,-0.173719092403595
Mycophenolic acid,INTS6,474,13.466873435966109,0.16693267005799012,0.19665112547415642,0.0297184554161663,-0.17272335708541034
AZD5991,CD96,463,13.438359351307037,0.18152813071598925,0.7477314564721377,0.5662033257561484,-0.20123510584894358
Eg5_9814,AURKA,461,13.408015496768762,0.15256657097578244,-0.1508889185748692,-0.3034554895506516,-0.192166270021594
Nelarabine,UROS,464,13.383415019276766,0.1724743803662855,1.703091533585298,1.5306171532190125,0.14437195636139988
LY2109761,FDFT1,536,13.357878043343785,0.1950555917616098,0.6949340963176457,0.4998785045560359,0.213454187840103
ML323,FDFT1,536,13.357878043343785,0.17911119316299567,0.8121371733686117,0.633025980205616,0.213454187840103
KU-55933,FDFT1,566,13.351744044001446,0.18441391232983725,0.8366319846375512,0.6522180723077139,0.2039296290836364
Doramapimod,FDFT1,566,13.351744044001446,0.08998519069848925,0.5933066939384656,0.5033215032399764,0.2039296290836364
Entinostat,FDFT1,539,13.273093785489348,0.2029798899162391,1.195837390294883,0.9928575003786437,0.21276454707150402
IGF1R_3801,CD96,463,13.26283267100161,0.1599494115567059,0.7079308631828154,0.5479814516261095,-0.20049614123122722
IAP_5620,CD96,461,13.254493549595818,-0.008082069766990886,0.37325677734610624,0.3813388471130971,-0.1996368339761719
Avagacestat,FDFT1,564,13.181788313147026,0.2186140732734649,0.7335527265405594,0.5149386532670944,0.20350397128116085
Dihydrorotenone,UROS,464,13.171513122644308,0.09589247606644011,0.5465942538461223,0.4507017777796821,0.14198281267643195
HKMTI-1-005,ILK,477,13.169597347930754,0.14688138762992026,1.8839755770908264,1.7370941894609062,-0.19125878819199582
ICL-SIRT078,ILK,477,13.169597347930754,0.12974799372762702,1.8056200050022788,1.675872011274652,-0.19125878819199582
CZC24832,FDFT1,538,13.169075915564312,0.21465168187537986,0.87003400938968,0.6553823275143001,0.21287574428141157
PFI3,FDFT1,538,13.169075915564312,0.20355317538579845,0.8637097675128972,0.6601565921270988,0.21287574428141157
Entospletinib,FDFT1,538,13.169075915564312,0.1158141026944653,-0.08300998497710106,-0.19882408767156637,0.21287574428141157
AGI-6780,FDFT1,538,13.169075915564312,0.18417938725194427,0.895922453165342,0.7117430659133978,0.21287574428141157
I-BET-762,FDFT1,538,13.169075915564312,0.2378633061010216,0.5547660148378507,0.31690270873682913,0.21287574428141157
MN-64,FDFT1,538,13.169075915564312,0.1751033031060035,0.4959425373646683,0.3208392342586648,0.21287574428141157
PCI-34051,FDFT1,538,13.169075915564312,0.2159769033357765,1.2079828405291972,0.9920059371934208,0.21287574428141157
KRAS (G12C) Inhibitor-12,FDFT1,538,13.169075915564312,0.2011948506999906,0.5637358921740616,0.362541041474071,0.21287574428141157
OF-1,FDFT1,538,13.169075915564312,0.13334625540436176,0.5623054423156401,0.4289591869112783,0.21287574428141157
GSK2606414,FDFT1,535,13.119122466112243,0.22192558861325895,0.5609071245936614,0.3389815359804025,0.2137160464609641
AMG-319,FDFT1,564,13.09862862978431,0.1962649214900859,0.615685206464191,0.4194202849741051,0.20451123092158002
743380,UROS,465,13.09266749907831,0.1324211337129954,0.479056742232059,0.3466356085190636,0.1411439510758258
615590,UROS,465,13.09266749907831,0.1921489420951807,1.1363445781132815,0.9441956360181007,0.1411439510758258
Bleomycin,UROS,465,13.09266749907831,0.12805407735598856,0.9402048552105778,0.8121507778545893,0.1411439510758258
LMP744,UROS,465,13.09266749907831,0.21245664182334595,1.3682963867802942,1.1558397449569482,0.1411439510758258
720427,UROS,465,13.09266749907831,0.18746212136710155,1.554063005010622,1.3666008836435204,0.1411439510758258
GSK2256098C,UROS,465,13.09266749907831,0.17058972875924835,1.619148759161659,1.4485590304024105,0.1411439510758258
GSK-LSD1,UROS,465,13.09266749907831,0.19741360367612878,0.9319962825665961,0.7345826788904672,0.1411439510758258
GSK2276186C,UROS,465,13.09266749907831,0.17068521473739062,1.5654308509591301,1.3947456362217396,0.1411439510758258
BDF00022089a,UROS,465,13.09266749907831,0.13632053618168893,1.1271875445657897,0.9908670083841008,0.1411439510758258
BDILV000379a,UROS,465,13.09266749907831,0.11253305693779339,1.1340635472246967,1.0215304902869033,0.1411439510758258
Fludarabine,UROS,465,13.09266749907831,0.11540034900091624,1.8855646155898602,1.7701642665889439,0.1411439510758258
765771,UROS,465,13.09266749907831,0.20400892174517343,1.746036107811223,1.5420271860660495,0.1411439510758258
GSK2801,UROS,465,13.09266749907831,0.19609563384136589,1.3781575569349769,1.182061923093611,0.1411439510758258
BDOCA000347a,UROS,465,13.09266749907831,0.10998581355167882,0.8554018629725889,0.7454160494209101,0.1411439510758258
LMB_AB3,UROS,465,13.09266749907831,0.1699733092959104,1.3020209823964053,1.132047673100495,0.1411439510758258
Mitoxantrone,UROS,465,13.09266749907831,0.21656415573216828,1.4981196562848926,1.2815555005527244,0.1411439510758258
Bromosporine,UROS,465,13.09266749907831,0.16541214489560116,1.55786932492851,1.3924571800329089,0.1411439510758258
123138,UROS,465,13.09266749907831,0.1345859247174845,1.3639181987769786,1.229332274059494,0.1411439510758258
630600,UROS,465,13.09266749907831,0.1689898748483017,1.5747176146694868,1.4057277398211852,0.1411439510758258
LMB_AB1,UROS,465,13.09266749907831,0.18912251834514346,2.0229020140974856,1.8337794957523421,0.1411439510758258
BEN,UROS,465,13.09266749907831,0.2359386891748302,1.3698438832589237,1.1339051940840934,0.1411439510758258
LMB_AB2,UROS,465,13.09266749907831,0.20044360022756716,1.7144363646268332,1.5139927643992661,0.1411439510758258
GSK2830371A,UROS,465,13.09266749907831,0.1981560010898867,1.6872009023191175,1.4890449012292308,0.1411439510758258
Gallibiscoquinazole,UROS,465,13.09266749907831,0.18658523264353638,1.3962094730680306,1.2096242404244941,0.1411439510758258
741909,UROS,465,13.09266749907831,0.08547111198173865,0.2972593925627712,0.21178828058103252,0.1411439510758258
GSK2110183B,UROS,465,13.09266749907831,0.03812700870683967,1.153185510991317,1.1150585022844772,0.1411439510758258
667880,UROS,465,13.09266749907831,0.12121323161355156,1.3633225854896345,1.242109353876083,0.1411439510758258
150412,UROS,465,13.09266749907831,0.13341242211939772,1.3580148732305959,1.2246024511111981,0.1411439510758258
L-Oxonoreleagnine,UROS,465,13.09266749907831,0.17262456582661825,1.2897147067815407,1.1170901409549223,0.1411439510758258
50869,UROS,465,13.09266749907831,0.20957276531491653,1.1571201107558866,0.9475473454409701,0.1411439510758258
Dacarbazine,UROS,465,13.09266749907831,0.1565145668670581,1.5604078562730306,1.4038932894059726,0.1411439510758258
GSK3337463A,UROS,465,13.09266749907831,0.22150845533151,1.6360356679553583,1.4145272126238482,0.1411439510758258
729189,UROS,465,13.09266749907831,0.12880997653631218,1.0759731037100253,0.9471631271737131,0.1411439510758258
Acetalax,UROS,465,13.09266749907831,-0.019195828071662185,0.28478262084739187,0.30397844891905407,0.1411439510758258
Elephantin,UROS,465,13.09266749907831,0.10658309126496669,1.5597040112728238,1.453120920007857,0.1411439510758258
GSK626616AC,UROS,465,13.09266749907831,0.21740703432050262,1.8773732288279106,1.659966194507408,0.1411439510758258
123829,UROS,465,13.09266749907831,0.057432144656534324,0.5268588792025332,0.4694267345459988,0.1411439510758258
OTX015,FDFT1,537,13.090727624010784,0.21781590036663787,0.4580313409539156,0.24021544058727776,0.21325892706309163
729189,CD96,465,13.049125082162309,0.12880997653631218,0.37699927954800677,0.2481893030116946,-0.19767218702707348
123138,CD96,465,13.049125082162309,0.1345859247174845,0.5550020946132636,0.420416169895779,-0.19767218702707348
765771,CD96,465,13.049125082162309,0.20400892174517343,0.5787928599841988,0.3747839382390254,-0.19767218702707348
Bleomycin,CD96,465,13.049125082162309,0.12805407735598856,0.30170920524760236,0.1736551278916138,-0.19767218702707348
Dacarbazine,CD96,465,13.049125082162309,0.1565145668670581,0.5557133690809142,0.39919880221385606,-0.19767218702707348
Gallibiscoquinazole,CD96,465,13.049125082162309,0.18658523264353638,0.6486797232939518,0.46209449065041547,-0.19767218702707348
667880,CD96,465,13.049125082162309,0.12121323161355156,0.5309126297222455,0.40969939810869394,-0.19767218702707348
GSK-LSD1,CD96,465,13.049125082162309,0.19741360367612878,0.316722638586695,0.11930903491056624,-0.19767218702707348
BDOCA000347a,CD96,465,13.049125082162309,0.10998581355167882,0.5376023182827762,0.42761650473109736,-0.19767218702707348
GSK2830371A,CD96,465,13.049125082162309,0.1981560010898867,0.5338882455729126,0.33573224448302585,-0.19767218702707348
GSK2801,CD96,465,13.049125082162309,0.19609563384136589,0.47526172374425635,0.2791660899028905,-0.19767218702707348
LMB_AB2,CD96,465,13.049125082162309,0.20044360022756716,0.6863584500039784,0.4859148497764113,-0.19767218702707348
630600,CD96,465,13.049125082162309,0.1689898748483017,0.6695057059771004,0.5005158311287987,-0.19767218702707348
L-Oxonoreleagnine,CD96,465,13.049125082162309,0.17262456582661825,0.7311182515612167,0.5584936857345985,-0.19767218702707348
BEN,CD96,465,13.049125082162309,0.2359386891748302,0.6279502085762,0.3920115194013698,-0.19767218702707348
720427,CD96,465,13.049125082162309,0.18746212136710155,0.5123614575570083,0.3248993361899068,-0.19767218702707348
LMB_AB1,CD96,465,13.049125082162309,0.18912251834514346,0.6265753089592196,0.43745279061407616,-0.19767218702707348
GSK2110183B,CD96,465,13.049125082162309,0.03812700870683967,0.35373921487852833,0.31561220617168867,-0.19767218702707348
150412,CD96,465,13.049125082162309,0.13341242211939772,0.07174129579409735,-0.06167112632530036,-0.19767218702707348
BDILV000379a,CD96,465,13.049125082162309,0.11253305693779339,0.29360682735279986,0.18107377041500647,-0.19767218702707348
LMB_AB3,CD96,465,13.049125082162309,0.1699733092959104,0.7046213568303121,0.5346480475344018,-0.19767218702707348
Acetalax,CD96,465,13.049125082162309,-0.019195828071662185,0.04616944057111182,0.065365268642774,-0.19767218702707348
Mitoxantrone,CD96,465,13.049125082162309,0.21656415573216828,0.5486764276256504,0.33211227189348214,-0.19767218702707348
GSK626616AC,CD96,465,13.049125082162309,0.21740703432050262,0.6084107720575563,0.3910037377370537,-0.19767218702707348
50869,CD96,465,13.049125082162309,0.20957276531491653,0.8008316125472125,0.5912588472322959,-0.19767218702707348
Fludarabine,CD96,465,13.049125082162309,0.11540034900091624,0.4594398550875239,0.34403950608660766,-0.19767218702707348
BDF00022089a,CD96,465,13.049125082162309,0.13632053618168893,0.43522017240075395,0.298899636219065,-0.19767218702707348
GSK3337463A,CD96,465,13.049125082162309,0.22150845533151,0.6381257777974677,0.41661732246595773,-0.19767218702707348
615590,CD96,465,13.049125082162309,0.1921489420951807,0.28465581296851294,0.09250687087333223,-0.19767218702707348
123829,CD96,465,13.049125082162309,0.057432144656534324,-0.04157072192854893,-0.09900286658508325,-0.19767218702707348
GSK2276186C,CD96,465,13.049125082162309,0.17068521473739062,0.5791895729764636,0.40850435823907294,-0.19767218702707348
Bromosporine,CD96,465,13.049125082162309,0.16541214489560116,0.19630878074258995,0.03089663584698879,-0.19767218702707348
741909,CD96,465,13.049125082162309,0.08547111198173865,0.39547502210104957,0.31000391011931094,-0.19767218702707348
GSK2256098C,CD96,465,13.049125082162309,0.17058972875924835,0.3994017413814747,0.22881201262222636,-0.19767218702707348
LMP744,CD96,465,13.049125082162309,0.21245664182334595,0.5515379487255501,0.3390813069022041,-0.19767218702707348
743380,CD96,465,13.049125082162309,0.1324211337129954,0.460188706784037,0.3277675730710416,-0.19767218702707348
Elephantin,CD96,465,13.049125082162309,0.10658309126496669,0.763403904701354,0.6568208134363873,-0.19767218702707348
Nelarabine,CD96,464,13.029864400895763,0.1724743803662855,0.6630213828952014,0.4905470025289159,-0.1977977690594541
776928,CD96,464,13.014689715719552,0.12415327373651983,0.5335757153665688,0.40942244163004893,-0.19746490581087217
Methotrexate,FDFT1,527,13.004108543156166,0.06908032682211968,0.3294459211043833,0.26036559428226363,0.20581012140145918
Dinaciclib,FDFT1,537,13.000349269216867,0.17602894735136937,0.5495931515520219,0.37356420420065256,0.2110661206645636
Mirin,FDFT1,538,12.969976855420379,0.2076944845886189,0.539694131232268,0.33199964664364906,0.21102866373250903
LCL161,FDFT1,538,12.969976855420379,0.10743343666579672,0.14826135678248964,0.04082792011669292,0.21102866373250903
Niraparib,FDFT1,538,12.969976855420379,0.2799975468554755,0.8875751456737734,0.6075775988182979,0.21102866373250903
Leflunomide,FDFT1,538,12.969976855420379,0.27476115011562063,0.9661001278933724,0.6913389777777518,0.21102866373250903
AZ960,FDFT1,538,12.969976855420379,0.17274684949292313,0.30121641670210597,0.12846956720918284,0.21102866373250903
776928,UROS,464,12.927201677518827,0.12415327373651983,1.0085715516229776,0.8844182778864578,0.13989469941403573
IWP-2,FDFT1,537,12.88025915498962,0.2302287454869887,1.0061397013904987,0.77591095590351,0.20962731667822337
AZD8055,INTS6,477,12.857387463706335,0.07909896857189894,0.1682873370433039,0.08918836847140496,-0.17781884996834446
Dihydrorotenone,AURKA,464,12.855512196774914,0.09589247606644011,-0.07993609501360219,-0.1758285710800423,-0.1902710475041863
Nelarabine,AURKA,464,12.822603249891982,0.1724743803662855,0.3195501184483932,0.1470757380821077,-0.1897545148557192
PFI-1,FDFT1,561,12.787884899940279,0.19027805060734174,0.45199566192105745,0.26171761131371574,0.19965874088231214
Cytarabine,ILK,478,12.78196777898395,0.1834101353378042,1.918189998767089,1.7347798634292848,-0.18646048156407702
N29087-69-1,ILK,478,12.78196777898395,0.22360509111491594,2.165518510371911,1.9419134192569951,-0.18646048156407702
BPD-00008900,ILK,478,12.78196777898395,0.1451919243030389,1.0496246727309884,0.9044327484279495,-0.18646048156407702
N27922-53-1,ILK,478,12.78196777898395,0.18593238793229758,2.084839489293819,1.8989071013615213,-0.18646048156407702
BDP-00009066,ILK,478,12.78196777898395,0.18119232170511906,0.8028228833399116,0.6216305616347926,-0.18646048156407702
MIM1,ILK,478,12.78196777898395,0.13572889415233946,1.516957057815651,1.3812281636633115,-0.18646048156407702
N25720-51-A1,ILK,478,12.78196777898395,0.17893398639433397,1.9622419019644648,1.7833079155701308,-0.18646048156407702
N30652-18-1,ILK,478,12.78196777898395,0.2138542027993366,2.474601284411094,2.2607470816117576,-0.18646048156407702
EHT-1864,FDFT1,559,12.76763272670499,0.14142482051273006,1.2151676243442173,1.0737428038314873,0.19972245808704922
NU7441,FDFT1,559,12.76763272670499,0.13682219156482858,0.5417209127440347,0.4048987211792061,0.19972245808704922
Dihydrorotenone,CD96,464,12.74808694173379,0.09589247606644011,0.18384333715887857,0.08795086109243846,-0.1953193733377859
743380,AURKA,465,12.733760539939597,0.1324211337129954,0.4185493461735375,0.2861282124605421,-0.1881328562494331
LMP744,AURKA,465,12.733760539939597,0.21245664182334595,0.47265233793988587,0.2601956961165399,-0.1881328562494331
Gallibiscoquinazole,AURKA,465,12.733760539939597,0.18658523264353638,0.18105535411072013,-0.005529878532816251,-0.1881328562494331
Bromosporine,AURKA,465,12.733760539939597,0.16541214489560116,-0.08036493495760642,-0.24577707985320757,-0.1881328562494331
LMB_AB3,AURKA,465,12.733760539939597,0.1699733092959104,0.6853894270963509,0.5154161178004405,-0.1881328562494331
GSK626616AC,AURKA,465,12.733760539939597,0.21740703432050262,0.43851113875735187,0.22110410443684925,-0.1881328562494331
741909,AURKA,465,12.733760539939597,0.08547111198173865,0.27275583367878375,0.1872847216970451,-0.1881328562494331
765771,AURKA,465,12.733760539939597,0.20400892174517343,0.38288235917168373,0.1788734374265103,-0.1881328562494331
GSK3337463A,AURKA,465,12.733760539939597,0.22150845533151,0.2840069293995069,0.062498474067996884,-0.1881328562494331
Bleomycin,AURKA,465,12.733760539939597,0.12805407735598856,0.36632301199772804,0.23826893464173948,-0.1881328562494331
667880,AURKA,465,12.733760539939597,0.12121323161355156,-0.07502626298527966,-0.19623949459883122,-0.1881328562494331
729189,AURKA,465,12.733760539939597,0.12880997653631218,-0.1331715927308015,-0.2619815692671137,-0.1881328562494331
GSK-LSD1,AURKA,465,12.733760539939597,0.19741360367612878,0.14482730907316502,-0.05258629460296377,-0.1881328562494331
720427,AURKA,465,12.733760539939597,0.18746212136710155,0.3596233585776767,0.17216123721057514,-0.1881328562494331
150412,AURKA,465,12.733760539939597,0.13341242211939772,0.2782791588567187,0.144866736737321,-0.1881328562494331
Acetalax,AURKA,465,12.733760539939597,-0.019195828071662185,-0.5430865409980569,-0.5238907129263947,-0.1881328562494331
Fludarabine,AURKA,465,12.733760539939597,0.11540034900091624,0.3004113529455656,0.18501100394464937,-0.1881328562494331
L-Oxonoreleagnine,AURKA,465,12.733760539939597,0.17262456582661825,0.045164208751843175,-0.12746035707477507,-0.1881328562494331
Elephantin,AURKA,465,12.733760539939597,0.10658309126496669,0.5063442789156692,0.39976118765070257,-0.1881328562494331
GSK2256098C,AURKA,465,12.733760539939597,0.17058972875924835,0.3109249915897818,0.14033526283053346,-0.1881328562494331
GSK2276186C,AURKA,465,12.733760539939597,0.17068521473739062,0.38733072246702277,0.21664550772963215,-0.1881328562494331
50869,AURKA,465,12.733760539939597,0.20957276531491653,0.3838683647079523,0.1742955993930358,-0.1881328562494331
BDF00022089a,AURKA,465,12.733760539939597,0.13632053618168893,0.0035142589876919293,-0.132806277193997,-0.1881328562494331
123138,AURKA,465,12.733760539939597,0.1345859247174845,0.2838226447048159,0.14923671998733137,-0.1881328562494331
630600,AURKA,465,12.733760539939597,0.1689898748483017,0.8658192144161422,0.6968293395678404,-0.1881328562494331
BDILV000379a,AURKA,465,12.733760539939597,0.11253305693779339,0.07365385765819865,-0.03887919927959474,-0.1881328562494331
BDOCA000347a,AURKA,465,12.733760539939597,0.10998581355167882,0.028027924271353137,-0.08195788928032569,-0.1881328562494331
GSK2801,AURKA,465,12.733760539939597,0.19609563384136589,-0.07404511113233857,-0.27014074497370444,-0.1881328562494331
615590,AURKA,465,12.733760539939597,0.1921489420951807,0.25673622613170616,0.06458728403652544,-0.1881328562494331
LMB_AB1,AURKA,465,12.733760539939597,0.18912251834514346,0.3713430107864878,0.18222049244134433,-0.1881328562494331
LMB_AB2,AURKA,465,12.733760539939597,0.20044360022756716,0.2679951088143664,0.06755150858679923,-0.1881328562494331
Dacarbazine,AURKA,465,12.733760539939597,0.1565145668670581,0.21594938434520744,0.05943481747814933,-0.1881328562494331
123829,AURKA,465,12.733760539939597,0.057432144656534324,0.25443978494916814,0.19700764029263382,-0.1881328562494331
GSK2830371A,AURKA,465,12.733760539939597,0.1981560010898867,0.4691773016934819,0.2710213006035952,-0.1881328562494331
BEN,AURKA,465,12.733760539939597,0.2359386891748302,0.5856620241491922,0.34972333497436203,-0.1881328562494331
Mitoxantrone,AURKA,465,12.733760539939597,0.21656415573216828,0.23743771293296356,0.020873557200795284,-0.1881328562494331
GSK2110183B,AURKA,465,12.733760539939597,0.03812700870683967,0.5049888326104301,0.4668618239035905,-0.1881328562494331
AZD5582,FDFT1,533,12.677845873023962,0.044738784512264915,0.12778861877602005,0.08304983426375513,0.2127147347467262
CCT007093,FDFT1,556,12.657109281225202,0.21150555376343247,0.7774902775017409,0.5659847237383084,0.20075024845958545
ICL-SIRT078,USP19,477,12.65538265677185,0.12974799372762702,0.6801477274485863,0.5503997337209593,-0.19351978574646087
HKMTI-1-005,USP19,477,12.65538265677185,0.14688138762992026,0.6705038889044134,0.5236225012744931,-0.19351978574646087
Daporinad,MLLT1,327,12.62120040398443,0.14627215515690623,1.1065155012563674,0.9602433460994613,0.21675290034827516
776928,AURKA,464,12.61598204399338,0.12415327373651983,0.2551098106506251,0.13095653691410528,-0.1872790021069727
AZD8055,ILK,477,12.587930445105508,0.07909896857189894,0.6585361928821216,0.5794372243102227,-0.18521748321970294
Cisplatin,ILK,484,12.585448871160958,0.19813020376192553,2.097389952093888,1.8992597483319624,-0.1834086291850849
A-366,ILK,477,12.509687318803266,0.18122964040224931,1.6734859994809799,1.4922563590787306,-0.18435350772502887
CPI-637,ILK,477,12.509687318803266,0.19862150130388836,2.259342500047721,2.060720998743833,-0.18435350772502887
CT7033-2,ILK,477,12.509687318803266,0.21166102929722386,1.8675111526610941,1.6558501233638703,-0.18435350772502887
PBD-288,ILK,477,12.509687318803266,0.16086913395787286,1.5792312583482278,1.4183621243903548,-0.18435350772502887
Bicalutamide,CFL1,95,12.506785437619072,0.4794800601204695,0.539941082380651,0.06046102226018146,0.43010918253079505
Elesclomol,CFL1,95,12.506785437619072,0.3693949532567993,0.26649591782651644,-0.10289903543028284,0.43010918253079505
CCT-018159,CFL1,95,12.506785437619072,0.2715537896125783,0.4723467169724245,0.20079292735984616,0.43010918253079505
IOX2,CFL1,95,12.506785437619072,0.42745021915700115,0.5715688305675521,0.144118611410551,0.43010918253079505
BX795,CFL1,95,12.506785437619072,0.2752206673159552,0.053151513448400564,-0.2220691538675546,0.43010918253079505
CHIR-99021,CFL1,95,12.506785437619072,0.3603806847318715,0.8633843045254631,0.5030036197935916,0.43010918253079505
PAK_5339,MLLT1,463,12.486074208012479,0.1604469079194713,0.8491625847099786,0.6887156767905074,0.17651279791929225
GNE-317,FDFT1,557,12.475162986409826,0.05628083964861328,0.19413213625748443,0.13785129660887116,0.20215305140494075
Eg5_9814,MLLT1,461,12.438636133173095,0.15256657097578244,0.5832262640178545,0.4306596930420721,0.1769381613388027
Mycophenolic acid,ILK,474,12.362948639032785,0.16693267005799012,1.555256118281041,1.3883234482230509,-0.186267646797836
Cisplatin,USP19,484,12.31134859458763,0.19813020376192553,1.032292355771515,0.8341621520095894,-0.18846097466365586
JAK_8517,MLLT1,464,12.256425039901124,0.1434388774445309,0.33986982720136333,0.19643094975683242,0.17321141561177883
AZD5153,MLLT1,464,12.256425039901124,0.19682757780107327,0.661872864437667,0.4650452866365937,0.17321141561177883
AZD5438,MLLT1,464,12.256425039901124,0.19497978634488297,0.45891209956271506,0.26393231321783206,0.17321141561177883
AZD2014,MLLT1,464,12.256425039901124,0.13846501496730929,0.1994184822700085,0.06095346730269921,0.17321141561177883
JAK1_8709,MLLT1,464,12.256425039901124,0.2298283301572647,0.7882008136486373,0.5583724834913726,0.17321141561177883
AZD1332,MLLT1,464,12.256425039901124,0.08779609415919891,-0.07254707973294686,-0.16034317389214575,0.17321141561177883
AZD1208,MLLT1,464,12.256425039901124,0.2176463043801584,1.0382055714355118,0.8205592670553534,0.17321141561177883
ERK_6604,MLLT1,464,12.256425039901124,0.1342761631093472,0.3924276452130133,0.2581514821036661,0.17321141561177883
IRAK4_4710,MLLT1,464,12.256425039901124,0.23658340464320624,0.8595691357174206,0.6229857310742143,0.17321141561177883
ERK_2440,MLLT1,464,12.256425039901124,0.11910541439879055,0.1259434531475197,0.006838038748729153,0.17321141561177883
AZD5991,MLLT1,463,12.220134117027005,0.18152813071598925,1.108589943442119,0.9270618127261296,0.17312664247943904
BMS-754807,FDFT1,560,12.211124952201212,0.15864041314567673,0.588064687272615,0.42942427412693823,0.19839449196494344
CDK9_5576,MLLT1,463,12.20411495809895,0.19081668059104576,0.35073177457393245,0.1599150939828867,0.1727201635781363
CDK9_5038,MLLT1,463,12.20411495809895,0.17198248883410425,0.3927006397993598,0.22071815096525557,0.1727201635781363
IGF1R_3801,MLLT1,463,12.202663875488865,0.1599494115567059,0.2751201958247537,0.11517078426804783,0.1723867106305476
Bleomycin (50 uM),ILK,472,12.172205394246092,0.124402167633185,0.6277057455008401,0.5033035778676551,-0.18118813191859498
GSK2830371,ILK,472,12.172205394246092,0.20940062284627928,2.6834312194547505,2.474030596608471,-0.18118813191859498
JQ1,FDFT1,561,12.169959260847754,0.19270675607637947,0.8453442841463196,0.6526375280699401,0.19812739071688204
Bosutinib,FDFT1,561,12.169959260847754,0.20674692914772005,0.7358953658882257,0.5291484367405056,0.19812739071688204
Lestaurtinib,FDFT1,561,12.169959260847754,0.1796660317575717,1.0426576073753653,0.8629915756177936,0.19812739071688204
Motesanib,FDFT1,561,12.169959260847754,0.2315715909530889,0.7877623451840673,0.5561907542309784,0.19812739071688204
Lenalidomide,FDFT1,561,12.169959260847754,0.2693126768803686,0.9629555504122023,0.6936428735318336,0.19812739071688204
Mycophenolic acid,USP19,474,12.16951883720811,0.16693267005799012,0.892566798713256,0.7256341286552659,-0.190329885784389
5-azacytidine,ILK,476,12.13786076284057,0.13720736609475748,1.6581903440752142,1.5209829779804567,-0.18170965705050637
GSK-LSD1-2HCl,ILK,476,12.13786076284057,0.1376229434563707,1.8340205177850477,1.696397574328677,-0.18170965705050637
PAK_5339,INTS6,463,12.128723292902777,0.1604469079194713,0.3372265123165201,0.17677960439704882,-0.17720811623023583
50869,INTS6,465,12.117798194614497,0.20957276531491653,0.4433842326486056,0.23381146733368907,-0.17700162794139415
GSK626616AC,INTS6,465,12.117798194614497,0.21740703432050262,0.9315829697833417,0.714175935462839,-0.17700162794139415
667880,INTS6,465,12.117798194614497,0.12121323161355156,0.18073953100004908,0.05952629938649752,-0.17700162794139415
615590,INTS6,465,12.117798194614497,0.1921489420951807,0.27400602848503836,0.08185708638985764,-0.17700162794139415
630600,INTS6,465,12.117798194614497,0.1689898748483017,0.28879678862609076,0.11980691377778907,-0.17700162794139415
Bromosporine,INTS6,465,12.117798194614497,0.16541214489560116,0.5638833130955917,0.3984711681999905,-0.17700162794139415
Dacarbazine,INTS6,465,12.117798194614497,0.1565145668670581,0.2798739019843117,0.12335933511725361,-0.17700162794139415
BEN,INTS6,465,12.117798194614497,0.2359386891748302,0.6747023262943243,0.43876363711949407,-0.17700162794139415
BDILV000379a,INTS6,465,12.117798194614497,0.11253305693779339,0.8442160964070792,0.7316830394692858,-0.17700162794139415
Mitoxantrone,INTS6,465,12.117798194614497,0.21656415573216828,0.9963521140908226,0.7797879583586543,-0.17700162794139415
BDOCA000347a,INTS6,465,12.117798194614497,0.10998581355167882,0.3954737576497442,0.2854879440980654,-0.17700162794139415
123829,INTS6,465,12.117798194614497,0.057432144656534324,-0.30973859996293257,-0.3671707446194669,-0.17700162794139415
LMB_AB1,INTS6,465,12.117798194614497,0.18912251834514346,0.7666262031313069,0.5775036847861634,-0.17700162794139415
123138,INTS6,465,12.117798194614497,0.1345859247174845,0.34271847850142917,0.20813255378394466,-0.17700162794139415
GSK2110183B,INTS6,465,12.117798194614497,0.03812700870683967,0.21183048779140748,0.17370347908456782,-0.17700162794139415
GSK2830371A,INTS6,465,12.117798194614497,0.1981560010898867,0.6721963468944381,0.47404034580455134,-0.17700162794139415
LMB_AB2,INTS6,465,12.117798194614497,0.20044360022756716,0.7879738361412425,0.5875302359136754,-0.17700162794139415
GSK2801,INTS6,465,12.117798194614497,0.19609563384136589,0.8013991095546736,0.6053034757133078,-0.17700162794139415
LMB_AB3,INTS6,465,12.117798194614497,0.1699733092959104,0.42416388891565127,0.2541905796197409,-0.17700162794139415
Gallibiscoquinazole,INTS6,465,12.117798194614497,0.18658523264353638,0.5970981375668054,0.41051290492326903,-0.17700162794139415
GSK2256098C,INTS6,465,12.117798194614497,0.17058972875924835,0.9709753037925895,0.8003855750333411,-0.17700162794139415
765771,INTS6,465,12.117798194614497,0.20400892174517343,0.3624002052028153,0.15839128345764186,-0.17700162794139415
LMP744,INTS6,465,12.117798194614497,0.21245664182334595,0.7271524865654957,0.5146958447421497,-0.17700162794139415
743380,INTS6,465,12.117798194614497,0.1324211337129954,-0.13346108997354902,-0.26588222368654446,-0.17700162794139415
150412,INTS6,465,12.117798194614497,0.13341242211939772,0.09848655149951069,-0.03492587061988703,-0.17700162794139415
BDF00022089a,INTS6,465,12.117798194614497,0.13632053618168893,0.4164993353719953,0.28017879919030636,-0.17700162794139415
GSK-LSD1,INTS6,465,12.117798194614497,0.19741360367612878,0.8496448980031108,0.652231294326982,-0.17700162794139415
720427,INTS6,465,12.117798194614497,0.18746212136710155,0.49614702240736214,0.3086849010402606,-0.17700162794139415
Bleomycin,INTS6,465,12.117798194614497,0.12805407735598856,0.4818918754610654,0.3538377981050768,-0.17700162794139415
Fludarabine,INTS6,465,12.117798194614497,0.11540034900091624,0.6599750463142964,0.5445746973133802,-0.17700162794139415
GSK2276186C,INTS6,465,12.117798194614497,0.17068521473739062,0.36798500279891144,0.19729978806152082,-0.17700162794139415
729189,INTS6,465,12.117798194614497,0.12880997653631218,0.23337148366912894,0.10456150713281676,-0.17700162794139415
Elephantin,INTS6,465,12.117798194614497,0.10658309126496669,0.27329796041040316,0.16671486914543648,-0.17700162794139415
Acetalax,INTS6,465,12.117798194614497,-0.019195828071662185,-0.24841200069443553,-0.22921617262277336,-0.17700162794139415
L-Oxonoreleagnine,INTS6,465,12.117798194614497,0.17262456582661825,0.2065688515443137,0.03394428571769545,-0.17700162794139415
741909,INTS6,465,12.117798194614497,0.08547111198173865,-0.1318335516459594,-0.21730466362769804,-0.17700162794139415
GSK3337463A,INTS6,465,12.117798194614497,0.22150845533151,0.7067560601447351,0.48524760481322515,-0.17700162794139415
776928,INTS6,464,12.092055889553846,0.12415327373651983,0.2770862689289361,0.1529329951924163,-0.17744037651626354
Dihydrorotenone,INTS6,464,12.082253801776945,0.09589247606644011,-0.1256622975789435,-0.22155477364538362,-0.17765768060023496
BI-2536,FDFT1,548,12.08212712744008,0.2142236952269241,0.46933719773038035,0.2551135025034562,0.2098420741036954
Nelarabine,INTS6,464,12.002797322647034,0.1724743803662855,0.48787237260865074,0.3153979922423652,-0.17562638592917015
N-acetyl cysteine,INTS6,477,11.98178193147249,0.054471960182223764,-0.06361064946276766,-0.11808260964499143,-0.17201261178664248
BMS-345541,FDFT1,537,11.830283027164564,0.2906204401272033,0.8122798005929378,0.5216593604657345,0.20719560077951293
Alisertib,FDFT1,562,11.818286570867242,0.19589192278322404,0.7403755424978353,0.5444836197146112,0.19972345826172497
JAK1_8709,INTS6,464,11.798883357154237,0.2298283301572647,0.7055310555713882,0.4757027254141235,-0.1736877067632142
AZD2014,INTS6,464,11.798883357154237,0.13846501496730929,0.14295748565808533,0.004492470690776046,-0.1736877067632142
ERK_6604,INTS6,464,11.798883357154237,0.1342761631093472,-0.1022496726557552,-0.2365258357651024,-0.1736877067632142
ERK_2440,INTS6,464,11.798883357154237,0.11910541439879055,-0.19503230724028775,-0.31413772163907827,-0.1736877067632142
AZD1332,INTS6,464,11.798883357154237,0.08779609415919891,-0.0493724545285069,-0.1371685486877058,-0.1736877067632142
JAK_8517,INTS6,464,11.798883357154237,0.1434388774445309,0.16299613781658684,0.019557260372055935,-0.1736877067632142
IRAK4_4710,INTS6,464,11.798883357154237,0.23658340464320624,0.44370774344021846,0.20712433879701223,-0.1736877067632142
AZD5153,INTS6,464,11.798883357154237,0.19682757780107327,0.5819271035358581,0.3850995257347848,-0.1736877067632142
AZD5438,INTS6,464,11.798883357154237,0.19497978634488297,0.5073064455436941,0.3123266591988111,-0.1736877067632142
AZD1208,INTS6,464,11.798883357154237,0.2176463043801584,0.40538234343720747,0.18773603905704908,-0.1736877067632142
IAP_5620,MLLT1,461,11.76147254436527,-0.008082069766990886,-0.167167359904922,-0.15908529013793113,0.17177642691176598
AZD5991,INTS6,463,11.760172970926877,0.18152813071598925,0.7579343165360891,0.5764061858200998,-0.1732075271864502
CDK9_5038,INTS6,463,11.755511417165588,0.17198248883410425,0.551525281432376,0.3795427925982717,-0.1733885203200761
CDK9_5576,INTS6,463,11.755511417165588,0.19081668059104576,0.4340172277996505,0.24320054720860476,-0.1733885203200761
Mycophenolic acid,FDFT1,474,11.6902282968846,0.16693267005799012,0.9026248883726656,0.7356922183146755,0.21616917826452559
Eg5_9814,INTS6,461,11.684088557701081,0.15256657097578244,0.29204730757825414,0.1394807366024717,-0.17448676005688174
BDP-00009066,USP19,478,11.659104938212248,0.18119232170511906,0.5243827277309236,0.3431904060258046,-0.18405861091777662
N29087-69-1,USP19,478,11.659104938212248,0.22360509111491594,0.8974093694534548,0.673804278338539,-0.18405861091777662
MIM1,USP19,478,11.659104938212248,0.13572889415233946,0.5666341684713506,0.43090527431901116,-0.18405861091777662
N25720-51-A1,USP19,478,11.659104938212248,0.17893398639433397,0.9170342917352791,0.7381003053409451,-0.18405861091777662
Cytarabine,USP19,478,11.659104938212248,0.1834101353378042,0.9824711410835599,0.7990610057457557,-0.18405861091777662
N27922-53-1,USP19,478,11.659104938212248,0.18593238793229758,0.841473310411219,0.6555409224789214,-0.18405861091777662
N30652-18-1,USP19,478,11.659104938212248,0.2138542027993366,0.8071011497598755,0.5932469469605388,-0.18405861091777662
BPD-00008900,USP19,478,11.659104938212248,0.1451919243030389,0.4609419219970806,0.3157499976940417,-0.18405861091777662
IGF1R_3801,INTS6,463,11.652037202685046,0.1599494115567059,0.21527954847648678,0.05533013691978089,-0.17220692653589054
Daporinad,UBR4,327,11.637109310815587,0.14627215515690623,1.3063246413167096,1.1600524861598034,-0.19015693660623217
Daporinad,FDFT1,327,11.561349178802828,0.14627215515690623,0.5165864989831136,0.37031434382620737,0.2803206684906383
CCT-018159,ILK,95,11.456158127578071,0.2715537896125783,0.47684603481578164,0.20529224520320333,-0.32961926091825305
CHIR-99021,ILK,95,11.456158127578071,0.3603806847318715,0.8184268547754485,0.458046170043577,-0.32961926091825305
BX795,ILK,95,11.456158127578071,0.2752206673159552,0.4621133482860798,0.18689268097012462,-0.32961926091825305
IOX2,ILK,95,11.456158127578071,0.42745021915700115,1.1553055489115367,0.7278553297545356,-0.32961926091825305
Elesclomol,ILK,95,11.456158127578071,0.3693949532567993,0.6988802110345523,0.32948525777775306,-0.32961926091825305
Bicalutamide,ILK,95,11.456158127578071,0.4794800601204695,1.121072508283788,0.6415924481633185,-0.32961926091825305
N-acetyl cysteine,USP19,477,11.45394498856292,0.054471960182223764,0.40360778345377946,0.3491358232715557,-0.1804269193269792
N-acetyl cysteine,ILK,477,11.378411078041726,0.054471960182223764,0.8315509293795226,0.7770789691972988,-0.17429616513851137
GSK2830371,INTS6,472,11.374198885453252,0.20940062284627928,0.8767833971693073,0.6673827743230281,-0.1697172524118438
Bleomycin (50 uM),INTS6,472,11.374198885453252,0.124402167633185,0.3186941603039791,0.1942919926707941,-0.1697172524118438
AGK2,FDFT1,558,11.29617974096079,0.1569953701714854,0.4324160419878107,0.2754206718163253,0.1995866664497916
Dihydrorotenone,MLLT1,464,11.265381650424915,0.09589247606644011,0.09866742232793509,0.002774946261494979,0.17303014868932842
776928,MLLT1,464,11.204894068838291,0.12415327373651983,0.13236956432901384,0.008216290592494013,0.17239337204525304
CT7033-2,USP19,477,11.196613455810363,0.21166102929722386,0.8257496534577765,0.6140886241605527,-0.18012009414170654
A-366,USP19,477,11.196613455810363,0.18122964040224931,0.9954585090956419,0.8142288686933926,-0.18012009414170654
CPI-637,USP19,477,11.196613455810363,0.19862150130388836,0.994074909213917,0.7954534079100286,-0.18012009414170654
PBD-288,USP19,477,11.196613455810363,0.16086913395787286,0.6549615202850895,0.49409238632721664,-0.18012009414170654
Fludarabine,MLLT1,465,11.120614414901489,0.11540034900091624,0.7887254305815641,0.6733250815806479,0.1708841965560208
Acetalax,MLLT1,465,11.120614414901489,-0.019195828071662185,-0.21072334007443033,-0.19152751200276816,0.1708841965560208
LMP744,MLLT1,465,11.120614414901489,0.21245664182334595,0.4435656685064815,0.23110902668313554,0.1708841965560208
GSK2256098C,MLLT1,465,11.120614414901489,0.17058972875924835,0.3549312411680146,0.18434151240876626,0.1708841965560208
GSK2110183B,MLLT1,465,11.120614414901489,0.03812700870683967,0.48518798610276487,0.4470609773959252,0.1708841965560208
150412,MLLT1,465,11.120614414901489,0.13341242211939772,0.3642902356557853,0.23087781353638756,0.1708841965560208
123138,MLLT1,465,11.120614414901489,0.1345859247174845,0.46255781820263236,0.3279718934851479,0.1708841965560208
GSK-LSD1,MLLT1,465,11.120614414901489,0.19741360367612878,0.7560550226691366,0.5586414189930078,0.1708841965560208
LMB_AB3,MLLT1,465,11.120614414901489,0.1699733092959104,-0.0638871925018584,-0.2338605017977688,0.1708841965560208
L-Oxonoreleagnine,MLLT1,465,11.120614414901489,0.17262456582661825,0.7217940445904714,0.5491694787638531,0.1708841965560208
BDILV000379a,MLLT1,465,11.120614414901489,0.11253305693779339,0.5873627749612756,0.4748297180234823,0.1708841965560208
LMB_AB2,MLLT1,465,11.120614414901489,0.20044360022756716,0.4724694642620938,0.27202586403452667,0.1708841965560208
BEN,MLLT1,465,11.120614414901489,0.2359386891748302,0.4932225841433382,0.257283894968508,0.1708841965560208
Elephantin,MLLT1,465,11.120614414901489,0.10658309126496669,0.5296745141883092,0.42309142292334256,0.1708841965560208
LMB_AB1,MLLT1,465,11.120614414901489,0.18912251834514346,0.7024346864634428,0.5133121681182993,0.1708841965560208
123829,MLLT1,465,11.120614414901489,0.057432144656534324,-0.31542048492516817,-0.3728526295817025,0.1708841965560208
Mitoxantrone,MLLT1,465,11.120614414901489,0.21656415573216828,0.46629752111205436,0.24973336537988608,0.1708841965560208
BDOCA000347a,MLLT1,465,11.120614414901489,0.10998581355167882,0.463099271805459,0.3531134582537802,0.1708841965560208
GSK2276186C,MLLT1,465,11.120614414901489,0.17068521473739062,0.5152552289919854,0.34457001425459477,0.1708841965560208
Bleomycin,MLLT1,465,11.120614414901489,0.12805407735598856,-0.2720552284931667,-0.4001093058491553,0.1708841965560208
GSK2801,MLLT1,465,11.120614414901489,0.19609563384136589,1.1272547333161105,0.9311590994747446,0.1708841965560208
GSK2830371A,MLLT1,465,11.120614414901489,0.1981560010898867,0.7280749455864569,0.5299189444965702,0.1708841965560208
50869,MLLT1,465,11.120614414901489,0.20957276531491653,0.5587218698267791,0.34914910451186254,0.1708841965560208
615590,MLLT1,465,11.120614414901489,0.1921489420951807,0.32162666917957433,0.12947772708439362,0.1708841965560208
GSK626616AC,MLLT1,465,11.120614414901489,0.21740703432050262,0.4969286924159328,0.27952165809543017,0.1708841965560208
630600,MLLT1,465,11.120614414901489,0.1689898748483017,0.5635164515946322,0.39452657674633046,0.1708841965560208
Dacarbazine,MLLT1,465,11.120614414901489,0.1565145668670581,0.9903226648672476,0.8338080980001895,0.1708841965560208
667880,MLLT1,465,11.120614414901489,0.12121323161355156,1.072457620040935,0.9512443884273835,0.1708841965560208
720427,MLLT1,465,11.120614414901489,0.18746212136710155,1.0208327719763721,0.8333706506092706,0.1708841965560208
729189,MLLT1,465,11.120614414901489,0.12880997653631218,0.44672766586544566,0.31791768932913345,0.1708841965560208
741909,MLLT1,465,11.120614414901489,0.08547111198173865,0.22442947887626596,0.1389583668945273,0.1708841965560208
743380,MLLT1,465,11.120614414901489,0.1324211337129954,0.2934352676667321,0.1610141339537367,0.1708841965560208
765771,MLLT1,465,11.120614414901489,0.20400892174517343,0.922982141691256,0.7189732199460825,0.1708841965560208
GSK3337463A,MLLT1,465,11.120614414901489,0.22150845533151,0.6048863052233041,0.38337784989179413,0.1708841965560208
Gallibiscoquinazole,MLLT1,465,11.120614414901489,0.18658523264353638,0.8180788639413547,0.6314936312978183,0.1708841965560208
Bromosporine,MLLT1,465,11.120614414901489,0.16541214489560116,0.8266076101785709,0.6611954652829697,0.1708841965560208
BDF00022089a,MLLT1,465,11.120614414901489,0.13632053618168893,0.36792689537956086,0.23160635919787192,0.1708841965560208
GSK-LSD1-2HCl,FDFT1,476,11.085558928501612,0.1376229434563707,0.796041709680798,0.6584187662244273,0.21190467845529473
5-azacytidine,FDFT1,476,11.085558928501612,0.13720736609475748,0.7439173058280134,0.6067099397332559,0.21190467845529473
IAP_5620,INTS6,461,11.021482772690591,-0.008082069766990886,0.5670342849525444,0.5751163547195353,-0.16831746957183158
Nelarabine,MLLT1,464,10.93155489452791,0.1724743803662855,1.0033764505846228,0.8309020702183373,0.16884767572320575
5-azacytidine,USP19,476,10.926949811463123,0.13720736609475748,0.7749340355743342,0.6377266694795767,-0.1777599381361283
GSK-LSD1-2HCl,USP19,476,10.926949811463123,0.1376229434563707,0.7555678925149643,0.6179449490585935,-0.1777599381361283
CT7033-2,FDFT1,477,10.918575459980849,0.21166102929722386,0.9270769734731427,0.7154159441759188,0.20926727049863125
PBD-288,FDFT1,477,10.918575459980849,0.16086913395787286,0.6714157934384964,0.5105466594806236,0.20926727049863125
A-366,FDFT1,477,10.918575459980849,0.18122964040224931,0.6865622033070836,0.5053325629048343,0.20926727049863125
CPI-637,FDFT1,477,10.918575459980849,0.19862150130388836,0.767854990787486,0.5692334894835976,0.20926727049863125
Cisplatin,FDFT1,484,10.797064402734721,0.19813020376192553,0.7061167767129514,0.5079865729510258,0.206756146750442
N29087-69-1,FDFT1,478,10.776399581504114,0.22360509111491594,0.8980154439467103,0.6744103528317944,0.2080327080723455
N30652-18-1,FDFT1,478,10.776399581504114,0.2138542027993366,0.8291020773500904,0.6152478745507539,0.2080327080723455
N27922-53-1,FDFT1,478,10.776399581504114,0.18593238793229758,1.0414887898587903,0.8555564019264927,0.2080327080723455
BPD-00008900,FDFT1,478,10.776399581504114,0.1451919243030389,0.485072994417903,0.3398810701148641,0.2080327080723455
BDP-00009066,FDFT1,478,10.776399581504114,0.18119232170511906,0.40913021929538546,0.2279378975902664,0.2080327080723455
N25720-51-A1,FDFT1,478,10.776399581504114,0.17893398639433397,1.0192288091526314,0.8402948227582974,0.2080327080723455
Cytarabine,FDFT1,478,10.776399581504114,0.1834101353378042,0.9643089079914823,0.780898772653678,0.2080327080723455
MIM1,FDFT1,478,10.776399581504114,0.13572889415233946,0.41040074381265756,0.2746718496603181,0.2080327080723455
ICL-SIRT078,FDFT1,477,10.502752540418168,0.12974799372762702,1.3571432433801638,1.2273952496525369,0.20363141704143564
HKMTI-1-005,FDFT1,477,10.502752540418168,0.14688138762992026,1.059503689912584,0.9126223022826638,0.20363141704143564
N-acetyl cysteine,FDFT1,477,10.111128689881731,0.054471960182223764,0.4031707973703688,0.34869883718814504,0.19840311588438955
GSK269962A,UROS,127,10.03179834796357,0.2207332640919142,0.3841383631234805,0.16340509903156628,0.3152301274840645
PF-4708671,UROS,127,10.03179834796357,0.3086976605731276,0.8701764169471323,0.5614787563740047,0.3152301274840645
AZD6482,UROS,127,10.03179834796357,-0.024216293914580175,0.3597579957762443,0.3839742896908245,0.3152301274840645
