gene,d_expr,fdr_expr,dnetith_expr,is_tf,d_ceres,fdr_ceres,dnetith_ceres,concordant,both_sig
IKZF1,-1.175799372783159,2.818635041986683e-28,-0.22391962592173176,False,-1.019120311406613,0.02306086872197988,-0.20410686345644358,True,True
DSTN,1.1178718903485911,5.0857737949028095e-27,0.22744216649125182,False,-0.40516635616555335,0.48848406092327257,-0.09248130868910565,False,False
PARVA,1.0802584171926184,2.549796088347305e-25,0.20923824306646566,False,0.24800970755456428,0.759098848292241,0.05647330042254861,True,False
ITGB5,1.0133927723553735,1.0201102068354873e-22,0.2024808915036198,False,0.8775868370361064,0.014576987595931937,0.18414105952032322,True,True
AGAP2,-1.0110149449627,4.9826870724119725e-24,-0.20529063745999476,False,0.6559079836813427,0.5277271838919383,0.1199752908696512,False,False
NCKAP1L,-0.9757967755620608,5.837773090324993e-22,-0.19696639798580584,False,-1.3802175028630292,0.0011830664807581444,-0.290198639026082,True,True
ARHGAP45,-0.9598348730693257,1.0115202812744358e-22,-0.19110126801488292,False,-0.7669275185142739,0.11785707374073687,-0.16486396841011963,True,False
DENND1C,-0.9571840226839522,5.39524416578357e-22,-0.1908737907837006,False,0.10582848810482409,0.8155951834890232,0.020329314672704157,False,False
IRF8,-0.9563526456993223,2.2948247039863617e-22,-0.2004292678120274,False,-1.5966529951236985,0.005576579236610512,-0.2979970736412323,True,True
ARHGAP9,-0.9484117912003499,2.7763400484213234e-21,-0.19311188427619097,False,0.1100698715152455,0.7788252512612243,0.023037770361446164,False,False
FMNL1,-0.947651121273808,1.5117564019602756e-20,-0.19883306618449303,False,0.5437314150467213,0.5348696207828504,0.10895972155629696,False,False
TBC1D10C,-0.9341544257707817,5.388140771447628e-21,-0.1986672256017954,False,0.05127528079262936,0.8951748636193857,0.012704196673055002,False,False
GGA3,-0.9241257257567095,6.467151725164415e-21,-0.19355504111575872,False,0.11091745126846637,0.9185720408275205,0.025550188566183074,False,False
ENAH,0.9216533930734084,3.48073405889951e-21,0.18814011727358615,False,0.29721216588237437,0.6426268659236241,0.06886391216528054,True,False
GPX8,0.9105284384342773,2.7225804616651767e-22,0.18996798013315708,False,0.4241121242666278,0.17881781695829474,0.10976206643394892,True,False
RBM15,-0.9053515914936098,1.1063962837020717e-19,-0.18434950324827604,False,-0.2902295131875075,0.23201754425513607,-0.06447906208417109,True,False
PPTC7,-0.9052143872152141,3.183371643451245e-20,-0.18487544658649302,False,0.12115992574406022,0.9804557806975261,0.03129347902279722,False,False
GRK2,-0.8990445184739966,6.272312743690386e-21,-0.18388889418216348,False,0.065311411990521,0.9399573039600613,0.01587966021887688,False,False
TSEN34,0.8985851623825409,3.036220464615843e-19,0.18453836467627305,False,-0.4695560872824863,0.6130315863765501,-0.107610158283161,False,False
CD79B,-0.8892465281423559,4.746755345770433e-19,-0.18446520032575542,False,-1.5409776271975635,0.0032660537680264667,-0.2729103202390899,True,True
WSB2,0.888526518909882,1.9152860203595397e-19,0.1879183966868716,False,0.06831632592833298,0.9471288736778624,0.014766777866813463,True,False
RNF11,0.881515675016344,3.968200512737871e-20,0.19454833369663493,False,-0.3609170159656759,0.7366115279528247,-0.07836168897101814,False,False
TNFRSF12A,0.8798437985854873,7.9757669951046315e-19,0.17047705766995502,False,0.45549934018224464,0.5710659053049805,0.10146042346151685,True,False
ARF4,0.8689775908417636,5.696284762124576e-18,0.17947925911094487,False,-0.12665624500210873,0.8886426644997836,-0.03625776458893526,False,False
POLR1D,-0.8682484154951041,2.4012887095986364e-19,-0.18320557909845725,False,-0.010829232631060256,0.8951748636193857,-0.0025536340758307574,True,False
RIPK3,-0.8630447582037619,1.2975258300500631e-19,-0.18317916669423884,False,-0.10182428376895483,0.8404158788824715,-0.02638012255714184,True,False
FERMT3,-0.8603325901040325,3.447434752449321e-18,-0.1791488022969565,False,0.05781696922741772,0.9901887421975374,0.012778501744060478,False,False
IL6ST,0.8529510713442106,9.673937200469217e-18,0.1791904163224345,False,-0.0992055795081006,0.9358891581242419,-0.023908282672354453,False,False
WWTR1,0.850028553696111,1.0383283613067122e-18,0.17164001326299605,False,0.29316255642428557,0.2305790185715033,0.06816712887953358,True,False
KIFBP,0.846679884534231,2.0356232482494056e-18,0.17939457055342256,False,-0.17536950356198258,0.887474497563114,-0.04493674852358076,False,False
SELENOW,0.84631350244584,6.267820151044853e-17,0.1793743020876617,False,-0.07634992753298164,0.8159869888213407,-0.01805700496385576,False,False
SYK,-0.8392639552577433,1.9936232693296704e-18,-0.1827951963005363,False,-1.1455723408728702,0.018935266501486744,-0.21399251495630622,True,True
CD151,0.8386631963790713,2.5891557356713086e-17,0.1631270961525484,False,0.22359204095724583,0.7417926549120735,0.05345880832399175,True,False
RHOC,0.8383086321022474,1.260154604147658e-16,0.1794112374252137,False,0.13895045998403333,0.8484657113806351,0.031776297258051756,True,False
RHOH,-0.8347027692235381,1.7224230189305387e-19,-0.18577168370110808,False,-0.781304304058679,0.22476873358654872,-0.15778235844806598,True,False
RAB13,0.8255486860187727,1.4659594908437195e-18,0.1690998806934081,False,-0.35372571640711176,0.5581580351050326,-0.07690730559678371,False,False
PLAGL2,-0.8227555898261671,4.0158158227253575e-17,-0.17094129958908066,False,-0.6336761513378004,0.11159501306996819,-0.14187596666621527,True,False
FAM177A1,0.8225387531097761,3.8057218143816555e-16,0.17204741057367023,False,-0.08553146662777539,0.8517690818410698,-0.020056175406858223,False,False
GFI1,-0.8189961739813477,4.203471136344267e-17,-0.16690662280607516,False,-0.9772803272151772,0.08652959208374497,-0.21496021304004476,True,False
DDN,-0.8181275553962363,1.0162074391920035e-17,-0.16635137597651273,False,0.6638244386685105,0.1863483031227864,0.12843688931661568,False,False
CD276,0.8170720097614206,1.4721084503975773e-17,0.1693781609252909,False,0.023605756222237765,1.0,0.005351360597175336,True,False
POU2F1,-0.815994257940432,2.6655535628453492e-17,-0.1676340649180723,False,-0.16387017269724466,0.871290656560024,-0.038443965227028976,True,False
RNASEH2B,-0.810900903125073,8.670949609412653e-16,-0.16816375635698133,False,-0.492887734205863,0.3123776120993166,-0.11148808717909198,True,False
PER2,-0.8098122116196947,3.261342455868774e-19,-0.17493416351145274,False,-0.28517967123339855,0.8671290025705851,-0.062059736786003405,True,False
YAP1,0.8049985067703815,8.472538977679914e-16,0.15863960037395675,False,0.08295487033770736,0.8303335233224468,0.02023820106875629,True,False
ARID5A,-0.7996263922968302,2.740955003129574e-17,-0.16310213621461056,False,0.318604084390399,0.5010978434151991,0.08692442501098885,False,False
PTMS,0.7984793746879965,9.61656141748338e-16,0.16696271639587668,False,-0.29437324633644574,0.5631076547968293,-0.06783797770349675,False,False
PAX5,-0.795424821524736,1.5387896803618952e-17,-0.16560816899501507,True,-1.272712851210918,0.00015978134505162747,-0.229841081637276,True,True
CCDC12,-0.7919977065831262,5.124672879083208e-18,-0.17138470995908417,False,0.0787615586498997,0.9625550458580404,0.01751457211088958,False,False
CORO1A,-0.7883339944588543,7.196690580268279e-17,-0.1693111520087074,False,-1.1532323504593318,0.038886026624438096,-0.22564870244912427,True,True
DYRK1A,-0.7878027893574309,6.273508861248582e-17,-0.1657554998831321,False,-0.12318167057543727,0.8484657113806351,-0.028288441259888053,True,False
CD19,-0.7860067542181433,8.397475863300671e-16,-0.1591967000505612,False,-1.0322329555828171,0.01035431330276308,-0.19955338951636037,True,True
LST1,-0.7826393882801607,2.921116387955567e-16,-0.16107605314002793,False,-0.10021088309537113,0.9976062805384047,-0.02193595045330099,True,False
TREML2,-0.7749228889041405,9.373356854459928e-17,-0.166532788317169,False,-0.0534175557381579,0.8696264215881803,-0.011791587132788273,True,False
DENND4A,-0.7742486129499441,4.876528642160775e-15,-0.157620585542956,False,-0.7585731575319816,0.024953855548524827,-0.15639804445875694,True,True
REXO1,-0.7741531838886807,2.2958234346031903e-16,-0.16932374121069316,False,-0.08684922744254853,0.9313394490811895,-0.02106185814660666,True,False
SAFB,-0.7699136359777365,5.299178051650218e-16,-0.15393284221792847,False,0.023162051128794967,0.8649817581647525,0.005176377405455845,False,False
PUM2,-0.766001783824202,1.674316930658591e-15,-0.15479274844361335,False,0.038666376002201436,0.8303994039816182,0.00866914077579306,False,False
ANLN,0.7645568139010048,8.338505693254019e-16,0.16154855684371316,False,0.3437194252833412,0.6116848261127036,0.06928531660741033,True,False
AP2S1,0.7642709587085355,8.280034133436053e-16,0.16126402791948635,False,-0.12277556802815462,0.7509341830566726,-0.02858094988080584,False,False
FERMT2,0.7633569933456293,1.9254009902078095e-15,0.1631263727022727,False,1.1142646779014986,0.0001782829314245634,0.22313331215834342,True,True
RASGRP2,-0.7625283187800391,5.475656417653963e-15,-0.16249728999518265,False,0.17373889562990122,0.7696194738766341,0.03955269522558069,False,False
FCGR2B,-0.7617303615658252,1.0391994038784235e-15,-0.16420350654587157,False,0.13565376274729837,0.9348963840891794,0.02937748508831106,False,False
TWF1,0.7596807304234829,2.483451094192796e-14,0.16398333689101818,False,-0.34400100844736087,0.7812176289815335,-0.07876688667549558,False,False
GGCX,0.7594215526240446,1.7835199706419358e-15,0.16173467760505122,False,0.863281040336558,0.25653710534522045,0.24723078580792635,True,False
ITGAV,0.7581121020603482,2.7509523645440707e-16,0.16410532865376481,False,0.8079893166015443,2.46473564813665e-06,0.16148386474394538,True,True
DDX28,-0.7557481141293635,2.6997247011882607e-14,-0.1655207104085843,False,-0.2289368163680637,0.6490613456148978,-0.049393659249714617,True,False
EPC1,-0.7526415572788382,8.574474078858926e-15,-0.1561865318854938,False,-0.10880837475761702,0.9636830005360993,-0.0276181339551842,True,False
MTRF1,-0.7516962083834298,8.06527444841328e-16,-0.16566021090431704,False,-0.18832561902924205,0.8010421126633535,-0.048171021282573,True,False
ADAT2,-0.7513008326882782,3.380433593491317e-16,-0.16605476131731667,False,-0.1746439203054175,0.5567793208298286,-0.03648264125616496,True,False
CLASRP,-0.7511620370505254,8.152712555551345e-15,-0.15670530942138505,False,-0.23132221899420982,0.6939301721462829,-0.04758786622352851,True,False
CTNNA1,0.7509094850274218,3.749318082803033e-15,0.15420794406638194,False,0.22668784725395758,0.5086617967923921,0.053394806312266674,True,False
SWI5,0.7508339456381422,5.721446125004846e-14,0.16205620919411956,False,0.2598830713481905,0.7823733360290571,0.06325932034641202,True,False
MOK,0.7496039925743746,9.086212592554612e-15,0.14789037428257323,False,-0.01162167590239916,0.9043560072638791,-0.002620381248669368,False,False
LGALS9,-0.7494523663595896,2.3507567438357334e-14,-0.16697707575674325,False,0.04067037876270289,0.9647426162448133,0.009686457692471784,False,False
SHLD1,-0.7469718454776805,1.4003981991155555e-14,-0.15864105131268413,False,-0.18882039998070643,0.7000891068626313,-0.04843702707861919,True,False
PPARGC1B,-0.745014640355479,1.2953377241424781e-14,-0.1554183368942761,False,0.06510573137161114,0.956335952559856,0.015617756272667371,False,False
BCL2,-0.7446873912010279,1.9352498178058972e-14,-0.162631121082482,False,-1.0711307716412808,0.0032349928617600473,-0.2333919605206809,True,True
RBM33,-0.7443144813294352,7.558605057018724e-15,-0.15087034738584482,False,-0.229564124860247,0.5395619022701933,-0.05205005146265318,True,False
CTTN,0.7409635527484428,1.6446687286652213e-14,0.15371251312065048,False,0.21756126435456716,0.6817465648609106,0.05348363165008596,True,False
SPI1,-0.736468076679369,1.0708680876342591e-15,-0.15761729163415072,True,-0.952079551010425,0.019822977282459818,-0.20210563624257016,True,True
HIC2,-0.73047285162383,6.997204738646477e-14,-0.15682271324774177,False,-0.2331771800877322,0.8517690818410698,-0.04350827989742001,True,False
CCND1,0.7294717830874339,4.136448628906885e-13,0.15338293704232875,False,0.34753702904762135,0.5856078416906805,0.07917624218400565,True,False
NCKAP1,0.7289367299503149,6.11203513454031e-14,0.14840799483488265,False,0.8049778111863021,0.0031021368875918253,0.17168390013907509,True,True
ITGB1,0.7282986368024179,5.307489809971491e-16,0.15997990757051817,True,0.011832089535563176,0.9625550458580404,0.0025811291330226638,True,False
P3H4,0.7268206803357776,4.6167589489447227e-14,0.1567927559598239,False,-0.1729145374643419,0.782582950039966,-0.046615568682310204,False,False
LMNA,0.7257519266356757,3.139043637517215e-14,0.15390222605897108,False,0.240505546256555,0.4609291332278328,0.05429654840608933,True,False
DYNC1LI2,0.7244814044045498,6.992578375780334e-15,0.15816709609107527,False,0.010658318721882555,0.9548094454962953,0.002188245301583791,True,False
TAX1BP1,0.723755506380271,4.6754924548054254e-14,0.15418444622439242,False,0.10196708104030879,0.8951748636193857,0.021175411618445494,True,False
FBXO41,-0.7233420485484171,1.4947551039979743e-14,-0.15078214641647403,False,0.6338757812570879,0.4667905199714911,0.1665589477627334,False,False
IQCB1,-0.7230438815672392,1.674316930658591e-15,-0.1615063451911265,False,-0.19176125620972548,0.9162500381206772,-0.03896599282218016,True,False
KMT2D,-0.7200170085299431,4.8424797674562664e-14,-0.1553904736595122,False,0.17545384775725983,0.759098848292241,0.03902055405329374,False,False
PSD4,-0.718522327623493,3.833612414814394e-15,-0.15478957277041427,False,-0.17766825302487188,0.9075175057539666,-0.04673079109058609,True,False
TOR2A,-0.7171917339021465,7.298047009353542e-15,-0.15551535723356924,False,-0.010857330072485233,0.969061878441121,-0.002321297911479725,True,False
FAM117A,-0.7147710889190042,1.4676695536193977e-13,-0.1503507074863668,False,-0.16837043530155937,0.6779742595551113,-0.04332961898801191,True,False
HSBP1,0.7122253136539387,2.0490844299662652e-13,0.14861260838886015,False,-0.13330898853360706,0.8544448780232391,-0.028562361228660293,False,False
MXRA7,0.7093842675228638,7.521834651500478e-15,0.1472919657099192,False,-0.17868085094106775,0.8010421126633535,-0.03130963775084261,False,False
ARHGAP29,0.7087364746175046,3.54581913275656e-13,0.1484997249145401,False,0.2232293659992139,0.7190536338039051,0.05496203769577512,True,False
ATXN7L3,-0.7066363905133912,1.1398873882127179e-12,-0.15035099659394024,False,0.06787040467281355,0.9585209435924174,0.015278981742731013,False,False
YIPF5,0.7056843367123895,2.9122135719123437e-13,0.1476829067230785,False,0.03569727935916473,0.9351329819025848,0.007553483333547106,True,False
MRPS31,-0.7047390599988198,6.005865148603611e-14,-0.14887834746251105,False,0.5210571078305466,0.564079698426595,0.10832948156682143,False,False
OBSL1,0.7020940790874379,2.49667388552561e-14,0.14282596225699873,False,0.029801158175818146,0.9997031687217337,0.00629338619369868,True,False
NAF1,-0.7016867442757282,5.884648989590001e-14,-0.15015485098994574,False,-0.17818686664352895,0.7828937475462114,-0.03831684358495124,True,False
BTAF1,-0.7001090343353331,3.921792691680323e-15,-0.14481370800525095,False,-0.3545799231547714,0.40793096842916204,-0.07712110772863756,True,False
ZBTB41,0.6992038619260473,3.082197823141463e-13,0.15385626686170362,False,0.21149991620830372,0.7823733360290571,0.0411721186200209,True,False
LTBP3,0.6981854575496295,2.7363273915517084e-12,0.14766436561042084,False,-0.2113723674713896,0.8063820522292373,-0.04106771292467837,False,False
RPS6KA1,-0.6974509981262728,5.884648989590001e-14,-0.15000530108868304,False,-0.5441721412662707,0.2757652809942196,-0.14267914262632164,True,False
ANKRD49,-0.6971427191150216,8.325718556651254e-13,-0.14823000232712236,False,-0.026161559307429118,0.9424929380614395,-0.005945063206936219,True,False
RMND5A,-0.6970009039867641,5.847477988601342e-15,-0.145808800920725,False,0.8690352343112432,0.022807845944915143,0.16536498186313242,False,True
TEPSIN,-0.6967788088546994,1.0953889233643598e-13,-0.1516347888644587,False,-0.2589514591873296,0.6608982247139682,-0.06113377441860646,True,False
PNRC2,-0.6955590708434597,6.909338497441705e-14,-0.1474133924678407,False,-0.1671886316773185,0.9436264917372076,-0.038874198300375085,True,False
MITF,0.6952748796752491,9.009120503080768e-14,0.1482814054201702,False,0.6170111138334713,0.24776964074403826,0.13306897180932786,True,False
CD27,-0.6925650445647664,7.615890137161846e-15,-0.1387130082441841,False,0.15119152419245532,0.9394891248969472,0.03698292736980324,False,False
FBXW7,-0.6913334560351022,1.4423098386037875e-13,-0.1430264021393297,False,0.19144411985804413,0.8303994039816182,0.047265591814792174,False,False
CCL4,-0.6902891777572393,4.1886366392047494e-13,-0.14940427769328668,False,-0.23082392697987517,0.7125405366618226,-0.05648637466567319,True,False
RPIA,-0.6897534061515493,2.6385813419204877e-14,-0.1487397093658247,False,-0.07888669122935464,0.8517690818410698,-0.01750192465734468,True,False
IL12RB2,-0.6882688400439682,5.282593418723122e-13,-0.14656615035384668,False,0.09725151346044139,0.9548094454962953,0.02229506383679425,False,False
CCDC28A,-0.6841528039450614,6.005865148603611e-14,-0.14886680980767597,False,-0.29527336357196954,0.5929489163436951,-0.06686253173814638,True,False
CPNE5,-0.6836375159194895,9.700497881718871e-13,-0.14700216164537316,False,-0.43038163920206246,0.6827479761130073,-0.07955991609184032,True,False
HAO2,-0.6829649542136879,5.322216332245319e-12,-0.15166890222851936,False,0.15162715935245782,0.8847428439185684,0.03552063315224352,False,False
RCC2,-0.6827955460041003,1.3032960950945333e-12,-0.1420294591007334,False,-0.2246505690817516,0.92790704805153,-0.0545048701085058,True,False
BCAR3,0.6827740933471275,4.0436451087678896e-12,0.1432412366171798,False,0.09080684971469129,0.969061878441121,0.01953049565804843,True,False
ZBTB39,-0.681562632032348,5.658997749805029e-13,-0.1422310290143658,False,0.1144453961818957,0.9015108566114233,0.022987900938956862,False,False
FLOT1,0.6802070485608175,2.0651625208611168e-13,0.1466026639877951,False,0.32776617222106313,0.6481744093516577,0.08024491472733519,True,False
MPHOSPH8,-0.6799107602122597,6.01446314881068e-13,-0.14369745123100852,False,-0.37023853170887466,0.20118476955979037,-0.09002726668280925,True,False
TRNP1,0.6779400965245028,2.558198613152901e-12,0.13889977101403428,False,0.3178954822914446,0.44206216078679605,0.08204561730029347,True,False
DAZAP1,-0.677754585666382,8.430408057757226e-13,-0.14080502157281582,False,0.10127913349870402,0.9436264917372076,0.021760357923636064,False,False
HYI,0.6756293363413055,3.2952576903648945e-12,0.1334390658620599,False,-0.45519881447288474,0.6116848261127036,-0.09871132476366729,False,False
TAX1BP3,0.6717849630513395,1.1130416941795614e-12,0.14108082481690687,False,-0.3479425060897872,0.774386785492935,-0.07732332301945632,False,False
JKAMP,0.6667935526748667,6.293258235717946e-13,0.14370184645445416,False,0.09542089949299111,0.8847428439185684,0.02098253450285803,True,False
CDC25A,-0.6663691708825459,3.8117035016644235e-12,-0.14301139392793516,False,-0.20861412266921417,0.9162500381206772,-0.053697182122942166,True,False
THRAP3,-0.6653175467408144,1.2052651063643873e-11,-0.1446474431206317,False,-0.15500134813404118,0.9450354974109463,-0.032819715660063586,True,False
DPCD,0.6647142397445314,1.8376577127747633e-12,0.1437295786865853,False,-0.677925763405348,0.2836102237536211,-0.14009140754644456,False,False
SFTPB,-0.6646563573848658,3.633600434031055e-12,-0.1392904846891847,False,0.18443121487359196,0.9983010589614777,0.03489947830016149,False,False
TFAP4,-0.6643585780663238,1.2052651063643873e-11,-0.13870275821896794,False,-0.16310411529933058,0.9076005106377076,-0.03593822795688428,True,False
ATP6V0A2,-0.6642757060821445,1.8376577127747633e-12,-0.13980209559436574,False,-0.7188629891866035,0.19426198004534098,-0.12055632601838706,True,False
BCL9L,0.6638786955209787,1.775388911362231e-11,0.13915681541376745,False,-0.182644384880633,0.8303994039816182,-0.03606888878946446,False,False
CEPT1,-0.6613773598744681,5.201063589053381e-14,-0.14140507776115374,False,0.05342618238854129,0.9868157508096559,0.013315799508401227,False,False
NFIC,0.6611360453273838,4.903945484536208e-12,0.13399706073621243,False,0.2920236598049079,0.7258938608987852,0.05673339418192924,True,False
CHRNG,-0.6609561951814252,3.8580905581313883e-11,-0.13406717408203228,False,0.23604053588419724,0.7423302865292829,0.057867161777659604,False,False
ARHGEF7,-0.6600246185951568,1.3295909041656366e-11,-0.14629085673734377,False,0.24874866877984728,0.5037423541462556,0.05128263238514208,False,False
RAB1A,0.6588965202721363,1.1797757392969913e-11,0.1398636341915891,False,0.09141266123243451,0.7944417885152435,0.018775937823396482,True,False
PTEN,-0.6585186580683794,1.1237674541621357e-12,-0.1395675960042828,False,-0.41465810757218435,0.5733566207917847,-0.08603730390286302,True,False
ZFAT,-0.6581317145172723,1.4863056743600287e-13,-0.14436500555904175,False,-1.339874368364579,0.0019173443953651842,-0.24148327275279868,True,True
TCEAL9,0.6567297493316957,8.025450711774041e-14,0.15069107902902878,False,-0.007917247720554325,0.9548094454962953,-0.0014604909628372909,False,False
KCNK7,-0.6559501921783238,1.2416670273780724e-12,-0.1487048657527099,False,0.0196424438228115,0.9588458431102604,0.004272621734438431,False,False
S100A11,0.6549533215779835,3.757030985037121e-12,0.13267821757168008,False,-0.5121994056258837,0.28899168156423743,-0.1132482596200175,False,False
RAD54L2,-0.6545433787180586,5.406224842588435e-12,-0.13423747043700196,False,0.06483379341114753,0.8951748636193857,0.013606257958577395,False,False
AQP10,-0.6542479525008744,1.0798497468130213e-10,-0.1387846013749865,False,0.10696154081886337,0.9901887421975374,0.024032124022578927,False,False
CYP4F2,-0.653713985541408,1.0117425104227561e-12,-0.1409359979176248,False,-0.024920348065028103,0.9955371987694167,-0.005197150638270642,True,False
RTL8B,0.6524788487965504,2.7588799787915115e-11,0.14000454865809875,False,-0.051333086327484435,0.9491591074745542,-0.010706833502498014,False,False
STAT5B,-0.652083115107933,1.7949246426503492e-12,-0.14167856098462916,False,-0.3242656473086631,0.776966242668541,-0.06932610802396866,True,False
RHEB,0.6500858644588683,2.7698588446850298e-14,0.1397894895293037,False,0.21933759225657037,0.6657897264705382,0.045655084272864244,True,False
FLI1,-0.6497941427073283,4.463596380905153e-11,-0.13403231022462858,False,-0.6968602637307839,0.027294559698278303,-0.151826788551209,True,True
SLC25A42,-0.6491255835993986,1.1703605790943273e-12,-0.13698392655006497,False,0.421734610019934,0.599507683656125,0.07602241328421044,False,False
DUSP3,0.6489856141695055,1.623556163975674e-13,0.13680486371655487,False,0.5044999872840487,0.2757652809942196,0.10229870955238596,True,False
CEP152,-0.6487133738368213,7.369439890390936e-12,-0.1475376213433348,False,0.08399371822868,0.886274752817827,0.017857069554416682,False,False
CCDC88B,-0.6477081400206607,4.97555251943969e-12,-0.1410684134208804,False,-0.21886365640236882,0.7366115279528247,-0.05009973932640843,True,False
DOCK7,0.6474619499467958,8.05664673486059e-14,0.14033290464408754,False,0.5554919829707798,0.1735645277952002,0.1303175561510459,True,False
KCNK12,-0.6472551396107662,1.3851326483047348e-12,-0.13843759020792046,False,-0.17490468155988095,0.6444321391614406,-0.048898606479185425,True,False
SERPINB6,0.6470848793661188,2.8271343461011423e-12,0.13508589994534503,False,-0.247576841284342,0.7988252588626975,-0.04802465229017372,False,False
TMEM54,0.646933257909508,8.44661394943694e-12,0.13907944402893424,False,0.22683528373926437,0.7812176289815335,0.0648919152117271,True,False
C19orf38,-0.6468940048393365,4.688758686794991e-12,-0.14018186388207088,False,-0.006604459143304494,0.9595713954727877,-0.0015971331698825253,True,False
EXT1,0.6459159562276383,1.067191597948757e-12,0.1374927279153324,False,0.19972431395280077,0.49897989058645836,0.045407689599723966,True,False
CAMSAP2,0.6457494392977803,1.509217636130469e-12,0.13698703953422076,False,-0.16308603904361793,0.8847428439185684,-0.03583569645336304,False,False
TWNK,-0.645563262079559,5.56532290619977e-12,-0.13785218977651326,False,-0.26330077732456064,0.4577054779913988,-0.06046423888382968,True,False
LIMD2,-0.6439413033849322,1.1918336839878166e-11,-0.13229861341226012,False,0.3298355992370279,0.37958314175429,0.07473527996519458,False,False
VRK1,-0.6437161083032868,1.9503220087504017e-12,-0.13241595372880255,False,0.10543820939476949,0.9712651634577414,0.02232113786214196,False,False
SLC26A11,0.6432485843089965,5.9246831208341984e-12,0.1389964616210806,False,-0.019020295940602335,1.0,-0.005031612224411397,False,False
ANKIB1,0.6430748709411399,5.741842137688431e-12,0.1406132361111414,False,0.10030340410984108,0.9625550458580404,0.025000574904528783,True,False
WTAP,-0.6426439944864402,2.03498169691647e-12,-0.13804419470865525,False,-0.03917800374475185,0.9664047613901128,-0.008420722417054272,True,False
SLC25A19,-0.6417948656496941,1.3134345337109093e-11,-0.14416233244496546,False,0.005517178297223318,0.9824000219929185,0.001277097450397946,False,False
KRTAP5-1,-0.6411449628047222,8.25062275214224e-12,-0.13713199924867947,False,-0.3347325226758746,0.4577054779913988,-0.07314456564468319,True,False
ZPBP2,-0.6395777497722496,1.0079417855249328e-11,-0.13930260377155612,False,0.23419395065348783,0.8095883847114016,0.053083556374537544,False,False
CDK5RAP3,-0.6386177465027945,5.2428223577541965e-11,-0.13712441136009268,False,-0.1815773438359249,0.8299519086898128,-0.03669097921366582,True,False
SGCE,0.6381504556184865,1.0539581418501388e-12,0.1400660092416004,False,0.15126992365721742,0.6678011585965532,0.0393086683261572,True,False
LARP6,0.6375185191746935,5.536395138283857e-13,0.14336293126846122,False,0.03409501935499647,0.9593291632430109,0.008512002393370466,True,False
CSK,-0.6366790201908077,4.262745507554405e-12,-0.13734718342121877,False,-0.43232171050146884,0.21944144567466034,-0.09298573914557551,True,False
KDM5A,-0.6361236740845331,3.474187442369054e-11,-0.1357106080942998,False,-0.46718404760150195,0.24562391937407757,-0.11018093770690474,True,False
TFAP2A,0.6356973922779429,1.0079417855249328e-11,0.13411392102680963,False,0.7212606143444432,0.017684863888858045,0.1827406826920006,True,True
MBTD1,-0.6347408962362195,1.7891099829481786e-12,-0.13324553440283626,False,0.05319037178811742,0.9723942383558654,0.010881991011264525,False,False
PIM2,-0.6340820025777043,1.03187291527716e-11,-0.13625538162803252,False,-0.4772328935695448,0.4679908252084291,-0.11147435005470197,True,False
FANCE,-0.6329396158158834,4.946951162568783e-10,-0.13679490044797493,False,-0.1783055107574542,0.7812176289815335,-0.0440467043750008,True,False
DOCK2,-0.6326045757385809,7.487287915294698e-11,-0.1357732616095726,False,-0.8177694748590529,0.12878312239378154,-0.16738471104475572,True,False
SGF29,-0.6324169574601811,1.6466154001339266e-12,-0.14132688447962583,False,-0.3920934996310624,0.20672465869212917,-0.07796453268056247,True,False
FAM50A,0.6312530729336943,6.694914512722708e-11,0.12810223141484212,False,-0.06043683529121409,0.9997031687217337,-0.01386912509755689,False,False
LEMD3,-0.63058791583597,2.3637548853789594e-12,-0.13123322309855023,False,-0.008812923039017833,0.9664047613901128,-0.0020174826754590924,True,False
JPH4,-0.6297945237776793,1.423644900770362e-10,-0.1375806225348981,False,0.053880116497564044,0.969061878441121,0.013791264061566721,False,False
EIPR1,-0.6296815918819115,2.5489615247377753e-11,-0.14047250970251834,False,-0.2655676060616461,0.6657897264705382,-0.05740574086732586,True,False
WDR89,-0.628735161045232,3.5889379969580283e-12,-0.1358340367644857,False,0.2698449640202574,0.7258938608987852,0.05851747364572901,False,False
GUCA2A,-0.6273058192566132,2.248913722483416e-11,-0.13714316534798776,False,-0.1733030135862886,0.7886268419695315,-0.03901227835829513,True,False
HEATR5B,-0.626433101049525,7.352897612069886e-12,-0.12998527848406383,False,-0.18749437440855776,0.9090580802343772,-0.04243228175904168,True,False
YTHDC1,-0.6254974549246409,5.339978101572391e-12,-0.13438556635033994,False,-0.3603253314778482,0.7743064166613366,-0.09193124248743878,True,False
EXT2,0.624616744590372,1.9503220087504017e-12,0.13715068362583516,False,0.4153699640144138,0.10805693663403974,0.08192445997914088,True,False
IRF4,-0.6240827983480103,2.1313958679361864e-10,-0.13217557254010615,False,-0.3870993884504191,0.37100848407450476,-0.0833955497362604,True,False
SSH2,-0.6233637240729611,1.2296755399283554e-10,-0.13642775505628535,False,-0.30061154605922286,0.6901420283622137,-0.07083890428796025,True,False
UGCG,0.6233310133594062,2.678246748817054e-10,0.13390967217584837,False,0.15557086300646172,0.8036319261874248,0.03373291676650858,True,False
GSTM3,0.6231501808554374,6.5453963350539646e-12,0.13740304809337722,False,0.14832320256733295,0.8041718398695444,0.03257829161366832,True,False
DCP2,-0.6230931710369374,4.247139154963457e-11,-0.13360101767880472,False,0.1758909678537578,0.794131809276218,0.03523182298503258,False,False
TNS2,0.6219242187144204,4.410264910458533e-11,0.13207830471896287,False,0.26039661759452704,0.7857203114352141,0.061866918590119724,True,False
MCM9,-0.6212712264293313,2.672989978769535e-11,-0.13774975894223562,False,-0.34101737003152316,0.8159869888213407,-0.07243271076193647,True,False
NAALADL1,-0.6211296695438984,1.5294495645487454e-10,-0.13690311785975862,False,0.08007844638836893,0.9918840846043038,0.022960376870266863,False,False
GRB2,-0.6210035509104777,4.626750036973833e-11,-0.13582339813020106,False,0.07740202109520222,0.8830825961662654,0.01653097220176125,False,False
PHKG1,-0.6209903974610569,1.2588410903654397e-11,-0.1332739854294127,False,0.7599968887535867,0.2667396924340406,0.18992419341482858,False,False
CEBPE,-0.6186056846339382,3.1279901579542877e-10,-0.13548097763987776,False,0.11787421853324603,0.9595713954727877,0.03239755670212485,False,False
DIAPH1,-0.6172564267825998,6.147805391556833e-12,-0.13515501076508052,False,-0.06226542674901108,0.8847428439185684,-0.01744421980657407,True,False
MIEF1,-0.616277516403796,1.4433271192779667e-10,-0.13261588178979,False,-0.09196080723430206,0.9394891248969472,-0.01984593123595424,True,False
USP19,-0.6159514215638195,2.6692216149139424e-10,-0.13502022796213708,False,0.8903730520999519,0.037433032470461064,0.1867196118649357,False,True
GTPBP1,-0.6157689520407371,2.299757762507827e-11,-0.13639145187106205,False,0.1325031725436688,0.8010421126633535,0.03271653202833935,False,False
BMF,-0.6141645528626919,7.39424165442784e-12,-0.12655714583720723,False,-0.6361824406677967,0.18497907418230364,-0.13288843237738845,True,False
POU2AF1,-0.6137729771912214,5.076963140122733e-12,-0.12998477917453766,False,-1.0781321040026737,0.00017262794236495908,-0.21686999019059972,True,True
ARHGAP27,-0.6136668336654157,2.602601379308785e-11,-0.13120618205147938,False,-0.045893717107176275,0.9394891248969472,-0.010035604811760912,True,False
TDG,-0.613530277903832,7.553270672363952e-12,-0.13742798177232807,False,-0.34315506897928477,0.7337250540230916,-0.0705949384881368,True,False
MET,0.6134405486030327,5.541162869157052e-12,0.13073809311043494,False,0.16111013577759178,0.7431210921516084,0.032300715552374015,True,False
MRPL16,-0.6125043914395712,6.868812644188831e-11,-0.13479647267711314,False,0.11140363192067666,0.9901887421975374,0.02414353839038519,False,False
RPUSD4,-0.6122760005692609,1.5178393144925135e-10,-0.12833453218993363,False,-0.014583953177338202,0.9588458431102604,-0.003334701577936805,True,False
ARMH1,-0.6115416286029004,1.5864509525772103e-10,-0.13379953604826333,False,-0.2122026813522054,0.8696264215881803,-0.04603187712823864,True,False
ZYG11B,0.610930941619361,6.740803289177116e-11,0.12951569388058282,False,0.13175013990071732,0.872695540639521,0.027425818924959877,True,False
GRAMD2B,0.6106681675106023,2.958821275698898e-10,0.1272013873854343,False,-0.20778548625976115,0.8756019746613767,-0.034935132468037366,False,False
HJV,-0.6088012032748155,4.393218923288541e-10,-0.1332048042695737,False,0.5096883065133366,0.333164395473329,0.11356614830939726,False,False
AQP7,-0.6087399146591846,2.168310168354003e-10,-0.13099061982565718,False,0.49909547590206804,0.5348696207828504,0.09045628101759284,False,False
MTF2,-0.608133417986096,1.763326544302036e-11,-0.12954797522995953,False,0.37157051560372945,0.6664584427858822,0.08805287742451284,False,False
IBA57,-0.6080611392741093,5.260764247202709e-11,-0.13164884126498322,False,-0.03445849764079278,0.9471288736778624,-0.007863587659777238,True,False
ME1,0.607164149071348,9.288915147111489e-11,0.1267090868374776,False,0.2675150647702619,0.8159869888213407,0.06494337602633227,True,False
ABI1,-0.6069122366585251,1.2284119386642833e-11,-0.12813774979446002,False,-0.1746823052900411,0.8696264215881803,-0.03959814538995321,True,False
SMARCB1,-0.6036810310204399,9.257181952235345e-11,-0.12298432045841245,False,-0.037595256844920474,0.9729879770583523,-0.008580006333316348,True,False
MYH11,-0.6018827216814652,3.3061286161120382e-12,-0.12909458816766595,False,-0.6169232406286598,0.3420713097465525,-0.11739429701740889,True,False
PTDSS1,-0.6018154983031894,2.550761820271355e-10,-0.13131113604979472,False,-0.03400840585984422,0.9548094454962953,-0.007946076716532247,True,False
PLCL2,-0.6017466495197333,1.3605010076485497e-10,-0.1373807940546401,False,-0.39991571774559215,0.6275841180142411,-0.07697668505208455,True,False
ZCCHC7,-0.6013868674313695,7.723167698060583e-13,-0.1278109089956203,False,-0.3958081778004915,0.6095118628998313,-0.0809469564349099,True,False
B4GALT7,0.6013287636937884,1.2101668750245534e-09,0.12370357383128106,False,0.1610578070377252,0.907162593141004,0.04147176962527066,True,False
MADCAM1,-0.6006414288066392,1.9716616381663596e-10,-0.1314680399659247,False,0.31306823535972267,0.7931948844344194,0.075107721738501,False,False
PXN,0.6003526532114011,1.2562506266666294e-09,0.12692122605705958,False,0.6723541473275447,0.058449950887652875,0.14730543132462692,True,False
DYNLT1,0.6002102546144998,2.507356631609295e-10,0.1305007880599005,False,-0.3148404897935173,0.7366115279528247,-0.07807341486693709,False,False
MCPH1,-0.6000916120918968,8.916667209721583e-11,-0.13341035434979887,False,-0.01832696516838984,0.9548094454962953,-0.004218239459737205,True,False
MYB,-0.5998932108103261,3.5889379969580283e-12,-0.1342538308801151,False,-0.8108270664735467,0.1030759665578169,-0.1758734091398555,True,False
G6PD,0.5998203307448534,4.3427224552377176e-11,0.12251858662014747,False,-0.28573696413341865,0.27277427132180443,-0.06797830322000031,False,False
TP73,-0.5993388498902069,9.432242629883949e-11,-0.1313362856986009,False,0.0036871972533976736,0.9471288736778624,0.000908420548903166,False,False
NDST1,0.599083202809718,1.4960051680032828e-10,0.12496242519488465,False,-0.5927022272608921,0.467017104050386,-0.11012654789747245,False,False
BLM,-0.5990206862656712,1.5907211801462033e-10,-0.1301661293964944,False,-0.12655365603245586,0.7337250540230916,-0.027380122767628023,True,False
MYO15A,-0.5988020954127102,4.677995632379271e-10,-0.12662006183538654,False,0.061016668847161344,0.924578188669076,0.016176967081293903,False,False
SCAF4,-0.5987437904971357,2.7529594585831585e-10,-0.1245752999714691,False,-0.18247969469359782,0.4734778411444937,-0.04063493490177361,True,False
TMCO6,-0.5982966673795719,1.4931288503747237e-10,-0.12821766351406794,False,0.22571527330554103,0.5170637337873516,0.0532522369618702,False,False
HAMP,-0.5969984485592211,4.920299380265823e-12,-0.12540702784837787,False,0.10084175176812432,0.8345571035936743,0.023380347105512733,False,False
TTC7A,-0.596711946379596,2.7776030738037873e-10,-0.12580328662915452,False,-0.395233230713888,0.08500239148480658,-0.09177208877985432,True,False
TEKT4,-0.5966438501097662,1.339902709258754e-10,-0.13035372995517402,False,-0.10650391867160637,0.97264496280596,-0.0233566899714015,True,False
ABHD11,0.5961386178133596,2.3504777680925777e-10,0.1343204331636194,False,0.31171298350769355,0.46506723166474506,0.06643785529362933,True,False
CRK,0.595606439084155,5.1671608654363375e-11,0.1287712850391527,False,0.5221825641538229,0.02306086872197988,0.11359968594899428,True,True
RGS13,-0.5952192294598992,7.560585678191906e-10,-0.12969753084629065,False,-0.18988926051389704,0.8431577929210163,-0.0400742018109872,True,False
LMO2,-0.5936567298547631,1.1616713542113698e-09,-0.1320313359186427,False,-0.9113407343331519,0.08928663747550304,-0.20258281469697526,True,False
SRSF5,-0.5934568306649867,1.6860498780863032e-11,-0.12598536755508327,False,0.1828015324950578,0.9588458431102604,0.0467915126698486,False,False
ARID1A,-0.5930303192297247,2.67465643455399e-10,-0.13065704226693686,False,-0.12274396001598997,0.7384872015079311,-0.02597100342850389,True,False
PSPC1,-0.593024048845332,4.247139154963457e-11,-0.13171104329238936,False,-0.23684539849452302,0.6657897264705382,-0.0538372458326819,True,False
KAT6A,-0.5929905172050927,6.67395680268097e-10,-0.12923289007741712,False,-0.3083125597054245,0.5203352387532016,-0.07564180637648388,True,False
ZC3H4,-0.5929837039984226,7.377677154063366e-10,-0.13323548856652767,False,-0.5827501117196922,0.02306086872197988,-0.13516656825958062,True,True
ARRDC2,-0.5920183455719966,3.3090350867679934e-09,-0.12221897695719086,False,0.1503373774443635,0.8847428439185684,0.03600800857470432,False,False
TMEM147,0.5913395037024309,1.0771448125069133e-09,0.130068165736982,False,-0.6374297646424215,0.3604653670309728,-0.11960538695480594,False,False
DOT1L,-0.5912093669327769,2.481808742302403e-11,-0.12426702470980544,False,-0.40696745914304144,0.022284478454594792,-0.09148820366062527,True,True
H3C11,-0.591047787523899,2.678246748817054e-10,-0.12798307329031822,False,-0.39988720971259506,0.12878312239378154,-0.09184954815321777,True,False
BAZ1A,-0.5908586405782059,2.2565859005880695e-11,-0.12946300263822863,False,-0.11098901520093123,0.9015108566114233,-0.02271090878122095,True,False
XRCC3,-0.5886862414229479,5.443313925589812e-10,-0.12493199741596417,False,0.2716297198749376,0.7423069571796356,0.060135415298145034,False,False
BRD1,-0.5872870981676056,2.1505853645271746e-11,-0.1231430967326892,False,-0.02788266498530459,0.9588458431102604,-0.006557680139586353,True,False
FRG1,-0.5867472186740491,1.864907849155965e-10,-0.12707603266791612,False,-0.07369963259494892,0.9769596306717703,-0.016133216662145067,True,False
MYL6,0.5862012657153999,1.333239834986862e-09,0.11818273836583781,False,-0.06788605530009592,0.9540751552404179,-0.014572987490923062,False,False
PRKAG2,0.5860956881423552,7.854862987603013e-12,0.1277228216646895,False,-0.5339406237708927,0.467017104050386,-0.10865041809384213,False,False
CNOT2,-0.585640030199418,5.131990689777673e-11,-0.12923232009220786,False,-0.18897631016780977,0.7337250540230916,-0.03949345685127881,True,False
PIAS1,-0.5847019483763862,1.9784452063213236e-10,-0.1273670816601351,False,-0.009287786223090698,0.9593530954649296,-0.0022512815899231597,True,False
ITGA3,0.5839037202733551,1.146396598799188e-10,0.11399422519268931,False,0.2033812028921005,0.759098848292241,0.04142572294159663,True,False
DLG5,0.5838518877379729,1.2908625929806601e-09,0.12490911997857346,False,0.4760107053310106,0.08500239148480658,0.09377714997204212,True,False
TRIM46,-0.5825256996911453,6.67395680268097e-10,-0.12459367134168886,False,0.07599545571930214,0.8921726637830161,0.017354110671547573,False,False
IST1,-0.5817178128083382,8.101378847431335e-10,-0.12383454014284201,False,-0.18052417831599474,0.6939301721462829,-0.03961868998416307,True,False
DDX17,-0.5797504182876084,4.09372078195537e-11,-0.12798673289984475,False,-0.047491919468964944,0.9900445601119506,-0.010429223970740864,True,False
TRIO,0.5797406416329907,1.3653131411245986e-09,0.12408747805760711,False,0.6010177400071747,0.10060618033459796,0.12920896313327557,True,False
NOA1,-0.5782638576121051,3.623467910083998e-11,-0.12337566398300392,False,0.09201610055527426,0.9162500381206772,0.02271826249237119,False,False
FCHO2,0.5781375127371694,6.587593794929309e-09,0.12886719098645738,False,-0.1078201901931595,0.759098848292241,-0.026735835680559816,False,False
PDS5B,-0.5780198403589917,7.581715085118612e-10,-0.12449504991476701,False,0.3275267592090445,0.4684663737241754,0.06678153513393248,False,False
PUS1,-0.5769312830236718,9.406311791321026e-10,-0.1264026080633034,False,-0.4570705341888976,0.4464593423875719,-0.10375048596515768,True,False
MOG,-0.5760254377210716,4.938418797954877e-09,-0.12270747600035392,False,-0.2620944216430796,0.8303994039816182,-0.06200167667349543,True,False
H3C7,-0.5737476340605979,5.196454448953126e-10,-0.1278005527084245,False,-0.4781615668351992,0.5696562707154692,-0.12083100448335404,True,False
SETDB2,-0.573409257126999,8.217600845635566e-10,-0.12115808828627372,False,0.19285719136886373,0.8010421126633535,0.037944212500671703,False,False
CHD7,-0.5732836171147517,2.0396754915016456e-09,-0.12163002857834826,False,-0.4828248773185042,0.5710659053049805,-0.1093136374217325,True,False
CHMP3,0.5730752850834787,3.370751764822335e-10,0.1175929468357273,False,0.07391278884332234,0.9921674327823036,0.01688547759842951,True,False
CTNND1,0.5725710654848524,5.554389613342078e-09,0.11737649488305557,False,-0.031065892002685537,0.9997031687217337,-0.006806808125896957,False,False
EGR2,-0.5722968934069673,4.2660075055698567e-10,-0.12439594659441155,True,-0.04400241738624957,0.9457220836905977,-0.012742999333609006,True,False
CLDN6,-0.5720226051688014,1.4308681105295194e-08,-0.1206753305310917,False,-0.2466131750348454,0.759098848292241,-0.05226729374453942,True,False
ZNF317,-0.5715493505562809,4.222083534791273e-11,-0.1310911085648936,False,0.2600312174055244,0.5010978434151991,0.053922067094564596,False,False
CNOT10,-0.5714003840267246,8.582540387145641e-10,-0.12248850933332989,False,-0.04398379157685276,0.9981408208678295,-0.010725989874991626,True,False
ARID3B,-0.5704679739830175,2.837392262560188e-10,-0.11907891564734197,False,0.05295417624604663,0.9577669683397941,0.010524341081501909,False,False
NSMCE4A,-0.5701673678868473,4.1753723735895036e-11,-0.12458690139956197,False,-0.2130105444452227,0.6657897264705382,-0.04975303018985411,True,False
IKBKB,-0.5688598444599203,1.6878012571820086e-09,-0.12673553879925592,False,-0.4526199037042411,0.467017104050386,-0.10459526135192743,True,False
ZDHHC7,0.5688590627309015,2.8667761788950412e-09,0.11961390190533372,False,-0.4857286329453161,0.3612543282867223,-0.10934656121139064,False,False
NDUFAF4,-0.5682913720255548,4.3706140707760565e-09,-0.1255054231870254,False,0.10475943742521195,0.8045115417889411,0.02637159742918005,False,False
SAMD4A,0.5675540928042578,1.222921544753171e-08,0.12146489586841724,False,0.371910382658833,0.6101796105545236,0.08156323352414141,True,False
MTO1,-0.567185987354487,1.890690666156748e-10,-0.12470230791534043,False,-0.05026122134573579,0.865571216556823,-0.01192787808445761,True,False
NAV1,0.5668309396207887,3.0038553581339926e-10,0.12441979696874572,False,0.4803468601625473,0.3103885904976925,0.1117517174123197,True,False
INTS6,-0.5664586745618154,8.789875159742986e-10,-0.12296869922129794,False,0.579538927086792,0.32702761091873694,0.1347780450023066,False,False
FMO1,-0.5661561783190666,3.3184763805425584e-09,-0.120903313843578,False,0.21219323714675836,1.0,0.04732197504197,False,False
BCAR1,0.5652943131751443,3.970241780931473e-10,0.12011330350954008,False,0.3024889753584273,0.4563004333252484,0.06452878631904735,True,False
TCERG1,-0.5647335069384297,4.1847264729569596e-10,-0.12320391775910267,False,-0.28483932808693624,0.7743064166613366,-0.0662366912282577,True,False
RARS1,0.5643607513377764,1.6935306569286923e-09,0.12201024973041985,False,-0.4751562264078414,0.5170637337873516,-0.09051642614291389,False,False
MAP4K2,-0.5643456873082142,6.118787912264698e-09,-0.12075312229907453,False,0.24420661089976534,0.6779742595551113,0.04818486217557716,False,False
NUP50,-0.5641701435130296,5.032334692267026e-10,-0.12298916266170679,False,0.1873561682300597,0.8671290025705851,0.0390914460341838,False,False
TAF6L,-0.5641397886047419,1.9214867981631896e-09,-0.1215811899196595,False,-0.34313424078185784,0.12878312239378154,-0.07763669045640054,True,False
TSHB,-0.5637166385915113,6.934928272976188e-09,-0.12058110638311526,False,-0.155787931243361,0.9202676571183757,-0.03024192159300032,True,False
PCNT,-0.56341419598165,9.76147359530571e-10,-0.11479823009453849,False,-0.05683266834931433,0.8951748636193857,-0.013218981458008372,True,False
PARP11,-0.563252069521946,2.0873756700218357e-09,-0.12164593269259072,False,0.3872911835689205,0.5729297061649999,0.08010401297473457,False,False
PPP1CC,-0.5628994846295835,1.931452799002809e-10,-0.1184207040801244,False,0.1331763533109646,0.8945973437802763,0.027853655574674896,False,False
IKZF3,-0.5621310283156323,1.6992794290160696e-09,-0.11632913754959429,False,-0.37931258773994014,0.216265902209803,-0.0924959407690027,True,False
TMSB10,0.5615450502249216,2.332737699397102e-10,0.12634583371121355,False,0.14270410428816221,0.8299519086898128,0.04282923074550116,True,False
CEP57,-0.5614353368763331,2.459754812437922e-09,-0.12023636522965653,False,-0.022049574208221748,0.8573104298323693,-0.006453511356820485,True,False
CAPNS1,0.561334035176239,4.977704521672178e-10,0.11782496661665931,False,-0.017536526723444044,0.9625287671405773,-0.0038742547623638046,False,False
PPP4R3A,-0.5611470002825905,1.0679657936112956e-10,-0.1195128762445874,False,0.08256561465593329,0.9540751552404179,0.015863194541910097,False,False
RBM5,-0.5609912948180431,5.809809624272944e-10,-0.12407404696034074,False,0.09848598714660364,0.7921269965384475,0.021613023195609316,False,False
RAB34,0.5601888030376403,2.468069358776156e-09,0.12230296375030392,False,-0.2447133182178009,0.8379363496650423,-0.042586749973996696,False,False
DDX39A,-0.5597729764436513,8.321643093886706e-09,-0.11846591758261393,False,0.05260363537326211,0.9997031687217337,0.010463033294212387,False,False
IGSF3,0.5590963497230369,2.138520477257355e-09,0.12455708743567317,False,0.1198463089733779,0.9980652310323461,0.03199106357784309,True,False
NEUROD2,-0.5590168194979059,2.006357953023142e-08,-0.11652380024760944,False,0.38451581909713883,0.6641409003063994,0.11065278464224626,False,False
BAMBI,0.5587163507502663,3.684652633577492e-10,0.12377583197174324,False,0.560153530343639,0.09029905508063965,0.11558680437155822,True,False
ZRANB2,-0.5585837255966603,1.0788832171069458e-08,-0.11787470737179007,False,0.13081251431073357,0.9202676571183757,0.02821315951150627,False,False
MRPS25,-0.5584697371891265,1.5211541280774805e-09,-0.1189240625190946,False,0.12831709708636949,0.9471288736778624,0.023580546905598077,False,False
KRT28,-0.5582460113847009,3.2774983670733704e-09,-0.12155943343465303,False,0.30072511810409125,0.8671290025705851,0.08849952316688903,False,False
PGM3,0.5579505413079668,1.0014894449771265e-09,0.12122974380305074,False,-0.15657996156423576,0.45531638178781714,-0.0329067888529444,False,False
RAPGEF1,-0.5573327572167561,1.9258708899843234e-09,-0.12138347994719201,False,0.7695879165846385,0.054416882765176804,0.15847901118399044,False,False
MAST2,0.5568179893781829,5.058076693192278e-08,0.1200672944228458,False,0.3349938134995176,0.6748595832550223,0.07285803523151557,True,False
TSSK6,-0.5567818966168985,1.605064195627275e-09,-0.12497166297829398,False,0.3686547230560541,0.6657897264705382,0.10106831190221843,False,False
LGALS3BP,0.5565016174950661,1.2773558487495663e-11,0.12598378503485552,True,0.05149097120290953,0.947198654821163,0.013456682627479566,True,False
PEA15,0.5563686358120056,1.890690666156748e-10,0.12213851335372183,False,0.4396696251275768,0.2368959873229372,0.11509091385341108,True,False
AMBRA1,-0.5557908170949387,2.9466190739502247e-09,-0.11940078097037166,False,0.09671111653875689,0.9457220836905977,0.023231739604708146,False,False
UVRAG,-0.5554178185315144,5.330975713494846e-09,-0.12141467930714356,False,0.11222495543714016,0.725917049403539,0.026171809427766313,False,False
CD300C,-0.5549475725216411,5.444213259033503e-09,-0.12401348833634263,False,-0.11450940846486536,0.9117632390724111,-0.02748959413422103,True,False
CCNB1IP1,-0.5544640926683125,1.223993345000411e-09,-0.11554316730626013,False,-0.14018951271749228,0.9885188970966955,-0.028469820113637745,True,False
CCNL1,-0.5542466451537648,2.507356631609295e-10,-0.11842911575697457,False,-0.20851765087973306,0.9090580802343772,-0.05696463488658399,True,False
NACA2,-0.5542179664053809,2.7588799787915115e-11,-0.12195088803355514,False,-0.2349601849868458,0.8517690818410698,-0.04752734160679317,True,False
FBXO43,-0.5540796509258387,5.060369017187881e-09,-0.11751322861309799,False,0.0379379203883078,0.9202676571183757,0.010266553026725411,False,False
REXO2,0.5536048937288225,9.913098382616902e-10,0.12234860560955596,False,-0.2009011637718141,0.759098848292241,-0.045347667020346094,False,False
PFAS,-0.5534215367488775,2.6077308517247186e-09,-0.1256193851725822,False,-0.17096032628121074,0.6116848261127036,-0.039822015295995605,True,False
FCHO1,-0.5534114012800786,4.729379009490997e-10,-0.11982138894357242,False,-1.1351829498709787,0.022284478454594792,-0.258927439041333,True,True
TSC22D2,0.5531105854398394,6.804197267064802e-09,0.11948767260467363,False,0.3782063454890967,0.24381614302239704,0.08830468770455724,True,False
ZGRF1,-0.5527112649155924,2.230646692468814e-09,-0.11236467927192173,False,0.5961312620545342,0.4734778411444937,0.13673226654619963,False,False
PNISR,-0.5507079722188549,5.406189612330546e-10,-0.11822513382804178,False,0.2541112243249371,0.7838837450208076,0.053293165060221526,False,False
OR7G1,-0.5503902966031866,5.330975713494846e-09,-0.12396782180128874,False,0.2614709415612444,0.8203369484449858,0.05712780608610224,False,False
ME2,-0.5498073572669102,1.9819716992747095e-09,-0.12305670813955505,False,-0.42281859042933306,0.6426268659236241,-0.08324296483189553,True,False
RNF14,0.5489639428000113,1.022769848908576e-09,0.12316435377493029,False,0.20562313148719744,0.759098848292241,0.0510989606911707,True,False
SLC31A1,0.5488839064316507,2.531789377216118e-08,0.11680843635076066,False,-0.20097746676733586,0.6637174866175193,-0.0457178322679237,False,False
CBFB,-0.5486910169139457,1.2889117469550739e-08,-0.11645382430144657,False,-0.4879441712199002,0.014344282776305416,-0.10631833655608336,True,True
COPS7A,0.5485389145384001,1.3182040040193381e-09,0.11492574690165469,False,0.18532555968426845,0.892846478813095,0.041519240232484655,True,False
USP15,-0.5480054127359766,1.0838600576486662e-09,-0.12113780106230365,False,0.04351821188869803,0.886274752817827,0.011022269115621874,False,False
TM2D2,0.5475551083100183,1.1494261354299555e-10,0.12051595026351691,False,0.47929335319177857,0.1650383203216335,0.10333799040013059,True,False
LAPTM4B,0.5472483202481789,9.085643352923318e-10,0.11810430619143553,False,0.0215662016740836,0.9183940882588234,0.0064350913268480525,True,False
PDSS1,-0.5458870650040705,4.3706140707760565e-09,-0.11618664749014407,False,-0.06181539978817864,0.9394891248969472,-0.015619898202385407,True,False
TDRD10,-0.5456735801196154,3.38665967215794e-08,-0.1226345294235971,False,-0.3381513982474461,0.6962568352328282,-0.07813028606116035,True,False
SHC1,0.5455887798640185,1.0801780688044241e-09,0.11701382205852884,False,-0.17949151252196066,0.6779742595551113,-0.04179802357442952,False,False
NR0B2,-0.5455119362098136,1.9211857449932163e-08,-0.12241588280293847,False,0.43958047992869537,0.6589720090144131,0.07921634106087616,False,False
FTCD,-0.5450408578761474,1.2267259823897528e-09,-0.11848006153697543,False,-0.2245092192019395,0.9162500381206772,-0.04891556232618477,True,False
AKAP8L,-0.5430679874068959,1.038024827335943e-09,-0.11471230516501585,False,-0.22503516010133773,0.5596433608919211,-0.056141422242268924,True,False
PLG,-0.5424571970859952,4.2436326148775244e-08,-0.1133857609888862,False,-0.1363731082898294,0.9585209435924174,-0.0305143470337228,True,False
FANCD2,-0.5421005022120399,2.273863186868602e-09,-0.11862938226808062,False,-0.5350420946196223,0.06202786771792214,-0.12014872532414955,True,False
ABCB10,-0.5416745527926167,3.97709018440801e-08,-0.11658841432537859,False,0.4424242228560646,0.30109678562243547,0.09391130167542272,False,False
AHNAK,0.5389019783309335,2.223031543026059e-08,0.11339930874121862,False,0.21971516301015714,0.9435670942856558,0.06558597112968645,True,False
SREBF2,-0.5388219042790208,2.3570456251530264e-09,-0.11295660477601199,False,-0.6546050532763469,0.055127331463701384,-0.14871466000296074,True,False
CNBP,-0.5387816689919934,4.891527534973952e-09,-0.11605078128718649,False,-0.21718582182281732,0.7353805893492671,-0.046309029113063005,True,False
CXXC1,-0.5385992992387026,7.816864796112092e-09,-0.12032548000352072,False,-0.4111735632551229,0.14966065842937776,-0.09025955497455307,True,False
ANP32A,-0.5384215316378338,2.8188913123838508e-09,-0.11471048430525244,False,-0.036188546884242875,0.9997031687217337,-0.009560775888743045,True,False
RAB18,0.5382803323633204,2.9139911116762006e-08,0.11922520464731878,False,-0.1471108434442278,0.8245046133852353,-0.033595123040189634,False,False
SEPSECS,-0.5377690687733028,1.292734493441921e-10,-0.11521367114798498,False,-0.215004955689596,0.8428663253627136,-0.060246814793336156,True,False
UBR5,-0.5375680239872839,3.8051832756439853e-10,-0.1200505120129769,False,0.15053522175708103,0.8700221557758969,0.03693060180259167,False,False
VPS36,-0.5374421370250313,1.453965818678115e-08,-0.11830304720222085,False,0.15079943795164996,0.6512301916546482,0.03661845407380415,False,False
PEX10,0.537419010782907,2.2457685613192683e-09,0.1192761923523129,False,-0.0731373389385807,0.9162500381206772,-0.018157735202620096,False,False
CYP27B1,-0.5370354274201814,1.8707251414531195e-08,-0.11167539931637105,False,-0.019917062000188744,0.9540751552404179,-0.004468408184127526,True,False
QRSL1,-0.5368461607248584,5.330975713494846e-09,-0.12053241929493907,False,-0.3215241017920578,0.4136662072995196,-0.062312714430627025,True,False
RAB35,-0.5353310778058046,2.214425198104621e-09,-0.11654535423196055,False,-0.260963488587789,0.5334549738151432,-0.05657567343692094,True,False
KRTAP5-11,-0.5350023423470811,1.717600574756769e-09,-0.1205741254603474,False,-0.27939570801329733,0.5622628846401616,-0.0634574519119937,True,False
MAT2A,-0.5349228237075927,3.7691658155718915e-08,-0.11328148109160896,False,-0.41676826611427414,0.5203352387532016,-0.11051313723000611,True,False
BRCA2,-0.5347523228830846,8.627055356312788e-09,-0.1157064848032503,False,0.14635663386775394,0.6651047408671195,0.033716485233567184,False,False
TAF1D,-0.534008998875479,1.0919051309230707e-09,-0.1131278280712511,False,0.020497105799438097,0.9348963840891794,0.00484086911211179,False,False
SMURF2,0.5338248233048379,2.6151527609519537e-09,0.11881309387402084,False,0.38636165064682637,0.5795904280350993,0.07534035852256693,True,False
ZNF99,-0.5337529705871575,1.453965818678115e-08,-0.1143200307239578,False,0.20011659017725242,0.8218895257045173,0.037149200608259214,False,False
COPRS,0.5336178859554992,9.111187692967769e-10,0.11790138439300257,False,0.24079358019537372,0.9548094454962953,0.06571203680212623,True,False
C5orf15,0.5332191094882963,1.3377752957998476e-09,0.11429081111485129,False,0.10657839715068564,0.9399573039600613,0.02488934875353177,True,False
RREB1,-0.5326961759178187,5.4624246588994105e-09,-0.12147265007857388,False,-0.00591044698423973,0.969061878441121,-0.0015799627884591771,True,False
FOSL2,0.5325697071984015,6.001578495796055e-08,0.1107327511054148,False,0.10576200639781694,0.9719390228450419,0.02802425992789015,True,False
TFG,0.5325266368803708,2.0535128716667388e-09,0.11567321730216129,False,-0.19144157434623654,0.6697511974144679,-0.03904602705933513,False,False
RFX5,-0.5320919386787497,1.5111811011998674e-08,-0.11470654372063471,False,0.25798278081771703,0.6165976689769507,0.0555788458445301,False,False
KRTAP10-11,-0.5319231364093332,1.1894746273212378e-08,-0.11444245573279233,False,-0.8852806867842106,0.151059238627835,-0.16730280116925034,True,False
CYP2A13,-0.5316816055767741,1.2846717239757798e-08,-0.11731807550562579,False,-0.04270929259113837,0.8847428439185684,-0.009688535526674258,True,False
SLC6A8,0.531249201519767,1.0758066782667804e-08,0.1138584290911071,False,0.17236430750732215,0.7908658063456112,0.037508210002862086,True,False
CASTOR2,-0.5310582198591345,1.3042818495558586e-08,-0.11550774034527578,False,0.25141315152009464,0.782582950039966,0.05950915110392074,False,False
B3GNT2,-0.5309254004825772,6.008905839690268e-09,-0.11672895812790962,False,-0.08446306438952943,0.8896689231716721,-0.020537219944522178,True,False
ATP5MC2,-0.5306800184166902,2.3034293154631907e-08,-0.11394143405134916,False,-0.4020421848012126,0.5395619022701933,-0.09677278071675222,True,False
GABPB1,-0.530654150182374,6.915147004572967e-09,-0.11525990230721206,False,0.13099870400664468,0.8517690818410698,0.026848296244836867,False,False
RPRD2,-0.5304150462006739,2.7992090385460966e-08,-0.11368524376934985,False,-0.05554948592622043,0.953268494889062,-0.012858418408512762,True,False
GZMB,-0.5301363658150475,8.541600287530424e-09,-0.11496495684181784,True,-0.07173554759846096,0.9601105343814677,-0.01284484285160481,True,False
KHSRP,-0.5299636784462143,2.8624384529212572e-08,-0.1114081687291879,False,0.09932244442595807,0.782582950039966,0.0201487807440639,False,False
CABP4,-0.5298987407307174,1.0387890846679493e-08,-0.11494467220381033,False,0.2951936136899656,0.7395399059152364,0.059902595522384416,False,False
SERBP1,-0.5298690906756933,8.606644287280176e-10,-0.11303371590078282,False,-0.041713425230330545,0.8703088091034998,-0.008669223962699313,True,False
GATAD2B,-0.5283455456646466,6.895425876507472e-09,-0.11958816216252899,False,0.2191744638657981,0.8439080602500673,0.04094051556743228,False,False
METTL14,-0.527845229192274,6.742969111801439e-09,-0.11586457461578359,False,-0.03284746159324801,0.9394891248969472,-0.007491261339578337,True,False
EIF4ENIF1,-0.527566270567308,8.804556420004823e-09,-0.11557919797462013,False,0.5796704720041821,0.3604653670309728,0.14846644825194488,False,False
MARCKS,0.5273907660855578,6.332322030936425e-09,0.11151758349999508,False,0.10033983078407095,0.8404158788824715,0.022568988279338065,True,False
TBX3,0.526395046924261,2.2076484746746444e-08,0.11591405734062654,False,0.34549063756052834,0.7337250540230916,0.09616807717398856,True,False
UXT,-0.5256350907208925,1.640812165884872e-09,-0.11093273083637811,False,-0.2602350192451878,0.6817465648609106,-0.046734726305608376,True,False
SMCHD1,-0.5256112107577992,1.9456878553275473e-08,-0.11926878801992746,False,0.2577124645203722,0.46506723166474506,0.06003811684203253,False,False
C2CD4D,-0.5252064227382758,4.419970277686536e-08,-0.11303186539205701,False,-0.14596037608644558,0.865571216556823,-0.03430994888750494,True,False
PDZD9,-0.5250840902385646,2.6822952939313513e-08,-0.10997486901632936,False,0.09773328283468946,0.8951748636193857,0.023892136510355044,False,False
STARD7,-0.5240326475514865,8.717371300259927e-09,-0.118513182233694,False,0.3145931087943577,0.6995598874686818,0.0710816283863025,False,False
IPP,0.5235656724660736,4.9972728647436297e-08,0.11404597379597359,False,-0.22079284935904916,0.8951748636193857,-0.046346331063403134,False,False
SLC25A24,0.5235169704577093,2.584884844964085e-08,0.11721496232146222,False,-0.14457837272976656,0.9185462129218753,-0.025532045142241167,False,False
FGD5,-0.523328472221983,4.886126747718259e-08,-0.1093772925101204,False,-0.05554004360695672,0.9117632390724111,-0.0116454203462375,True,False
MAP2K7,-0.5231751462306055,2.3810423141253876e-09,-0.1144454736301439,False,0.7221199654383693,0.03735156210271674,0.13924862342783495,False,True
CNOT6L,-0.5226649657819993,3.326236801648225e-09,-0.11976325683640443,False,0.7043835667059358,0.2053445869896734,0.16386883324418555,False,False
DRAP1,0.5224616227778712,1.6407888922105925e-08,0.11236994573792458,False,-0.5284934645688979,0.11810565231133438,-0.1085861762243594,False,False
GATA6,0.5224308163854428,1.9274850411341355e-08,0.11318012440653824,False,-0.3357370481388147,0.6697511974144679,-0.07641770348036481,False,False
HNRNPF,-0.5223317967794819,4.805631286746518e-09,-0.11739557628393005,False,-0.06005052951679028,0.8951748636193857,-0.012396848818951867,True,False
RPL22,-0.521966515731876,4.402200843737715e-09,-0.11066947358119616,False,-0.22791251838207807,0.6818112699256875,-0.050541285200866426,True,False
CDK8,-0.5218723820553566,1.1287718984752229e-08,-0.11223991684642787,False,-0.2582348676859116,0.16257319917903604,-0.0590480764501633,True,False
UBE3A,-0.5216766485438863,6.765459225031148e-09,-0.11193942651333266,False,0.04669344274281532,0.9394891248969472,0.008986629244805755,False,False
MRPL48,-0.5216406661980894,1.467079520699339e-09,-0.1102709577106511,False,-0.0738998415041383,0.7812176289815335,-0.016319972427463192,True,False
PLEC,0.5212583817205186,4.474338364246754e-09,0.10750675849932723,False,-0.016238339105313797,0.9981408208678295,-0.003979151996920116,False,False
EIF3L,-0.5210299695999124,1.7828211854138859e-09,-0.1173942306179665,False,-0.11728297395830195,0.9394891248969472,-0.026365148698974217,True,False
MED1,-0.5206298680063622,7.259052250660464e-08,-0.11599866354806476,False,-0.08593141992388818,0.9980652310323461,-0.02249261151351778,True,False
MALSU1,0.520457038374214,1.4498214317920812e-08,0.10784213504301032,False,-0.4629453009566979,0.19258156904249188,-0.12049153009318925,False,False
SLC35B2,0.5196358107434357,2.6445500698044347e-09,0.11133145081996343,False,0.3067060305112664,0.31785639416561984,0.06904192688907074,True,False
TEAD1,0.5196292212897862,6.043902080587183e-10,0.11558446535410205,False,0.20327135485600942,0.4146950038458137,0.04580688740494043,True,False
TOE1,-0.5196052689063655,2.280250269124913e-07,-0.11878135401065837,False,0.034538640063647465,0.9912437331754356,0.006699155450981209,False,False
NEUROG3,-0.5192058485994535,1.5470237719321507e-08,-0.11469391006176366,False,-0.10551150277015778,0.9825696174198508,-0.021912322984719346,True,False
SMARCA2,-0.5186463655527941,2.309999774793077e-08,-0.11776757930352133,False,0.11173028759511325,0.8010421126633535,0.023528675273668753,False,False
PQBP1,-0.5184626340927841,3.610271680850643e-09,-0.11640774279163413,False,-0.14433702933159556,0.8834888168642285,-0.03291561819291555,True,False
DLK1,-0.5183508633999918,2.0948884495097317e-07,-0.11017976797402707,True,-0.17816554764947906,0.9394891248969472,-0.03476109431732777,True,False
CHAMP1,-0.5183200372071646,1.9165812158638656e-07,-0.11260967518238996,False,-0.15246988897154642,0.8095883847114016,-0.037524843273567754,True,False
YIPF3,0.5181473909665497,2.650865592265685e-08,0.11240161928210135,False,0.23023096046890704,0.8696264215881803,0.06633949676647877,True,False
CCND2,-0.5177290748950858,3.351268397505583e-08,-0.11477418381116333,False,-0.30967356973668647,0.44206216078679605,-0.07653363786960465,True,False
DUSP4,0.517258589687757,2.70089407312975e-08,0.11032357417611927,False,0.43259248166044517,0.3356919050293099,0.09706158399035125,True,False
GGNBP2,-0.517237387452167,4.891527534973952e-09,-0.11195667693531064,False,0.15656318600644478,0.786198245777268,0.03219310909209039,False,False
STXBP1,0.5171218435741961,1.4498214317920812e-08,0.11182534110527165,False,0.304409079087162,0.6817465648609106,0.052136436057537594,True,False
PHF8,-0.5165166273880286,5.119199589189481e-10,-0.11092023894425829,False,0.3418205880597414,0.5220617686812211,0.08151840895103657,False,False
ARID3A,-0.5161953291156612,4.267132878006437e-09,-0.11345812970450542,False,-0.3419370885365013,0.6651047408671195,-0.07531668374539979,True,False
KRTAP19-7,-0.5152959788948498,1.3995089745163981e-08,-0.11073072073247836,False,-0.3115628781384467,0.6811125330090632,-0.06822934884069465,True,False
MED12,-0.5151144621137247,2.804915036711738e-08,-0.11382659068500445,False,-0.3585854164544456,0.03919971614992708,-0.07801330162716713,True,True
MIPOL1,0.5140578960027175,1.4941871768739233e-07,0.11572373167533723,False,-0.16991794594497253,0.865571216556823,-0.04063610679023277,False,False
TULP1,-0.5138446664677406,4.532448404976474e-09,-0.11400282192080713,False,-0.17125888327872393,0.759098848292241,-0.042062241755655094,True,False
FXN,-0.5136168396442163,5.539778496007321e-08,-0.115927703278361,False,0.3230062938693709,0.5203352387532016,0.06975942512060218,False,False
SMARCA5,-0.5132243918791976,8.011990464332268e-09,-0.11270119534250611,False,-0.2542241473865044,0.44581814578433504,-0.051056149328793765,True,False
RPP25L,-0.5131780194821528,1.8231072721285966e-08,-0.11232071007461109,False,0.04181359893349398,0.9518650602657697,0.009155467029545505,False,False
CEP44,-0.5128987188602273,3.1838598975302076e-09,-0.1116770423778215,False,-0.343571975901589,0.5751928549298045,-0.07913774749780078,True,False
ARID1B,-0.5125160041151287,8.262739781438718e-09,-0.1167010136790454,False,-0.05514571758331866,0.9918840846043038,-0.013191456848206329,True,False
SRF,-0.5122252803842142,4.842910282222396e-08,-0.10895718061235549,True,-0.022240965536205096,0.9664047613901128,-0.004766394949030861,True,False
MGA,-0.5121876858173777,8.815786243768189e-08,-0.11026563986936733,False,0.4579237971061469,0.5010978434151991,0.09320707506417847,False,False
TMED9,0.5121117343265459,2.8323909196990492e-08,0.10637402889578418,False,-0.25993541496115435,0.7258938608987852,-0.06608991003030606,False,False
DOLK,0.5120189621540773,1.711558910438476e-08,0.10881407829749268,False,-0.011998879622490473,0.9015108566114233,-0.0025084893318236823,False,False
ARHGAP5,0.5116005143502719,5.143819006960897e-08,0.11277347712644392,False,-0.0583198938383806,0.9442127269005137,-0.011496860189257774,False,False
NGLY1,-0.5113965126486414,1.1170506376743279e-09,-0.11334500801232572,False,-0.2965218976792373,0.4050239491648251,-0.06551835820478225,True,False
KRT10,0.5106976892898214,1.4403140762548814e-08,0.11598137564368383,False,0.3428076173160277,0.6995598874686818,0.09390528125805542,True,False
E2F4,-0.5102465024993339,6.973926754577515e-08,-0.11440110876096465,False,0.21461592076907315,0.865571216556823,0.04381251615221515,False,False
CELF1,-0.5101168319886561,4.811874988533391e-08,-0.10836362369882213,False,-0.06094676169835279,0.8847428439185684,-0.012954483162754826,True,False
SLTM,-0.5100613343076013,6.643098838640839e-08,-0.10513498135094501,False,-0.3209360165458181,0.6639000036141762,-0.06304531820199166,True,False
CEP350,-0.5094913806120582,4.840290142606015e-09,-0.11291589190895746,False,-0.3269130159933088,0.20026737275469636,-0.07909283224271313,True,False
MBNL1,-0.5092070437032208,1.829090204773645e-08,-0.11485617845166107,False,-0.2846209893474598,0.25590545806876097,-0.06594946040905203,True,False
ATAD5,-0.5087683240292405,1.6617583267481272e-08,-0.11065412663430862,False,-0.25162891594154185,0.6684272889552577,-0.05926192393569263,True,False
KMT2B,-0.5086355853026144,1.2925938646704748e-08,-0.11404853972290141,False,0.12260857598872751,0.6657897264705382,0.03008569915283843,False,False
CALML6,-0.5084028981060549,2.665935256656967e-07,-0.10866286925867907,False,-0.019618963047386067,0.9394891248969472,-0.00566749318697557,True,False
MTERF4,-0.5078100822418944,7.179806697572539e-09,-0.11163701281809058,False,-0.11322799251025523,0.7423069571796356,-0.027908196247836692,True,False
MEF2D,-0.506475901812229,4.2528527954618096e-09,-0.10930692684692467,False,-0.900760273800992,0.030201643144485497,-0.21935200614667671,True,True
PSMG2,-0.5058101608650047,3.708788797645421e-08,-0.11292740158377779,False,-0.5613359845896086,0.42626037612380935,-0.13678098673290418,True,False
OR4A5,-0.5057453317284718,3.7178626806842245e-08,-0.10938945487321838,False,-0.3011023084828138,0.7431210921516084,-0.07095539062754952,True,False
CYB561,0.5057354817639251,9.660958250916984e-08,0.11329660588470958,False,0.2744447152797702,0.6275026905605273,0.052939060696649776,True,False
F3,0.5056012717717235,3.4823628569123596e-08,0.10665061131141051,True,0.42672064055760867,0.38754106918160725,0.1089825762549328,True,False
SREK1IP1,-0.5051693311252881,4.2028084534835474e-08,-0.11113850419501592,False,-0.4457942666093759,0.16240666733739226,-0.11184281020226727,True,False
SMARCD1,-0.5048394716875464,1.6453146219280324e-07,-0.10481151002989098,False,-0.3010835888332603,0.11102213524772221,-0.06363078442892078,True,False
ARL1,0.5044310148511769,7.019118087747656e-07,0.11346255828875051,False,-0.026529341062662897,0.969061878441121,-0.005848911157491088,False,False
ENPP7,-0.5041985041878422,6.915147004572967e-09,-0.11425121258986959,False,-0.17681857838042636,0.5254609491290099,-0.04380777848865591,True,False
TNP1,-0.5033332026423263,7.179806697572539e-09,-0.1087271405133654,False,0.3644542099847053,0.7219471229139238,0.08574202707028977,False,False
DEFB115,-0.5031485164280519,1.0561060344980666e-08,-0.11627561969045264,False,-0.2390184898827852,0.8696264215881803,-0.055010657797673446,True,False
TADA1,-0.5029363253485374,1.1287718984752229e-08,-0.10530283080625136,False,-0.42608368961083026,0.010701553855455657,-0.09557267747657328,True,True
XPO4,-0.501822716451114,7.49712232101853e-09,-0.11498456486315067,False,0.29604351315554983,0.6012773483382455,0.0661015768911577,False,False
USP7,-0.5017859611695094,5.901040385478581e-10,-0.109944017784108,False,0.20607857258869322,0.9007732983354851,0.049075210174014394,False,False
PCM1,-0.5016084067421367,1.262026812485847e-07,-0.11180124407380099,False,-0.20342977439795584,0.7720584675807528,-0.047270353693814826,True,False
INTS10,-0.5014884805097054,6.289581577839959e-08,-0.10976849780309283,False,0.186871428205017,0.8032128962169772,0.04449087219518422,False,False
TFAP2C,0.5006799331365256,3.5082057245843077e-07,0.11041945280856513,False,0.3685936813767811,0.7875891979743883,0.09952645521173498,True,False
MDM4,-0.500331413976896,1.557225089835355e-08,-0.11044986313307792,False,-0.17181100356731402,0.6490507067879975,-0.03774241225884012,True,False
PPP2R2A,-0.5002949826531771,4.129212678143697e-08,-0.11179177185254652,False,0.05345831153798551,0.7337250540230916,0.013317236682497402,False,False
NASP,-0.4999443494216782,8.937642736229741e-07,-0.11201166963368259,False,0.2238458868416627,0.8646712503214483,0.04755927822955197,False,False
KLF1,-0.49887737953564626,1.8083669411231876e-07,-0.11095791521010767,False,-0.1529888956932308,0.9601105343814677,-0.030245844897270224,True,False
MYT1,-0.4977861147337269,1.7342006799032141e-07,-0.10304380728981499,False,-0.1127824064841524,0.9562458209803707,-0.023156959337624627,True,False
IER3,0.49745638236390255,1.2986989185019178e-07,0.10431589135334107,False,0.1971318272084405,0.8245046133852353,0.0435153041514269,True,False
SETX,-0.49742718701833843,8.931512528383564e-08,-0.1089299189780446,False,0.24433540441910692,0.6160879025411407,0.047263773115649776,False,False
HELZ,-0.4972871878294023,1.7267991992283015e-07,-0.11387079688193413,False,0.07673284983727442,0.9588458431102604,0.016494292749641204,False,False
ACVR2A,0.49706331742924037,1.0338792611892983e-07,0.11131015696152602,False,-0.11091167829078073,0.9348963840891794,-0.021875235881466004,False,False
QRICH1,-0.49620159111354106,2.5235614408647318e-08,-0.11297836648640214,False,0.42311170722957686,0.44241246883586915,0.08946911442663819,False,False
POLQ,-0.4961106276671306,2.7462691823353483e-08,-0.1088687424710102,False,0.3811015745820476,0.5692272347197195,0.06753393706781807,False,False
DGKZ,-0.4959751216626458,4.9972728647436297e-08,-0.11204763525637862,False,0.19481709508929101,0.7462813777048268,0.03522489559578279,False,False
PTRH1,0.4958500490264868,1.8510258609607997e-07,0.11077672952038142,False,0.35020806068833726,0.6467024906374509,0.10322825698923399,True,False
TERT,-0.49580734698654194,1.2336884234715262e-07,-0.10456893398316236,False,0.1700226754672023,0.7423302865292829,0.035631366312159685,False,False
DYNLL1,0.4951711870761785,3.7461830258531e-09,0.10935464975422438,False,-0.15676984311079747,0.9178341482032356,-0.043603462885412725,False,False
NDUFB2,0.4950732117735042,4.618367225172643e-08,0.10222615356766607,False,-0.1948149583017312,0.5715869314697408,-0.04660933626607111,False,False
CDKN2AIP,-0.49497766475389626,2.020370731749557e-08,-0.10636437161132584,False,-0.00016137368215166803,0.956335952559856,-3.9305810836332e-05,True,False
UBE2H,0.49445054001798444,7.863206237974665e-08,0.10859988450047364,False,0.5669492199084601,0.11151437848944162,0.12729614178629323,True,False
GEN1,-0.494064714900449,3.650800160352895e-08,-0.10673421238423675,False,0.218059657895501,0.6111445843897615,0.05621422940790488,False,False
GPATCH8,-0.49387511365358144,2.985399340409383e-07,-0.1056133067714562,False,-0.0294888765620908,0.9038630518297465,-0.007228611669121143,True,False
TAF3,-0.49364148863564494,2.3662598335890167e-08,-0.10722077870326263,False,0.1547734774658157,0.7214127149982014,0.0379848693223952,False,False
TRPM7,-0.493194502551963,1.1624140207267583e-07,-0.10421506473674835,False,-0.37397381606175095,0.556633235001716,-0.10078307200739722,True,False
SLX4,-0.4923221486493941,1.0562548690641195e-07,-0.10713687883225997,False,-0.5342940527974978,0.05331100652763871,-0.1219436890639427,True,False
ZNF689,-0.4918760026950953,4.345435829603715e-08,-0.11130660092682643,False,0.0923971074841387,0.8671290025705851,0.02886667701312362,False,False
ICE2,-0.491652590104144,6.998054212845245e-07,-0.10539620357007085,False,0.7465780020098047,0.11151437848944162,0.16248996810322502,False,False
SLC25A38,-0.4915056894508584,1.0007595735653502e-08,-0.1079625748960904,False,0.029439857986232623,0.9885188970966955,0.0071485236200521385,False,False
LCE2B,-0.49144946314546534,7.623856720459213e-07,-0.11231595960456886,False,-0.17111884275817132,0.7366115279528247,-0.048590033280333955,True,False
FOXN1,-0.49072487853055785,3.58944838457351e-08,-0.11039236824575482,False,0.01842570741430345,0.8696264215881803,0.0038030453559008137,False,False
CCDC78,-0.48925595941802047,2.006357953023142e-08,-0.11135500376703344,False,-0.38954332927099644,0.5510090162250733,-0.07783556089032029,True,False
AVPR1A,-0.48906811975836184,6.958056616579109e-09,-0.11393983795265239,False,-0.1000234037327171,0.9253150411821385,-0.022439400049359293,True,False
ACHE,-0.48874577111751233,1.1227315096674215e-07,-0.1098842093161485,False,0.3866517231633565,0.4591916577731725,0.08683594376755899,False,False
SLC9A3,-0.48874238690215105,4.105854205756301e-08,-0.11071164242969278,False,0.4429395226216143,0.6657897264705382,0.10060631425953748,False,False
SLC35D2,0.4878929267694512,1.0936094597861396e-07,0.10507990425749636,False,0.2240740315452039,0.8671290025705851,0.04847991218718484,True,False
GFPT1,0.4878742667044103,2.9262322587064085e-07,0.11305371604558889,False,-0.23529475184471005,0.7190536338039051,-0.05992750353234744,False,False
MPP3,0.4878705159521344,2.601758101233299e-08,0.10820335606675258,False,0.12754876472428028,0.9657288279070944,0.027356582346945046,True,False
EDC4,-0.4877889854611922,7.611474372097969e-08,-0.10669602048308224,False,0.032035624890902115,0.9471288736778624,0.008246996059643408,False,False
HYCC2,-0.4876142886609763,3.2117982389774894e-08,-0.1089680620562552,False,-0.11729630928476671,0.8484657113806351,-0.030156154063283758,True,False
GNB2,0.4873508200450676,5.397466262434424e-08,0.10823975033861011,False,0.2186439974172958,0.7423069571796356,0.04514001135775292,True,False
SSX5,-0.48684649290041554,9.630430439265895e-08,-0.10640281143558639,False,-0.09820837969457667,0.9442127269005137,-0.0175763914823035,True,False
LIG1,-0.48673346071535106,4.422130827365176e-07,-0.1072260898036923,False,-0.1917347303358627,0.7426375595241232,-0.04271341250276439,True,False
REV1,-0.4865685566895951,8.619066196899526e-08,-0.10744325865573412,False,0.12314838566141575,0.9824000219929185,0.029148312953394928,False,False
RFWD3,-0.4863077477676784,5.234422338034006e-07,-0.10478436977661598,False,-0.5848117766273602,0.22476873358654872,-0.12500045279672456,True,False
TRAPPC6A,-0.4858894248673532,4.414772483269132e-09,-0.10890391106702157,False,0.1372578690971915,0.9183940882588234,0.03717732901027038,False,False
HNRNPD,-0.4852759160541465,4.1209142203814227e-07,-0.10953991243970673,False,-0.22747110661962275,0.5715869314697408,-0.05189776148099057,True,False
GPBP1L1,-0.48346337879782947,1.3785038687343105e-09,-0.10233634617760945,False,0.17581672559134684,0.7337250540230916,0.04163356550209496,False,False
NGDN,-0.482797249324247,2.1375969093419756e-08,-0.10074398987512723,False,0.034425096146767725,0.9625550458580404,0.007672840253699853,False,False
USP37,-0.4826491774843234,3.082531473083428e-07,-0.10243813737629548,False,0.5523099098351114,0.5097785776154092,0.11158262904222216,False,False
NMI,-0.4825496228526188,2.0041615906489086e-06,-0.10719959743058372,False,0.28936678536263744,0.8307347795292304,0.06174447438416575,False,False
FANCM,-0.48208033477271905,2.5764885675596466e-08,-0.10048603111448084,False,0.09957141163034157,0.8159869888213407,0.023373201868040816,False,False
KPNA6,0.48027982208440007,2.658542482913091e-07,0.1039435758437266,False,0.5230481615537812,0.44488812614456696,0.12049610862774429,True,False
CCNT1,-0.4801055622021898,1.5035789289517495e-07,-0.10264625763362378,False,-0.349249749604218,0.43550493082747216,-0.07734876930762269,True,False
MAU2,-0.4798014616543928,3.2390646059266913e-07,-0.10499073787458979,False,-0.44919055539014574,0.04706427705296668,-0.09468180568911322,True,True
TNS3,0.47943019006721455,3.4473539842983606e-07,0.0991389887856311,False,0.6308794437008732,0.16240666733739226,0.1335069829011042,True,False
SUZ12,-0.4793779765480433,6.115640151259266e-08,-0.10334925898142622,False,-0.13998677649765728,0.6678011585965532,-0.032365354950496084,True,False
TRIM37,0.479228873205471,9.323690828183227e-08,0.1085050677918602,False,0.13970468343415976,0.6951855387693631,0.03324267485760224,True,False
OR52W1,-0.47873556807858275,6.661911598983989e-08,-0.10689164282323116,False,0.2384228396804044,0.8299519086898128,0.06477548351266105,False,False
CTC1,-0.478596150286638,1.3085863045318144e-08,-0.10201085195307247,False,-0.3127458150876547,0.37100848407450476,-0.07472203526737786,True,False
BIRC6,-0.47823651016470486,2.804915036711738e-08,-0.1077273123706588,False,0.36155078916845035,0.22476873358654872,0.08093634850140674,False,False
FOXO1,-0.47800873138641514,9.051923197828492e-08,-0.09910063879922681,False,-1.2418743950870907,0.00442213558316197,-0.24612668634984303,True,True
WRN,-0.47785589301031806,1.1689623269030107e-07,-0.10931384399937283,False,0.19150823654259522,0.8299519086898128,0.04168335624720232,False,False
TCAP,-0.4778134445486406,1.0592258768579306e-07,-0.10356263997244941,False,0.324289418183847,0.7137694709363711,0.07744523089441735,False,False
SCAF8,-0.4774404601690442,1.1979851984733145e-07,-0.10489623862602482,False,-0.12773869802827523,0.8155951834890232,-0.028189421954229132,True,False
OR10H2,-0.4768686850771233,2.5833041947306723e-06,-0.1032538898135762,False,-0.3833431841502175,0.518100541371565,-0.10884801668662902,True,False
CYB5R4,-0.4767688124441168,1.2421305396538182e-06,-0.10636472733324887,False,0.4547925094501426,0.11785707374073687,0.09344668908817688,False,False
CAD,-0.47597925916079253,1.8458646540918563e-07,-0.10396252388208538,False,-0.40202449306504473,0.11102213524772221,-0.09404650781415569,True,False
HADHA,-0.47596234963508943,3.099660933421216e-07,-0.10350665533697256,False,-0.10904618262863797,0.8696264215881803,-0.02077793147770368,True,False
SPRR2G,-0.47561479784593524,8.10528412768286e-07,-0.10526121661380383,False,-0.30823018552576287,0.6882489169263645,-0.07062428012910082,True,False
C1QTNF4,-0.475523013269822,1.4017961888503656e-07,-0.10754990701913147,False,0.11160924182523241,0.8159869888213407,0.02473481261151811,False,False
CPAP,-0.47421288168936226,5.414804801130959e-08,-0.10286926342670277,False,-0.08223661166969239,0.8895942420845717,-0.019542258898161968,True,False
UBE2D3,-0.4740087473378611,2.17914602432417e-07,-0.11052137456289213,False,-0.05004504425052711,1.0,-0.010666470514091309,True,False
LARP7,-0.473877371373113,7.472861062807479e-08,-0.10280757642740479,False,0.07731870965104222,0.9740280951862692,0.019806563970449886,False,False
KRBOX5,-0.47368338959121736,1.5678237373491436e-07,-0.10370868404812406,False,0.05614840402419466,0.8727895720132619,0.012712867871522704,False,False
EP300,-0.4734576104536776,4.409153542258228e-08,-0.10412403437122286,False,-0.17719161870700464,0.44362894739781694,-0.04331535321443436,True,False
MBD6,-0.47324196635233656,3.7702111513137713e-07,-0.10629655067379673,False,0.1614986389619386,0.8847428439185684,0.030117055033356266,False,False
KHDC4,-0.4730142863654342,1.4540903408219602e-07,-0.10445278393151902,False,-0.06791364547664207,0.7998080807558657,-0.015501231613754385,True,False
HEATR6,0.472268254666752,1.6764559346621638e-07,0.1054026942876467,False,0.08535220155774347,0.8722566830496638,0.0188550781359762,True,False
ZNF236,-0.47226429049908525,3.0466859108256497e-07,-0.10973984571837736,False,0.00760262785613857,0.9901887421975374,0.001694409982675893,False,False
SLBP,-0.47192332325343905,4.0214542190872855e-07,-0.10326777251696129,False,0.05151354935438964,0.8722566830496638,0.01057010198064301,False,False
SDC1,0.471530965749211,1.5646411072733468e-06,0.1070977761849079,False,-0.057027794805298675,0.8951748636193857,-0.015177353181019093,False,False
HSPB7,-0.4714979036041058,7.736816192715482e-07,-0.1066962355800758,False,-0.29850330585831264,0.8439080602500673,-0.06212656190949595,True,False
MZF1,-0.4714316402689228,7.42810888207982e-08,-0.10546999395573398,False,-0.13289208218355314,0.969061878441121,-0.040841717308648384,True,False
ITSN2,-0.4712488115638119,8.522459461665225e-08,-0.10093569246946554,False,-1.1032408175226502,0.0166058438645277,-0.20052211947973486,True,True
ABCD3,0.4710790089521601,1.8436346607114384e-06,0.10288222344607512,False,0.026195193557898778,0.9831624107290643,0.004892742438545206,True,False
RAP1B,-0.4709986774139707,2.126337112094182e-07,-0.1057261419149409,False,-0.2332316337700184,0.7804738047228555,-0.05098363136512418,True,False
TSPAN11,-0.470252508160692,2.0434207615660628e-07,-0.10069456533476195,False,-0.15387681491913396,0.873790071873586,-0.0359907682450622,True,False
DICER1,-0.47005599989246877,5.742790571331926e-08,-0.0991277138028428,False,-0.0351544825929387,0.9919623192930745,-0.009643343154071893,True,False
HDAC1,-0.4698551098565125,2.4807336323904847e-07,-0.10178892877141799,False,-0.26319458546505065,0.6467024906374509,-0.05831037521739635,True,False
SH3GL1,0.46979826112268575,4.464045501667551e-07,0.10033806180301141,False,-0.7254490947583506,0.00801084471099435,-0.15207873010994,False,True
TBC1D16,0.46964945866921753,2.2371923665296645e-06,0.1067926398848984,False,-0.2365745412931445,0.8856786386681441,-0.04328951255250768,False,False
DNAJB1,0.46939959640601475,1.4561464926649276e-06,0.10675891992435016,False,-0.15677036941946446,0.7366115279528247,-0.036111202812810106,False,False
MRE11,-0.4691963639036088,3.5265987096356757e-07,-0.1034968614457723,False,-0.19857272815070884,0.8649817581647525,-0.04083741317757905,True,False
FITM2,0.469041831276678,4.422054213023566e-06,0.09805423190298512,False,0.1500583313184611,0.8709301628205507,0.035524235471405596,True,False
KCNA3,-0.4689126980597067,3.027057770607435e-07,-0.10525448221119138,False,-0.49722864185723065,0.4175316074274002,-0.1097031731000282,True,False
PTBP1,-0.46884761879020076,1.1399444558181702e-06,-0.10413994261920578,False,-0.002560176296906477,0.9554263042945813,-0.0005872667505002482,True,False
BRAP,-0.4684310702072144,8.787863573334675e-08,-0.10287738500203147,False,-0.12337636108423931,0.8696264215881803,-0.026627809845172656,True,False
ATP5F1A,-0.46836557381498933,1.507289493923683e-07,-0.10309824243664689,False,0.07435143358471612,0.9394891248969472,0.01587819230594878,False,False
ZBTB7B,-0.46835100439479044,7.368748460690703e-07,-0.10466031020287492,False,-0.01462066706114001,0.8696264215881803,-0.003358214067417542,True,False
PHF10,-0.46800328052980233,4.565576426899951e-07,-0.10638575979871234,False,0.10976901593638837,0.9117632390724111,0.025826904886655733,False,False
PTK2,0.4679124174834283,3.027057770607435e-07,0.10625739781068777,False,0.908767060023881,0.030201643144485497,0.16658675638581322,True,True
GPATCH3,-0.46790630724113513,2.9588554953553556e-07,-0.1041809313501556,False,-0.7076164270809915,0.351367767611518,-0.14451240953051325,True,False
RC3H1,-0.46789249125324794,3.082531473083428e-07,-0.10393448086321566,False,-0.47110817468562677,0.3921636153604718,-0.10698399906596112,True,False
UBIAD1,-0.4674833008851251,7.967635849395874e-07,-0.10231925562101907,False,0.12432687722703088,0.6282126221226856,0.03247034230925472,False,False
MYH9,0.46736663093104297,2.62835485959949e-07,0.09513363224404614,True,0.04787398931999363,0.8696264215881803,0.010566544903969799,True,False
PIWIL3,-0.46728382204019553,5.948862427956474e-06,-0.09949451435768619,False,0.5695032350949835,0.4401404818176374,0.1172672228141236,False,False
RIC1,-0.4668412258042488,5.562952686706805e-07,-0.10268688235941248,False,-0.160809088462889,0.7423302865292829,-0.0338099045657847,True,False
SOX17,-0.4665884349334801,1.7304948007716692e-07,-0.10092263401136847,False,0.48225544220303873,0.5478396742582712,0.10790526616222884,False,False
TXN2,-0.46651486936275194,4.464045501667551e-07,-0.10485429139042601,False,-0.3377681738914311,0.5827628695416314,-0.0817645300633627,True,False
CCDC32,-0.4660698067597576,4.755319796735558e-07,-0.10144074970272321,False,-0.8936147017254116,0.030007004229089043,-0.1725355298128859,True,True
SLC22A25,-0.46588829862351255,4.912666127071746e-07,-0.10564954059791631,False,0.6555526878183443,0.5478396742582712,0.09560902035836882,False,False
PHIP,-0.46575333413932507,2.024439621329753e-07,-0.10381997326112469,False,-0.49984256627352586,0.19054938315335035,-0.12135995201208338,True,False
MNT,-0.46559790941009,5.335112823651373e-07,-0.09917696328577996,False,-0.28247821771219955,0.39193543175905476,-0.07898936742138662,True,False
PRKCI,0.46522409559058314,1.2081774259738085e-06,0.10390168260788801,False,0.4807562362816257,0.2879650469514724,0.11151923673335151,True,False
VPS39,-0.4644262735357578,1.9580377390927378e-06,-0.10168697643238112,False,0.1116017398269737,0.8727895720132619,0.02370926596180034,False,False
FDFT1,-0.46438722707320584,4.178103296801967e-07,-0.10100702042253218,False,-0.5347890826882351,0.007005097900642785,-0.13177310813115728,True,True
ZNF124,-0.46427674482274045,1.5149438476448595e-06,-0.10046499055953806,False,-0.061658365482761546,0.9457220836905977,-0.013272423223276597,True,False
TMT1A,-0.4642679407542584,1.9569302277666844e-07,-0.10199747376025936,False,0.16121541487525493,0.7641498294103072,0.035396770864419835,False,False
CDH15,-0.46409427282055377,2.308707915779714e-07,-0.10543236770118458,False,-0.4583979099036362,0.3604653670309728,-0.09365241216810016,True,False
HNRNPA1L2,-0.4633236502851411,2.879711724313588e-07,-0.10031794511890268,False,-0.19100476543743702,0.8484657113806351,-0.0397122512172432,True,False
UBALD2,-0.46331529383729536,1.3368610549118054e-07,-0.10186353675891802,False,0.20876497870990454,0.5148815471468872,0.04701938027377661,False,False
TLCD3B,-0.4630222484717409,4.046098352507724e-07,-0.10348295191100654,False,0.046240270198355825,0.9409411518747319,0.009100465352520182,False,False
OR8I2,-0.4613049353674803,4.7711293441935695e-08,-0.10072642098249318,False,0.19316630216688446,0.8737404545042098,0.04743792598608021,False,False
SERPIND1,-0.46124400638666574,2.7596503017199853e-06,-0.10188215706458781,False,0.30797611933340824,0.8735104432787251,0.08383861519224212,False,False
KNTC1,-0.46122930187669287,5.562952686706805e-07,-0.10218089330035962,False,-0.027146559493890512,0.9015108566114233,-0.006531301738549544,True,False
PAPPA,0.46104761530419963,3.714052782189317e-07,0.09560621799676117,False,0.045549218506249,0.886206671693603,0.010687179686271975,True,False
ODF1,-0.4605310547376637,1.0136830468141406e-06,-0.09697957622270792,False,-0.20649849166637574,0.886206671693603,-0.044833464865677186,True,False
LTB4R,-0.460151063145689,4.678175783567744e-08,-0.10191022769807212,False,-0.17153741045129844,0.6070112984793541,-0.041150971537375014,True,False
CTDSP1,-0.45991928699880635,1.961769790276211e-07,-0.10292749511319865,False,-0.7862158861825989,0.2667396924340406,-0.15886842104086707,True,False
F2,-0.4597554658108082,1.2371558238875942e-07,-0.10280689925366993,False,0.028184368769551188,0.9149749585675658,0.0065318616310188204,False,False
FAM200B,0.45955509941113587,6.643098838640839e-08,0.10158720809111976,False,0.12488918314939576,0.759098848292241,0.029284960618500833,True,False
UAP1,0.4587608175942031,4.1896359384503966e-07,0.09476878054132332,False,-0.22364532223184047,0.937503894158368,-0.07101765274148963,False,False
PPHLN1,-0.4586185846087328,2.1178166757729607e-06,-0.1023742325336876,False,-0.040740255258705636,0.969061878441121,-0.00782674488136692,True,False
KCNJ4,-0.4579268523269033,1.337231996138312e-06,-0.09575899837303314,False,-0.31901201534333623,0.6398752538595558,-0.06816361626337208,True,False
ARL4A,0.4579099452271811,4.8585013669395364e-08,0.10320143747790667,False,-0.009308512218361561,0.9804557806975261,-0.0019166589375503307,False,False
RHOF,-0.45787131117485863,7.98930919435155e-07,-0.09960409178248586,False,-0.32651637401077827,0.6095118628998313,-0.07823096505693528,True,False
PIK3CD,-0.45781832938121714,1.3677008162193557e-06,-0.10121707356899456,False,-0.8303086899429751,0.03445697576477401,-0.17348303423367728,True,True
TRPS1,0.4572988732353493,1.969471665870346e-06,0.10717860948290081,False,1.4339904274394817,0.00442213558316197,0.3629149862073566,True,True
CLPX,-0.45725179794230514,2.2076484746746444e-08,-0.10155927633164463,False,0.15850199748497,0.6748298202244923,0.037435929408816904,False,False
HOXC13,0.45696885142222315,5.932719009358803e-07,0.1032551516376401,True,0.02530205758459228,0.9797168643988756,0.005600062159652808,True,False
SEPTIN14,-0.4565485626900343,1.594638612995401e-06,-0.10307713287578579,False,0.2712819535536501,0.6028349495695529,0.05632909540506148,False,False
MBD2,-0.45630511122680445,1.6291405105869157e-06,-0.09693569833467741,False,-0.4506651080590317,0.2836102237536211,-0.1086017840423148,True,False
TAF13,0.4562864901639196,5.950664958007095e-07,0.10145965117006472,False,-0.31427038938994367,0.7034864865837307,-0.07037176143314117,False,False
TMED10,0.4562001739099798,3.042835027729475e-06,0.09962110166344473,False,0.022476272985712212,0.9785227633871515,0.005026929426254156,True,False
HSPB9,-0.45543592102364217,3.660009436632786e-06,-0.10403855795285377,False,0.0942716596317681,0.9471288736778624,0.017158587623460342,False,False
ATP6V0E1,0.4553464544826554,5.013838744877025e-07,0.09761878285988068,False,-0.607872750631896,0.0353937413404922,-0.133246871647005,False,True
GRK6,-0.45502628162059555,7.473835857218284e-07,-0.0992881799370009,False,-0.3068476847128901,0.8008049095129801,-0.06284404980613978,True,False
H2AC21,-0.454545170141643,2.9936847686913483e-07,-0.09933187492170426,False,0.18468005128374315,0.871290656560024,0.03930339164678376,False,False
IRX3,0.4542630897948623,6.928082471843586e-07,0.10877004059488282,False,0.24372990112129428,0.9349713055976194,0.06269885852923096,True,False
COMMD6,-0.45346283944878235,1.2351361278270336e-06,-0.09914501999680159,False,-0.079319003878972,0.9471288736778624,-0.01487245181050234,True,False
GALE,0.4531865947178431,1.524767893169732e-07,0.10118008599024275,False,-0.43280519240857507,0.4041757898143432,-0.09961791903219552,False,False
UGT2B15,-0.45209641659685684,2.547560782483156e-07,-0.0991638838533575,False,0.17419990361203322,0.8696264215881803,0.032269155307887765,False,False
PDE6G,-0.4514171297010443,1.7342006799032141e-07,-0.09754454388038525,False,-0.10859209734759573,0.9885188970966955,-0.025469392048478312,True,False
AP1G2,-0.4513510306908332,3.579995884407053e-07,-0.09635911927607488,False,0.15254406778398538,0.7612160501729623,0.04219697000220002,False,False
LTF,-0.4510536885756779,3.3716861523193496e-06,-0.09809606422972461,False,-0.1777915697555444,0.9394891248969472,-0.03769299494910694,True,False
SLC16A4,0.45102430551641387,4.366842855823254e-06,0.09276750418830737,False,-0.18337661940544206,0.8159869888213407,-0.039470549129260846,False,False
PSRC1,0.45065652492948316,9.074445430883715e-07,0.10182324903675788,False,-0.005886671013957738,0.9669116531501015,-0.0014252839526447403,False,False
CNIH4,0.4505548177102236,1.1916835999163527e-07,0.1017686454948965,False,0.7693063617139632,0.20672465869212917,0.13902570098722222,True,False
METAP1,-0.45018675086097737,5.000091391169851e-07,-0.10000190440257484,False,0.3997930926834792,0.40793096842916204,0.08416215168629204,False,False
ARMC6,-0.44911554895787476,1.6291405105869157e-06,-0.10187721836914587,False,0.34525672819267567,0.589174975750867,0.09092527412769957,False,False
KLF7,0.4490622400691961,8.570624109731865e-08,0.1004856092353208,False,-0.3553876432053979,0.5795904280350993,-0.07410068313769003,False,False
WDR59,-0.44904292917176647,1.7101353895276293e-07,-0.09899493469153331,False,-0.6613626011345521,0.01555754726473568,-0.14294706343898334,True,True
UBC,0.4487398244147202,1.9862490625760604e-06,0.10095156659180926,False,0.5750095893383491,0.014576987595931937,0.12773580534054396,True,True
PPP6R2,-0.44865078747209636,1.3070831434639372e-06,-0.09833445547944564,False,0.19117708778576692,0.7509341830566726,0.04128649391009631,False,False
FLVCR1,-0.4478575911932427,2.6968093186277233e-06,-0.09641335057496647,False,-0.15027197010542778,0.9235896705620377,-0.0333665540604251,True,False
TUBG2,0.44764391827719757,1.8934555407952655e-07,0.10350178131528498,False,-0.21969991089064683,0.8414224465107403,-0.05911914992812406,False,False
SLC7A1,-0.4468794687293511,1.6216838941203412e-06,-0.09382293529853225,False,-0.22243610137763278,0.5170637337873516,-0.04879572894868289,True,False
BTF3L4,0.4464582828393104,4.921537107516334e-06,0.09785434126256565,False,0.9665274514219343,0.11321316247078633,0.1727282463098696,True,False
BRPF1,-0.4463271634784247,4.769798575664155e-07,-0.09961533582190363,False,-0.08551922716858858,0.8044804419163092,-0.021708950164171625,True,False
AIP,-0.446293656250265,2.616600027855687e-08,-0.09624537386491383,False,-0.06186680793927971,0.9850030783320898,-0.015399881429520867,True,False
ING3,-0.4461552077332409,1.0762949879238208e-06,-0.09821524506553292,False,0.43643067660959617,0.28594149741151936,0.0903605760764119,False,False
H2BC14,-0.4460726562625243,1.2351361278270336e-06,-0.1006943798093598,False,-0.0890687004281456,0.9043560072638791,-0.020542598540564505,True,False
UPF3A,-0.4458316596657075,6.715213580565792e-07,-0.099497100775789,False,-0.03728193368322184,0.9540751552404179,-0.008426495350398966,True,False
EMC1,0.44578802321581773,4.108352263622717e-07,0.09948463528265705,False,0.09425241179528729,0.997385899681468,0.020440235060225298,True,False
CACNB1,-0.44566095644554904,1.0397043208349598e-07,-0.09987682373481199,False,0.22109678462476923,0.8414224465107403,0.043408402909500765,False,False
NIPA2,-0.44536186839926684,6.825176211330704e-06,-0.09762555762453129,False,0.29825978889624283,0.7570301030956658,0.07283332450865121,False,False
SNRPA,-0.4449455221847855,8.684261810028539e-07,-0.09499336533699587,False,-0.009581315096320528,0.9955371987694167,-0.002145953962909175,True,False
LRRC1,0.4449167354330902,5.629888457457998e-06,0.09906898774990847,False,0.19758476277722542,0.7898203874086549,0.04564343676016147,True,False
TIAL1,-0.4446621501529187,6.519761268438947e-07,-0.09873658335426327,False,-0.19782731840795637,0.7607997908704609,-0.045455201993149785,True,False
MEF2C,-0.44448566303138864,6.45927508797421e-07,-0.09761106741529169,False,-0.9473363730866347,0.01035431330276308,-0.19596970717197681,True,True
PSMD10,0.4444756983130206,1.4045012142878298e-05,0.0988080757557448,False,-0.09653569466273515,0.9831681697260866,-0.022545161545498793,False,False
SPMAP1,-0.44423434423199626,1.115908316175355e-06,-0.09639083272264504,False,-0.2847785233546508,0.8714657704199205,-0.05764946204741506,True,False
THAP11,-0.44397972133674163,2.8757810845586073e-06,-0.09655417828422674,False,-0.07488077648113511,0.8155951834890232,-0.017869090369542207,True,False
GTF3C5,-0.4438263373708641,8.660738131331969e-07,-0.09771359789114253,False,-0.3815768497970195,0.6490507067879975,-0.08425445814751154,True,False
ARID2,-0.443667884891099,1.0200019333441327e-06,-0.09471055595180378,False,-0.41609502030482154,0.351367767611518,-0.090832487715228,True,False
VPS26A,0.4436272983520375,2.975201634317334e-06,0.09410252761789728,False,-0.12456687957889631,0.774386785492935,-0.0290714621433823,False,False
MGAT2,-0.44345370378323373,1.8485573444371512e-06,-0.09965989578471834,False,-0.19390085317395786,0.8765369090360261,-0.04378599757970214,True,False
CCND3,-0.443014123650858,7.444320334640923e-06,-0.0958210841938012,False,-0.28762837966652993,0.6563243707555366,-0.062160098698438304,True,False
MYO1H,-0.4413098084103294,3.4693819790324343e-06,-0.09985104515965926,False,0.37183268643464956,0.474337362421605,0.08936406846575551,False,False
TYW1B,-0.4411267206894779,3.853574153406953e-06,-0.09505513622300299,False,-0.0639977185763561,0.9901887421975374,-0.012622824876141081,True,False
LARP1,-0.4408296810689314,2.674243818973386e-06,-0.09392395557144173,False,0.24406102744814448,0.43016469979259564,0.05806045948829208,False,False
PSMB5,0.4407533342529827,4.132289101927863e-07,0.09263293353261481,False,0.31180015172077163,0.6725313869213888,0.07201125369081396,True,False
FAM83E,-0.44040880021018813,2.3666641475577658e-07,-0.09692635755101264,False,-0.13327314756962566,0.9442127269005137,-0.026119191964133037,True,False
STAM2,0.4402924734010775,6.945016877262434e-07,0.0967990663777778,False,0.07442990146466993,0.8962352661898829,0.01517802836450688,True,False
TCF3,-0.4401602248310334,2.280250269124913e-07,-0.08914039913564764,False,-0.9232268901996424,0.02415009876044543,-0.19782094118519922,True,True
SMARCC1,-0.4401542691146008,9.158495596057287e-07,-0.09451885421360906,False,-0.20058950769661008,0.6882338298798617,-0.04130110558219968,True,False
EED,-0.4398453822085193,2.557359388964631e-06,-0.09472342472150075,False,-0.230647333369772,0.24549893730214975,-0.05030339095776082,True,False
SOX10,-0.43974740486832237,3.0515741567868834e-06,-0.0953776820959833,False,0.7230438781417007,0.07528199353026055,0.14902175517905292,False,False
TRIP6,0.43965588793473437,2.834785690989257e-07,0.09543991822762354,False,0.10191423754296862,0.9436264917372076,0.025937735434955478,True,False
KHDRBS1,-0.43892287896826426,1.9637466669977333e-06,-0.0972513799280117,False,0.21651838979237872,0.8916227143535593,0.055320576692825085,False,False
SPAG9,0.4387147534022886,6.112821534091722e-07,0.09942234802518346,False,0.5670721974492704,0.25726729918667984,0.1469597438985879,True,False
TRIM61,-0.4382561600563933,1.1189222962071813e-06,-0.09569218261793289,False,0.2584719646954849,0.7743064166613366,0.06458421554132432,False,False
SCNM1,-0.43813381170411275,7.910910956258864e-06,-0.09826471120474878,False,0.7024203239058614,0.2586163109839717,0.17506978371346005,False,False
CHD8,-0.4380425787721574,1.5911891443291878e-06,-0.0957611416125097,False,0.048368255558806146,0.9471288736778624,0.010953669080822515,False,False
CWF19L1,-0.4379444824828619,9.343970995692746e-07,-0.09675773061888826,False,-0.4930656399165543,0.16108840860713067,-0.10949386211586543,True,False
ROPN1,-0.43775945624071944,2.975201634317334e-06,-0.09700155290624668,False,0.25995766654731006,0.9394891248969472,0.06750401833831798,False,False
SP3,-0.4376150527081402,5.599624537363248e-06,-0.09662543433572157,False,-0.04370673261603062,0.9850030783320898,-0.010566565498964842,True,False
LRRC71,-0.4370403673515799,4.422054213023566e-06,-0.09361669992824329,False,-0.21022763178968587,0.886206671693603,-0.04090089355119364,True,False
CCDC9,-0.43702503705677404,3.291210430403637e-07,-0.09434800996120085,False,-0.6734295375481907,0.23820519536775486,-0.1607595771088688,True,False
MYBL2,-0.4364315060607556,5.050221480705098e-06,-0.09734876051560182,False,0.10892687655823105,0.865571216556823,0.024761420193624595,False,False
SNX6,0.43620315876797167,1.7586030570560496e-06,0.09293708347988083,False,-0.0031989506003232645,0.9785227633871515,-0.0007094877547100253,False,False
HROB,-0.4361823751193224,1.81072453135456e-06,-0.09604173005935124,False,-0.3775581356990257,0.5222653877666218,-0.07149773540379645,True,False
HDHD5,-0.43591406012424494,2.659514898341013e-06,-0.0939703814162769,False,-0.27850763848455634,0.5077581256604637,-0.058410367827725906,True,False
EDRF1,-0.43581293832107937,3.9015671163708125e-07,-0.09877494680510246,False,-0.8423404983462125,0.2146754016300335,-0.16146320287918847,True,False
AUP1,-0.4352546739927503,6.065229473489759e-06,-0.09014271156256459,False,0.3644143265622999,0.46506723166474506,0.0770052613833041,False,False
SOWAHC,0.43468912808603516,6.286421512680494e-07,0.09455275788742679,False,-0.06684667224526326,0.865571216556823,-0.010197527588680977,False,False
STRIP1,-0.43398296637769884,3.8334877213229e-06,-0.09766176591749165,False,0.3750285992358482,0.6367172915381093,0.0765725710815417,False,False
SIX1,0.43372405871412695,4.617348676888255e-06,0.09864027174185974,False,0.48903580004438585,0.49897989058645836,0.11352396842241497,True,False
PPME1,0.433680270634626,8.305816687957012e-07,0.09620385788804242,False,0.0991699957200327,0.6443663122193711,0.025921431929885053,True,False
LIN54,-0.4336683194468391,2.775579813965824e-06,-0.09602691036416822,False,-0.044946324802862335,0.8696264215881803,-0.009984749532909731,True,False
RRP36,0.43269749353751774,7.059444065296217e-07,0.08991822545048045,False,-0.0018728958036022148,0.8847428439185684,-0.00044559384452291795,False,False
SP110,-0.43261773447762336,1.0504069857059483e-05,-0.0894431232272428,False,-0.26107826422337593,0.8428663253627136,-0.04885598909629696,True,False
MBTPS2,0.43235191368458853,1.4275862868134889e-06,0.0967321076689922,False,-0.015533055068897577,0.9436264917372076,-0.003779228610352625,False,False
TELO2,-0.43230083046933454,1.594638612995401e-06,-0.0958664417703492,False,-0.1801592038669287,0.8696264215881803,-0.04067254773171758,True,False
TGIF1,0.4317648250339116,1.9185216042296047e-06,0.0902061608670488,False,0.3508502137205649,0.25590545806876097,0.07001883555341148,True,False
MED24,-0.4309351290440981,3.0764764763102198e-06,-0.09969220035032755,False,-0.36217102412790525,0.08575780271739222,-0.08660743870943843,True,False
POLE3,-0.43089573449129237,6.457976409800344e-06,-0.09379359278592059,False,-0.006707835108098647,0.9267000676899857,-0.0016041160769999507,True,False
USP24,-0.43080981622198594,2.1352923618511117e-06,-0.09672620052974423,False,-0.5134398301175935,0.4672171610364609,-0.10310268257567134,True,False
EML6,-0.4307449379075546,6.998054212845245e-07,-0.09007536082364886,False,-0.17404482133474006,0.9142556527699468,-0.044484096637972925,True,False
TIMM9,-0.429439689765073,9.678722152793764e-07,-0.09309904144861747,False,0.081666765515414,0.8847428439185684,0.01846132850145832,False,False
ZNF696,-0.42906646707951623,1.5747428695447522e-05,-0.09268344386939731,False,0.39630955408736745,0.5892289379808946,0.13060673242700638,False,False
LYRM7,-0.42894625304087447,2.0090010548305513e-06,-0.09592883930355,False,0.7219307947283977,0.11810565231133438,0.1654671833929715,False,False
RBM12B,-0.42868938202899626,1.1701116722756387e-06,-0.09936153506110834,False,0.08582173594115064,0.9394891248969472,0.01879841464939247,False,False
FAM83C,-0.428453077230803,3.7810862771095114e-06,-0.09687333151303967,False,0.33565109269618965,0.6699203821677284,0.07170168839709667,False,False
PGBD2,-0.4282056946873242,4.201785649146554e-06,-0.0910069842584118,False,-0.3016368580845508,0.6661415130159131,-0.061656454824236206,True,False
RUSC1,0.42781982266998386,1.3317636469468273e-05,0.09340008730096372,False,0.04443963539900229,0.9981408208678295,0.009780172275869248,True,False
NUP42,-0.4277725453325512,7.223398836326464e-06,-0.09688785795006272,False,0.1406526392467969,0.9972252714183966,0.03867205942974561,False,False
BRCA1,-0.42735547564176396,5.104003228506392e-06,-0.09672006837057978,False,0.6288042482063189,0.11290637979231345,0.12920511532227064,False,False
CTRB2,-0.4268842924066316,5.496002821888131e-07,-0.09414818639981348,False,-0.43526137635790446,0.5827628695416314,-0.12004784180507411,True,False
ACSL3,0.426877833269129,8.260292562744027e-06,0.09883324261406301,False,0.30311297790490155,0.6240416325282755,0.06563053009130204,True,False
MDC1,-0.42645716507983505,7.702890542096375e-06,-0.09385324319716037,False,0.0848580785993743,0.9117632390724111,0.018531371519407536,False,False
FFAR2,-0.4263389097945494,8.2855779341248e-07,-0.09774964329470937,False,-0.025826566081607362,0.9816303540031847,-0.006393330508123185,True,False
PLA2G12A,0.42617392748938165,1.9913210146766085e-05,0.09569405176714607,False,0.1343418987953401,0.9075175057539666,0.029706774609827846,True,False
CDH2,0.42536762434100367,1.088237520411189e-07,0.09702198267799478,False,0.4477552221164647,0.11159501306996819,0.09274616075194864,True,False
CENPB,0.42525527861116513,1.3151304597226364e-07,0.09199392882929214,False,-0.04861757748752467,0.9725018933141591,-0.011359663441457002,False,False
CLDN19,-0.4252205082249501,3.0764764763102198e-06,-0.09314053544287226,False,0.06406355068715328,0.8765369090360261,0.016635182045315666,False,False
SURF4,0.42478477596525044,2.060225768722642e-06,0.09627898386611644,False,0.13249386051766954,0.8672952432567937,0.03012769242326474,True,False
TNFRSF8,-0.42438812504113915,1.128613177484274e-06,-0.0918997579152796,False,-0.14935717713761604,1.0,-0.038816924564075705,True,False
CDK12,-0.42382747035594387,2.2817331202590712e-05,-0.09176889827617796,False,0.25179064365696685,0.6599385675794425,0.05194253534498383,False,False
NFKB1,-0.42376651196515003,6.457976409800344e-06,-0.09288150295533004,False,-0.6171027813994618,0.42626037612380935,-0.13742132968579934,True,False
SOX15,-0.42376140637427406,2.526782292892901e-06,-0.09205814512005617,False,-0.12395087241050562,0.8896689231716721,-0.030550948952122958,True,False
YBEY,-0.4234589797933718,2.158635146017446e-06,-0.09402687788021247,False,-0.28915514893153454,0.49187820632669027,-0.06929580395530532,True,False
VHL,-0.4233845273833836,2.5122331242435696e-06,-0.09043903069645598,False,-0.30392339178067546,0.43059979627947537,-0.06520988388104865,True,False
MTA2,-0.4232458867852669,1.6330900088139905e-06,-0.09558347799965894,False,0.09400305976223869,0.9785227633871515,0.021082352851265362,False,False
TPM2,0.42260765865963296,4.389643615704152e-06,0.09373590300084267,False,-0.10906614398041133,0.8965129686327056,-0.025335479041371123,False,False
BRD2,-0.42247080773424395,2.3813730453270204e-07,-0.09725256240994273,False,0.002069691962537271,0.9752455256062986,0.0004743731418574981,False,False
SMARCD2,-0.42212415501554545,9.87711204772657e-07,-0.0945303259157182,False,-0.377514196684188,0.4734778411444937,-0.08719549545528249,True,False
CDK13,-0.4220493510915205,4.51051307677201e-06,-0.08970655112122117,False,-0.13730546247948908,0.4677249623037476,-0.036627570882673766,True,False
JUN,0.421603243489935,2.087795357313683e-06,0.07664473415954465,True,0.30009143528267157,0.2538595487144628,0.061207285530314515,True,False
TMED2,0.42133830177986153,6.136152432419552e-05,0.09538890094524799,False,0.3029008464974644,0.8124580857550103,0.06591778559706452,True,False
SUGP2,-0.42090918067169875,1.4726069645788866e-06,-0.09195785403152179,False,0.0006609878799685396,0.9888563226550507,0.0001674535006195299,False,False
ID1,0.4208761589054006,2.164909052646489e-06,0.09278493852756942,False,-0.24127255835919717,0.7596595082830843,-0.05413255427218733,False,False
AHCYL1,0.42029678164279377,9.809685270273805e-06,0.09371762434068831,False,0.34607289954441317,0.4037960379353352,0.08155605497438145,True,False
TEAD4,0.42016530190267964,1.125260896381083e-05,0.09179978079929985,False,0.1349136332388236,0.7258938608987852,0.033264335927829514,True,False
SAR1A,0.41955906101590784,4.826404200614051e-06,0.09611127699743616,False,-0.009819130068376352,0.8946325873986991,-0.002223781542981307,False,False
PRRC2C,-0.4191242595173901,1.4493782987542546e-05,-0.08938215209943845,False,-0.03681280299033118,0.9306078393348545,-0.00927018540611968,True,False
IREB2,-0.41879615869018755,1.3516787811008684e-06,-0.08790608702872316,False,-0.2444448895478303,0.4677249623037476,-0.059689382094853194,True,False
WAPL,-0.418494021895727,1.4437324442719069e-06,-0.09555753732414196,False,-0.11188574324667576,0.8072735917154841,-0.02262627904408454,True,False
KCNC4,-0.41739092463059124,2.839715988930393e-05,-0.09311188352217936,False,0.16383671434795327,0.9471288736778624,0.03653314900387361,False,False
CHD2,-0.4172176468342432,1.563443117718238e-07,-0.09218191906490514,False,-0.10761678110147002,0.9332174659957284,-0.022376213804134792,True,False
C16orf92,-0.4170048940817166,1.31835375698873e-06,-0.09312633320236774,False,-0.10764991944136804,0.9885188970966955,-0.021926723146385108,True,False
REM1,-0.41669978652518913,2.087520238822443e-05,-0.0951186155538517,False,-0.33866552986930615,0.774386785492935,-0.06474061843678047,True,False
DHX30,-0.41663172692010647,2.763465168422593e-05,-0.08983693544532123,False,-0.011521187448020692,0.9930111957047437,-0.0025201306797475453,True,False
MYL4,-0.4158452039257476,2.19492562965953e-06,-0.09550075252752155,False,0.04349080248174546,0.9849011196926082,0.00974045342690566,False,False
DDX50,-0.41578373436129656,4.783564164123226e-06,-0.09151512232361814,False,-0.32181790361780865,0.6111445843897615,-0.06492591056557284,True,False
COQ10B,0.4157522678083122,1.4789790886190697e-05,0.09300989278675864,False,-0.011305138024010416,0.9394891248969472,-0.0033514435535115794,False,False
BCAN,-0.41562474330276405,7.258988901696991e-06,-0.08585967744010237,False,0.12576301085690442,0.8838538811266992,0.02995935086810597,False,False
TAF5L,-0.41557690612213594,7.562847473812762e-06,-0.0939289139160131,False,-0.34646013067485676,0.08698590137818618,-0.07610217237496641,True,False
COA3,0.4154636207647951,6.909238454611605e-07,0.08755069265548343,False,-0.12716595438935446,0.8010421126633535,-0.02848320397505777,False,False
PDPR,-0.414964237654797,7.642334660582816e-06,-0.09052413525019709,False,0.021101852888307245,0.953268494889062,0.004350283971175983,False,False
RAPGEFL1,-0.4143569865909733,1.9983392495271984e-06,-0.09262924891835844,False,-0.21926336540740615,0.8756019746613767,-0.0491344358564163,True,False
CACNA1G,-0.41435268307832607,8.869451301374905e-06,-0.08965685179643756,False,-0.02023191194804682,0.8951748636193857,-0.00532038349314945,True,False
RFC1,-0.41396977483862074,3.5494966587064933e-06,-0.08884560854965873,False,0.12655337805891323,0.9306078393348545,0.02710051135239855,False,False
STAG2,-0.41387962451552873,8.196073070618103e-07,-0.0885677624477017,False,-0.30358653677272657,0.11102213524772221,-0.06965991641090952,True,False
WDR88,-0.4136512550787131,2.1352923618511117e-06,-0.0895766575127972,False,0.45034850855281705,0.5170637337873516,0.10974953395922515,False,False
ASF1A,-0.41354453817634085,6.35623222044453e-06,-0.09224749303370317,False,0.16159485969568574,0.6779742595551113,0.037050214853088015,False,False
ASCC3,-0.41329806308566447,5.553908064515255e-06,-0.09169561597449327,False,0.023669969501818287,0.969061878441121,0.0050525211507643775,False,False
CNOT7,-0.41327378034742507,4.409095333433106e-05,-0.09550261681205008,False,0.3764897063707977,0.44776244521676445,0.0707317284675062,False,False
PRDM1,-0.41298967404448106,2.8756208455847483e-05,-0.08568468084964831,False,-0.6114243194227721,0.4609291332278328,-0.1207399295555982,True,False
AK2,-0.41274422711899544,1.6879314910241864e-05,-0.09299699900938574,False,-0.4422185891841562,0.05733019761010893,-0.10140725981694132,True,False
UBE3D,-0.41221782795430234,5.730107419484306e-06,-0.09087979517915734,False,-0.010387268305289177,0.9885188970966955,-0.0021603749784757653,True,False
DNMT1,-0.4115883226059196,1.252898178146417e-05,-0.09157057883490083,False,-0.16025484898906195,0.8645761923438853,-0.03713075204881733,True,False
OR10H1,-0.41148456342358325,1.0109464722978851e-06,-0.08857285024438077,False,-0.8375823661252767,0.08698590137818618,-0.17148088364445524,True,False
NEK5,-0.41134819557527585,4.640377116190426e-06,-0.09072662667826226,False,0.005966946918020722,0.9901887421975374,0.0011827930417522836,False,False
IQGAP3,0.411262243658938,5.073364877040152e-05,0.08457955004283235,False,0.07627636548985703,0.9554263042945813,0.020048586104956634,True,False
AKT1,0.4110819601011237,6.3235835236590284e-06,0.09305131232866604,False,0.3256702659246112,0.6158940281801598,0.09587336132607405,True,False
ICMT,0.41062288848717704,4.627282386389293e-06,0.09011147993273205,False,-0.09511797913106848,0.867187700886718,-0.02120825718984598,False,False
TSGA10,-0.4105428874758124,6.717831473967744e-06,-0.09150006891865115,False,0.38651056660350847,0.7188065318426706,0.09287751796040844,False,False
HAP1,-0.410116725671697,2.152908672021261e-06,-0.09427781455603057,False,0.5881501429985193,0.4175316074274002,0.12607897401700008,False,False
FOXRED1,-0.4099060297128374,5.774683482382546e-06,-0.09130464138425776,False,-0.21102823737917337,0.6639000036141762,-0.047661752569147176,True,False
FNTA,-0.4096899966790183,3.862762667210964e-06,-0.09267470635741226,False,-0.2822669333104871,0.759098848292241,-0.05829515129708529,True,False
C16orf87,-0.4092486519646222,4.908781234144066e-06,-0.08842372168643386,False,0.3383746254592487,0.7637945983884173,0.08171040584305089,False,False
AK1,0.4092483453950672,1.0365473031251828e-05,0.09331957776152855,False,-0.2704920048565007,0.7802282385928403,-0.06683860702351563,False,False
TLE3,-0.4089469764453744,1.042278547827775e-06,-0.08703783046233049,False,0.17777839890348446,0.9202676571183757,0.04269008206845015,False,False
ELAVL1,-0.4089260426908949,6.600864041342109e-06,-0.08771066678989836,False,0.35208514893670867,0.3561697181235271,0.07408025182252853,False,False
SNTA1,0.4085283150281872,2.2010650597343537e-05,0.0911598095001942,False,-0.46632431413136843,0.6116848261127036,-0.0885718292604496,False,False
TAPT1,-0.40818937041929654,1.8539575171542025e-06,-0.09170506324343464,False,0.1297777176254458,0.655667761990283,0.026332543194359737,False,False
NDUFB6,0.40798687269630435,4.190845620148442e-06,0.09102621915360842,False,0.30269705090560434,0.6657897264705382,0.07456193058907701,True,False
THAP12,-0.40793754743452265,6.6676615351040856e-06,-0.09077441848357992,False,-0.09519500628158625,0.9588458431102604,-0.025968080492152268,True,False
XAGE3,-0.40737591412010243,1.794283605941053e-05,-0.08988557333177383,False,-0.1615789209834919,0.8365493668141137,-0.028309124692073695,True,False
UTP14A,-0.4073251096178767,1.6495379963174504e-05,-0.08878358424988964,False,-0.22003043902912314,0.5938675329421719,-0.051315243025681134,True,False
OR4D9,-0.4068904574736586,6.2024513636111895e-06,-0.09007263539817867,False,-0.20819759715950598,0.9997031687217337,-0.04696177808102675,True,False
CNOT9,-0.40657606176133126,2.183602432770235e-05,-0.09193189106783706,False,0.26105772298053204,0.5504815746162878,0.060658576217761606,False,False
CCDC30,-0.4065635898889098,4.612908279247295e-05,-0.08656312329489868,False,0.1690916710793324,0.7337534597077195,0.03645061585230813,False,False
SYNPO2L,-0.4065457975898651,1.6741514818355627e-06,-0.08878126303036371,False,-0.21266547198339553,0.8696264215881803,-0.0486923680984086,True,False
MRM1,-0.4064374658646331,1.2400959623769296e-05,-0.09087277213156231,False,1.3364878741670376,0.02306086872197988,0.364017169817866,False,True
STK3,0.4058584130437249,1.986018076502225e-05,0.08858565613416314,False,0.1717236883474099,0.8696264215881803,0.041377584010994894,True,False
TP63,-0.4058407783627294,5.804588731918662e-06,-0.0884967564911614,False,-0.16710027488257148,0.789916829659537,-0.03641520009443955,True,False
SP9,-0.4058097436636179,5.091930013103005e-06,-0.09023625675422586,False,-0.4348306988310968,0.5581580351050326,-0.09661850723386678,True,False
EPC2,-0.40571387599959885,8.040127802323207e-05,-0.08666153861190917,False,-0.14220672871331436,0.8696264215881803,-0.033901736626991585,True,False
SNX32,-0.4055807064411905,9.134731416808343e-06,-0.09128256353727959,False,0.34656254573725825,0.759098848292241,0.09320673153041437,False,False
MIIP,-0.40550392153293346,2.469068855394482e-06,-0.08849711428073626,False,-0.3215498044329354,0.6077536003813756,-0.06424942776454934,True,False
PYGM,-0.4054158732849298,1.350211779900098e-05,-0.09129415199345292,False,0.3022242898373416,0.6657897264705382,0.06164255849541256,False,False
SOX9,0.4050794506463407,1.4603017766452711e-05,0.08924884286846169,False,0.15219373465154548,0.8245046133852353,0.03553016731072223,True,False
KIF2A,-0.40486475280141604,2.7391518979448313e-05,-0.08997734516993017,False,0.16786319859839585,0.773072770338033,0.03504350297467873,False,False
MRPL17,0.4048456919921659,3.2656349831038167e-06,0.09296635871210857,False,0.12238079043877337,0.8727895720132619,0.025897130241079758,True,False
AHR,0.404730232129114,1.1090165343709796e-06,0.08872457592161442,False,0.10693740667635496,0.7515063778611826,0.023202290253943936,True,False
FAM83D,0.4044196847001029,7.92948511744486e-06,0.08653713451000211,False,0.040130551982454646,0.9740280951862692,0.009389754251844629,True,False
GDI2,-0.4043339672537318,3.962838248852713e-07,-0.09150995472504952,False,-0.38524681129815364,0.37077669176313294,-0.07937706248932486,True,False
KLF5,0.4035558648212448,3.60106943141652e-05,0.0862727238258234,True,-0.09191936931324579,0.8722103055884044,-0.023033450878878092,False,False
ECHDC2,0.403185845658211,2.976949756451764e-05,0.08863797743000568,False,-0.11128940026731551,0.9151516219779398,-0.023706674227403468,False,False
C1QBP,-0.40305949129886026,5.99640321520896e-06,-0.09027122399486576,False,0.15309566623695517,0.8727895720132619,0.04431418845648061,False,False
SIRT7,-0.402826957752983,3.129931792204745e-05,-0.09130657015648769,False,-0.2008784741370014,0.7757572410661863,-0.04686401296921261,True,False
CDIPT,0.4026041918606946,1.1730744151392784e-05,0.08865388986997758,False,-0.38577948704362536,0.6116848261127036,-0.08198169833202407,False,False
NCOR1,-0.4019928807406573,2.065710855059021e-06,-0.0922575355765245,False,-0.007799169257672292,0.9471288736778624,-0.0017866532399493096,True,False
PGPEP1,-0.40089468761255254,7.067887450806076e-05,-0.08755128510817567,False,0.13797699810959008,0.8671290025705851,0.03260596898753931,False,False
H1-4,-0.4005980770501941,2.421375952697355e-06,-0.08582107388221605,False,0.275904940710149,0.5569134022605069,0.07121118784371916,False,False
EIF2AK4,0.40055273759354587,1.463377964277903e-05,0.08655976478272276,False,0.1532566862920222,0.6481744093516577,0.034673127080206534,True,False
LRRC15,-0.400291643057095,5.2722293547938855e-06,-0.08741854749993916,False,-0.06313089741043088,0.9647426162448133,-0.014606040768908812,True,False
FRS2,0.40002144508672527,3.913008414888008e-05,0.09243870124585207,False,0.28858407696861155,0.8155951834890232,0.07132883614173391,True,False
RHBDF1,0.39976726388403877,5.88354319736561e-05,0.0880660336004837,False,0.1890309885873138,0.8552895284958523,0.03384220256348325,True,False
ARMC5,-0.3996097777498161,4.879316085840606e-05,-0.08896232011817329,False,0.38983789670185204,0.4577054779913988,0.0808741254184211,False,False
RPL22L1,-0.399422942864337,4.224714841989416e-06,-0.09047103717593785,False,0.136081877715501,0.764852094494254,0.02986114172814247,False,False
PALB2,-0.399191404067325,6.712079941974573e-05,-0.0875780471239791,False,0.09292182002472293,0.9394891248969472,0.020060480662078994,False,False
PIK3R1,-0.39888215678836597,2.5300870001667498e-05,-0.08988422950692154,False,-0.42796435391940063,0.2198928664097976,-0.0913768768486003,True,False
TCEA1,-0.3988674067484627,3.4397904416455497e-06,-0.0891709692973146,False,0.08070994778786386,0.8880212038563935,0.02331506215883916,False,False
GANAB,0.3986660603161591,2.3007171770526776e-06,0.08627759420498649,False,0.17639115951296927,0.8095883847114016,0.03570557483954406,True,False
PSME1,-0.398609053881122,1.5062918418947282e-05,-0.08226353175679435,False,-0.10616606516632522,0.865571216556823,-0.024568476863612965,True,False
GSDMB,-0.3982093333483201,1.7214255131322882e-06,-0.08632263860622569,False,0.19118301568918633,0.912971373380967,0.05552018637841094,False,False
PIGL,-0.3979206475119437,5.250316254694689e-07,-0.08934784827849018,False,0.0009808240754546392,0.9775274352579723,0.00023378562592490937,False,False
FGF19,-0.3979188201583268,1.5539808651969572e-05,-0.08494569415630782,False,0.13239308812229741,0.9015108566114233,0.03474683436589743,False,False
GCLM,0.3977962685474525,7.258988901696991e-06,0.08748649447290369,False,-0.9154592573784693,0.02415009876044543,-0.19873767556660926,False,True
CACNG3,-0.3970450726075964,9.508229886774095e-05,-0.08930353133953339,False,-0.3451850721091067,0.7318754337723955,-0.06348481139399276,True,False
HES7,-0.39693111090948935,1.0256713052029705e-05,-0.08775947127862249,False,-0.28679759344360795,0.7812176289815335,-0.055836322064966915,True,False
CRX,-0.39664442461509186,2.224132458407002e-05,-0.08736243863631632,False,-0.3179612117391074,0.8847428439185684,-0.09063676899071904,True,False
IQGAP1,0.396557802688908,0.00010399358071887862,0.08542153058768864,False,-0.5927384596478222,0.23803749150053657,-0.13490931025918584,False,False
NHLRC3,-0.3960322844321884,7.642334660582816e-06,-0.08767361795564277,False,-0.023633618794798455,0.9885188970966955,-0.004835377337399471,True,False
CRACD,-0.3960279050044607,1.6406923525674993e-05,-0.08430516392408371,False,0.3923939164724145,0.7337534597077195,0.10656080212414398,False,False
ZNF644,-0.3960063910640416,6.6676615351040856e-06,-0.08523777269483723,False,-0.6430109569984397,0.22158811752137378,-0.13568603732251994,True,False
CTBP2,0.3956502726529563,7.802644764399432e-05,0.08749399049963547,False,0.12720174919804306,0.969061878441121,0.029322161781390577,True,False
NPAS4,-0.39540367675060095,5.19310258859629e-05,-0.09090284875856991,False,0.04920846828714231,0.9916388313319833,0.012364005325438576,False,False
GART,-0.39518692892351603,3.5034162167581505e-05,-0.08911189394703811,False,-0.4163071812301638,0.012255124110812261,-0.09411291022842505,True,True
ZNF37A,-0.39493835183898435,3.399438055813737e-05,-0.08613763945172526,False,0.4610192185242519,0.3761612787107603,0.10774330526405151,False,False
DAZL,-0.3943343356150949,6.717831473967744e-06,-0.08363870925811501,False,0.08734442445354955,0.782582950039966,0.016758519890948342,False,False
ZNF532,0.39430998594086536,1.400985868688611e-05,0.08716028968455625,False,-0.28452025914940043,0.8722566830496638,-0.05640362339254157,False,False
COP1,-0.39354856464422155,1.0526353981348877e-05,-0.09036500633250188,False,0.15471481515964405,0.6238316514061667,0.0351878912297483,False,False
SEPTIN2,0.3934037666498749,1.2903910075444572e-05,0.08680414229283873,False,0.023122229420578507,0.9552119538248076,0.005338542463491969,True,False
XKR7,-0.39321002112361414,0.00013645206025374962,-0.08563642933281468,False,-0.09948078903731826,0.7582967290797934,-0.032413242784138596,True,False
DSCC1,-0.3930937338672952,4.35581810027437e-05,-0.08394058791073,False,0.1791917246805948,0.6116848261127036,0.040347958307848764,False,False
WDTC1,-0.39276922175324097,6.277441898982416e-05,-0.08850507373964511,False,0.17545379094847388,0.7812176289815335,0.050008176530352166,False,False
RCN2,0.3915161749343226,1.2500019271886804e-05,0.0874602953493735,False,-0.027134004440355873,1.0,-0.005863582819004343,False,False
GID8,-0.39140980998390446,6.423421566331917e-06,-0.08738211653422745,False,-0.0223477845375707,0.9758126232443743,-0.005405957469862166,True,False
CAB39,-0.39126436626734834,2.9909046825360087e-06,-0.08964592395618354,False,-0.2881891976216756,0.11810565231133438,-0.06213709981357951,True,False
SLC44A3,0.3912621128932774,2.9914775617549172e-05,0.0857400009719349,False,0.08321039915977771,0.8840307670538645,0.01752737011820482,True,False
COX10,-0.39103458858454276,5.6153580243818245e-06,-0.0854461689720285,False,-0.08376727187532124,0.9270871455817412,-0.020784283423698646,True,False
CRIPT,0.3909406340371876,5.673700393175041e-06,0.08924664245484148,False,0.16503342186065362,0.9394891248969472,0.031368304568159644,True,False
CSNK1D,0.3902894334360587,1.986018076502225e-05,0.0854724482655076,False,0.3207822313561333,0.7241026409522549,0.07215450512896737,True,False
NDUFC1,0.3902450768917177,1.4263429531175844e-05,0.08555409670730452,False,-0.022960999145966113,0.9664047613901128,-0.005310588399911609,False,False
DBF4B,-0.3902112954348558,4.070193622319562e-05,-0.08099743566574968,False,0.02742687169755073,0.989555959783218,0.006359170376255996,False,False
NBEAL1,0.38998502225999304,0.00021730205035015178,0.09026520274810323,False,0.3433947701412415,0.7707157094588492,0.0786674054951737,True,False
TBC1D10B,-0.3899109610978581,3.5737700938326675e-05,-0.08746817479619828,False,0.48683081130827927,0.1319091165572075,0.10766832538848359,False,False
LRPPRC,-0.38940089297880826,1.125260896381083e-05,-0.08734146708632817,False,-0.04229437469625137,0.9593291632430109,-0.008443067608359556,True,False
GPR45,-0.38936560364167677,3.607170619094004e-05,-0.08575784637641082,False,0.22949835898095894,0.9719390228450419,0.055102225847909914,False,False
ESR1,-0.38915716982804754,1.1971900190013623e-06,-0.08703746730144868,False,1.7368513911365049,0.0031021368875918253,0.4392357412012231,False,True
MOB4,0.38903995463745245,2.45395937318955e-05,0.08474059485055818,False,-0.4722991075261323,0.4677249623037476,-0.08527066460764221,False,False
OVGP1,-0.3887243846423803,2.9419320865054096e-06,-0.08539169528106161,False,0.382969741183454,0.6101796105545236,0.09096727525275217,False,False
PKLR,-0.38829574526985466,1.954482790073151e-05,-0.08678796749467388,False,-0.38469280339539147,0.7423302865292829,-0.08016272871651076,True,False
SEC31A,0.38817881273927096,3.615894460824115e-05,0.08473917322748292,False,0.16150279456891278,0.8946325873986991,0.044859026896672205,True,False
C22orf39,-0.3877971236132734,7.748218394550606e-05,-0.0866342630956165,False,-0.20605250959562232,0.9850030783320898,-0.04756640975236337,True,False
RAD51B,-0.3871434804827829,1.494739602659325e-05,-0.08368381911482903,False,0.021089155552782735,0.9885188970966955,0.004595347991863008,False,False
PRKAA2,0.38713080741626327,1.710075762115559e-05,0.08919213745975352,False,0.19774185450537,0.7509341830566726,0.03981157624775289,True,False
MARK2,-0.3870413970047519,1.9405229066979697e-06,-0.08713754536435747,False,0.2825694118048471,0.20672465869212917,0.06347957702417428,False,False
COX18,-0.38670717854076986,4.190845620148442e-06,-0.08322137902859517,False,0.21420782276457506,0.6631712115020072,0.049700861120236084,False,False
IGHMBP2,-0.3862908220125174,6.888497347188118e-07,-0.08237518703697777,False,0.3209312825252775,0.7318754337723955,0.07395428643487012,False,False
DUSP22,-0.3861548259591383,7.910910956258864e-06,-0.08648306239274017,False,0.10917608235189963,0.9193399787712566,0.017983487074428872,False,False
TMEM127,0.3855899415119584,2.484238461372167e-05,0.08147324814814638,False,0.5264792433549561,0.21713465698281778,0.11504025145229857,True,False
PAN2,-0.38552993263634305,1.1033430462338319e-06,-0.08488209670233982,False,-0.03298775051131608,0.9885188970966955,-0.007671353868065722,True,False
MAPK14,-0.3852944966201598,2.711738483197551e-06,-0.08742731691967176,False,-0.030042518750737695,0.9885188970966955,-0.006490354279567789,True,False
CEACAM7,-0.3849458717299055,1.557558011945518e-05,-0.08508326312832715,False,0.2733086294569873,0.6599385675794425,0.053994950655291696,False,False
ALG5,-0.38488809002796015,3.0133974609388705e-05,-0.0848479279470622,False,0.08768664932333292,0.8847428439185684,0.020595560514133915,False,False
FBXL12,-0.38485845549713976,7.164949404617222e-06,-0.08431599168657122,False,0.2284925645022877,0.8041225311244353,0.05182721961025738,False,False
NFE2L2,0.3848161366871322,4.75877410818722e-06,0.08215413496157442,False,0.2222933219828561,0.5203352387532016,0.048859722379081205,True,False
COPS9,0.38477113285228615,1.5138409481752144e-05,0.08478837772499226,False,-0.13704760816902195,0.8649817581647525,-0.03403530649022013,False,False
KRTAP17-1,-0.38456104666208746,7.672349359325872e-05,-0.08747952974013717,False,-0.3370153173965859,0.747113824324236,-0.07644770426650993,True,False
NCOA5,-0.3839486897309176,0.00012501903556902136,-0.0860616913912775,False,-0.1539586986438645,0.7823733360290571,-0.0356085643282098,True,False
TLCD1,0.38388952309417396,7.103495067372618e-05,0.08646526586200043,False,0.17065922274508658,0.956335952559856,0.03416896861973484,True,False
PHOX2A,-0.38379715261096065,5.673700393175041e-06,-0.08262969778909124,False,-0.22667236950797456,0.7366115279528247,-0.045821829243553935,True,False
POC1B,-0.3836876268778338,3.6009260484049757e-07,-0.08717324016425909,False,0.6002237085364085,0.5037423541462556,0.14244900382389325,False,False
ABRAXAS1,-0.38359614089529653,1.1620076411529624e-05,-0.086843035771631,False,0.04797138643667814,0.9267000676899857,0.011071524408894362,False,False
LAGE3,-0.3835710120918112,4.409095333433106e-05,-0.08421490338363924,False,-0.17871801985916888,0.6678011585965532,-0.04399756900883922,True,False
APLP1,0.3826821761095567,5.506109935088106e-06,0.08438763303877117,False,0.29442237489582385,0.7417926549120735,0.0716187153730452,True,False
SMARCA4,-0.3824793659259253,3.762319525682325e-05,-0.08235295094843487,False,-0.07194343089654712,0.8896689231716721,-0.015813760977073876,True,False
SLC25A28,-0.382141345715011,2.9376642744515537e-05,-0.08487891197727304,False,0.2650575063329931,0.37350278348858074,0.06944403907995689,False,False
RBM10,-0.3817365929327176,0.00011044554241936004,-0.07926407889592202,False,0.12398905151125852,0.759098848292241,0.03214699201988758,False,False
MMP25,-0.3816640722985174,1.585950336827422e-05,-0.08711360336623297,False,0.283334451158826,0.8041225311244353,0.07328396359976441,False,False
ULBP2,0.3814689078765865,4.627282386389293e-06,0.08604740298925595,False,-0.044119837179336666,0.8303994039816182,-0.011387802650951961,False,False
TMEM69,-0.3812557683930537,2.536293705848465e-05,-0.0844827557816652,False,0.03152680892659258,0.8727895720132619,0.006714060177470671,False,False
GOSR1,-0.3807647964052718,3.046230893678899e-05,-0.08049444014825546,False,-0.18808459618942514,0.8727895720132619,-0.03984699185666862,True,False
PPIP5K1,-0.38041358819507576,2.4776871539685803e-05,-0.08565831225266152,False,0.05157117825602264,0.9725018933141591,0.011702577586770957,False,False
ILK,0.3804042128087021,1.0935133721382797e-05,0.08209989060352996,False,0.591248741788971,0.0009082936265115888,0.12249784102115857,True,True
VPS45,0.3802184286580781,1.0256713052029705e-05,0.08599071251484336,False,-0.4416429989545084,0.5170637337873516,-0.09139244400769364,False,False
SLC39A10,0.3798679096581458,4.5307420067644235e-05,0.08349933769503082,False,0.5140921489008115,0.40793096842916204,0.11821357610370953,True,False
TBC1D5,-0.3795611512796521,2.811614967086256e-05,-0.08270930534215282,False,-0.45440824544857283,0.40793096842916204,-0.08415894613003427,True,False
BNIPL,-0.37953699150533304,2.387194769269827e-06,-0.08399829567429595,False,-0.68290369156214,0.22587319154810392,-0.11908108635437742,True,False
ZMYM3,-0.3790020736156655,1.2338673940059334e-05,-0.08552543007193503,False,-0.035894494880010036,0.99007882302568,-0.008537961556319473,True,False
PDXK,0.3789389774631331,0.00011151745682179117,0.08216898330831324,False,-0.6410763645489113,0.2156192159451859,-0.1493237734302708,False,False
CFL1,0.37801309602047695,6.37116717504645e-05,0.08368740527280405,False,-0.14867801420028834,0.7823733360290571,-0.029879336372459875,False,False
TAFAZZIN,-0.37770030370307867,4.20080248318222e-05,-0.08215500837218404,False,-0.3638876468040788,0.44205474809772205,-0.09116565008391042,True,False
ABHD13,-0.37734707884652874,0.0001253044022719192,-0.08542517231433244,False,0.39778466147815283,0.5451175306226251,0.095305865067008,False,False
USF1,-0.37685783545025425,4.541595164253792e-05,-0.08420562568079148,False,-0.7350919729198389,0.28346614228635386,-0.13657171605836194,True,False
ATIC,-0.37683795263380576,3.728208485974318e-05,-0.08385911438057736,False,0.021637633677374674,0.9769596306717703,0.005060145310939568,False,False
KREMEN2,-0.3766696707351073,7.562847473812762e-06,-0.08598533555123922,False,0.3057623781851318,0.5827628695416314,0.07359873289511842,False,False
KRT79,-0.3766616838400919,3.281259763156408e-05,-0.08192773476721538,False,-0.0007547428671100219,0.9475615819873537,-0.00016306581143865628,True,False
KCNIP3,0.3765965133540775,2.833322359725777e-05,0.0798204908576432,False,0.15434086098894945,0.8497688998475077,0.04237485818349285,True,False
WASF2,-0.37648102678995515,1.2724695280354865e-05,-0.0840328145635354,False,0.042677701034560526,0.969061878441121,0.010129882825578918,False,False
MED16,-0.37633494284025365,2.6775705456224548e-05,-0.08177477071953998,False,-0.5040211604678638,0.024024649910362166,-0.11611809147858931,True,True
CTDSPL2,-0.3761266979295337,1.550105286144112e-05,-0.08467364093380336,False,-0.25661681974531886,0.4540284577951309,-0.057037812021714096,True,False
DPF2,-0.375446861267619,5.900391271693204e-06,-0.08202336116342579,False,0.00758298494630577,0.9576393696194336,0.0019611811022439696,False,False
ZFP36L2,-0.37520897434014533,7.368748460690703e-07,-0.08387697046012921,False,0.25048283165120466,0.24776964074403826,0.06651520628907992,False,False
OTX1,-0.37520161417075687,1.919776670558837e-05,-0.08039824275885632,False,-0.3902842130179955,0.8798762957504727,-0.09018459829589354,True,False
TMEM235,-0.3746627170784646,0.00041160383502784155,-0.08122540877152229,False,0.31281853626217027,0.8072735917154841,0.09540449022444797,False,False
GATAD2A,-0.3742397673471802,4.977603554258876e-05,-0.08396271524400589,False,0.8117496432955945,0.11785707374073687,0.17077001196726993,False,False
PRKAG1,0.37409736786875425,0.00010135986175314225,0.08393040628121362,False,0.23240499537533507,0.9038630518297465,0.0427792117944481,True,False
KLF16,-0.373770826370594,6.928318891422413e-05,-0.08306050401342091,False,0.4126701195938105,0.2244543180808539,0.09484073015573369,False,False
SCAF11,-0.3737371404361529,6.150647121125896e-06,-0.08230140514779816,False,0.07491461626169214,0.9752455256062986,0.017183025180065314,False,False
THRSP,-0.3735128352076405,1.3800722527350641e-05,-0.08598205916387425,False,0.43984779467075136,0.5596433608919211,0.11860823275050869,False,False
BMPR1A,0.3733873917582267,4.988609370806408e-05,0.08284987290505264,False,0.13035858973986367,0.9185462129218753,0.0283371452746497,True,False
NEMP2,-0.37330137886644166,0.00031595374167065285,-0.08145828783345799,False,-0.41282333215277695,0.6634933090425653,-0.08620280286141657,True,False
OLFML3,0.3731180784906172,2.043140040185515e-05,0.08417130091806069,False,0.1731335227401585,0.8264107866825018,0.0336699226907351,True,False
MTR,-0.37290441279638736,0.0003443597055346633,-0.077956285824623,False,-0.08424187885318792,0.9209336194169772,-0.020777128105692988,True,False
PIAS4,-0.37275329301841303,3.969561335060991e-06,-0.0809812718333287,False,0.08422194113889249,0.9983010589614777,0.017501162871739417,False,False
TXNDC17,0.37189381189938475,7.766320045990095e-05,0.08102085440286633,False,0.0331209732678696,0.9471288736778624,0.006341343745443595,True,False
PRDM10,-0.3718065776768974,9.861646731125767e-06,-0.08376133196828217,False,0.06296361424961615,0.8696264215881803,0.014202079922880806,False,False
BSG,0.371733720120406,7.978787809390438e-05,0.07722646597532368,False,-0.28008457650779,0.6116848261127036,-0.063705310112109,False,False
ATP13A1,-0.36967082713520066,0.00032498037851177346,-0.0804584215487667,False,-0.21650697640799074,0.6684235523267058,-0.04342648670181681,True,False
MAG,-0.36937735444032427,4.417331423473909e-05,-0.08105556377393874,False,-0.07683861741992774,0.9202676571183757,-0.017239912904605248,True,False
CMA1,-0.36936115055894425,0.00017533711356429872,-0.0809463918649449,False,-0.05042869000360334,0.9585791939289466,-0.009853401783026072,True,False
KCTD10,0.3692304440181755,8.134294185088767e-05,0.08488277796302768,False,0.3605028155474922,0.19054938315335035,0.08099041379808014,True,False
ATRN,0.36890060288672366,1.044669223817917e-05,0.08205518842443205,False,0.021717342185198583,0.8727895720132619,0.005936051888036253,True,False
LIAS,-0.368733093473636,1.1730744151392784e-05,-0.08220991876533823,False,0.18865962585333246,0.759098848292241,0.04335259294023608,False,False
NUBPL,0.36865026035086107,0.00021150283597196122,0.083162957147497,False,0.04125444979306288,0.9015108566114233,0.008903531802516795,True,False
OTUD5,-0.36834393739156407,4.4867873348497073e-05,-0.08108620039058057,False,0.05049152996735637,0.9982630545628322,0.011645835637757784,False,False
AP1B1,-0.3680488699005628,3.174714555503497e-05,-0.08285225005113706,False,-0.09207350558185703,0.9984111650493095,-0.018611088611753424,True,False
PRKACG,-0.36778495364746033,3.969931104398756e-05,-0.08394232905226495,False,0.3040369247205186,0.6057505822891801,0.07787052313951204,False,False
OTUD4,-0.3676167557588019,3.980205158632855e-05,-0.07741910834207477,False,0.06214425178784536,0.9450354974109463,0.015172091195287507,False,False
ANKRD36,-0.367523008056505,6.165173750135515e-05,-0.07724870559166952,False,0.0895267875325028,0.8516683300097335,0.018987728605657672,False,False
CENPM,-0.3672913728262488,2.37239346943912e-05,-0.07978697784799316,False,-0.5256124680821922,0.43059979627947537,-0.10717713751400115,True,False
BRI3,0.36711604552257093,5.789617258778064e-06,0.08161060154619726,False,-0.15363368007834158,0.8307347795292304,-0.032007574963877516,False,False
PITRM1,0.36663550884270724,0.00016723087040971903,0.08225673329947814,False,-0.0036664002013125523,0.9976062805384047,-0.0008700571477016084,False,False
CAMKK2,-0.36614663331935376,6.49412251564183e-06,-0.08086077125043456,False,-0.11757996720308335,0.886206671693603,-0.027780207002545687,True,False
MCMBP,-0.3653736033911967,8.270654748612061e-05,-0.0834158892479131,False,-0.0012023238484008029,0.9970756876905009,-0.0002547161039423429,True,False
COG5,0.3650605381242819,9.854597978562794e-05,0.08045535989469332,False,-0.09146043975035273,0.794131809276218,-0.021050419767781214,False,False
APIP,-0.36486391772207205,8.430161962006003e-05,-0.08120744808717806,False,-0.019080843791396296,0.9117632390724111,-0.004455853496536655,True,False
SET,-0.3647757476884026,1.585950336827422e-05,-0.08075396972571447,False,-0.24986321637860986,0.6589720090144131,-0.06436832823900218,True,False
SPIC,-0.36447812970434795,0.00014739145598362084,-0.079295915408375,True,0.15970802602375198,0.8696264215881803,0.034117786433498054,False,False
ARHGEF2,-0.3642415338007411,0.0009595557868426422,-0.08071819960286852,False,-0.39915370741043993,0.759098848292241,-0.0816904330379824,True,False
CENPP,-0.364217815642511,8.100183054970418e-06,-0.07932454350905793,False,-0.006802436185230776,0.9850030783320898,-0.0017718265870465544,True,False
RND1,-0.3634600464132292,3.0764764763102198e-06,-0.07836943247854755,False,-0.06242090907774566,1.0,-0.01442355746182944,True,False
ARHGEF33,-0.3632031830055165,0.00012585696015082626,-0.07897515010158784,False,0.1583738551155646,0.9038573583744738,0.03627435915039268,False,False
CRTC2,-0.3629534408142074,2.726821233913424e-05,-0.0792719209801458,False,0.2889193853842643,0.6657897264705382,0.0618874910309275,False,False
ORC2,-0.36284956645770317,2.6168264991533895e-05,-0.07968791205170511,False,0.19818901180492202,0.6657897264705382,0.04178869655595463,False,False
ADAMTS10,-0.3624826247145123,4.879316085840606e-05,-0.08038201767914455,False,-0.18461929125803286,0.9593530954649296,-0.04849045028454846,True,False
KRTAP19-6,-0.3622134397081418,0.00010423313396646677,-0.07937465948589217,False,0.6187136435866978,0.44205474809772205,0.11432874868444198,False,False
TRIM28,-0.36197472196405256,6.37116717504645e-05,-0.08056681396237053,False,-0.28775322148597443,0.3820796310623589,-0.06715206058328604,True,False
PAIP2,-0.3618532537358773,3.4153182152004454e-05,-0.07729609206537624,False,-0.2820168390223204,0.8278241593824229,-0.06072189824127339,True,False
CSKMT,-0.36167556288645575,3.356684716869632e-05,-0.07902210713168945,False,0.000415771388408833,0.9270871455817412,0.0001314294592678067,False,False
PPM1D,-0.36079162106255924,4.3461591372679846e-05,-0.08256785471112682,False,-0.03895502231981037,0.9399573039600613,-0.0099459274342939,True,False
SHOC2,-0.360605585541008,2.8756208455847483e-05,-0.08106015664117283,False,0.0015652827924896018,0.9704648751701781,0.00034963405543564363,False,False
TAF4,-0.3604272227902935,1.3832592805316619e-05,-0.08188813057222344,False,0.00734701930494196,0.708122316044015,0.0017586587663576125,False,False
TUBB4A,-0.36032838618826835,9.408258579859224e-05,-0.0773721397703957,False,0.24012695987582613,0.786198245777268,0.051299781916143594,False,False
KAT7,-0.35948376164598916,0.00028194878199470946,-0.08028675541428676,False,-0.07987674500750225,0.8649817581647525,-0.018334480285480126,True,False
NDUFA4L2,-0.3594542808980989,7.597186072107968e-05,-0.08351220716169205,False,0.6165470744504272,0.5526761497125332,0.15051450598220928,False,False
RER1,0.3591555922241989,3.931192505582912e-05,0.07865352451466467,False,-0.09641400309258376,0.8431577929210163,-0.022578306699684525,False,False
FEV,-0.35911858343713204,0.0001131346937659892,-0.07670754644831668,False,-0.3830571476407946,0.8176910601378052,-0.08242556974938164,True,False
PRR30,-0.35881714010290994,0.00021389311505741856,-0.08174838362327375,False,-0.5149278436592786,0.5203352387532016,-0.12121570067343601,True,False
IL36B,-0.35868136971829256,4.475271076800886e-05,-0.08421825134674688,False,0.04632727090653719,0.9664047613901128,0.012226418027070807,False,False
SOCS5,0.3586180302276019,1.4227748050546705e-05,0.08220849245107331,False,0.0215855671892279,0.9625550458580404,0.004945113953759517,True,False
CCDC47,0.35861437789059236,0.00029005765287069477,0.07922365473990833,False,-0.36234430495592423,0.5037423541462556,-0.08281431525818128,False,False
GLMN,-0.3585298659701444,7.784462140839795e-05,-0.07922524356395222,False,-0.0030956061444921807,0.9548094454962953,-0.0006705240120501443,True,False
BARD1,-0.358483224203945,3.855489344373759e-05,-0.07792628350880726,False,0.09188570635126651,0.8137292668527121,0.02242039126805473,False,False
CTU1,-0.35823761172237667,3.9994029569514016e-05,-0.07987855745242634,False,-0.23028015732959964,0.6026268297538672,-0.05067678387715269,True,False
XRN1,-0.3578987718042124,5.9465850785009935e-05,-0.07660806102048756,False,0.12337904395753567,0.8671290025705851,0.024759975732691508,False,False
RBP3,-0.35786350977527975,0.0008497045853986777,-0.0762939723303484,False,-0.6284288795910583,0.19054938315335035,-0.16342380454376837,True,False
SEC23A,0.3577695999319809,5.179866690537924e-05,0.08337505083291319,False,0.18666265776311153,0.8010421126633535,0.043796724026248235,True,False
HSPA14,-0.3571234199896643,4.2670152347218584e-05,-0.077736046058555,False,-0.0035813132578161287,0.9740280951862692,-0.0008230860429438991,True,False
ADAMTSL4,-0.35703421480870207,0.00041773867993530106,-0.07573118021822278,False,-0.3283786637648778,0.5463327543583881,-0.07139617517155905,True,False
TRMT1,-0.3567458272936265,6.861266871095648e-05,-0.08076793902469959,False,0.30333821305291,0.8557624591588784,0.07771566310528844,False,False
HNF1A,-0.3566282776578174,3.950868981619488e-05,-0.0777951441822653,False,-0.31742017289511826,0.4327648416990809,-0.07129118616589913,True,False
MATN1,-0.35610548795837893,1.1730744151392784e-05,-0.08293530113923797,False,-0.39466481808430237,0.6827479761130073,-0.08797165098720416,True,False
SYVN1,-0.35575846607145667,2.490337403237796e-05,-0.07541836198522223,False,-0.26479101141575084,0.6026268297538672,-0.06696560778928529,True,False
KIAA1143,-0.35575293306827643,8.172255209425612e-05,-0.08055240488245285,False,0.12879086437271314,0.8944694238206155,0.026758251115418297,False,False
PAQR6,-0.35543549206912006,1.5926291965764326e-05,-0.07687295645935244,False,0.7091789864999208,0.24776964074403826,0.15738700342673262,False,False
BEND3,-0.3553354749545865,0.0001055072732733318,-0.08008827556346976,False,0.2872703071692276,0.8325701286238425,0.06880110439161591,False,False
PLAC8,-0.3552991868972453,0.00019010262006759353,-0.08010988236082639,False,-0.2822081638773708,0.7337250540230916,-0.070550224196686,True,False
DNAJC13,0.3551565827603718,5.001379956739035e-05,0.07944777692135219,False,0.34203923532873426,0.12878312239378154,0.07594455886852192,True,False
CEP55,0.3551394226757431,0.00010233135546822085,0.08061040031828792,False,-0.15136084152934765,0.8245046133852353,-0.03563488960190497,False,False
WRAP53,-0.3550282169432715,0.00016016162646019652,-0.0791779439576823,False,0.12352589044536166,0.8722566830496638,0.026371473066915563,False,False
LEMD2,0.35476426844927655,9.508229886774095e-05,0.08244923713544594,False,0.2074013920217003,0.6116848261127036,0.04816066680480269,True,False
ALG9,-0.35458737617652303,0.00013177602577483215,-0.07949815546798078,False,-0.13308173179050228,0.8727895720132619,-0.030208662995567792,True,False
ST6GAL2,-0.3543615094550623,0.00027134843732294747,-0.07696957668671445,False,-0.35704150306648336,0.3985670776515577,-0.09512071728391636,True,False
RNF41,-0.35418699740162785,6.244710594378938e-05,-0.07623174755972606,False,-0.10908353036156497,0.9601105343814677,-0.02498458388175262,True,False
DHRS4,-0.3540815559460925,8.134294185088767e-05,-0.07700321221685424,False,0.2019435239626926,0.830598697232042,0.04905495411457306,False,False
COG7,0.35353601423754233,0.0008727173957615111,0.07746126349817128,False,0.09156990673260033,0.8805555526835747,0.020466276324314414,True,False
KCNJ9,-0.35348914382538293,0.0002888381004275818,-0.07892104647380016,False,-0.1383422391612829,0.9540751552404179,-0.03460059467603038,True,False
GAS2L2,-0.35330647681287525,0.0005817797696938582,-0.07909736067917272,False,0.31664533204493295,0.8155951834890232,0.06444044009397487,False,False
PROCA1,-0.35313379023172004,3.581768026792342e-05,-0.08050003441276044,False,-0.07658832566372357,0.8428663253627136,-0.015358791757152268,True,False
MAGOH,-0.3529771333473047,8.332731006050612e-05,-0.08045094551574561,False,-0.35422061914836805,0.6490507067879975,-0.09090656265026187,True,False
TRIR,-0.3528793532544963,0.00012775187820202594,-0.08199700093589346,False,-0.06043092263295279,0.782901032738113,-0.013921501599825525,True,False
CEP68,-0.3528650172795116,6.494512959764408e-05,-0.07846342598438216,False,0.3128168090600114,0.7209862470029613,0.07100401657968813,False,False
PGD,-0.3527261321304204,0.0006381338193691985,-0.07635102678880035,False,0.049882469690021206,0.9657288279070944,0.011242978186085217,False,False
CFAP410,-0.35229860407659574,0.00023548133783740378,-0.077042094390813,False,-0.0031095039639919015,0.9769596306717703,-0.0007085206111900888,True,False
WAC,-0.3522074854744565,1.8745213444956114e-05,-0.07969365260149797,False,0.15662689318712358,0.759098848292241,0.034738939517652945,False,False
NDUFS3,-0.3521778232577591,0.0004989761596726852,-0.07892394177847262,False,0.31716987790496426,0.5262097483237906,0.06427825535730669,False,False
SLAMF9,-0.3517819628995234,5.52249049536374e-05,-0.078330842003,False,0.16122487029179383,0.7366115279528247,0.03442373070257787,False,False
UTP6,-0.3516711111232876,4.552473288458533e-05,-0.07793016389508,False,-0.47210431863344465,0.6012773483382455,-0.11843756449228504,True,False
C16orf86,-0.35117538206696897,2.6119006992112664e-05,-0.07905905997556495,False,-0.536628856781325,0.6116848261127036,-0.15475271278205938,True,False
FANCI,-0.35104983859776423,0.00026051388789985616,-0.0785309635033471,False,-0.6223451227557375,0.11869195282854049,-0.15067147140185622,True,False
HCRTR1,-0.351009376557187,8.191299176785066e-05,-0.07732398882466018,False,0.2210966240426831,0.8332548301736009,0.0522590651834296,False,False
CEP135,-0.35054967693556094,2.224132458407002e-05,-0.07842456333912651,False,-0.033546660717101315,0.969061878441121,-0.007725190784107383,True,False
NFRKB,-0.350467948041644,6.431459943783105e-05,-0.0757130584940926,False,-0.013647932868836274,0.9980652310323461,-0.002903050003976837,True,False
ATRIP,-0.35034855218813715,4.1300397375907286e-05,-0.07619150176501943,False,-0.3005448057798882,0.6651047408671195,-0.06172438419195636,True,False
UBE2E3,0.3500325555243999,1.7009193698961844e-05,0.08169892054547034,False,0.038765504964826135,0.8728310900812191,0.008876321625643335,True,False
SLC35D1,-0.3498923808261858,7.44157585047075e-05,-0.07691175383183069,False,-0.184359966496555,0.8671290025705851,-0.043708704423147005,True,False
CREBBP,-0.3493602891455363,0.00015022134265537965,-0.07884282771143614,False,0.1032184277124322,0.7292962815398442,0.024575569480253634,False,False
SRRD,-0.34898765017238986,0.0002007561764273356,-0.07327173444965407,False,-0.004913556352895714,0.9394891248969472,-0.0011952898890408292,True,False
IMPDH2,-0.3486264045334084,1.1730744151392784e-05,-0.07714834160403683,False,-0.729094212327493,0.20784136183431598,-0.14624333178317528,True,False
CADM4,0.3485389862556397,3.238151969578051e-05,0.077007377800558,False,-0.07983087327734639,0.969061878441121,-0.021431877291159473,False,False
CTBP1,-0.3483727657828273,0.00011021027713713651,-0.07654719900353513,False,-0.4795954812093355,0.4871037645748159,-0.09592972134868827,True,False
SMC6,-0.3483026459671899,0.00012443031586159423,-0.080086220640605,False,-0.48370678667171574,0.42774161932399246,-0.10893800624742322,True,False
DEFB118,-0.3480882112931698,3.607170619094004e-05,-0.0763174067188297,False,-0.09930289759443105,0.9471288736778624,-0.021495069696216618,True,False
MT1A,0.34798041070196617,0.00022454356950611046,0.07568344294303131,False,0.2990939076461564,0.6259894900752334,0.06339103846596572,True,False
ATXN2L,-0.34796940328724363,4.101834870137115e-05,-0.0774479293700212,False,-1.0411153194853047,0.007352211234659749,-0.20943091933848645,True,True
IFNLR1,-0.347909866939884,0.00018171442699550712,-0.0755403696735657,False,-0.3915268493952936,0.5526761497125332,-0.09520925820474968,True,False
RAF1,-0.34756896368417994,7.730157101388401e-05,-0.07552624030179977,False,-0.21262428271443695,0.5896858530562828,-0.05042382868706863,True,False
PDS5A,-0.347505284431545,1.826102901067707e-05,-0.0761076627130457,False,0.15474805635755398,0.5148815471468872,0.03759380569009618,False,False
TTLL5,-0.3473778666188216,0.00015126615013768367,-0.07552351868270524,False,-0.128897868639387,0.782582950039966,-0.032004975874218466,True,False
OR7C2,-0.3471038770295731,0.00016129685851418133,-0.07918016611645662,False,0.14812058574087358,0.883983395686815,0.03792763534378185,False,False
CCDC74B,0.34709868859931975,0.00012328042341059491,0.07346237562873537,False,0.15240368529239018,0.4553365069008672,0.03644875214470744,True,False
ALG10B,-0.3467963770253056,9.720689599405765e-05,-0.08175336693611523,False,0.04504081671976711,0.865571216556823,0.009795457995013024,False,False
SLC25A40,-0.3466863442314151,7.475189665092704e-05,-0.07648013911319307,False,-0.12667151725396728,0.8781630730435368,-0.02377743088991746,True,False
RTTN,-0.34663764974980715,0.00012711051968314457,-0.07598810588245275,False,-0.1813521909642362,0.783229758734098,-0.04445835931997966,True,False
RRAGA,0.34653715420152964,2.4350433272095585e-05,0.08001730976032562,False,0.3153351811132872,0.6421265502766789,0.07197369512791951,True,False
SMARCAL1,-0.3463134965566967,0.00029005765287069477,-0.07537253658982124,False,-0.4808874630179673,0.44241246883586915,-0.10690407749101105,True,False
CEP120,-0.3461414709350656,0.00023242013370965826,-0.07829254206358982,False,-0.11302608064773478,0.8137292668527121,-0.027981746969543586,True,False
NME5,0.3459804437950219,0.00017044573992198395,0.07325429131736794,False,0.1934747315101984,0.8303994039816182,0.04617963666639113,True,False
YIPF2,0.3457350991197769,0.0012483500719420923,0.07959923654856382,False,-0.1915328092030366,0.759098848292241,-0.04598106489837317,False,False
CACYBP,-0.34572488750819586,0.0004430134214774901,-0.07385316100088257,False,-0.158602484359023,0.8951748636193857,-0.0381304962891269,True,False
BCS1L,-0.3456611610823225,0.00012160365469490814,-0.0773933496788084,False,-0.3340980731639049,0.5004214407282584,-0.06874520435144849,True,False
PEX14,-0.3455395435713876,0.00019010262006759353,-0.07894338415870639,False,-0.5016140691601682,0.2616243404505298,-0.09908014654168706,True,False
C1orf54,-0.3453857255432633,0.00028006713479014216,-0.07666580408261403,False,0.2631544421644865,0.6678011585965532,0.06297800289378586,False,False
NOL11,-0.3452695040281647,0.00023939214265681616,-0.07872625472932526,False,0.14082553806704176,0.6657897264705382,0.036200863810294415,False,False
GOLT1B,0.3451638064109829,0.0001691974839647577,0.07674918207637482,False,0.20439479453439133,0.6599385675794425,0.04616281230317121,True,False
TPM3,-0.3451414929030849,0.0005951309692307347,-0.07742402572937301,False,-0.33640950796825514,0.5112998437838814,-0.06347071639800372,True,False
GIGYF2,-0.34511418856686626,4.120129128130656e-05,-0.08007261540795607,False,-0.2957264810292018,0.37100848407450476,-0.06864441303701785,True,False
DPH5,-0.34498047962489437,9.88669876231267e-06,-0.07578626533334543,False,-0.4923783571569963,0.1992394458837217,-0.11615517774655881,True,False
SP1,-0.34493312301260476,1.52142670499654e-05,-0.07829582950249492,False,-0.23520248198652458,0.44581814578433504,-0.05300179114562287,True,False
LCN15,-0.34475917305637077,6.212141441909096e-05,-0.07618630192531928,False,0.06257300129465472,0.8896689231716721,0.014331441004252987,False,False
CLTCL1,0.3445879246152273,9.599656737242809e-05,0.07797080026239733,False,0.05437362491146534,0.9015108566114233,0.010800281738673867,True,False
EHMT1,-0.3444580864502016,8.606154629775591e-06,-0.07658624777111278,False,0.05393782627671331,0.953268494889062,0.010492072815877052,False,False
SAT2,0.34397118253517284,7.634038960925113e-05,0.08003737518101772,False,0.3555526637237256,0.7258938608987852,0.08079729080750564,True,False
PBRM1,-0.3439705514170368,0.0003336719358446982,-0.07366171580504588,False,0.07240522736955005,0.77306563344961,0.016607925600585993,False,False
CXADR,0.34383804464224915,0.00024855454086292786,0.07918655130670071,False,-0.2732251705664979,0.6684272889552577,-0.059631992973372405,False,False
SETD2,-0.3438038260156762,3.78186567848369e-05,-0.07613245793291146,False,-0.22887440195671463,0.6657897264705382,-0.05516627664167473,True,False
OR1D5,-0.34378745686796625,0.00042588964658346406,-0.07848919017267963,False,0.22532718061400195,0.6779742595551113,0.05459767793826664,False,False
KAT2A,-0.3433703705599073,6.861266871095648e-05,-0.0785934642791064,False,-0.24064667066296117,0.6599385675794425,-0.0559420286482748,True,False
UCN,-0.34321390996449574,0.000399990394214436,-0.07438588024731807,False,-0.05613690828955682,0.8159869888213407,-0.01207776765409907,True,False
KLB,-0.3423550237914911,4.9152049938336736e-05,-0.07499831921654021,False,-0.4101271847360502,0.5715869314697408,-0.08464068637001532,True,False
INTS12,-0.3421853170150966,3.718555922726067e-05,-0.07655212872654005,False,0.3883474843027191,0.13405459425608296,0.09080493289598568,False,False
DIS3L,-0.34197681113465317,0.00013079693659483912,-0.07997725017781221,False,-0.2390196299298761,0.6657897264705382,-0.05892035745820845,True,False
ZFAND5,0.3419688832445027,5.8221393101611996e-05,0.07954408714499639,False,-0.010530356599742776,0.988026534081709,-0.0023585789004938462,False,False
RCOR2,-0.3415613893863986,0.00023659253041669414,-0.07372212214106622,False,-0.5500579978376389,0.5203352387532016,-0.12766816575552298,True,False
ELF2,-0.34151205248387134,8.313374406511897e-05,-0.0768402209029313,False,-0.27855058850383513,0.7291556416515476,-0.05812350295628921,True,False
CYB561D1,-0.3411621289370676,0.00016578592344771117,-0.0794732300429919,False,0.015310509096894699,1.0,0.003801806251306772,False,False
ESCO2,-0.3409386360201771,0.0003180615280428697,-0.07564111590578904,False,0.2374822459664255,0.5203352387532016,0.05214238051731179,False,False
CHD1,-0.3409162613556793,0.00029460048743249417,-0.07378696269155682,False,0.05133881763651839,0.7297350576801516,0.011783096194020182,False,False
BCDIN3D,-0.3405882379373114,0.0001342152469230954,-0.0734901736201925,False,0.26575321680134406,0.7812176289815335,0.058303465451606584,False,False
MAPKAPK5,-0.3402193416178057,2.1376801555407863e-05,-0.07465902330428076,False,-0.28836306819718427,0.5348696207828504,-0.06442845482017123,True,False
EZH2,-0.3397718363694669,0.00023714997568471683,-0.07300747865204915,False,-0.3737931224046703,0.11810565231133438,-0.08715653034908932,True,False
OR7A10,-0.3397272402918432,0.00013338800166083316,-0.07593487295363843,False,0.5418699126550958,0.44362894739781694,0.10818623506857605,False,False
PPAT,-0.33963581424743844,2.1263445945655026e-05,-0.0737993336780951,False,-0.27664810515198274,0.6111445843897615,-0.06154496090497208,True,False
B4GALNT2,-0.33963126697161694,0.00013369143501134624,-0.07467527427126264,False,-0.16540657235822184,0.6165976689769507,-0.04766408424502888,True,False
ATP1A1,0.3394451980196495,0.00039135655441865886,0.07165952720433655,False,0.5588563783252414,0.45110797351323745,0.1168946289962145,True,False
TPGS1,-0.3391025986752417,0.00033812357196864857,-0.07666855582387821,False,-0.6631499064919426,0.5170637337873516,-0.13639337939615181,True,False
PARD3,0.3387882325578239,0.0001380526597813662,0.07441195929721278,False,0.42702479756292355,0.19054938315335035,0.08835651755608165,True,False
MAFG,-0.33874703774477094,0.002002399688496617,-0.07732500177035462,False,-0.22651096231249992,0.7366115279528247,-0.05661474994821525,True,False
ITGA2B,-0.33860368491311593,0.00017167621011591623,-0.07836963378012207,False,-0.12392373807652492,0.9172969016803137,-0.031824965789695625,True,False
ADNP,-0.33841196662918516,0.00014259363890268214,-0.0735577865347814,False,0.24155830358798575,0.4464593423875719,0.05133990996571569,False,False
KIF15,-0.3383228463420204,0.0002823582414978149,-0.0718112362840122,False,0.2105728384454645,0.6657897264705382,0.042659637922750626,False,False
NDUFS7,-0.33824265308015933,3.205109783627316e-05,-0.07411546233485122,False,-0.33880920524281416,0.5513282133914453,-0.07029538549092873,True,False
THEM5,-0.3378473571232384,0.0001432859655603391,-0.07731873520964339,False,-0.21696358743985475,0.5277271838919383,-0.05332209402734733,True,False
ZNF143,-0.33768590407054605,2.349191471302409e-05,-0.07724491961663293,False,-0.5380329144237394,0.057174428086797624,-0.11725837674865325,True,False
H3-5,-0.3376463028188474,0.00044094917183559653,-0.07489123798218067,False,0.20283305661979653,0.4911547493537678,0.04325862362780075,False,False
FAM204A,-0.3374347900845671,0.0006095124617900708,-0.07709701377286127,False,0.16613544736606997,0.8083818787311677,0.03178802519774582,False,False
STEAP3,0.33729005954026325,4.0596982839199494e-05,0.07384393580865112,False,-0.622722073946716,0.11869195282854049,-0.14039842412176817,False,False
PARN,-0.3368567758042599,0.0005913371889178941,-0.07475112908215387,False,-0.03878488589626609,0.9725018933141591,-0.009832620405773262,True,False
BHLHE41,0.33675459767109345,0.00024472093692936913,0.0734332593118312,False,0.08756059031075372,0.8696264215881803,0.0164300745109065,True,False
MAN1A2,0.33659276242562763,0.001032685892001557,0.07423271449903357,False,-1.043070430985741,0.08134755375404676,-0.2367012726708717,False,False
SREK1,-0.3364959899444637,0.0002593738099415202,-0.07409856831491712,False,0.11292586706375528,0.8696264215881803,0.024921598941780587,False,False
TMEM161B,-0.3360955931274657,0.0003153149030660584,-0.07482149392168758,False,-0.7525620206887964,0.20672465869212917,-0.14545071384875907,True,False
EXOC6,-0.33608620594844174,0.0003498483694095915,-0.07253244632321199,False,-1.1115811214915547,0.06165044037891731,-0.21517174978050235,True,False
TACC3,-0.3360009904923561,0.00033151451346512213,-0.07691926961425466,False,-0.16112262817775672,0.886206671693603,-0.036988069741740404,True,False
SLFNL1,-0.33593993789872195,0.00018623650007383073,-0.07653699756750054,False,0.2581839449834725,0.865571216556823,0.06879296176564598,False,False
RGP1,0.3357037306004942,0.0008263885588715929,0.07454202231206697,False,0.24456032911838305,0.5203352387532016,0.0632989751076023,True,False
WDR83,-0.33567370622047293,0.00011721900094848583,-0.07744278629210122,False,-0.058887802639976713,0.9348963840891794,-0.015630351867957692,True,False
EEF1D,-0.33551569808853654,0.0001018611097577664,-0.07753518644512347,False,-0.3194910687616266,0.48848406092327257,-0.08609491263165925,True,False
PARP1,-0.33544210776020783,0.000545945393169322,-0.07366046896749623,False,-0.16310727046910245,0.9038630518297465,-0.036437031665395025,True,False
NF2,0.3353785965031986,0.0005079543310958798,0.07211087324916488,False,-0.03438613400698884,0.7669379462878837,-0.009038063258631546,False,False
FNDC3B,0.3352494079299239,1.393980750570746e-05,0.07332949641384179,False,0.07683227633052901,0.9548094454962953,0.017195283507946968,True,False
ADAR,-0.33502884094874424,0.000734551457464633,-0.07585329600579804,False,0.021515266237986542,0.9209336194169772,0.005374724378205187,False,False
HCCS,0.3348662618204397,0.00011918653072702878,0.07904025187765296,False,-0.31575900775247245,0.16240666733739226,-0.07858770606974019,False,False
ACTR8,-0.334491394162558,0.00039393372739283055,-0.07583660965215966,False,0.05027183972585314,0.921405383565927,0.011727091814971224,False,False
ZNF638,-0.33447346877141404,0.00013834434664396659,-0.07485506145821841,False,0.3509847867425226,0.5154266251425826,0.08776598314543538,False,False
CDK6,-0.3340584403831389,0.0006938597144166072,-0.0758235846195543,False,-0.10319409283297934,0.8696264215881803,-0.02233393813581319,True,False
PPCS,0.3336879869122369,0.0007409153524511874,0.0738260553405139,False,-0.19334859730339637,0.782582950039966,-0.044132259598752555,False,False
NPB,-0.33367748270575326,0.00027134843732294747,-0.07322822061296996,False,0.28562533804034396,0.4136662072995196,0.07309503538117923,False,False
NCAPH2,-0.333468686538046,0.0004968749941679088,-0.07418993568139509,False,-0.2174416939273753,0.8671290025705851,-0.051879438944871126,True,False
MACROH2A1,-0.33344383602030836,0.0005134034471865657,-0.07326780545097833,False,-0.08853926163457605,0.8847428439185684,-0.01832018869044827,True,False
SNX1,-0.3328788160627104,0.0007739722105830312,-0.07801228813243544,False,0.01894447221227771,0.9491591074745542,0.003485393120674196,False,False
SNAI2,0.33216869213882083,5.152596517324184e-05,0.07646516102750667,False,0.11620455898538071,0.8778588936381871,0.028123275400028902,True,False
MRPL44,-0.3318807540850218,0.00027134843732294747,-0.07428404161163282,False,0.07701495938416637,0.9664047613901128,0.016106369725441105,False,False
DND1,-0.33175624152687205,0.00011384150445203082,-0.07324884439640833,False,0.12370945876262082,0.8696264215881803,0.03226769763785242,False,False
EIF5AL1,-0.3316576901916134,0.00037242262200237855,-0.07542877498563261,False,-0.1200573721049474,0.9740280951862692,-0.030096531296426754,True,False
MIEN1,0.3314794632122351,0.0010813774878459669,0.07622974319064113,False,0.16177184981787335,0.8053073353028942,0.043135133913192014,True,False
HNRNPH3,-0.3314063570139813,0.00018707008584216254,-0.07558753633292259,False,-0.16646676791180542,0.701934950080043,-0.03777879905016768,True,False
NPM3,-0.3308909640121869,0.0002823582414978149,-0.07507814930703827,False,0.2539702571936509,0.8847428439185684,0.058184522279847606,False,False
ACTR5,-0.3308132354662286,0.0001952864422690847,-0.07487264671983773,False,-0.212668258404707,0.5016958888005159,-0.046386269889531206,True,False
ALG12,0.3306561391253964,0.0012971888835098722,0.07423503029242084,False,0.12180803994323627,0.8010421126633535,0.028946794052599145,True,False
SYT2,-0.33061867193957706,0.0004999608713367015,-0.0726080711127528,False,0.2713865908934629,0.6282126221226856,0.051702833204410936,False,False
THUMPD1,-0.3303318494987198,7.422946266252052e-05,-0.07122859355759203,False,-0.4850684473404996,0.5117222784766464,-0.10188953831125946,True,False
STK11,-0.3303161138551309,5.3155233370844325e-05,-0.07158690726127404,False,-0.12374153548143192,0.8045115417889411,-0.029019290302763956,True,False
GTF3C3,-0.3298269557406417,0.0005964546267551092,-0.07244939075337165,False,-0.4242069781358057,0.351367767611518,-0.09329732703347737,True,False
SETD1B,-0.3298252238293081,0.0003077873096690534,-0.07392970438508328,False,-0.3690865381602368,0.5077581256604637,-0.08932719776540932,True,False
RMI2,-0.3296367238150727,8.726120064379074e-05,-0.07202838602335326,False,-0.1646330415001736,0.865571216556823,-0.038088542951601134,True,False
SCGB2A1,-0.3295759926856078,0.00023939214265681616,-0.07275078977073424,False,0.04405510133909652,0.871290656560024,0.009111544837441699,False,False
GPX4,0.329554502079394,0.0007331391451771009,0.0743798117387211,False,-0.19418113450269345,0.6540728850828984,-0.04855587184970389,False,False
PICALM,0.3294755691505002,0.00026710519226656536,0.0705792408309387,False,-0.6882071075873771,0.019822977282459818,-0.14571045187420406,False,True
HDAC4,-0.32946442189115976,0.0004747812425641973,-0.07111484171942362,False,-0.09974214873182302,0.7898203874086549,-0.023359322012857398,True,False
BTBD17,-0.3293622903684063,0.001079213122576151,-0.07348348707168206,False,-0.25649065174623725,0.6231892076778945,-0.057685713876640676,True,False
BHLHA15,-0.3293405127414238,0.00021978721752946258,-0.07072040494679843,False,-0.09882588552646657,0.8947370008472496,-0.024280687984053806,True,False
WDR48,-0.3292613253098783,0.00015831915069113627,-0.07272667115269815,False,-0.18071034996774873,0.6130315863765501,-0.03885283687464103,True,False
SLC19A1,-0.3291039499126257,0.0010457473620603015,-0.06998201742176491,False,-1.4622417063584998,0.009329136719471661,-0.28864029582146244,True,True
ASH2L,-0.3290420668050034,0.000899303276166253,-0.07690939188769708,False,0.23637645284754627,0.6567745848093529,0.050792749744061894,False,False
TMEM30A,0.3286809082921907,0.00019049808054561617,0.07408288139902464,False,0.04925520715853548,0.953268494889062,0.010005142398623157,True,False
LCE3A,-0.32863447696227677,0.00020585013700290093,-0.07368887399502011,False,-0.1398817096530215,0.9588458431102604,-0.027750539418148534,True,False
PIGB,-0.32846810395290654,0.0010371117029561998,-0.07303861040968762,False,0.3166578463292478,0.6716291888445648,0.07139448435682638,False,False
HEXIM1,0.32840989058714193,9.877356226543001e-05,0.07244424145538986,False,0.24494767077636448,0.5795904280350993,0.05606077406783605,True,False
DCAF15,-0.32825746840582976,4.417331423473909e-05,-0.07224665295056099,False,-0.07435564226334927,0.883983395686815,-0.01588832579625965,True,False
CARD10,0.3282072116037208,0.001010948846202007,0.0691353891895341,False,0.34322758479169607,0.6116848261127036,0.06381293555122447,True,False
XYLT2,0.3280294675261731,0.0006521292130353639,0.07374036062368816,False,0.06649908063695573,0.865571216556823,0.017452227982084345,True,False
CIART,0.3279435322662092,0.00031732687938041635,0.07150060682079395,False,-0.2298819174854683,0.782582950039966,-0.056396256662696764,False,False
TMEM240,-0.32778294345960624,0.00036283686048862096,-0.07321852939121332,False,-0.502959631344604,0.16101874103698235,-0.11032556259172921,True,False
WRAP73,-0.32715225938478326,0.000290732841178746,-0.07328454594385114,False,-0.42655099693604803,0.5622628846401616,-0.10464625655172188,True,False
SLC35A2,0.32692576032054027,0.0007637970761564286,0.06992896717347641,False,-0.17570504881197493,0.7908658063456112,-0.0395823049579187,False,False
MRM3,-0.32687520847960283,9.95081019465634e-05,-0.07227307906422098,False,-0.06005748754680069,0.9577669683397941,-0.014700135123176139,True,False
VCPIP1,-0.32683205406325555,0.0003603997397408705,-0.07645476081263158,False,0.14663899491050358,0.9442127269005137,0.03167947879130395,False,False
FOSL1,0.3267733998362678,7.822178030276847e-05,0.07102580055020358,False,0.05908444676252768,0.9471288736778624,0.012554399982206199,True,False
CYFIP1,0.3262337411924886,0.0003413016728042784,0.06885838758864882,False,0.15193509530805474,0.8245046133852353,0.0344441401470954,True,False
NONO,-0.326225554226174,0.0003292281027695124,-0.06836927874936816,False,-0.11518642888680901,0.8951748636193857,-0.025467786577462626,True,False
SP2,-0.3260118301264369,0.0002588819987904858,-0.0740106612542828,False,0.13535528943815583,0.9162500381206772,0.03288020043784812,False,False
GCN1,-0.32591493555679596,0.00012585696015082626,-0.06904290075995423,False,0.06893110741842172,0.8727895720132619,0.01633246555848622,False,False
UFC1,-0.32579282479997684,0.00044584632073720065,-0.07353623263324316,False,0.09253632288041981,0.9471288736778624,0.020324634220396653,False,False
NDRG3,0.32576742246866935,0.00015544192167949505,0.07256402944517593,False,-0.9190925726743044,0.08575780271739222,-0.1748656426773172,False,False
WDR24,-0.32569981987073016,0.00011695119396576673,-0.07581632660030557,False,0.034162778471194234,0.9213678011017121,0.0074093268448542915,False,False
SLC52A2,0.32567978443478385,0.0002228917189732055,0.07354288363921313,False,-0.4390792514062154,0.4136662072995196,-0.119874734240903,False,False
GNAQ,0.3255705064448785,4.049228717691568e-05,0.07121117150949452,False,0.35102262364727654,0.4296761212470041,0.08077546591211959,True,False
OR5L2,-0.32546575443569564,4.575912777631143e-05,-0.07253110712308253,False,-0.31229214856524035,0.6631712115020072,-0.06756459661184255,True,False
LAS1L,-0.3251094891163614,4.857791861904669e-05,-0.07458520887024545,False,-0.2607376677063786,0.7431210921516084,-0.06119270389107978,True,False
BPNT1,-0.32501853386175067,0.0001795279567395267,-0.07297531912420308,False,0.3477476011026329,0.5992788746165753,0.09550725756824363,False,False
CASC3,-0.32490854561007165,0.00015022134265537965,-0.0716062719904933,False,-0.025873536327667153,0.9348963840891794,-0.0059846262799396754,True,False
SLC35G3,-0.32473129898663927,0.00011833407326741931,-0.07105552887621602,False,-0.47984977427146014,0.2767684375878534,-0.10046210312361747,True,False
KRTAP4-3,-0.32456110877230776,0.0005481651295035721,-0.07250470730507441,False,-0.07095496944628742,0.8946325873986991,-0.014111118543493006,True,False
ZC3H13,-0.32442340559431837,0.0006118904613544196,-0.07319209132702742,False,0.35772842499837026,0.32247535898064755,0.0750492844908992,False,False
FBXO11,-0.32400728313811067,0.00043166858234738875,-0.0734094587642371,False,-0.23490130577743298,0.3372007505794238,-0.05447874134983888,True,False
CFAP57,-0.3238081071484538,0.00011384150445203082,-0.06971634699669682,False,-0.21746106014170802,0.9394891248969472,-0.04769482083501675,True,False
LRP1B,-0.32380142651156807,0.00022557228236282727,-0.06871095207489386,False,0.5765316130007979,0.36580677370554976,0.1299967254320542,False,False
UPF3B,-0.32345381917271016,0.00028006713479014216,-0.07044056501214424,False,-0.09285895516462303,0.8696264215881803,-0.02658053386982573,True,False
FLII,0.3233337568685981,0.0020704991316208786,0.07102804845610855,False,0.024453750701178157,0.8812363037750683,0.006005892367932475,True,False
LDB1,-0.32219952696168314,0.00012271906831704568,-0.0743780954904798,False,-0.1788301512587081,0.6699203821677284,-0.04172024169037858,True,False
TMEM185B,0.3220947729433614,0.00014566558711435554,0.06971366632888731,False,0.5297095380758579,0.5703047220985946,0.14399138419152724,True,False
BCAP31,0.3219146147983719,0.0002913245594807323,0.07075868180819089,False,0.2500310569352563,0.4399458118004082,0.05954312007750673,True,False
MCM10,-0.3216711633009409,0.0012241352662197423,-0.07133791532260592,False,-0.07510636523390785,0.9879972952090303,-0.018244011904354984,True,False
UQCC2,0.3212617952377233,0.0005329716173896154,0.07304799478662982,False,-0.04079635278763701,0.969061878441121,-0.01122987137259912,False,False
TFB1M,-0.3211110774552031,0.0006521292130353639,-0.07223298705105208,False,-0.44445794686584644,0.08575780271739222,-0.09358950817833112,True,False
ERBB3,0.32107155701671414,0.0015502510205064332,0.07357634637598842,False,0.027605951038837936,0.9647426162448133,0.005733156116556337,True,False
CREB1,-0.32078764963861445,0.00032371603629205626,-0.070838181203281,False,-0.24256462572898638,0.7337250540230916,-0.05599985759069792,True,False
ZBTB2,-0.32041662104679386,0.00019797340497949004,-0.07253059208397872,False,-0.31935195221317114,0.4007500011693968,-0.08276543639740197,True,False
CRYGD,-0.32027936959973463,0.0024483818771660567,-0.06966494427836523,False,0.7604628302693296,0.2616243404505298,0.14193394670511061,False,False
DDRGK1,0.3202227891658592,0.00042510266282186555,0.06853866673755338,False,0.27458506008455824,0.6116848261127036,0.06288802307379804,True,False
KRTAP4-11,-0.3199535714222108,0.00035957366494833887,-0.07193645574347052,False,0.05949915595817485,0.947198654821163,0.015566161238674603,False,False
SLC25A20,-0.3198201022003453,0.0011885784994864694,-0.07020657049978318,False,0.5124904416712684,0.3260667282146503,0.11733424516924007,False,False
DIDO1,-0.3196743980360209,0.00019272206095180373,-0.07206567712597156,False,-0.21868209290193363,0.8671290025705851,-0.05720657510963356,True,False
SRSF4,-0.31965402618194727,0.00042588964658346406,-0.07101909622522395,False,-0.2566647689520312,0.9492570453413814,-0.05225020168078931,True,False
WDR4,-0.31962462877880216,0.00033290348289523184,-0.07370242843929464,False,-0.5687234085441674,0.44581814578433504,-0.16699605040605636,True,False
KATNA1,-0.31958625206447155,0.0005865800734417204,-0.0697733436359842,False,-0.6139934417995518,0.28346614228635386,-0.1248345214309623,True,False
AGO2,-0.3192665051323642,0.00017829924692967555,-0.07039962651096854,False,-0.008153958471000937,0.9270871455817412,-0.0017629174119342395,True,False
RIC8A,0.31906080375759754,0.0001665068958105965,0.0705745298114211,False,0.593084097635235,0.022807845944915143,0.1357255097347183,True,True
H3C1,-0.3189602624657312,0.0006911843555175611,-0.06985159914411287,False,-0.5310312717676337,0.5395619022701933,-0.10382360265240376,True,False
PARD6B,0.31864187484159984,0.003858986825659609,0.07380173160990022,False,0.44531959369577007,0.04331178562059181,0.11128212406083282,True,True
CIMAP2,-0.3185814502162975,0.0003801185037250627,-0.07005379870796791,False,0.12220886307018886,0.9676419134069796,0.02944296782102196,False,False
MFN1,0.3185351766647476,0.0015502510205064332,0.07304835652901343,False,0.7362810781756646,0.2757652809942196,0.16433911060500517,True,False
EGFR,0.31831546657777426,0.0002812927874897133,0.06726303822286095,False,-0.049015171782786325,0.8158153702701881,-0.011096953683052746,False,False
GSK3B,0.3182613743924238,0.001535576203064433,0.06947041827249478,False,0.20120703943089707,0.786198245777268,0.048931263305099115,True,False
STT3B,-0.3181588464715293,9.278622176559353e-05,-0.06879480724745157,False,0.06448343105812179,0.9976032967129866,0.013873246935655281,False,False
RASD2,0.31800591448158944,0.0012869670756929896,0.06954973760955063,False,-0.07873471693080974,0.8671290025705851,-0.017834009143587792,False,False
MED13,-0.3179518690881303,0.0005603096459686794,-0.07041167741558763,False,-0.42100035741005976,0.19650240354768783,-0.09530608673250729,True,False
TIMMDC1,0.31794826551689176,0.0001311155974546095,0.06588868199411024,False,0.2209058739360126,0.759098848292241,0.05221517799042985,True,False
TMEM82,-0.31786035196811624,7.597186072107968e-05,-0.07282693873628698,False,0.1231797513245579,0.865571216556823,0.02400258474729,False,False
DNAAF5,0.3175080405744866,8.230886052558442e-05,0.06758826689728714,False,-0.09034621675014622,0.8649817581647525,-0.0236392975028048,False,False
MACIR,0.3174818149470339,0.001457792559569377,0.07031293040099662,False,0.24658645103499174,0.7417926549120735,0.053039897734980634,True,False
IL3,-0.3172356353573367,0.00022814646287398706,-0.06855420187107253,False,0.13000099490783454,0.8659739566432657,0.025207923585407244,False,False
AMD1,-0.31703645543352077,0.0004906891449555669,-0.07027882695969101,False,-0.20178616738561364,0.6878345548761985,-0.04082226675626899,True,False
H4C3,-0.3170290141716562,0.0009670884685437895,-0.06806571468480804,False,-0.10692513165221562,0.892846478813095,-0.024895847077495148,True,False
ATP2C1,0.31697328046998047,0.00030574373134529084,0.06878075251781812,False,-0.09865542018285368,0.9394891248969472,-0.020651052708294593,False,False
LMNB1,-0.31696079204072075,0.0006245878032219303,-0.06938699879421062,False,-0.00902401575876406,0.8671290025705851,-0.0019026509027346705,True,False
TXNRD1,0.31659158726898695,3.086330557974954e-05,0.07222026313701146,False,-0.05491807322048705,0.9193399787712566,-0.011727173687178905,False,False
RAD54L,-0.3163870931207439,0.001481371476963168,-0.0683650674750309,False,0.563140084623062,0.3985670776515577,0.13793463918395155,False,False
PPM1G,-0.3163236391673071,0.0003784373662648109,-0.07304291678013719,False,0.07538494320738703,0.9531205484565617,0.017012681898855853,False,False
TMEM97,-0.31630460493972845,0.0007166236330038724,-0.06737860986761124,False,-0.1262151693375678,0.8036319261874248,-0.02495141237471188,True,False
NRBF2,-0.3159449993767223,0.002276162708974337,-0.06991212491360521,False,0.05280725245175831,1.0,0.013409649654335887,False,False
PRKCZ,0.3159001480154126,0.001120224626784212,0.07146775038682396,False,0.3131630313953391,0.6546061386737596,0.07723026255692034,True,False
OR4N2,-0.3155609776703902,0.00022814646287398706,-0.07087364608590985,False,0.6192132110923888,0.5010978434151991,0.14511331359232393,False,False
MED23,-0.3153450315532429,0.00010135986175314225,-0.0725380270517304,False,-0.3627762762842335,0.0353937413404922,-0.08460791678168089,True,True
PRDX6,0.31524888858157213,0.0005022128332473494,0.06645876505548909,False,-1.2506377944199607,0.014344282776305416,-0.2509567249300293,False,True
GTPBP8,-0.3149990074528278,0.0017584239566715088,-0.06963717350382481,False,-0.21684213299255883,0.5117222784766464,-0.0493239460943764,True,False
FIS1,0.3148432464703014,0.000688611087237716,0.06768240112078949,False,0.07800439502146411,0.9548094454962953,0.016183536782878427,True,False
HDAC2,-0.31474990869783537,0.0007512532800170073,-0.06881471705887598,False,-0.215247438163592,0.867187700886718,-0.04088668404834905,True,False
KPNA4,0.3143023695740483,0.0007243328189274667,0.07241410325540443,False,0.08240514676628997,0.9162500381206772,0.018983291921478518,True,False
CLPP,-0.31392411164501466,0.0001866243068187712,-0.06809775251904959,False,-0.006061712866536265,0.9669116531501015,-0.0013496976960150064,True,False
MYCBPAP,-0.31377417006742714,0.0004083340967098732,-0.06855060604099794,False,0.4775140314343496,0.6375542235395569,0.0996119161949025,False,False
TPSAB1,-0.31372021358253077,0.0005926529688193956,-0.07230966134938033,True,-0.12927234673091026,0.9255607508398962,-0.02740638381571081,True,False
POLR2M,-0.31367139525380283,0.001823877230053268,-0.07025073416117422,False,-0.38298210567692315,0.11785707374073687,-0.08360247528557263,True,False
NUP58,-0.313360977439524,0.0016042487698026276,-0.06974603933037393,False,0.6556572676503797,0.19054938315335035,0.1436124637346783,False,False
FAM98B,-0.31335296683357766,0.0009047938612680399,-0.0700110197746655,False,-0.05530054722797718,0.9668322145575609,-0.012267633181607174,True,False
H2BC26,-0.31312620322148715,0.0005436596126422289,-0.06866946442697408,False,0.5526574985295829,0.10383865792953809,0.12181383529160872,False,False
NXT1,-0.3128529906760865,0.0012363439983012934,-0.0716111779630646,False,-0.07220142570286191,0.9850030783320898,-0.016515457112336485,True,False
CIAO2A,-0.31284387076053943,0.00033218443264261815,-0.07172343463944486,False,0.1000644604418687,0.887474497563114,0.02377400229371318,False,False
ZFPM1,0.3128021567141525,0.0008094664766906047,0.06958189684843141,False,-0.09839312015710686,0.9668322145575609,-0.02115548679198387,False,False
CEBPB,0.3124997707362663,0.0005144856598551707,0.06563785292330149,False,-0.02867657914750484,0.989555959783218,-0.006130246920792892,False,False
H2AC15,-0.312399228437816,0.0003492449447015337,-0.06476911099642102,False,0.0748555310837183,0.9797553338197613,0.01614933977556987,False,False
SRPK1,-0.3122811000495092,0.0004547010408436599,-0.06873364399407311,False,-0.8632596523434773,0.08970198961881395,-0.20055436592654718,True,False
ETNK1,-0.31225241741315835,0.00018084795009665593,-0.0654997732772511,False,-0.16743095241797204,0.5827628695416314,-0.04411857259962293,True,False
GTF2H5,0.3122510938854654,0.00030156324747906233,0.07060635678153204,False,-0.18716020428073646,0.7092224045402226,-0.04242824162574177,False,False
ACAP3,-0.31215046999936025,0.0002167886517645834,-0.06817062861922185,False,0.11435156280479977,0.8988779386086527,0.03136084548610896,False,False
RBM4B,-0.3120477081567773,0.001481371476963168,-0.07214782269315023,False,0.00825063435539515,0.9348963840891794,0.0020826148556167823,False,False
GAK,-0.311867358269876,3.923141904458151e-05,-0.0689086286916778,False,-0.39592432861714094,0.2613881864472806,-0.08102709884336079,True,False
CTNNB1,0.31183315775598613,0.0005888739804576923,0.06705053072455236,False,-0.1078315992342076,0.7426375595241232,-0.02419053498519741,False,False
PRODH,-0.3113061591958354,9.209882337327032e-05,-0.0717470060420391,False,-0.06775306751529157,0.9816303540031847,-0.014372026258325121,True,False
ARHGAP1,0.31124353378145836,8.056184272250226e-05,0.06849017335106122,False,0.0708066282335754,0.956335952559856,0.015861254340979514,True,False
SLC9B1,-0.3110172384079888,0.00047264455209821684,-0.06994723225007249,False,0.18013563414925757,0.8010421126633535,0.038473719547971186,False,False
MTCH2,0.3107062873632889,0.00047894890768471264,0.06919768080034405,False,-0.1023198290167833,0.8072735917154841,-0.02308530796754482,False,False
MIF4GD,-0.3104706389369137,0.0002578630394834106,-0.07182561627122386,False,0.4171021285170339,0.5463327543583881,0.11847695633055277,False,False
MKRN1,0.3103694987711833,0.002523755952742159,0.07425422790126568,False,0.12187657576056128,0.6599385675794425,0.029975203940189488,True,False
NPC1L1,-0.30931863059017634,0.0008011271441780831,-0.06900406917054447,False,-0.12639600901169948,0.8819600538572652,-0.03354132578635216,True,False
HTT,-0.3089489806569827,0.000615890739134454,-0.06845935909923107,False,-0.0889393962256105,0.9588458431102604,-0.017927366699330705,True,False
TP53I3,0.30880636692854735,0.0003784373662648109,0.07096634422281234,False,-0.29210020720921315,0.776966242668541,-0.0601155614527622,False,False
RAB1B,0.30879493761858856,0.0017620404146993472,0.06735955458562426,False,0.16341673812404556,0.7195981534742049,0.041591696473495254,True,False
CR1L,-0.3085168937598311,0.001970303808319868,-0.06706740757985408,False,0.04373281078301166,0.9888563226550507,0.010538401437429457,False,False
GNA13,-0.3083290966498824,0.001725587336196075,-0.07027475563411745,False,0.1577507239462177,0.8727895720132619,0.041429811764074564,False,False
KLHL11,-0.3082623843190754,0.00019049808054561617,-0.06723102958746541,False,-0.3170086693694928,0.8307347795292304,-0.06775546198578386,True,False
RNASEH2C,-0.3082157148299485,0.000970624231338447,-0.06732041280328804,False,-0.18919140535610782,0.6111445843897615,-0.04083503468996774,True,False
IRF2,-0.30765120202532464,0.00041584330546412616,-0.06427085336740745,True,-0.7175200104025817,0.037859175655585796,-0.14077783660666743,True,True
ATG101,0.30733326272622474,0.0017527099769179737,0.07207502158926715,False,0.13930682354805057,0.9394891248969472,0.035736407003592596,True,False
CD101,-0.3073007577017194,0.0006535707727558251,-0.06925295530270059,False,0.22760117032699767,0.9777766803142663,0.0645115752258727,False,False
PIGO,0.30710111427139086,0.0012217069991912563,0.06968542135091038,False,0.23121572050745587,0.759098848292241,0.05388401792060371,True,False
ATF1,-0.30648843100188244,0.00041868939903119435,-0.06844525929681211,False,0.4059123974423341,0.7527313490263093,0.10611774771095916,False,False
WDR76,-0.30637275775142236,0.0009932996667659066,-0.06857430142954613,False,-0.17993471767830913,0.921405383565927,-0.041005065244292815,True,False
LARS2,-0.3063464181119774,0.002320471568316393,-0.06722928853050902,False,-0.3200965201939562,0.48848406092327257,-0.0726789175197311,True,False
PPP6C,-0.3062926721161437,7.597186072107968e-05,-0.07014373148023356,False,-0.26152434549614934,0.48121012712191596,-0.05842007468921473,True,False
ABHD2,0.30602174533573756,0.000545945393169322,0.06867957705058192,False,0.04603862170026589,0.9983010589614777,0.01221050755119446,True,False
IGF2BP1,-0.30599092916503834,0.0003195818012298951,-0.06968411061945723,False,-0.6508369231682762,0.24904796590209277,-0.12908934504025904,True,False
MAD1L1,-0.3057779301848082,0.001656147727126028,-0.06960173696302263,False,-0.5781342335513877,0.18103068186073673,-0.10926713562383927,True,False
NCSTN,0.30575986897669305,0.00025378143613184046,0.06452315594046176,False,-0.5035027850283397,0.4136662072995196,-0.12054909791845425,False,False
MED13L,-0.30571438713930943,0.0002508980265447108,-0.07161533879177373,False,-0.5181251303874198,0.07060591435070031,-0.12437107003482062,True,False
KLF10,0.3057127115455593,0.0018816089372198188,0.07072552717766811,False,-0.07622290439042256,0.975425277308174,-0.016201919794525566,False,False
ZNF24,-0.3056465480164491,0.0011579044805090741,-0.06840453851266481,False,-0.09535023037387856,0.9953357988817808,-0.022165858350693846,True,False
WHAMM,-0.30552704959414934,0.0007166236330038724,-0.06528567955906261,False,0.20944022529739556,0.564079698426595,0.05522545428787229,False,False
CDC25B,0.30534663795875017,0.0003366174172963389,0.06738867506826374,False,0.16275205916321853,0.6677227267324075,0.03954913239967617,True,False
FRS3,-0.3053435474130419,0.00222734165795049,-0.06422447849756363,False,-0.6019357329841891,0.5546225290020158,-0.1334795552068737,True,False
MCEE,-0.30526679538693535,0.00016760692683997502,-0.065593883576053,False,0.31070904032152363,0.759098848292241,0.08308078749907377,False,False
H2BC8,-0.3052298541037261,0.00032498037851177346,-0.06597577080686268,False,-0.20357484493895067,0.9174432836754786,-0.04431359438811988,True,False
PGAP6,0.3050065981030109,0.0016369603606190659,0.06974878126826844,False,0.15146021508908653,0.865571216556823,0.029978866298892015,True,False
FUT2,-0.3048786648062918,0.0003366174172963389,-0.06556799429630011,False,0.22549793627419276,0.6939301721462829,0.0529950945831148,False,False
SSH1,0.30465125456155445,0.00017421600814781634,0.06854960038597468,False,-0.2971703712568564,0.7509341830566726,-0.06216856242838631,False,False
IHO1,-0.30462708119733817,0.00035470510332872635,-0.06656400719413735,False,0.06009716637972444,0.883983395686815,0.013915480064968122,False,False
UBL4B,-0.30411662672422823,0.001742359980739389,-0.06680473980173218,False,0.08222934714158067,0.9593530954649296,0.02327826898560925,False,False
KLF6,0.30407939841505877,0.0008709442881948955,0.06829850927855574,True,-0.21352702671665033,0.8502449063680703,-0.05336454631827792,False,False
GNPNAT1,0.3037625313113615,0.00371604528429442,0.07216206071879316,False,-0.20406728531103907,0.6678011585965532,-0.04699562635281396,False,False
DPY19L4,0.3037373604809574,0.00019140810384457154,0.06697021178481766,False,0.24604794581715064,0.8896689231716721,0.06771992185027997,True,False
SCRT1,-0.3035279639862124,0.0011763589351592582,-0.06969756689655515,False,-0.39770348944234646,0.5010978434151991,-0.10204109432050856,True,False
LUC7L2,-0.3033306842535351,0.0003037129324166031,-0.06594722538409226,False,0.6617691629968305,0.0353937413404922,0.1475829955457275,False,True
STRN3,0.3029742409848488,0.006102911376990516,0.06880820089731543,False,0.1922462679573538,0.969061878441121,0.048528007868247514,True,False
TTLL11,-0.30283866915246294,0.0007843771606357229,-0.06559447619071967,False,-0.2418774176006232,0.6599385675794425,-0.05782912727037637,True,False
KEAP1,-0.3023293349347942,0.001594908172931367,-0.06812173720089643,False,-0.195806882152832,0.5010978434151991,-0.044162450351115545,True,False
INTS13,-0.30145123240538124,0.0005388931113235524,-0.06667894335346958,False,0.0195902981173086,0.9554263042945813,0.004017226678596941,False,False
COQ2,0.3008891325173857,0.00032437099116646784,0.06718874347799986,False,-0.029704747271303695,0.9816303540031847,-0.006349076444127633,False,False
TRAF6,-0.3007250527228139,0.001911217928167376,-0.06711265050815474,False,0.419836664474106,0.38273657889996654,0.0841773628233673,False,False
CAPN9,-0.30066090677677365,0.00020448266843108077,-0.07016889682005534,False,-0.06559849262267732,0.9758126232443743,-0.01300303118402013,True,False
TP53BP1,0.30031993597846846,0.0002611242165849812,0.06727563909032064,False,-0.6957465711347749,0.05946141128018321,-0.14981707732101146,False,False
HIPK1,-0.30024225603528837,0.0006299736618111572,-0.06663765127303023,False,0.19026541882654083,0.7337534597077195,0.04496839628042437,False,False
GALP,-0.30022397706043874,0.001783230954921773,-0.06661146472402635,False,0.09224500021705336,0.863753858472295,0.019528807000226855,False,False
TYRO3,0.3002068135495661,0.00013548301781698263,0.06906131751189726,False,-0.47486381002345973,0.32133600964059994,-0.11401150686720563,False,False
RANBP3,-0.29989022661326575,0.0012844233333264862,-0.0653524067522886,False,0.2886543872154219,0.5856078416906805,0.058238551601941246,False,False
MATK,-0.29985812327060196,0.0012167095384402215,-0.0695143406819243,False,-0.16323552981551662,0.776966242668541,-0.038353459479854024,True,False
FDXR,-0.29962087378464014,0.002834808643955126,-0.06750230971517723,False,-0.15668208596877825,0.8671290025705851,-0.029642711163191393,True,False
NUDT17,-0.29950239533874223,0.0011266712942323426,-0.06594583156259315,False,0.2661474710623484,0.6248458604114573,0.05709442597198855,False,False
OR51I2,-0.29946674424041536,0.0007928680002749051,-0.06769911962350772,False,0.37298675353348165,0.40899467784326,0.09677837325318261,False,False
SHC3,0.29934512082148607,0.0009233224430607914,0.06466063162597813,False,-0.03416453811385139,0.9963969569588366,-0.006470775676548968,False,False
E2F3,-0.29923332183938756,0.0080530162866769,-0.06650441964128984,False,0.09860663722541121,0.7582967290797934,0.024889647122090963,False,False
NFYA,-0.29918943373440615,0.0010089156508914165,-0.06756925672560854,False,0.5840221114160242,0.16240666733739226,0.12861764930668507,False,False
RDH10,0.29885010244418025,0.0011313250673533456,0.06519534465441801,False,0.0907160393160678,0.8727895720132619,0.019398201025551565,True,False
FBXO42,-0.29882470680594986,0.0010150266896969166,-0.06367698594489557,False,0.22633584082959735,0.32702761091873694,0.048398919420863606,False,False
HARS2,0.29876055525368134,0.0012434088386057314,0.06683042263166161,False,-0.28858442539476065,0.6563616120472948,-0.06271703374378035,False,False
LEO1,-0.2986326273838554,0.0005901846441598906,-0.06711036515093483,False,-0.5389721115754315,0.11869195282854049,-0.12032447402753554,True,False
DAP,0.298473645450507,0.0005425200932007251,0.06643450628342329,False,-0.018963591331836307,0.9798482524004077,-0.0036922848990892376,False,False
OR4B1,-0.2984030100927949,0.0006752819444750826,-0.06629912932717197,False,0.41731343701063095,0.5755303001483956,0.09433766534289312,False,False
CACNG2,-0.29833312788295113,0.001689004178651117,-0.0654364571357009,False,-0.17286353728363937,0.947198654821163,-0.04094693968837859,True,False
GPR137C,0.29830762562745705,0.0011459777410667462,0.06730726159631928,False,-0.11665783962825814,0.759098848292241,-0.02950636429012299,False,False
COCH,-0.2978547459591711,0.0018526480434492888,-0.0659858557967059,False,0.5189765114345294,0.1174922262437333,0.10314115790561562,False,False
RAB3GAP2,-0.29774144778528333,0.001276176120438353,-0.06695817829153672,False,0.5491574341990072,0.2667396924340406,0.13982730013136457,False,False
IRF2BP2,-0.2970657849175002,0.000748569623777948,-0.06796417864845594,False,-0.37806441657689505,0.08928663747550304,-0.08749832201475805,True,False
GIGYF1,-0.29703371230000963,0.0006002790791592446,-0.06517389090489001,False,0.08662134975514973,0.9664047613901128,0.02101597319226567,False,False
CHTF18,-0.2969154605542473,0.00017494468793971681,-0.06598220446115022,False,0.02296242513085077,0.8671290025705851,0.005756819775283084,False,False
SLC29A2,-0.29679424078769684,0.00032301573427686653,-0.06808160432271926,False,0.12621794150959045,0.9576393696194336,0.039823539340416936,False,False
HSF2,-0.29678412464648307,0.0006970108312102855,-0.06469266961307252,False,-0.05481960640783335,0.9554263042945813,-0.009670231837284327,True,False
SLC16A3,0.2967565107626184,0.001164552222699032,0.062474504864715286,False,0.46997848772431855,0.4055595878974,0.11581517640721373,True,False
LIG4,-0.2966706376462137,0.005243827873804027,-0.06621301338473717,False,-0.30411481502071425,0.774386785492935,-0.06233858762604072,True,False
EEFSEC,-0.2965334324240811,0.0002732149967866732,-0.06919505961634442,False,0.24252647649347073,0.8484657113806351,0.04955135039933101,False,False
HAUS2,-0.29628544094435044,0.002543376695580083,-0.06659745325745625,False,0.34489044047919,0.5134610452142052,0.07270518603518106,False,False
COX19,-0.29626792321245826,0.0010478493712609519,-0.06363004994060084,False,0.19985251141855143,0.759098848292241,0.04203737446763256,False,False
PRAC1,-0.2960227383562165,0.00926940985767706,-0.06491127066128133,False,-0.1509663745946013,0.8696264215881803,-0.030868806904613244,True,False
MKI67,-0.295802394426,0.0018777671170436393,-0.066727023240432,False,-0.386892700287317,0.5203352387532016,-0.0841102355834824,True,False
RIF1,-0.2951375350371409,0.0030176320217530092,-0.06567532494277195,False,0.30400887196099596,0.6634933090425653,0.07110143209984976,False,False
MLX,-0.2950659537414957,0.0018741595315045613,-0.06663894329631592,False,-0.15286990843211712,0.7352175947377493,-0.03440317775232149,True,False
HRAS,0.2949742162841859,0.0003165938242780128,0.06594630741943597,False,0.4190529324316321,0.467017104050386,0.09606565666932987,True,False
SCARF1,-0.2947312998220234,0.001974319438979471,-0.06582493099435904,False,-0.2416991384169653,0.8951748636193857,-0.05065305814770138,True,False
TRIM33,-0.29467478093614563,0.0012434088386057314,-0.06617197694876786,False,-0.7264927161925555,0.08729202773175167,-0.18703782549958348,True,False
FPGS,-0.29464545062076447,0.001508623580139834,-0.06495140227415241,False,0.5278596666799551,0.5004214407282584,0.1000368877990292,False,False
RAD9B,-0.2945745336316827,0.00048430729537173587,-0.06648257277466119,False,-0.5131743328821691,0.5488634097049258,-0.10339889279292347,True,False
WDR62,-0.2942041746068521,0.0011813528104440009,-0.06340110266539334,False,0.3353550489971514,0.6097934306531239,0.07820882558798914,False,False
SPACA7,-0.29411987267594175,0.0003223168621845162,-0.06835149343250002,False,-0.1749080655268458,0.7582967290797934,-0.046159370945745515,True,False
ANKRD52,0.2940701671340043,0.002783499285340818,0.06359669252302869,False,-0.13946502765638036,0.9585209435924174,-0.030756152458154773,False,False
KIF22,-0.2939843978981352,0.00046052445719846845,-0.0633413529157334,False,0.12476416214447784,0.8045115417889411,0.029546610295937192,False,False
SAMD4B,0.29398377678926413,0.0012389560868830021,0.06227097513517066,False,0.22313270085105533,0.582652615699483,0.05264750668801721,True,False
DEPDC1,0.2937007812411538,0.000615890739134454,0.0638584174078165,False,0.34003457205868315,0.467017104050386,0.07435429746778865,True,False
TIMM8A,-0.29356938070526817,0.0002823582414978149,-0.06948657438311567,False,0.2529191931501523,0.6116848261127036,0.05348798205175953,False,False
PRPF39,-0.29341047940077475,0.000545945393169322,-0.06471046315723061,False,0.14548588454589972,0.8671290025705851,0.028794924982269876,False,False
ACOT12,-0.2931442110696469,0.00039393372739283055,-0.06588305136249328,False,0.19641295854323337,0.7366115279528247,0.04409886630318205,False,False
CELSR2,0.2929804292803397,0.0027883646968638724,0.06422267074463406,False,0.13352265605935354,0.9124684712683028,0.03065695736946772,True,False
VPS8,0.29286413362889063,0.0009492922104349474,0.06413928260416313,False,-0.4575581561721604,0.1229110109198617,-0.10357550711221286,False,False
LPGAT1,0.2924767288142847,0.00026234891047712276,0.06481660251210286,False,0.0709791410234991,0.865571216556823,0.015468194154962589,True,False
ELOVL1,0.29229269691904636,0.0011221785647340104,0.06559916761797613,False,-0.27212868264967177,0.6240416325282755,-0.057188727156547436,False,False
H4C5,-0.2919344144912189,0.0072275201333981106,-0.062384033260509675,False,-0.11573080513951003,0.9562976199836081,-0.02349326604992541,True,False
MAP3K7,-0.29188334156567264,0.0027314528036066757,-0.06448712455881367,False,0.386576381627395,0.20672465869212917,0.08076387078331404,False,False
CEP126,0.29168341657649394,0.0011387021575903977,0.06578284709394833,False,0.2419375256635217,0.7908658063456112,0.05100202304150603,True,False
CEP85,-0.2915871734864287,0.0021511793465919184,-0.06442870312175053,False,0.2772402935721868,0.8001010353707174,0.06469226854686827,False,False
IPO5,-0.2915209731579704,0.004094092790549131,-0.06273760299686781,False,0.10635296749254408,0.921405383565927,0.021467195979446352,False,False
ARHGEF5,0.29127668179280664,0.0011763589351592582,0.06346685714416278,False,0.11535429641869002,0.8847428439185684,0.028294737926993108,True,False
RCOR1,-0.29117411787401964,0.0004307506998478738,-0.06251121959869543,False,-0.361658536987635,0.42626037612380935,-0.08225792986200009,True,False
DDX31,-0.291137608968401,0.0014873673190085891,-0.06255854467559718,False,-0.020418154779469077,0.9676419134069796,-0.0061351512320193535,True,False
TPTE2,-0.2909801959668527,0.004574176281651869,-0.06171304584152182,False,0.28374647647197515,0.7337250540230916,0.06806944564450745,False,False
FANCA,-0.29084078072432884,0.0003506534685003707,-0.06521990725026061,False,-0.16371685416685428,0.7995643747968709,-0.042631162988065796,True,False
C3orf38,-0.290594681644182,0.0002036066617714288,-0.06401789061040564,False,0.3139339190654673,0.6282126221226856,0.06891274931129221,False,False
DERL2,0.2902581280659652,0.0010996822288608934,0.06428328807586148,False,0.09825067574141853,0.6735074119659249,0.02138893849236201,True,False
TTYH2,-0.29015894592101044,0.006174126548317578,-0.06215761219260241,False,-0.09558261121683416,0.9172239570252186,-0.022575475445351323,True,False
BORCS8,-0.289873489626402,0.0035164800056784956,-0.06616409710686,False,-0.2667164160655169,0.6095118628998313,-0.05868791027849074,True,False
ATG9A,0.28944091363123914,0.0008933770844561265,0.06577147016086471,False,0.14973086088438517,0.6657897264705382,0.03360051820070353,True,False
ATG2A,-0.2891892734419608,0.0005678561017694335,-0.06241541203946621,False,0.2059720760118002,0.8756019746613767,0.04379001237585456,False,False
TEDC2,-0.2890171731895387,0.0012146031396485426,-0.0633138825631514,False,-0.15908761914360786,0.6939301721462829,-0.03714255234505526,True,False
CERCAM,0.28883325775395347,0.0008248117693675354,0.062063395952352884,False,0.08297008543314945,0.9254481931907774,0.01856651599798642,True,False
OGFR,-0.2884286322682828,0.0028930208297284887,-0.06266770709838809,False,-0.07286618911780089,0.9348963840891794,-0.018177198723980048,True,False
TMIGD1,-0.2883462090481733,0.0007181976515912691,-0.06611670565767458,False,-0.036396708807856726,0.9669116531501015,-0.00838836412728483,True,False
CTAGE1,-0.288137063733439,0.001658957616130574,-0.06364193165002519,False,-0.37266558742416417,0.7337534597077195,-0.07884281372226631,True,False
C2orf68,-0.2879882760531766,0.00011369091412754828,-0.06282907588755382,False,-0.09613479262019112,1.0,-0.020077607328931713,True,False
CEP295,-0.28788806728192723,0.006174126548317578,-0.06316632477168138,False,0.0432264090890094,0.8834888168642285,0.011716714585436883,False,False
NDUFS8,0.2877811272422644,0.005234031362008503,0.06423598597986402,False,0.5683300966051972,0.5170637337873516,0.11910592728675162,True,False
TRAF3,-0.2877197000237941,0.002086608577436575,-0.06412651340789566,False,0.14989928014120446,0.8847078980111023,0.04102081956499415,False,False
EIF1AY,-0.2874411359126152,0.012053776722680489,-0.06389625776960361,False,0.06804957345436827,0.9885188970966955,0.016879651657475847,False,False
IDI1,-0.28731736966959115,0.00022865092375486253,-0.06487289343245628,False,-0.2214621510718462,0.8847428439185684,-0.0468980031315418,True,False
VPS37C,0.28722253057701563,0.0011129585159007191,0.0647626248221762,False,0.12825937551558803,0.7743064166613366,0.03195547372637808,True,False
FGFR1,0.2872122129233835,0.0003854228435853242,0.06322073311506138,False,0.3707619819533839,0.08575780271739222,0.0839076695953258,True,False
MRPL39,-0.28688487426129483,0.00044983835095608086,-0.06196298381528642,False,0.042987930646036836,0.9725018933141591,0.00887030977913117,False,False
IPMK,-0.2867545883910653,0.0004241383097177159,-0.06309262372764035,False,-0.28614499663972626,0.6639000036141762,-0.0683599474646952,True,False
ARID4B,-0.286476154038326,0.0007288205681921011,-0.06292689358635695,False,0.15575980776520593,0.6287697410930039,0.03564648427148054,False,False
PEX11B,-0.28646433319577513,0.00029323472524918126,-0.06467059942650355,False,-0.22489469484732064,0.9491591074745542,-0.04746429590079693,True,False
KDM4A,-0.2864636493386392,0.000982447327646415,-0.06369004377497411,False,-0.49357494854784284,0.5774985369136711,-0.09429927796395532,True,False
SLC35A1,-0.2862895839827209,0.0005156409805975471,-0.06752726222816818,False,-0.4256924854991178,0.3094552702297508,-0.0976361292318817,True,False
ZNF33B,-0.28627352177860005,0.000734551457464633,-0.06503579473028065,False,0.6859793032766085,0.2368959873229372,0.16374464746393702,False,False
MRPL23,-0.2860380914744734,0.0017927123303587908,-0.06622003172927915,False,-0.08426530219634341,0.8013886807253155,-0.019093090989382056,True,False
PPCDC,-0.28598944730798664,0.0002882932902891332,-0.06498601646495317,False,-0.327496314955596,0.23820519536775486,-0.07898168468979971,True,False
MTRFR,-0.2858984730031412,0.0013506220837440008,-0.06318181043086124,False,-0.05355570885778657,0.9857864159030423,-0.012156630957949055,True,False
MAPK1IP1L,-0.2856515990744028,0.0010590979731867252,-0.0636096847260017,False,0.08632001024124993,0.9348963840891794,0.016534106500061263,False,False
PA2G4,-0.2855031634165667,0.002500453091193261,-0.06176772869392355,False,-0.9137307570846425,0.07528199353026055,-0.20298824806851634,True,False
DUSP8,0.28546431103909203,0.00235637621809199,0.06481792967621303,False,0.19589473104801727,0.8404158788824715,0.04682253073401821,True,False
UBE2Q1,-0.28546057574785666,0.0037034022210538217,-0.06548833143542243,False,-0.012319824479400577,0.9548094454962953,-0.0025451141224133167,True,False
ANKRD65,-0.28533537762967653,0.0007393933063694621,-0.06193518131430853,False,-0.20940055655494566,0.7886268419695315,-0.04766846890297316,True,False
ADAM11,-0.2853322103350698,0.0020221260609744355,-0.06332505095610852,False,0.3571963824689916,0.6116848261127036,0.07004901672228492,False,False
SYCP1,-0.28522069974571124,0.0011531494324958944,-0.06370217117248878,False,-0.09589479229306191,0.7709923920611815,-0.021147188621736923,True,False
PKMYT1,-0.2850334832606105,0.0008582889244903076,-0.06210271658451827,False,-0.2334882096391971,0.7743064166613366,-0.0671452196731499,True,False
TPH2,-0.2848258188353211,0.0002737728635084689,-0.06420426303630578,False,0.43330420173074485,0.44205474809772205,0.08322304422395632,False,False
SMTN,0.28472949482918114,0.0034980615418841953,0.06069278822201429,False,-0.36260429790720666,0.5010978434151991,-0.0983611425161568,False,False
SLC25A1,0.2844302756075766,0.0041404104170454864,0.06409124094281626,False,-0.3627703551246957,0.22133231488862493,-0.08593801968397319,False,False
MPRIP,0.284343665139537,0.002324587907072788,0.06563270718822167,False,-0.4043359698130041,0.4563004333252484,-0.0953562053999173,False,False
SUOX,0.28392688022228857,0.0038865925698087665,0.06268657891868745,False,-0.6182703949532805,0.30109678562243547,-0.12592432283500266,False,False
MICOS13,0.28379560257937864,0.00284041509516196,0.06041335486253008,False,0.0762288916488288,0.9982630545628322,0.017889241190758298,True,False
VCL,0.283720323709751,0.0015442124622353853,0.062207161928776955,False,0.39612470639764175,0.19598454094187656,0.08448788862783818,True,False
DDI2,-0.2837010642767604,0.00035633802069031897,-0.06362330907344482,False,0.03969988848659969,0.9982630545628322,0.008641464710194668,False,False
EIF3K,-0.28351551675737857,0.0005829962320939946,-0.0639160801921026,False,-0.05991849745527526,0.9554263042945813,-0.014634978146609967,True,False
KMT2A,-0.28347100416977156,0.0011718316124439158,-0.06502450558028361,False,-0.16090953585087375,0.5782699570152663,-0.035771564356425145,True,False
CHTOP,-0.28325728693757046,0.00040176120622134446,-0.062000592288805834,False,0.2774477764484845,0.6637174866175193,0.06265183518093842,False,False
PTPRU,0.2832523688234846,0.0027519071699326726,0.06111710331625364,False,-0.3648140054860817,0.7478541025578261,-0.08524369572682478,False,False
LSM14A,-0.2831869922946473,0.00044502451129631873,-0.06633098323947362,False,0.06384895268526143,0.8665044735546358,0.014906221556800325,False,False
KRT33A,-0.2829317301065936,0.0029656843546936673,-0.06106341460661824,False,0.0991335812768871,0.8696264215881803,0.024703567008568683,False,False
CKAP2,-0.28268186632050757,0.004020500431449736,-0.062145468690235184,False,0.050014773287175296,0.8708497726666132,0.01126874916027365,False,False
TRIP13,0.2822454481542891,0.0018453043886845217,0.06479087614873258,False,0.19124971033657084,0.6817465648609106,0.0456330279865913,True,False
TBX2,0.28217059886685875,0.002772501948927276,0.0626634811448481,False,0.42033878383285334,0.5715869314697408,0.11288110120496242,True,False
OR2M7,-0.28207281765130665,0.003674487687500624,-0.06338713631084936,False,-0.5217036248770053,0.5037423541462556,-0.12020375733007072,True,False
NIPBL,-0.28155324676656507,0.0021473466703288125,-0.06251956183714125,False,-0.09921581579599156,0.6480324515861833,-0.022812331723516266,True,False
NAMPT,0.28107753811618935,0.00497237486815178,0.06029200667555923,False,-0.03187096181843199,0.9193399787712566,-0.007407336145938359,False,False
SPMIP6,-0.2809179859573088,0.001356296979863762,-0.06409178886592937,False,0.576135130948951,0.12878312239378154,0.12311716297791175,False,False
C8orf76,-0.28081129010376027,0.0012632834046128695,-0.06410123770970788,False,1.1400773936248296,0.020491948442925813,0.26886677544165316,False,True
ANKRD17,-0.2807877191523443,0.001017071350938224,-0.06359353895334685,False,0.09620396907749351,0.9981408208678295,0.0232644825287025,False,False
STAT5A,-0.28072898937836555,0.001658957616130574,-0.06616744105542693,False,0.5775361847924622,0.52002077054247,0.14798813029418412,False,False
PKN2,0.2807281552266755,0.004660007499126232,0.06330869510860282,False,0.5182102324018931,0.005409891374612561,0.1112398760285922,True,True
SERHL2,-0.2806611854721236,0.0006209543463912481,-0.06306502375109702,False,0.3055098442783812,0.6026268297538672,0.07239123507882272,False,False
MRPL46,-0.2806308152904073,0.0008026615326465176,-0.06160255981985685,False,0.1442207508747186,0.8467102787192275,0.029482139533007157,False,False
H3C8,-0.2802459481482903,0.001742359980739389,-0.05980126223019244,False,-0.3018295678442447,0.5835069421158218,-0.08006658101312514,True,False
MTIF2,-0.2802441043474666,0.001088312941857717,-0.06370040714457126,False,-0.2168337306873912,0.8677729286610325,-0.04963825412083889,True,False
PNKP,0.2799953315843317,0.0030078676457727495,0.06328081250293494,False,-0.0271727118029252,0.9162500381206772,-0.005734628201646608,False,False
ANP32E,-0.27960465549985725,0.002996407666820373,-0.06033487398066306,False,0.2925944064317882,0.7423069571796356,0.06531684425557582,False,False
MSH2,-0.27933709164275067,0.0017763581845546255,-0.061576556784479486,False,0.4577239894285131,0.44205474809772205,0.1051240085338403,False,False
FANCG,-0.27923994011723424,0.001356296979863762,-0.06202133072636418,False,-0.32529938205770537,0.556633235001716,-0.08734780396158826,True,False
LPAR1,0.279161082457606,0.0004054967122326706,0.06175432772696254,False,0.5295498519654785,0.467017104050386,0.12553060543618244,True,False
NSUN5,-0.27855972734587103,0.0015565040720296414,-0.06414419679405015,False,0.31764903270316613,0.7190536338039051,0.0700516248971148,False,False
LCN8,-0.27844373207698886,0.0006041264515403977,-0.06073434676379463,False,-0.35607742970999084,0.6467024906374509,-0.08253610943991063,True,False
RARS2,0.2782759775853825,0.002324587907072788,0.06171412374369378,False,-0.6359735108566712,0.19054938315335035,-0.17410989812304845,False,False
TIGD3,-0.2781629808162498,0.0023333931423537347,-0.06121219364866182,False,-0.1742022163192782,0.9162500381206772,-0.040315023677325534,True,False
NT5C3A,-0.2778430266874731,0.004607927072198307,-0.06324254583204958,False,0.14066421057853534,0.9647426162448133,0.03196422572020552,False,False
MIOS,-0.27770762216850464,0.0012412590837370026,-0.06174931746926582,False,-0.2658657637239377,0.6366952747965128,-0.061007381035694586,True,False
OLA1,-0.2775237404612423,0.019634001721147674,-0.0606403128799915,False,-0.3851882761099607,0.5395619022701933,-0.08434195857385163,True,False
KRTAP10-9,-0.27713764716525324,0.010160469806683404,-0.061325115155916876,False,-0.3051156891085896,0.6116848261127036,-0.06385748962724502,True,False
RPRD1A,-0.2770692731346694,0.002245370399244898,-0.05807161576692721,False,-0.33339189529748775,0.7366115279528247,-0.07456129205749473,True,False
CTNNBIP1,0.2769786922739103,0.0034147219402647627,0.06130857088949604,False,-0.3675132156139409,0.5715869314697408,-0.07844426283519468,False,False
PRMT7,-0.27667006331206695,0.00422546331100183,-0.06257526174915284,False,0.0371653444385024,0.9548094454962953,0.008216371534566669,False,False
C10orf95,-0.2765704518916608,0.002509868275280925,-0.062278834424969176,False,-0.48788141967361054,0.5938675329421719,-0.12308717968219263,True,False
MYSM1,-0.2764209813405034,0.002298082795865851,-0.059264821973177284,False,-0.09343570225167988,0.9037101140419926,-0.02059107941092808,True,False
TGFBR1,0.2761465757643368,0.0009155113785388216,0.061128997414520825,False,-0.0305788836126119,0.9849011196926082,-0.006438214279558707,False,False
HTRA2,-0.27527559266567075,0.0016990612708564809,-0.06234402238116932,False,-0.6684820611452975,0.005291057862978168,-0.15255160906785648,True,True
FOLH1,-0.27507909516471474,0.007264597784446988,-0.06218440916420409,False,0.026230664232696065,0.9986022689562927,0.005419038679764121,False,False
PCYT1A,0.2746172891528474,0.0028298686076155097,0.06186170030183824,False,-0.16047855815484371,0.5968608591818402,-0.0331957789442221,False,False
RAB5IF,0.27449197846241147,0.0015413923598338944,0.05924584950484757,False,0.1797035592912268,0.9986022689562927,0.051139666589740784,True,False
RAB7A,0.2742631249412443,0.0018852297348645082,0.059681919064954236,False,0.209683685119796,0.7509341830566726,0.04099802075904169,True,False
CSNK2A1,-0.27423501315163856,0.0012241352662197423,-0.061825729163103915,False,0.483972618101008,0.28372182373809984,0.09881728646584786,False,False
TMEM167A,0.274116117550872,0.003967785376644265,0.06173380574398912,False,0.24731286908484693,0.6095118628998313,0.061202299087118384,True,False
BAK1,-0.27396313751295687,0.001276176120438353,-0.058711880414278106,False,-0.2826556060802346,0.5203352387532016,-0.06579760492535058,True,False
OSBP,-0.2739043273044084,0.0005552549104088378,-0.061443918598603986,False,-0.01831924388912156,0.9339132333174999,-0.0040922220504038265,True,False
VEZF1,0.2738185132080843,0.0022160160140287516,0.060922120259294665,False,-0.053513793960017875,0.9997031687217337,-0.012175779010884291,False,False
CCIN,-0.2737659457347473,0.0037223817324398304,-0.05903404221193931,False,-0.3990130072763237,0.6116848261127036,-0.07175645266262087,True,False
PNPLA8,0.27358214331884856,0.010688719515403927,0.06282631054055976,False,0.10766646625244435,0.8696264215881803,0.02150786192016163,True,False
LCE3C,-0.27353902799158114,0.0026947352152340235,-0.06119322030508112,False,-0.09366634518722722,0.989555959783218,-0.019752040828638684,True,False
ZNHIT1,0.273416350257392,0.001433844951495203,0.06010509015762899,False,-0.15069602293505005,0.6639000036141762,-0.031035232659762713,False,False
FGFBP3,-0.2733338015050861,0.00171601611059422,-0.059167585454187765,False,-0.16177227775209826,0.7567383154872853,-0.04330938925239192,True,False
DDX43,-0.2732847290572747,0.001841754405702316,-0.05918475278409385,False,0.16609384150038115,0.7812176289815335,0.033079124041871744,False,False
CARNS1,-0.2732603187096911,0.0013266881090517857,-0.0631755074447371,False,-0.30645148275554607,0.7744190577740467,-0.05736326246856205,True,False
DHODH,-0.2728864125010457,0.00422546331100183,-0.06124953777771047,False,-0.2510137620894301,0.5715869314697408,-0.052886393758956984,True,False
COX4I1,-0.272798898724174,0.0017054480552233973,-0.0632258263553398,False,-0.14391491683893565,0.8299519086898128,-0.03252131445602835,True,False
INPP4A,-0.2725546908617105,0.002981524614353467,-0.05901826678517352,False,0.9799595630990153,0.05331100652763871,0.2353834030532056,False,False
MED25,-0.2725322536513356,0.0010072757254239071,-0.06088398008315643,False,-0.09644151315288697,0.8896689231716721,-0.025797010379442042,True,False
LAMTOR1,0.2723336694633398,0.0006812572561785527,0.06248169980748575,False,-0.0932997977305956,0.5622628846401616,-0.02140728163184491,False,False
MYO18A,-0.2723195385871905,0.0004508573077086721,-0.060805571891321186,False,-0.09118386703995347,0.8696264215881803,-0.01863942954628417,True,False
CHP1,0.27227800718189465,0.005914981544541247,0.06111496635347713,False,0.15021875788954656,0.9393319186683701,0.04007251900248576,True,False
AKT2,-0.2722487934143287,0.0008061635869741883,-0.06427193159053424,False,-0.10415660040865996,0.5908298738222258,-0.02991155526460343,True,False
UBE2R2,-0.27212761715544637,0.002772501948927276,-0.05744606588062329,False,0.4974075318452659,0.5334549738151432,0.13752566457436455,False,False
ENO1,0.27192428706155536,0.0011597718196716357,0.0619287895958589,False,0.046762137406323415,0.8765369090360261,0.010487807098591873,True,False
MIDEAS,-0.27152935292742264,0.0006106175972964019,-0.06026982991231389,False,0.275727059830419,0.7851433910732453,0.061853402401802704,False,False
EMSY,-0.2713032345956098,0.001656147727126028,-0.06205198511550236,False,0.1249706941795365,0.9816303540031847,0.03309745799166652,False,False
IRS1,0.2711897698343915,0.002253899419937065,0.06182818007251978,False,-0.23745423968940504,0.6480324515861833,-0.04814021422726977,False,False
GZMH,-0.27117495309179296,0.003729149563827082,-0.059579793217001686,False,0.5037109909458435,0.4677249623037476,0.10108216908211709,False,False
LMTK2,-0.27116547507194944,0.001425247942882053,-0.06117570048008769,False,-0.2973103794097229,0.6012773483382455,-0.06299319631265199,True,False
PDCD6,0.27115304447241234,0.00422546331100183,0.06115048965138303,False,-0.3290259678750003,0.7337250540230916,-0.0837107381393043,False,False
NUDCD3,0.27113800233461016,0.005119441888411651,0.05818640127022068,False,-0.2384725785604036,0.7043015981441557,-0.043311635473447296,False,False
LRCH3,-0.27088810956409803,0.010582052368312389,-0.061669451534093866,False,0.10535953017013411,0.7139037741755008,0.025786666968304672,False,False
VCF2,0.2707406858888203,0.004683400213317668,0.060986136574441296,False,-0.1406186520342527,0.8703088091034998,-0.032296105400527964,False,False
FBXO47,-0.2706909481803576,0.008689118542944943,-0.05958521473983236,False,0.058057813385987256,0.9524657579586072,0.015223756458200732,False,False
TNPO1,0.270676575250943,0.0008598128210581488,0.06172173492574906,False,-0.0687938052336483,0.9009814460241443,-0.014049627449114865,False,False
ATP5MJ,-0.2706663896682586,0.001736057802351011,-0.06268107534823475,False,-0.33389248721742393,0.6421265502766789,-0.06892603203635073,True,False
NFE2L3,0.2704888727643365,0.0014428498633036638,0.0581035307329234,False,-0.11117320339511791,0.9394891248969472,-0.02997265326897658,False,False
TM2D1,0.27035456840866245,0.0012146031396485426,0.0572703072600671,False,-0.16356985613799704,0.7337250540230916,-0.032883435203877376,False,False
CCDC106,-0.26989241561112287,0.002617441379513135,-0.06207759198894269,False,-0.09732736841215589,0.9998979417424136,-0.025394822351958446,True,False
NSFL1C,0.2695703089238414,0.0007273217704306406,0.05803182950706276,False,-0.49660871715135724,0.44581814578433504,-0.10359007868125403,False,False
AASDHPPT,-0.2695650595999929,0.016524605695666432,-0.059980244439540975,False,0.10946958111652362,0.9373541658980108,0.024803621217669658,False,False
DRG1,-0.26948138051312515,0.002647616980340603,-0.059155588597493924,False,0.47546449356931786,0.4098909705706184,0.10763133044329543,False,False
COQ6,0.26937892383627654,0.0043528513333864274,0.05968982609092155,False,-0.7875310231457553,0.10559210825158437,-0.16192760987669796,False,False
PEX13,0.269277427594049,0.011512550167800513,0.06147402293601267,False,-0.3682534861617839,0.4175316074274002,-0.08462345261973336,False,False
DNM2,-0.26909542263465236,0.0017584239566715088,-0.06055403355729361,False,-0.29493659491224095,0.7239660374820835,-0.06603263407743665,True,False
BCL2L12,-0.26892922524817203,0.0013454753647658094,-0.05786767954531502,False,0.10421733969191581,0.9162500381206772,0.020257871926761872,False,False
OR10A4,-0.26834418400970567,0.003914818943776494,-0.05878134692099746,False,0.02530674180972538,0.9183940882588234,0.006041588026058697,False,False
ALG6,-0.2678869316944147,0.00371604528429442,-0.05396854371780435,False,0.06954926728250753,0.9255607508398962,0.01577418216434534,False,False
FBXO7,-0.26777962100182057,0.012608473191516813,-0.06182744544581187,False,-0.5165444931043408,0.12878312239378154,-0.11673390710214182,True,False
FEM1A,-0.26777184238300056,0.004195206057409321,-0.06050984474409038,False,-0.5791445794827897,0.22158811752137378,-0.11719885414204168,True,False
PEX2,-0.26754163171041,0.00024041322219410852,-0.06261150388735803,False,-0.3406441923187747,0.6257326883519866,-0.08188927621868647,True,False
SLC25A41,-0.2672060643366468,0.0006593667883802895,-0.058474841452183846,False,-0.15310615181028173,0.8727895720132619,-0.03284709871622571,True,False
RNF8,-0.2669793536208018,0.03028441134844865,-0.05907787813648557,False,0.4756875384137069,0.511841262806177,0.08896731880003017,False,False
SLC35C1,0.2668898314366589,0.0008877190606850757,0.0601178594627374,False,-0.1916866156503076,0.9117632390724111,-0.039997422044745434,False,False
SCAP,-0.2668126316889693,0.005052682881675217,-0.06087696499609674,False,-0.2350099955814291,0.6257326883519866,-0.04950033219062888,True,False
REC8,-0.2668069012484417,0.003305421548964821,-0.05831126359024097,False,0.674282526933021,0.5010978434151991,0.16239304524489917,False,False
PRKAR1A,0.2662847912868427,0.002126244438308853,0.05958592699997656,False,0.06281890556663712,0.9229708837610647,0.014183758680358594,True,False
HSP90AA1,0.2662653586475828,0.01059833414419307,0.05799949447178676,True,-0.2200756975158299,0.8781630730435368,-0.04998270400605431,False,False
CCDC22,-0.2661515272741482,0.003632942365709607,-0.06081568961320105,False,-0.05815636589405017,0.9007732983354851,-0.011691191133007095,True,False
RTKN,0.2660467721536452,0.006164757320250231,0.06146676274580454,False,-0.2936752288136705,0.3921636153604718,-0.0810085677409127,False,False
H4C7,-0.2660207735344997,0.0026528836370417743,-0.06094066769052642,False,-0.3959653255664326,0.6041957538230205,-0.09804736048763374,True,False
ADH5,0.2659679258030338,0.0007166236330038724,0.057357928430720406,False,0.13433742581612443,0.8646375622123744,0.028830177304972615,True,False
BET1,0.2659026649436223,0.0014635177368616335,0.05934873852770206,False,-0.06640055876024811,0.8946325873986991,-0.01665370388463039,False,False
SLC44A2,0.26573173753391655,0.055035949040914925,0.05793196323295824,False,-0.09551468438501678,0.9351329819025848,-0.02483256787982313,False,False
POLG,-0.2654877312742422,0.0011153281698131332,-0.059544863145756466,False,0.006415685212390624,0.9844569206203894,0.0014172729203494328,False,False
DHX35,-0.26544692211197707,0.022022064475879326,-0.05849238057385708,False,-0.23942874308648693,0.5203352387532016,-0.055019444905254566,True,False
RBPJ,-0.2653999229114201,0.0020791624035584716,-0.05814000072348513,False,-0.2844066449126559,0.7219471229139238,-0.06029768179784156,True,False
LRRC45,-0.2653345287525513,0.0019289509742296447,-0.05924763969462177,False,0.1041891637196853,0.8010421126633535,0.025221122668219742,False,False
HSD17B4,0.26506048094305684,0.002976350271559896,0.061505025096187715,False,-0.0347083602922393,0.9183940882588234,-0.008407810206133348,False,False
NSRP1,-0.2649536510854966,0.006643523055276753,-0.058874173596087154,False,0.06950008793613716,0.9577669683397941,0.015044137334482066,False,False
NDE1,-0.2649241735995411,0.001566217975250178,-0.05974974035773695,False,-0.009889378050319147,0.9969683603442833,-0.0022766595149112945,True,False
ARMC10,0.26451466385587497,0.0030407407162461675,0.059203997036267886,False,0.13411593132366142,0.6678011585965532,0.031251435944700034,True,False
C2orf49,-0.26340573108707804,0.0014844589685905692,-0.060442006501467915,False,0.3979452243662837,0.6779742595551113,0.09002142461682272,False,False
TMX1,-0.26329033599669144,0.008345535390693633,-0.05900259697233867,False,-0.045577351519976314,0.9019192712910485,-0.010544732077368835,True,False
OR4D2,-0.2629594297778126,0.006146058644965472,-0.056956319674934974,False,-0.030348649327269925,1.0,-0.006071224712794532,True,False
SRC,0.2619757270009578,0.002514883349262413,0.057035115797021696,False,0.3824069225156719,0.48560063273514814,0.08100255248937138,True,False
PAX3,-0.26101838987623754,0.02212137461416584,-0.05705810397282729,True,-0.24329532999726494,0.8303994039816182,-0.049614003712160404,True,False
SAMM50,-0.26097088496078036,0.003975405070227566,-0.060117701148617364,False,-0.2544184824525025,0.6481744093516577,-0.05451217103177708,True,False
ELOA,0.26061544503925144,0.004683400213317668,0.05922274018431306,False,0.07076358493622519,0.9664047613901128,0.017793934684386947,True,False
EIF4H,0.2605614408429954,0.0075963558221944115,0.05910928492584766,False,-0.04109292260208153,0.9491591074745542,-0.010271590576063083,False,False
CSNK1A1,0.26051657998642525,0.007878924460297317,0.05667719387282322,False,0.17052608157441446,0.9015108566114233,0.03809159233310755,True,False
MRPL22,-0.26050361569976965,0.002014650018804719,-0.05956847383774466,False,-0.3469686857972731,0.509461133168613,-0.08600009054893576,True,False
USP46,0.2603831934608751,0.004558900247190298,0.0608670458441658,False,-0.3826336099465638,0.6116848261127036,-0.07075411906132167,False,False
CHMP1A,0.2602411952334281,0.005034858448272304,0.05802756170923917,False,0.060082428357266716,0.8984465152592593,0.013766614561457224,True,False
MIPEP,0.26017717503522936,0.0030463681451646718,0.05957298053734128,False,-0.10326834869355071,0.8312849975106856,-0.022837375122752412,False,False
KCND3,-0.26006746451178653,0.0033689155973137077,-0.06055855666350407,False,0.05240410227745346,0.9676419134069796,0.011203246626884322,False,False
BNIP3,-0.25954494352960733,0.011355889642239375,-0.06000189828650537,False,-0.28475825439326224,0.5203352387532016,-0.05803300092815977,True,False
BCL11B,-0.2595208070645001,0.0013904642118785177,-0.058462207932688415,False,-0.1628938067702358,0.8896689231716721,-0.032521562164279594,True,False
TBC1D20,0.25944814971048114,0.0029338971990300776,0.05908306675157693,False,0.11148290546391904,0.8671290025705851,0.026210956207761704,True,False
UBFD1,0.25941194588515204,0.0072871070241714506,0.056254581488548894,False,0.04070740606615728,0.9442127269005137,0.010016936293039791,True,False
BAG4,-0.2591274071690534,0.006716709472933562,-0.059584680322209316,False,-0.29199891348318757,0.7509341830566726,-0.05405734022654851,True,False
BOD1L1,-0.2590499565025722,0.009888922546223793,-0.059846659977368155,False,0.10674420069426502,0.927305738938106,0.024695992748855033,False,False
EXTL3,0.2587609338067589,0.0011409770653559247,0.059028895871110265,False,0.1320813226933146,0.6591011161425026,0.027984814019772486,True,False
NAPRT,-0.25871337149072304,0.01164521063385709,-0.05655968727077987,False,-0.23137711125536647,0.9267000676899857,-0.05913313260454345,True,False
AOC3,-0.2584393275676625,0.004345545580761081,-0.05814005433980096,False,0.37178743369406214,0.759098848292241,0.09508233587146986,False,False
SUPT20H,-0.258356025009183,0.013102899781104387,-0.05703117782058342,False,-0.4108910048470099,0.02415009876044543,-0.09180584692829363,True,True
FIRRM,-0.2580451800391882,0.011201129152171552,-0.05704560601040143,False,-0.6031668900205147,0.28372182373809984,-0.12419283295548578,True,False
ITPA,-0.25804447943554815,0.023671535822083402,-0.05894260802758122,False,-0.2463469936759417,0.7988252588626975,-0.04296619699051796,True,False
AGPAT1,0.25795108697863456,0.0009330824301067003,0.057500575462244186,False,-0.9828214405046737,0.016572846297333573,-0.1720532152151213,False,True
HNF1B,-0.25791314998550563,0.006610717334687258,-0.054739650093478254,False,-0.13624073078708945,0.865571216556823,-0.030792206665425148,True,False
CENPX,0.25780316664763464,0.004542663591347911,0.059664171666286236,False,0.1473829987726229,0.5751928549298045,0.042472659056261186,True,False
TRA2A,-0.2577946309102431,0.004954263194258298,-0.056128867789323245,False,0.06164286061038852,0.9117632390724111,0.014665848155465788,False,False
SFR1,-0.2573684870452441,0.00441661559003817,-0.057333966110917345,False,0.30223694060472056,0.4583488945729363,0.07426739258114701,False,False
MAF1,-0.2573357966467961,0.0022315710415310368,-0.05851765019202926,False,-0.19220648437893742,0.8847428439185684,-0.04630498747182976,True,False
RASL10A,-0.2572508142082677,0.0024023997657202758,-0.059090554658942196,False,-0.4859312191898075,0.4995837053734542,-0.0866740656603513,True,False
TUBA1A,0.2571384821828658,0.0024718202274604823,0.05780627470758226,False,-0.10597685450607051,0.9997031687217337,-0.02837577926756918,False,False
TYMS,-0.2570624946501216,0.007918987922596767,-0.06067960245537396,False,-0.10572477567487477,0.9548094454962953,-0.023391904362178195,True,False
DLST,-0.2565778847805363,0.0038524392445747216,-0.05477232825439593,False,-0.28245548196589204,0.44581814578433504,-0.06874502541075245,True,False
CYP3A43,-0.25621925363834397,0.007493825206036059,-0.05686406512654418,False,-0.4211555079376362,0.5203352387532016,-0.07849956460983876,True,False
MTMR4,-0.25616306873716366,0.002138933864229631,-0.05826137818950983,False,-0.1942366435778759,0.9752455256062986,-0.04769201987230254,True,False
ARPC2,-0.2556246067882001,0.00729800124393436,-0.058164073956190165,False,0.2600201128268884,0.6971356145021812,0.052833986996729365,False,False
EGLN1,0.2548801484278913,0.002705134489146689,0.057088394053660174,False,0.2320084594322429,0.3418908600861185,0.05333161585638457,True,False
SEC24A,0.25487238986278526,0.019210133439150446,0.05878216437261585,False,0.3452854003234444,0.786198245777268,0.08114317741419974,True,False
SLC12A7,0.25474714891639705,0.009333149804967683,0.055253817016535756,False,-0.3490972768561579,0.7337534597077195,-0.06369982285296771,False,False
GET3,0.254731558247718,0.0008011271441780831,0.05817309498942258,False,0.0338900862613904,0.9349713055976194,0.007658430008993022,True,False
TOR1AIP2,0.25445718411713064,0.0019398511285660055,0.05638858215479026,False,0.4370640996657482,0.5117222784766464,0.09768555119477274,True,False
SDHA,0.2542210119709329,0.028481209219689205,0.05746748449433259,False,-0.28919328936046385,0.173358133042253,-0.06486625995165518,False,False
TF,-0.2542117631894179,0.012115936077169853,-0.0548044972918289,False,-0.45012948524196644,0.6151185867125953,-0.10664641737119496,True,False
FAM220A,0.2540286017320037,0.007455697863919731,0.058250882921279334,False,-0.27549035980126024,0.8343996189745583,-0.049568330019581275,False,False
BARHL2,-0.2537915730695284,0.004811508107938963,-0.05692263562506206,False,-0.1549808465396747,0.9015108566114233,-0.030436497262654072,True,False
TEF,0.2537044615247798,0.008750187984829343,0.05642938769172634,False,-0.059150146332904385,0.969061878441121,-0.0171792596112903,False,False
ASF1B,-0.2536713328512707,0.004048246944382944,-0.05688217290158448,False,0.8341413909192074,0.06229402296361631,0.17444271080590568,False,False
EBF1,-0.25364736820474804,0.00320265206697926,-0.05600733131470381,False,-1.3309519976469795,2.46473564813665e-06,-0.24908313261096726,True,True
CCNB1,0.2534466953399805,0.003147466146686915,0.0560505418061048,False,0.3092335799523646,0.7043015981441557,0.06980932910676874,True,False
SNAP23,-0.2534353904773653,0.006256916258812379,-0.057287014507153344,False,-0.2000248981399399,0.7509341830566726,-0.045744349790464156,True,False
OR7G3,-0.2533929515855813,0.0023975907414373753,-0.05814471470070437,False,0.028879294482848292,0.9593530954649296,0.0076039841113182405,False,False
PRCC,-0.25322824672611977,0.007504996176289083,-0.056931417302532594,False,0.036301572599621725,0.9740280951862692,0.008389285249789324,False,False
MPZL1,0.2531933205728212,0.008191632177461869,0.05538975814322811,False,-0.11839611418555772,0.7366115279528247,-0.02771672254631863,False,False
CTSK,0.2526987376511477,0.0017089640499555086,0.05515106505180256,True,-0.187298302928059,0.8557415135262811,-0.041442871431035755,False,False
NCAPD3,-0.252690009884893,0.009138216939948792,-0.05579701003851323,False,0.15124454663850112,0.8724587256945779,0.03261116611155668,False,False
USP9X,0.25259659723429534,0.005326928529198685,0.05831863895695566,False,0.13631771820175018,0.9162500381206772,0.030263163671530258,True,False
SCG5,0.2520462141410456,0.003667395133391071,0.057311150879804096,False,0.1759082623925151,0.9193399787712566,0.03511019610673216,True,False
PPIP5K2,-0.25173417544099264,0.013974899894189966,-0.05533908667334764,False,-0.016391962636863936,0.9117632390724111,-0.003401157005709976,True,False
MGAT4A,-0.2517280459853243,0.010038879039113007,-0.05722660460687479,False,0.3411300764919104,0.7274550892611727,0.0849753518533376,False,False
H2AC7,-0.2513435314972431,0.004767930918480518,-0.05588763185707091,False,-0.7951204615711337,0.12878312239378154,-0.19076220548287015,True,False
CSTA,-0.250617837933254,0.015704231662903485,-0.05523785109006507,False,-0.25869283971181717,0.886274752817827,-0.06284699723448117,True,False
EMC2,0.25012341563913687,0.005205880164178137,0.05751615676457611,False,-0.12112795918458383,0.773072770338033,-0.02736629265170265,False,False
USP34,-0.25010553466787194,0.002491070367292149,-0.05737701893646996,False,-0.029164177818635725,0.9901879455962799,-0.006777319410397276,True,False
CARS2,-0.24999450047394603,0.03241131660375887,-0.05814635726957995,False,-0.22672850639693026,0.4871037645748159,-0.052635882577485305,True,False
CPD,0.24984787454902868,0.006204972504563137,0.054908471023586536,False,-0.05023662345138162,0.969061878441121,-0.009194290487807955,False,False
OS9,0.24968030461130894,0.007335404125533689,0.05470592794023066,False,0.4782467295303773,0.6252514433855049,0.1004019579599813,True,False
WDR86,-0.2496366546838791,0.0023745192749657696,-0.054601165862948164,False,-0.4165973791634145,0.599507683656125,-0.0868264249097308,True,False
DVL1,0.24953282618578593,0.02545038370129175,0.05559018990153142,False,-0.3600852693658003,0.518100541371565,-0.06732631044527704,False,False
YRDC,-0.249447305062288,0.013745057186272154,-0.05651889401082233,False,-0.2767742288703393,0.6599385675794425,-0.056556656213777146,True,False
TGFBRAP1,-0.249347375369733,0.007622184517850771,-0.054280991775749854,False,-0.36154558394851727,0.5590159674583631,-0.07753726453195053,True,False
PSG8,-0.24925317279047968,0.014634327727893488,-0.05643006023573349,False,-0.3682023306146209,0.45354246924948094,-0.09069364952852421,True,False
CAPRIN1,-0.24872280542494885,0.004117653675163936,-0.05457713289513055,False,-0.0579050803912626,0.8138165871653191,-0.01332554878299863,True,False
MYO9B,-0.24857378997327195,0.0035164800056784956,-0.056368111489470074,False,-0.010279906350867805,0.9980652310323461,-0.0025643339827716716,True,False
SPACDR,-0.2484762721162352,0.015384422440998287,-0.05506579540858869,False,0.2681640620068621,0.8557624591588784,0.07066936215690856,False,False
DGKD,-0.24841461207706564,0.003012053169623707,-0.0560017817538343,False,0.013034510899504529,0.9108453988023492,0.0032396153687539453,False,False
NCDN,-0.2479277761355057,0.023916635713069595,-0.05449765184069655,False,-0.21695120536425136,0.40793096842916204,-0.04903350044619437,True,False
PBX2,-0.24755592797725182,0.006727547472222607,-0.05705002369621237,False,-0.29740411975541475,0.7672887426028558,-0.06529150042960552,True,False
HNRNPA0,-0.24745967342602146,0.00602002753104451,-0.05348966181752246,False,0.16884560448246674,0.8782857774548279,0.0373852092683169,False,False
CXCL1,0.24727314935931188,0.0050265189618202534,0.05352854818441344,False,-0.7217990516526056,0.26246523762831725,-0.18161169578064928,False,False
TRIM72,-0.24697270563165097,0.003893631719436928,-0.0561291525021419,False,0.24099222669605444,0.8299519086898128,0.052290593600433866,False,False
PRDX1,0.2466353973491635,0.011608668098984198,0.05204012990547824,False,0.4480133201357943,0.08928663747550304,0.10111766519848064,True,False
WBP1L,-0.2466241226728638,0.008065773771306578,-0.05411160457691633,False,-0.240038716230253,0.8847428439185684,-0.058514532070010006,True,False
PCIF1,-0.24645458458277217,0.0050265189618202534,-0.05761813424314344,False,-0.07579599903362622,0.9593530954649296,-0.017182326928191216,True,False
LACTB,0.24618714288857535,0.001594908172931367,0.05094274379483199,False,0.21908016508239567,0.5723462967498516,0.05545803172085062,True,False
BORCS5,-0.24613619711266993,0.0041404104170454864,-0.05443708700344985,False,0.0689099164231751,0.8951748636193857,0.016625185812341847,False,False
COQ7,0.2460739958555296,0.018214105170256432,0.055926017695894004,False,-0.04316602969461136,0.9015108566114233,-0.009581246154592549,False,False
SIPA1,-0.24596750302765674,0.010177206995255976,-0.05395414655418129,False,0.320128110681269,0.7190536338039051,0.06378082280898578,False,False
CRLS1,-0.2459139290644951,0.013147488565346225,-0.05626693203354094,False,0.06895313072346784,0.9758126232443743,0.012784610010758257,False,False
ATMIN,0.24580097740801532,0.009685815528038641,0.05246560501877884,False,0.10071891898719326,0.9394891248969472,0.020768973323868956,True,False
ERBB2,0.2457879057744679,0.02171216010937266,0.05677931175738582,False,0.7076750392446812,0.13045113219494495,0.16164906485538566,True,False
CROCC,0.24491602275751756,0.012401133637284983,0.05531516532683156,False,-0.16365271145926838,0.8203369484449858,-0.041099827111105824,False,False
FANCF,-0.24459549736505154,0.006324903827600377,-0.05476979039712315,False,-0.4289713087643554,0.3980960394374445,-0.10897753523311327,True,False
CARM1,-0.24459497530434673,0.004393461522769079,-0.053129295160376344,False,-0.2554055913553849,0.6651047408671195,-0.05328655709225938,True,False
PDSS2,-0.2443209493329046,0.003944562392413518,-0.05513125102564498,False,-0.21958573520602429,0.6586983499832609,-0.054365742224479874,True,False
CCNF,-0.24422121645943465,0.003908184752752621,-0.05224650917574092,False,0.13100946705050298,0.8264107866825018,0.031849717712515435,False,False
DPPA5,-0.2441185864073378,0.004250185311178044,-0.05449838912598448,False,0.43346315398619883,0.2757652809942196,0.0861165684562426,False,False
NSD1,-0.2440346199822867,0.004386093927603609,-0.055457551997109,False,-0.35025938206671225,0.6111445843897615,-0.0744350143308612,True,False
TMEM201,-0.2439086363531334,0.032834200199593544,-0.054448188085074456,False,0.2928230745103039,0.6490507067879975,0.07702372856677986,False,False
TTC5,-0.24390093063776908,0.006438552329437311,-0.054638239449185555,False,-0.016937989000662543,0.9740280951862692,-0.0037485274108082223,True,False
HENMT1,-0.2438606288551747,0.0015385770917030217,-0.05695386784383594,False,0.1755409711288488,0.8896689231716721,0.03938820029958379,False,False
PMM2,-0.24384226023169536,0.002552640990560503,-0.05542140191811562,False,-0.4050075395304148,0.040783894158711045,-0.09079579055086295,True,True
ZC3H7A,-0.24373988994276158,0.00422546331100183,-0.055810071184054344,False,0.07176559894882023,0.9394891248969472,0.01567241647731521,False,False
CYLD,-0.24351274163976253,0.01164521063385709,-0.053599123677670946,False,-0.2295584224385807,0.8650158711640021,-0.04649357470469884,True,False
COIL,-0.243069377591297,0.004478738496984807,-0.05475940547609248,False,-0.4024934919008476,0.478142880824035,-0.07624104875425708,True,False
NT5C3B,0.24278258332264518,0.004078453791806664,0.05602610425354726,False,-0.2022306434051884,0.7558513262884766,-0.041601873010656654,False,False
ATP5MG,-0.24272304211052276,0.005924644283432081,-0.05419371270879214,False,-0.11345105577470863,0.8737404545042098,-0.024512761712328413,True,False
SLC7A11,0.24222293319188984,0.004936753819804368,0.051302147050016345,True,-1.5181376657617573,0.008132109738763651,-0.29345413521403163,False,True
BTBD9,0.24218020261237067,0.0033107381634687907,0.054266977215838175,False,-0.24126096230369062,0.6882338298798617,-0.053889710212282615,False,False
EID2,0.2419355666020852,0.008345535390693633,0.0541094446052206,False,-0.49139219858570576,0.6779742595551113,-0.11010163369925863,False,False
CLUH,-0.24171184104147364,0.006880088772132723,-0.0533005437204066,False,-0.09762757504331747,0.9714505056833843,-0.02447746824066588,True,False
TSR3,0.24151837513557167,0.00978739831973825,0.05474463003807006,False,-0.39294002016794155,0.5010978434151991,-0.09225413613629208,False,False
NUP188,-0.24135656837584415,0.009125831016106417,-0.05463494105543365,False,0.14667060767118933,0.8727895720132619,0.03341773223480882,False,False
WBP4,-0.24130707837298496,0.006520240567939542,-0.053837233072363766,False,-0.11194556517336443,0.8765369090360261,-0.02625138852018516,True,False
CNGA1,-0.24126760798608832,0.012360030218977715,-0.05390663927569328,False,0.40727900075414025,0.6779742595551113,0.09513616084705401,False,False
GJC1,0.240881887579948,0.0022196971083828397,0.05629223055032018,False,0.49365606491365394,0.23051318127327533,0.10470607687943101,True,False
RAD23B,0.24053033122893822,0.015267088229185237,0.056174501096080576,False,0.1813188325984137,0.8946325873986991,0.03766327230189148,True,False
ZWINT,-0.2404453309183355,0.01775201328668214,-0.0526974588148974,False,0.07290889566915235,0.9983010589614777,0.016449566702693375,False,False
ATAD3A,-0.2404360992661978,0.009457929089417788,-0.05554012689378496,False,-0.28472093354272554,0.7258938608987852,-0.060068135426785574,True,False
SCARB1,-0.24032447834552195,0.009066158753496497,-0.05326018236530494,False,-0.4484056522331959,0.7423302865292829,-0.08184935233022017,True,False
ZNF253,-0.24027400972222746,0.0016429284681984506,-0.053486894462238865,False,-0.04993628856699221,0.9850030783320898,-0.011080620662183627,True,False
ATAD2,-0.24025783785281693,0.009224228609254724,-0.05255343140619484,False,0.31063874028927924,0.8032388243392817,0.09022722189257149,False,False
PUM3,-0.24016901069571134,0.02296847010137249,-0.05358118640322029,False,-0.1383397474555158,0.9625550458580404,-0.032418608042151575,True,False
NDUFV1,-0.2401561216784488,0.0016617721041023061,-0.05340013665023591,False,-0.1242441819843312,0.8662554016025441,-0.02425715751037405,True,False
CITED2,0.2399837711227123,0.02781749234913831,0.052175195676874786,False,-0.5849530796634258,0.08652959208374497,-0.12577352436904654,False,False
COX15,-0.23986384831780883,0.0031049482814509747,-0.05491786227709916,False,-0.3230574735505875,0.5010978434151991,-0.06726258393469564,True,False
MED19,0.23984745830444484,0.01059833414419307,0.05417422388423532,False,-0.32137096680344246,0.13837141764661856,-0.071341031329057,False,False
SPAG4,0.2396755120977388,0.0343120182959676,0.0549417550384641,False,0.29349441218766065,0.8307347795292304,0.0751832829802499,True,False
MBD3,-0.23953705640175543,0.009670788909519185,-0.052404708977237924,False,-0.2692455791173427,0.3661253063632435,-0.0691332789444088,True,False
GPATCH1,-0.23935785058192804,0.004743107667120247,-0.05344428212756469,False,0.07372476734231213,0.8727895720132619,0.017200907727106696,False,False
SMAD4,-0.23919424995077096,0.00801318086547987,-0.05363251176128969,False,-0.41406050908813263,0.41603364313870067,-0.08551062750267935,True,False
MRPL18,-0.23918523743268352,0.028558608749105572,-0.05290668930042308,False,0.37925948558397976,0.5596433608919211,0.08085451067325522,False,False
NUFIP2,-0.2390862669204638,0.0061547406944544025,-0.05511842278321044,False,0.06696558954374715,0.9117632390724111,0.015003027577170869,False,False
LTB4R2,-0.23891940570860357,0.0036461923300491923,-0.05480035961106644,False,-0.33745321727051286,0.4734778411444937,-0.075098633084143,True,False
OGA,-0.2385234739184687,0.0008405380619206066,-0.05349535730630617,False,0.06889700525540106,0.998079266082957,0.016460326950363147,False,False
CCDC77,-0.23848823508237857,0.011974931601640324,-0.05344349838503426,False,-0.5454750626043433,0.5376363001941042,-0.13072530452768394,True,False
LCE1B,-0.2384179354290993,0.019604122838744725,-0.054537898499919635,False,-0.3543797152335831,0.44488812614456696,-0.07702934933141403,True,False
RNH1,0.23835561109438633,0.004493769524556868,0.051763776471184464,False,-0.1819140954260174,0.759098848292241,-0.039923992642981965,False,False
E4F1,-0.23829028377130834,0.004550775339912001,-0.05418367882482755,False,-0.18423468501140813,0.969061878441121,-0.04871863739583304,True,False
PCMTD2,-0.2381684148789045,0.0025875813799686423,-0.05453738016253684,False,-0.44187922684318254,0.7297350576801516,-0.08882495223586417,True,False
SLIRP,0.23792915097123435,0.009125831016106417,0.05261192227992684,False,-0.021166239611157787,0.9394891248969472,-0.0048940421962049285,False,False
MAFF,0.23779250492243678,0.00802504455416148,0.05193407124583693,False,-0.16426894433524625,0.8727895720132619,-0.03377425328338113,False,False
CAPN5,0.23770431231380712,0.006940034719526616,0.05254791766090161,False,-0.4818637228517435,0.564079698426595,-0.09256244551224135,False,False
ESRRA,-0.23738147695093936,0.0026947352152340235,-0.05075299199792749,False,0.08232736189662762,0.9588458431102604,0.018493776646455906,False,False
ATP5IF1,-0.23724228884563578,0.0020667994976847474,-0.050853981519585645,False,0.20644087965114438,0.6490507067879975,0.04211561505097983,False,False
SRSF9,-0.23718967828937765,0.00629500076673009,-0.05278319418952471,False,-0.19457817209845554,0.8646375622123744,-0.04658530704279418,True,False
PKN3,-0.2365217317946006,0.015384422440998287,-0.05370255737009266,False,0.05349373295044725,0.9183940882588234,0.009728624431983413,False,False
CCNC,-0.2364712943819488,0.005290747511665983,-0.05356065551792799,False,-0.38492496000183346,0.019877066405951885,-0.08250313783345486,True,True
FDX1,-0.2364351424145882,0.008247845977032974,-0.054015807487568956,False,-0.00454121481730018,0.9601105343814677,-0.0010186342262574755,True,False
FUBP1,-0.23631177423401858,0.016037670520555963,-0.05333159747964711,False,0.1350998420668941,0.5929489163436951,0.03196582724603392,False,False
ZNF83,0.2361757849955352,0.03412204553622441,0.052331067081788696,False,-0.2762551051567602,0.6657897264705382,-0.06278427326051261,False,False
BCCIP,-0.23615372234909435,0.006460812194331897,-0.05164182057621325,False,-0.12466286676622357,0.8484657113806351,-0.026688803249361293,True,False
RTN4IP1,-0.23610774370509888,0.012342602551711707,-0.055324853561584675,False,-0.04174043737443018,0.9664047613901128,-0.010895879043579804,True,False
MACROH2A2,0.23564439001717544,0.010538679733274355,0.05182519652202,False,-0.5702114874203136,0.5395619022701933,-0.12925569470150045,False,False
ATG13,-0.23548534874133206,0.029965018153581414,-0.05415240562888357,False,0.17641723411525218,0.8869120469012526,0.04024097738907795,False,False
DPM3,0.23516681395532596,0.010160469806683404,0.052608585090958115,False,0.4028917750367903,0.5329189425971228,0.09089885116055552,True,False
P3H1,0.2349747042773527,0.002086608577436575,0.05309397197824417,False,0.23492910823170293,0.5596433608919211,0.05225427107993319,True,False
UBE2G2,-0.23495549019159032,0.011276571337590725,-0.054088721732617806,False,-0.25739760354307595,0.6698610387979266,-0.060860092567095236,True,False
TM7SF2,-0.23491344724831495,0.002271586102861404,-0.053316815048296995,False,0.565285361179416,0.16257319917903604,0.11110139508146588,False,False
RELB,-0.2348702274447761,0.006821332793816352,-0.05198468124214184,False,-0.4036904511915282,0.5992788746165753,-0.0813618860095664,True,False
SLC38A11,-0.234789134758852,0.04347435258768517,-0.05197989495997035,False,0.4337096670964798,0.6875523084459233,0.10027998024826257,False,False
PIH1D1,-0.23477638191570396,0.004109786367419151,-0.053113485614329825,False,0.0010240651503536104,0.9719390228450419,0.00023240280889247344,False,False
MAPKAP1,0.23447001396053205,0.019180818126255307,0.05314725355400096,False,0.1438532105243239,0.865571216556823,0.03517986422167674,True,False
SELENOP,0.23442401858733156,0.017641093909011765,0.05365003294815818,False,0.5177972685158625,0.5016958888005159,0.13872417971982287,True,False
PMVK,-0.23438720521212683,0.009854306733318594,-0.052278987637770946,False,-0.20846020648383082,0.5790798404633001,-0.04396417905707217,True,False
MYLK2,-0.23435704016982262,0.007545726376420376,-0.04990246476377891,False,-0.2405064845101967,0.8484657113806351,-0.057480115512319685,True,False
H3C6,-0.23433633647074223,0.00957518527931808,-0.05204089034194581,False,-0.19114551197040047,0.8299519086898128,-0.04226485285486348,True,False
DNAJC2,-0.23431291767310522,0.015217694506093702,-0.053776111496311785,False,0.05819274078845253,0.9625550458580404,0.013105131035174189,False,False
HIKESHI,-0.2340665948438922,0.0034729827444470677,-0.05307509490376283,False,0.0008956789934480212,0.9976062805384047,0.000206256301112262,False,False
MSI2,-0.23402242415136446,0.00195525844412717,-0.053054041605316016,False,-0.040443411636852646,0.9015108566114233,-0.00958148418583793,True,False
PFDN4,0.2339398875697518,0.015119329159973226,0.053797870209166376,False,0.2236757634283203,0.5986681769836927,0.055232721687552555,True,False
KRTAP4-8,-0.23388491158954489,0.006867573221472165,-0.052565218977307815,False,-0.10933233405809625,0.9900445601119506,-0.025536939530916847,True,False
NUP37,-0.23370814388489694,0.005261745227969693,-0.05149787901128011,False,-0.2863854734772506,0.20672465869212917,-0.0639413068872221,True,False
ZSWIM8,0.2335407846512585,0.019091285674013223,0.052691711064688285,False,0.2748567211194629,0.5329189425971228,0.07504238739611946,True,False
SMG7,-0.23337861992784803,0.003822897397572334,-0.05055577353714291,False,-0.18665644998017758,0.6112588185513641,-0.04134050270005396,True,False
ACO2,-0.23336496156155304,0.005052682881675217,-0.05230397603103221,False,-0.22421317328283438,0.7190536338039051,-0.05486244120627948,True,False
BDH2,-0.23333531036832766,0.02720176764702702,-0.0508559930058361,False,0.23539213283853755,0.759098848292241,0.05553603260455375,False,False
VGLL3,0.2332691112287272,0.016258167132866902,0.05093579368733092,False,-0.2635635059410418,0.8404158788824715,-0.046911880187154864,False,False
EXO1,-0.23326607419103704,0.02104211444389893,-0.05105087759561755,False,0.1146357186485661,0.9515993330981996,0.027899137175592337,False,False
PGK1,0.23308917100680054,0.019303829479795195,0.05258890534018512,False,-0.27115310861734204,0.6818112699256875,-0.059136100254012725,False,False
VPS4B,-0.23299890059149375,0.012401133637284983,-0.053713655498572876,False,0.10308367191675741,0.9774585372422141,0.02384291849825093,False,False
GMPPB,0.23277558985624616,0.016915906601725695,0.05086574989309156,False,-0.3547377265546361,0.5348696207828504,-0.07641285091642303,False,False
C1orf56,0.2327338754238254,0.006833047719806124,0.05448429530977705,False,-0.31701864275659164,0.7812176289815335,-0.07872765839220452,False,False
NDUFAF6,-0.23233284177368282,0.012053776722680489,-0.053355258651642146,False,-0.21728201807585037,0.564079698426595,-0.054351529800845455,True,False
GMNN,-0.23231595225900473,0.015051083971437357,-0.05137220016017885,False,-0.07507525409131224,0.759098848292241,-0.01607214089285236,True,False
DOHH,-0.23226310791111213,0.010688719515403927,-0.053004492249602464,False,-0.09050485217050717,0.9313394490811895,-0.01988156285118503,True,False
UBA5,-0.23220776821082187,0.004574176281651869,-0.05191887227294156,False,0.6332786921817313,0.057174428086797624,0.14162167641373724,False,False
GADD45GIP1,0.23206232023217221,0.010550624613414628,0.051509301182332656,False,-0.4012007453613362,0.09591335397819077,-0.08889200451675716,False,False
THAP1,-0.23185241598807516,0.024692579857071583,-0.05390588447419997,False,0.4521903612857024,0.5203352387532016,0.10422931179806394,False,False
MRPL2,-0.23182636032814966,0.00609298601304456,-0.05188576087499008,False,0.03552156700756378,0.9850030783320898,0.006947755100485509,False,False
CRYBA1,-0.23178713658284608,0.015310633021206032,-0.05030067794284143,False,-0.051087232627175544,0.8946325873986991,-0.009414127814254769,True,False
PCSK9,-0.23178216033495683,0.004493769524556868,-0.049305184878820185,False,-0.13089395833000503,0.9357020149090105,-0.02363442614732847,True,False
WDR1,0.23128910422587376,0.005375106473654532,0.050855708481229556,False,-0.21445164234819342,0.7582967290797934,-0.056228091958494986,False,False
MAPK1,-0.23088720778560085,0.010400202933451175,-0.05074606182514163,False,0.23967899161007453,0.4705256048474067,0.04754962268427487,False,False
TUBA4A,-0.2308858640665238,0.007839042936176975,-0.0513038442303948,False,-0.7342132733559441,0.44488812614456696,-0.14872051023679678,True,False
CCDC28B,-0.23058967442527517,0.014111367217164886,-0.05127244898653327,False,0.5870247944551354,0.6116848261127036,0.1511414482046476,False,False
NIPAL2,-0.23057103141591034,0.006083075362075404,-0.05077526150595446,False,0.11496781508983869,0.9554263042945813,0.02040290670582312,False,False
VPS54,0.23052946684877196,0.030535213798773084,0.05430826944659817,False,-0.3256705776955666,0.9193399787712566,-0.10093184262575328,False,False
EPS8L3,-0.23030317730171018,0.027400670163376342,-0.05134615118622943,False,0.2092684672177259,0.8002787045405303,0.05016233821714877,False,False
SUCLA2,-0.23022451662459315,0.04104056583628866,-0.05117678093849953,False,0.07528690684811436,0.7744209305134399,0.01690528619019105,False,False
SAP130,-0.2300894094604673,0.04243647313843032,-0.05083605822240589,False,0.09740274759620181,0.9471288736778624,0.022357760919200054,False,False
SLC19A2,0.230027753022784,0.011375510875354402,0.054265444060248136,False,-0.5234489930901159,0.5519964411527872,-0.11330489933239374,False,False
CDCA3,0.23001209267608436,0.014156186260125438,0.051878484359403565,False,-0.14982382904782646,0.8544448780232391,-0.03444559857701002,False,False
NDUFAF2,0.22995978189082852,0.013613072336351877,0.051592822861200816,False,0.23864981850843014,0.7423302865292829,0.0558371488372833,True,False
CASZ1,-0.2299262958571177,0.002337530690144206,-0.05299348100881218,False,0.3508032853161434,0.5715869314697408,0.08242560366217688,False,False
INTS15,-0.2296392502971485,0.011775685742529964,-0.05141742180425446,False,0.2064473337246607,0.7366115279528247,0.04727544018389018,False,False
ZNF284,0.22962591337921273,0.00802504455416148,0.05336280291682005,False,0.15351778870261928,0.7908658063456112,0.04097172893799783,True,False
TIMM50,0.2295538095539518,0.009987312685234775,0.05035774707348928,False,-0.34673065431084665,0.4497758143760301,-0.07661314621150783,False,False
RCE1,-0.2289888536074437,0.0041404104170454864,-0.05121793593730839,False,0.1492562533859041,0.7509341830566726,0.03814567059028562,False,False
IL36G,-0.22880647317123762,0.005252492538397266,-0.05340519645930186,False,-0.3964423955079975,0.6780264558702808,-0.10000925761837376,True,False
NR6A1,-0.2287791444061958,0.006174126548317578,-0.051858932129790425,False,-0.06533002436243024,0.8727895720132619,-0.01414387074500123,True,False
KDM5C,-0.22876511480914047,0.006927421142617685,-0.053129846137442094,False,-0.208496185316925,0.3907285121942648,-0.052180095283304695,True,False
NDUFA8,0.22867821246384434,0.02871918482569818,0.052311889069053485,False,0.15718439889324862,0.9394891248969472,0.03494816048102756,True,False
PSMB11,-0.22802803869552826,0.024134868063020797,-0.049213092069931186,False,0.3789486105886725,0.6657897264705382,0.08387771997825144,False,False
YPEL5,0.22787714013658114,0.024992864109652846,0.05039282566971082,False,0.7017392581096551,0.31785639416561984,0.16574829357273924,True,False
MRPL51,0.2276270826994825,0.0255605759976186,0.05014772062109696,False,-0.13167281475075593,0.7812176289815335,-0.02800423318672074,False,False
LRP5,0.22757004389618285,0.03698227928556599,0.048700810531352445,False,-0.7501103597045813,0.19568032368973792,-0.153931449962327,False,False
MZT2B,-0.22748958214367174,0.01650051097165641,-0.04931270955665212,False,-0.022536926437191972,0.9348963840891794,-0.005481248657662086,True,False
ZNF283,0.22695791181329011,0.00980258608228394,0.049836883944755606,False,0.23056128031191617,0.8176910601378052,0.05126986115930965,True,False
FBXW11,0.22694028741861544,0.02521956099275718,0.051281987224197856,False,-0.03907249394462408,0.8951748636193857,-0.008394379073829228,False,False
ARNT,-0.22681987195562112,0.008855924986562331,-0.052119485322087655,False,-0.30280386706567164,0.5451175306226251,-0.06514620328143295,True,False
CNOT11,-0.22681361825816224,0.008533246722791992,-0.051475921742341946,False,-0.1342980859720424,0.7089615964507554,-0.035297998935976516,True,False
SSBP3,-0.22654441748463097,0.008504666654552736,-0.04736525949809156,False,0.746784377088702,0.19598454094187656,0.15990827494708615,False,False
RAB11A,0.22644257990747585,0.02568065930701836,0.05207750068673356,False,-0.06296278753719212,0.969061878441121,-0.016097887315907222,False,False
NUDT16L1,-0.22640003974132736,0.011237663209506745,-0.05254715658662246,False,-0.08243262036660827,0.9648386079388404,-0.017979521909181173,True,False
RPRD1B,-0.22637451899936942,0.003591825646683318,-0.04935056203921562,False,0.20977792476127766,0.7672887426028558,0.04763175581083878,False,False
ECSIT,-0.22584652269579453,0.00809218642637107,-0.050337482803714195,False,0.013017721901097451,0.9880101945565994,0.0029241902206971204,False,False
DHX29,0.22580862155984738,0.00802504455416148,0.05198593467305379,False,-0.2894719510817851,0.16240666733739226,-0.06488881505882205,False,False
PHACTR4,0.22580034946673566,0.017285203420467896,0.05119043713523208,False,0.49788732256050866,0.5417803647225764,0.10425681782301499,True,False
TSSK4,-0.22579370819095482,0.027855396055281836,-0.05147942848149345,False,0.22296703458340114,0.9313394490811895,0.050130474629935584,False,False
MRPL28,0.22564191307203102,0.02428506882705921,0.04933468381232853,False,-0.025729985492428917,0.9997031687217337,-0.005388653383715081,False,False
FAM89B,0.22556143897497413,0.007584266801126748,0.048985248151002025,False,0.36740289810391363,0.610246716515175,0.0804770185971666,True,False
SYNCRIP,-0.2254609196217771,0.02757078773464793,-0.05164827759131807,False,-0.12428880885223566,0.8696264215881803,-0.03050952024961351,True,False
MECOM,0.2253654543253111,0.010383139510381858,0.050993868675550225,False,0.002249644091541169,0.9982630545628322,0.0005713410701115862,True,False
RB1CC1,0.2252452607629051,0.020883846366486946,0.05074855387769528,False,0.25364991917905994,0.5117222784766464,0.05003869047253584,True,False
STARD3,-0.2247196448553415,0.013498369322999705,-0.05219179299547516,False,0.2443532246294481,0.7426375595241232,0.0682856806147738,False,False
OR10H5,-0.22460966962577916,0.004542663591347911,-0.04880132559149786,False,0.01056024794095659,0.9740280951862692,0.0025466993567269114,False,False
TCEANC2,-0.22410960413234948,0.010582052368312389,-0.04837059319169157,False,-0.3222844909937548,0.7047902360040113,-0.07592819865210831,True,False
ZFP36L1,0.22371454887311973,0.04867905651031618,0.04979181055251214,False,0.34011059924377457,0.015123413082643915,0.08158753893111115,True,True
TUFM,-0.22361926236952095,0.008734658739598307,-0.050894983382202774,False,-0.1605138300368531,0.7567383154872853,-0.03739456564250432,True,False
EARS2,0.22338700485881116,0.07938829659731093,0.05028695706242026,False,-0.28473675245200414,0.6657897264705382,-0.06190347965825893,False,False
MTHFD1,-0.22334786925430233,0.011935083595085919,-0.05006777305424048,False,-0.4061832122578937,0.022145630202235977,-0.09691010105323983,True,True
SSR3,0.22326751777955348,0.011853366602138817,0.050143972623246214,False,0.3107530992615197,0.6780473395310477,0.06878420815960773,True,False
EAF1,-0.22307222339552105,0.0035641114384041207,-0.051000539337127115,False,0.11899240816028211,0.7812176289815335,0.02793767518178747,False,False
RIT1,0.2229448977487003,0.017613882884914046,0.04976361870749901,False,0.1743356770563796,0.7574160716583186,0.03498777716404344,True,False
NUDCD2,-0.2227959137728495,0.01086496920246616,-0.05098259423100071,False,0.002622290314506102,0.9730730711556724,0.0006580161008011842,False,False
ATG14,0.22256562878844915,0.02181435351342717,0.04813123460240565,False,-0.07159429248318486,0.9997031687217337,-0.016476141930891863,False,False
MARCHF5,0.22203402087161683,0.04973611166191724,0.05096060157404558,False,-0.2642340295322092,0.3508549887514161,-0.06559936312052095,False,False
INPP5K,-0.22201387537970402,0.0075963558221944115,-0.05135652645050737,False,-0.06675516718139052,0.9111890606746692,-0.01559233643889435,True,False
PISD,-0.22192323638997838,0.021484759164864097,-0.04876758793599212,False,0.16759354572581628,0.9664047613901128,0.0352946363902662,False,False
LIN9,-0.22188333236720154,0.0213658072777366,-0.0483164868545618,False,0.013444871136954972,0.9548094454962953,0.002924691197473628,False,False
MYCN,-0.22166718806371308,0.014981641544843669,-0.048978316607225736,False,-0.29678202166418616,0.655667761990283,-0.06317655923501331,True,False
TAFA3,-0.22155610172450557,0.054811206327475326,-0.050013708273256796,False,0.20296608419843712,0.9308990408201787,0.0469756344561052,False,False
NDUFAF3,0.22139309355830503,0.009163037250377929,0.05119062176873168,False,0.25074025670089106,0.7366115279528247,0.06269524497649925,True,False
XRCC2,-0.22119653988445295,0.012736880165961155,-0.05017611569384606,False,0.08222178156096979,0.9758126232443743,0.01583680680716526,False,False
TUBB4B,0.22102120402328462,0.01885011537079619,0.04996393201182148,False,-0.04047948896522107,0.9394891248969472,-0.009613195100270033,False,False
PIK3C3,-0.2208331415201377,0.03906825625914474,-0.04893002989593054,False,0.295749460928026,0.8332548301736009,0.0617552463579516,False,False
IWS1,-0.22081677542343908,0.05066905490590041,-0.049505642397999594,False,-0.240771361088322,0.6116848261127036,-0.0642679273110156,True,False
MED10,0.22058297087407183,0.018300032057377135,0.05020980658639118,False,-0.1604412485426086,0.7756341347950223,-0.03347715694036513,False,False
MRPL15,-0.22049706350641,0.024513027435203942,-0.04729172676560367,False,0.05035541065758448,0.9861398729582547,0.010616135436578134,False,False
PGAP3,-0.22036655334272992,0.005234031362008503,-0.051221947842829074,False,-0.08417350839443542,0.9901887421975374,-0.021685312713957572,True,False
PPP1R12A,-0.220114462847532,0.010565793024765608,-0.04853077387787064,False,0.14902722711873115,0.865571216556823,0.035081850369974354,False,False
IMMT,-0.22008480904173583,0.00636878343280219,-0.05026665534315278,False,0.14051944704357852,0.8946325873986991,0.03390216619305075,False,False
TP53RK,-0.21993882270671664,0.020286064474856123,-0.04999857716985545,False,-0.015449591568504863,0.9664047613901128,-0.0034295188950714817,True,False
DCAF6,0.21970650595538038,0.044028055512457004,0.04785364090930244,False,-0.5310220489686067,0.14011295221975525,-0.11553857647678534,False,False
PSMG1,-0.21957850802234194,0.03612024246217875,-0.05165058812163892,False,-0.15610559150237596,0.6490507067879975,-0.035955598400230215,True,False
PPIH,-0.2194004034121779,0.024880177609122638,-0.04988667915912526,False,0.2528931812555699,0.7337250540230916,0.05682644931121672,False,False
JAG1,0.21931131240464702,0.00729800124393436,0.0483312340785611,False,0.5327974204537818,0.4563004333252484,0.10208363370993023,True,False
AARD,-0.21892070217634996,0.015384422440998287,-0.048104264747900416,False,0.20028969357106022,0.9554263042945813,0.05688176247049537,False,False
AIFM1,-0.2188414309034535,0.02506436757763807,-0.04732685045025509,False,-0.24268171662347765,0.5992788746165753,-0.0531313360129575,True,False
SAMHD1,-0.21866630882235033,0.049806548679084975,-0.04815757102706897,False,0.8418584021055817,0.11903285226641808,0.19289468326523096,False,False
FNDC7,-0.21855313779326943,0.006975784484339883,-0.04899571274778669,False,-0.2558489750101995,0.6657897264705382,-0.059502457567760736,True,False
ABHD15,-0.21852656731620576,0.038577956373629395,-0.04818073848733295,False,0.009167388159186312,0.8869120469012526,0.002594303202244852,False,False
MTX2,0.21831817182289237,0.013168526345417169,0.04760539928058982,False,-0.24815105525497672,0.6657897264705382,-0.05469179895828624,False,False
UBE2C,0.21797690805683323,0.027283680164073704,0.04781924331024179,False,0.02908758548119122,0.9804557806975261,0.007235228889472367,True,False
NFKBIB,-0.21772005450014706,0.014634327727893488,-0.04605319314233647,False,-0.10143984772726522,0.99007882302568,-0.022124818545108837,True,False
ECT2L,-0.21769657094399317,0.01841985331711682,-0.04875144118490926,False,0.1625350418289736,0.8724144880903238,0.03244975433814634,False,False
FBXL6,-0.2174558250450001,0.010758911832888074,-0.05159822647666701,False,-0.0779849223399078,0.9202676571183757,-0.020658763570053473,True,False
TCF7L2,0.2174354473338461,0.008703674351647973,0.04787265067533486,False,-0.4337555241947468,0.0645703609087889,-0.09788341408557155,False,False
CYB561A3,-0.21738931792755334,0.030365981322606407,-0.049398193879971686,False,-1.143367539601652,0.02974565405272127,-0.22605502820599543,True,True
SLC6A6,-0.2172767550825235,0.026641637032750094,-0.04938259718573956,False,-0.2914422819611988,0.8096239727917529,-0.05636988843251611,True,False
CALR,0.21709942701753782,0.018936852038976174,0.047446020401761935,False,-0.16997006519907196,0.8913381879320231,-0.03820920134499595,False,False
ASCL1,-0.2169166970278877,0.007647290438388104,-0.04478464953811656,False,0.14276289754446633,0.8396399238124637,0.030379990563673687,False,False
ELMOD1,-0.21678274166951034,0.06695479575084987,-0.045760767542057934,False,0.24449266686398732,0.8010421126633535,0.05503276868720253,False,False
GLI1,-0.21675520069595175,0.012178380268773086,-0.048963426575879154,False,0.378439925451475,0.48848406092327257,0.07067908842239135,False,False
TRAF7,-0.21637923886423366,0.006554736312181654,-0.04985391036373166,False,-0.23180568753272807,0.43550493082747216,-0.057785344332803135,True,False
SKI,0.21595947564090534,0.0020257520521654473,0.0504236550310857,False,-0.3294304910846694,0.7812176289815335,-0.0655973353621313,False,False
TBC1D31,-0.21592086847642808,0.015384422440998287,-0.047349905862857256,False,-0.2629582768883251,0.4734778411444937,-0.07173255835751569,True,False
FOXC2,-0.21562371974608563,0.03693075889644593,-0.04709169520099454,False,0.30598647673114066,0.46506723166474506,0.07859459818098014,False,False
SLC16A1,-0.21530838592835744,0.024880177609122638,-0.050176758879345584,False,-0.543525637528755,0.08575780271739222,-0.11652853839962596,True,False
TCF25,-0.21522798552742808,0.028437385097909024,-0.048526017029144164,False,0.15381532209320148,0.887474497563114,0.03784640428009123,False,False
F11R,0.21501083359936418,0.03241131660375887,0.047515460927991526,False,0.19773169118656558,0.7801756674092004,0.045261637042461444,True,False
H3C4,-0.21483995101960157,0.014062510034210227,-0.0474023712707341,False,-0.41650146751765066,0.5262097483237906,-0.09169672299313891,True,False
UBALD1,-0.21457930832359737,0.008596003529442408,-0.047897060403183644,False,0.43564683604294935,0.5203352387532016,0.08377149135597683,False,False
STX4,0.21436515335310513,0.028594768800150928,0.045456230055727964,False,-0.2097252815015414,0.44205474809772205,-0.047366275792541934,False,False
MINDY2,0.2142891948334606,0.012158748724599886,0.04691650617373444,False,-0.0561209977641612,0.9524657579586072,-0.014095101773330398,False,False
DNAJB6,0.21423345974905997,0.012799607647390245,0.0486603259134224,False,-0.34237060364423494,0.6421265502766789,-0.0793757543082716,False,False
KIF2C,-0.21408718866681412,0.021746859304103985,-0.047405632826546196,False,0.394592462799393,0.27277427132180443,0.08074752183371636,False,False
STK40,-0.21408395952525844,0.00717834795843132,-0.04899870074920276,False,-0.054570427487559,0.8544448780232391,-0.011159325486466365,True,False
FSCN2,-0.21386663159685806,0.018679467454088414,-0.0471627576490139,False,-0.022509477202757294,0.9785227633871515,-0.004948779381774848,True,False
MYBBP1A,-0.21382556892645532,0.01376829839358621,-0.048456143483458725,False,-0.12029160554902435,0.8722566830496638,-0.021588524743425985,True,False
HK2,-0.21336075568199267,0.015936207298925302,-0.048387988173312024,False,0.01844415265487299,0.9117632390724111,0.005116197273540735,False,False
DDX52,-0.21328093292185704,0.014837774803108116,-0.04805521774758592,False,-0.36001165477598396,0.5421919552033233,-0.08364666205589089,True,False
HESX1,-0.21300826620600108,0.027686300319159488,-0.047882959502121736,False,-0.19925843399606502,0.8671290025705851,-0.04288384065532025,True,False
NRAS,0.21285326397609586,0.023073623762060933,0.048415279291004865,False,-0.2062089703581925,0.6490507067879975,-0.048116147755833616,False,False
UMOD,-0.21271828403179624,0.006771777309838002,-0.04969251930986385,False,0.4279276242678545,0.49536694614738747,0.09767865554637023,False,False
TRMT6,-0.2127083997782422,0.045970207596980873,-0.047659803271406176,False,-0.2518225451077004,0.6275841180142411,-0.05420663302447615,True,False
ARMH3,-0.21266556622386593,0.017613882884914046,-0.04854071714929731,False,-0.4321968263006793,0.31785639416561984,-0.0971284829664727,True,False
SDHAF1,-0.21251759415151816,0.006771777309838002,-0.04575778338473846,False,0.2244385359818761,0.774386785492935,0.04729063162607794,False,False
TMEM178A,0.2122215176371342,0.0480580013217148,0.04501695101403769,False,0.0032062743460193805,0.9750558945404905,0.0006250604123314574,True,False
NARS2,-0.21216559130754517,0.010919446925348804,-0.04844826205802999,False,-0.09210991496013432,0.7337534597077195,-0.020185773278563524,True,False
BRAF,-0.21201182503503682,0.004767930918480518,-0.04825241276875403,False,0.02951336602246714,0.9394891248969472,0.0063886243020983,False,False
TMEM242,-0.21185601142778,0.030989814949924633,-0.04741213904954744,False,-0.08727317858739657,0.9471288736778624,-0.020969369479030497,True,False
CD5,-0.2116816010038657,0.03300916920339419,-0.04819234430470409,False,0.5408792068040016,0.3260667282146503,0.1220922133339748,False,False
STAT3,0.21156720707571244,0.010758911832888074,0.04809000708203559,False,-0.6748866387747521,0.22895978196580458,-0.13324299908788717,False,False
DNM1,0.21154569307782436,0.008580719888845276,0.043884441271076824,False,0.4697109703854207,0.45397078304142596,0.1265400836682531,True,False
GABPB2,-0.21146100727241945,0.011834200127779432,-0.04724087307999447,False,-0.16950087117773172,0.9394891248969472,-0.043350910815876276,True,False
SLC2A1,0.21125086005070368,0.05585551417226611,0.044634983993619315,False,0.21465960222669284,0.8946325873986991,0.05181099308902759,True,False
TRIP4,0.21098875141802906,0.03698227928556599,0.04651728987545933,False,0.17970331895793631,0.8010421126633535,0.039021233541009614,True,False
IL36A,-0.2108270082475442,0.03126817418891644,-0.04665906017297772,False,0.08919807040731077,0.9348963840891794,0.017641356308510936,False,False
PRAMEF20,0.21079082185018366,0.02926902372406659,0.04680678916902359,False,0.11965774947692621,0.9997031687217337,0.026644664745411717,True,False
ATXN10,-0.210559543921268,0.074356277412644,-0.047784536865258076,False,-0.08304973425420842,0.9202676571183757,-0.018285695023530835,True,False
SLC6A17,-0.2103351365056354,0.03896381811316699,-0.04645089309882788,False,0.25184568985986566,0.867187700886718,0.06896675918398465,False,False
ARID5B,0.2102464276008378,0.0343120182959676,0.04798940976639088,False,-0.30346648480561916,0.6282126221226856,-0.07564078811153419,False,False
REST,-0.20949077631947619,0.0033420123684548227,-0.04672725301540748,False,0.3251690652958545,0.4677249623037476,0.06801794737470512,False,False
ATL1,0.2092795106344114,0.006610717334687258,0.045478650885294236,False,0.20377190463722908,0.8404158788824715,0.04920007615276489,True,False
OTUB1,-0.20908672311653545,0.025029751983311338,-0.046639596144927076,False,-0.056113608726049806,0.969061878441121,-0.012226320334529639,True,False
MBLAC1,0.20894456010124146,0.020699207490815285,0.04705952619394971,False,-0.5700577978374755,0.511841262806177,-0.11245519078300337,False,False
GNG5,0.20891268827681442,0.016109830982841623,0.04534635747288629,False,-0.4594427697933847,0.4339101795056919,-0.11366694359144525,False,False
LIX1L,-0.20876020341882617,0.058765151067612556,-0.045649784862417775,False,0.2983962643865285,0.8696264215881803,0.07588285043976217,False,False
MED31,0.20869950597447676,0.023636385179046992,0.046024834665129966,False,-0.020181656291067922,0.9554263042945813,-0.004624261730971746,False,False
PHF23,0.20862713514447126,0.01590976763456167,0.04661569692291767,False,0.15618801189609754,0.8497688998475077,0.033437649008252635,True,False
PDXDC1,0.20847188064083666,0.06915703420224763,0.047358643769864095,False,0.08753830355384226,0.8896689231716721,0.014903418512300703,True,False
SNRNP48,-0.20817410764907499,0.014837774803108116,-0.04664299100542113,False,0.06731888773363322,0.9981408208678295,0.014144779147279962,False,False
DMAC1,-0.2081309102890404,0.05461044458182632,-0.046493610771955574,False,-0.17270886116667386,0.6481744093516577,-0.04293458711254594,True,False
TCOF1,-0.207827274371933,0.021681584750722183,-0.045663496858415975,False,0.05517271617140256,0.8404158788824715,0.012983548241296106,False,False
ELP4,-0.2077104550697662,0.00798783402899524,-0.04593960705712785,False,-0.09775357503893761,0.8696264215881803,-0.02118597494807073,True,False
MUS81,-0.207291167904443,0.007050762229879013,-0.044721747765643194,False,0.694319571883417,0.33021213995160487,0.1577207174486821,False,False
SHE,-0.20701738518885615,0.04098790462467624,-0.04501883384173411,False,-0.5262248072127216,0.5010978434151991,-0.12468594757361018,True,False
IGF2BP2,0.20651199214038665,0.004558900247190298,0.04732838290011543,False,-0.047381418224983776,0.9627291651670661,-0.00875819029051872,False,False
TIMM22,0.20612135422859693,0.03724739651466748,0.04451066366850842,False,0.328702376388467,0.5631076547968293,0.08555340600060202,True,False
BCL6,0.2057746923847098,0.055179952979454785,0.04764373368229169,False,-0.19538008675929341,0.3918063635731148,-0.05533922160113569,False,False
ANAPC7,-0.20577439139837594,0.014226454356726493,-0.04508543110806773,False,0.060669801374417784,0.953268494889062,0.015310895971093252,False,False
THAP3,-0.20576361893335077,0.014656009926570814,-0.04658832823909442,False,-0.31227273014464796,0.5751928549298045,-0.06680604848656113,True,False
NPHS1,-0.20560352908350266,0.011834200127779432,-0.04623783271419235,False,0.06516326262621909,0.969061878441121,0.0135837857891552,False,False
LRP8,-0.20554096254687185,0.041386768180512845,-0.043826193749581854,False,-0.7305878431496393,0.034915767456449615,-0.16307569829598645,True,True
PIGC,-0.2054954437351457,0.04940640076529812,-0.04577965915981341,False,0.045887506322706044,0.9457220836905977,0.01283676117323207,False,False
RTRAF,-0.20526622140162962,0.010706229291367244,-0.046415555195834735,False,0.3390364847282282,0.36828826073246884,0.0815902752747748,False,False
TRIT1,-0.2050260901855787,0.018535042355068865,-0.045690034886211706,False,-0.136521102256451,0.693567989574829,-0.030199443900786882,True,False
MS4A5,-0.20434246535439657,0.045247903968807325,-0.04604072401631942,False,-0.002426226588897054,0.969061878441121,-0.0004798918308557276,True,False
ALDH18A1,-0.20430163817795144,0.017670041751484906,-0.04736518810827217,False,-0.33660307443759474,0.18226302266808386,-0.07537805178558354,True,False
ITGA7,0.20422169913782925,0.007275461011372122,0.04427121386890054,False,-0.24939825951357905,0.5203352387532016,-0.06070101727688648,False,False
ALAS1,-0.20402518258256594,0.0253708956720029,-0.04609514619964905,False,-0.44103629874611555,0.10060618033459796,-0.10145115516052439,True,False
ZNF367,-0.2038511696394713,0.026932809995653548,-0.04451271441920923,False,0.2613631163238923,0.6275841180142411,0.0641019506676832,False,False
MFSD14A,-0.20363136842095275,0.025931657108671718,-0.0459598494762572,False,-0.5076134433510514,0.4540284577951309,-0.0986589233918389,True,False
KIF4A,0.2034631046854634,0.04642945070221325,0.04462300866609503,False,-0.04760619603595033,0.9885188970966955,-0.011857593416627843,False,False
NFKBIE,-0.20341178787202246,0.08290871113802584,-0.044716240522583384,False,0.11064631704438341,0.9585209435924174,0.022293123758510447,False,False
PPP2R5C,-0.20331046634380925,0.0043300014640588755,-0.04595329500293488,False,0.014469152950558046,0.9971759827335922,0.003345459003169182,False,False
TUT7,-0.2032763829822783,0.004633644562218114,-0.045693170145722384,False,0.7419330787627324,0.20672465869212917,0.16284697007446702,False,False
FBXL18,0.20302829803358605,0.009719902315114388,0.043817505077587526,False,0.02951082484716835,0.9554263042945813,0.006109079004746221,True,False
FAM219A,0.20269223351180304,0.015027414036413013,0.04333906491656059,False,0.4536319742891465,0.44205474809772205,0.10923423343772942,True,False
RAP1A,-0.20265018803623722,0.014062510034210227,-0.04668237646148388,False,-0.17851777191989765,0.9399573039600613,-0.039098448160482135,True,False
SMUG1,0.20234560033569352,0.029876233493289772,0.04492189896928522,False,-0.1107609225539574,0.9394891248969472,-0.02387677683530942,False,False
AP2A1,-0.2022176585109819,0.0253708956720029,-0.04436298141099737,False,-0.3628766906271982,0.4136662072995196,-0.09182242709150756,True,False
AP4S1,-0.20218738267999137,0.0253708956720029,-0.04400535522702853,False,0.2540853316385677,0.759098848292241,0.046333131918677495,False,False
FAM53A,-0.20217553208224676,0.08603483567030035,-0.04376885927163965,False,-0.07797165739912695,0.9117632390724111,-0.015943171320608407,True,False
CDC42SE1,-0.2020492836798687,0.04098790462467624,-0.04469533041116147,False,-0.3884941099745294,0.4136662072995196,-0.10483000946363408,True,False
INTS14,-0.20185445452733772,0.013633417708940717,-0.04734003465731185,False,0.09725456489199366,0.9394891248969472,0.02292289668922809,False,False
CYB5B,-0.20184897790349798,0.04921791228888145,-0.045457061996564185,False,-0.3448437724298341,0.6111445843897615,-0.071533790774855,True,False
NMNAT1,0.20181010715835485,0.03512158054469472,0.043508480309843556,False,-0.43923103453832324,0.4050239491648251,-0.10956015116869011,False,False
ADRM1,0.2017089249076678,0.01232273667389668,0.046467805638270576,False,0.7988595906502372,0.026679521039196047,0.17931236589174215,True,True
PTGER3,-0.20169021370862006,0.012360030218977715,-0.04485653487722008,False,-0.19121965938483862,0.7756341347950223,-0.046577699792035965,True,False
NAA30,0.2015272375964203,0.08371517705401602,0.044116311146754406,False,-0.08337384405781882,0.9491591074745542,-0.01837111288636617,False,False
ERP44,-0.20129906776462567,0.025782195565219396,-0.04635440840682126,False,0.041221001626108145,0.9457220836905977,0.009452328961907064,False,False
PRKCE,0.2010205870319334,0.043018824441077914,0.04480923123424052,False,-0.07814986166711879,0.8299519086898128,-0.016663869673465115,False,False
ISL1,0.20099937704639229,0.032834200199593544,0.04488959277307458,False,-0.2929447336121533,0.8307347795292304,-0.06149272843649545,False,False
PEX5,-0.20092263301116609,0.023671535822083402,-0.04357309538981902,False,-0.23968003896025047,0.7743064166613366,-0.0546655631579398,True,False
CENPU,-0.20085212442696954,0.02640880519057355,-0.04505665972667394,False,-0.3075891641088596,0.6639000036141762,-0.0769473074155993,True,False
SETD5,-0.20053167519787515,0.008191632177461869,-0.04392018271036324,False,0.4075083146431336,0.10805693663403974,0.1000528905471656,False,False
PDCL2,-0.2004864881581248,0.018763725846066476,-0.04353232028365994,False,-0.7174276505678896,0.24533242231667937,-0.1292685799123312,True,False
STEAP2,0.2002712070235007,0.01095737321435331,0.04637050962611866,False,0.40906111324770145,0.44581814578433504,0.08867523741520333,True,False
MAJIN,-0.20022541122881865,0.027686300319159488,-0.0440193437190084,False,-0.37428050237563404,0.6951890533246525,-0.07024668314530302,True,False
DAXX,-0.2001957536863705,0.11071734130645867,-0.04336306358276065,False,-0.022440985182383688,0.9492570453413814,-0.005694668156751348,True,False
CD1D,-0.19987750991715222,0.028633578911784568,-0.045625291792431355,False,-0.12453947261256611,0.9333216858671282,-0.029674190106519838,True,False
SELENOI,-0.1998120898681726,0.007191371941194153,-0.044136095485556304,False,-0.6109706160908308,0.13143482283057548,-0.12672325871757018,True,False
KIF20B,-0.1993948845884239,0.020286064474856123,-0.04458968163169086,False,0.39537925322053247,0.25708169509936213,0.10004082502850231,False,False
ARHGAP11A,-0.19935935539353913,0.022787037180087635,-0.045622850105214496,False,0.13819986911025847,0.8696264215881803,0.03175795630272216,False,False
RRAGC,0.1992617819686188,0.020605471738772706,0.042639041270070344,False,0.12839722026445013,0.9111890606746692,0.030414558199192143,True,False
E2F1,-0.19915656593428266,0.06377460092492279,-0.042598348306829514,False,0.017952677422640114,0.9524657579586072,0.004340132698906096,False,False
CCDC142,-0.19906739694881542,0.0072275201333981106,-0.04624671651766299,False,0.11108932558138768,0.8095883847114016,0.026775870914483413,False,False
ACOX1,0.1987483877036625,0.07406855230819448,0.043684354060713027,False,0.13686768376015992,0.6116848261127036,0.03181773096523255,True,False
NUCKS1,0.1984427191107184,0.03643743095341768,0.044371415667789016,False,-0.5076652359718327,0.5203352387532016,-0.10184545155544988,False,False
DPH2,-0.19840733196825203,0.04530904247914278,-0.044050589132729634,False,-0.18215545737369945,0.8010421126633535,-0.044461278997961706,True,False
SLC39A9,-0.19837486874859958,0.009854306733318594,-0.044746287794352746,False,-0.16519634151972012,0.7801756674092004,-0.034123507779771245,True,False
CFLAR,-0.19826531912400241,0.03227623329455979,-0.04402122718311663,False,0.14633333612749613,0.969061878441121,0.030898173038765187,False,False
MBTPS1,0.1981337125699644,0.03867810346719611,0.04474464699417258,False,-0.33407374846664306,0.43016469979259564,-0.08709885388096605,False,False
OXSM,-0.1979480275053684,0.011257102298739809,-0.04556305914576342,False,-0.14261975546181443,0.8646375622123744,-0.03379648871182539,True,False
C1orf74,-0.19793812652206816,0.051392648458748476,-0.042634497857800824,False,0.2845272926877053,0.6875523084459233,0.06390308518449128,False,False
RANBP1,-0.1979075426927296,0.04867905651031618,-0.044136026677167095,False,-0.06350389947594237,0.9729879770583523,-0.013943415445984542,True,False
CHCHD5,0.19790104054706595,0.033291007766729434,0.043165310479851726,False,0.6764806718029909,0.4037960379353352,0.16979950843110903,True,False
KRTAP19-3,-0.19771550833748375,0.04734726017356453,-0.04389166726614668,False,-0.42754891695208647,0.5774985369136711,-0.1109218282627058,True,False
UFSP2,0.197565254861406,0.043533474860630535,0.042843520801898016,False,-0.03322570182125019,0.9769596306717703,-0.007589166594079266,False,False
CDH5,-0.19738425849689523,0.05246963985720238,-0.04371590129594871,False,-0.4473277514873291,0.6240008253930956,-0.12369827105399267,True,False
DIRAS3,0.19722325501589957,0.005252492538397266,0.0424364864505824,False,-0.3675089472276651,0.7337534597077195,-0.08388533211321914,False,False
VKORC1L1,0.19714696269338944,0.02839880388474119,0.045093375307780015,False,-0.2552221770471487,0.6780264558702808,-0.05317840668854412,False,False
FOXA2,-0.19697332941422308,0.034019788024215195,-0.04393974128482281,False,0.4199112670338636,0.45134630971186673,0.07780184094511533,False,False
ANGPTL5,-0.1964705740483025,0.020974721998088128,-0.04392943396135163,False,-0.08583147929070416,0.942108700308315,-0.01725746697478403,True,False
ISG15,-0.19633058691104413,0.05705466922908759,-0.04313345528572121,False,-0.09604949281278193,0.9540751552404179,-0.019179560893070047,True,False
ODR4,0.19623863700227248,0.0423208014942646,0.04456423330578829,False,0.1707284159018803,0.786198245777268,0.037567289089031064,True,False
SSR2,0.19605960838888814,0.022757281412971925,0.04517322905476284,False,0.15884280528187447,0.7509341830566726,0.030722828542903535,True,False
SKA1,-0.19571348970218755,0.028891057090750384,-0.043600112449539985,False,0.05918570236350377,0.9124684712683028,0.013497360834502814,False,False
SUCO,0.1957040884780412,0.060309922326341664,0.044823582638439774,False,-0.009189184343700075,0.9842109838070073,-0.0019105567449271277,False,False
PTCD1,-0.1956639179739856,0.024992864109652846,-0.04441965929429781,False,-0.0002656960655039009,0.9183319620362148,-5.045474277753925e-05,True,False
LIG3,-0.1954573447017449,0.010814008619497661,-0.042824324523047075,False,0.4649188866060996,0.5117222784766464,0.09969234884137368,False,False
JUND,-0.19540139777989307,0.06272096795432579,-0.04381877278935953,False,0.128777989246305,0.9348963840891794,0.03110066795899602,False,False
BCAS3,0.19535545354091077,0.012758605310553861,0.04504241239709916,False,0.6389819794285063,0.4401404818176374,0.1426881756343068,True,False
HSPA13,0.19521248742736913,0.01106851131148642,0.044788068620228216,False,0.11251900751436272,0.786198245777268,0.024476834613848197,True,False
SEC22A,0.1951785824375369,0.059928195464797926,0.045583134877178466,False,0.17404062944759155,0.7743064166613366,0.04068917461305066,True,False
VPS37A,-0.19508429445193506,0.11671010509565016,-0.0446760967344666,False,0.007567779503537648,0.9202676571183757,0.0016946020248989058,False,False
PHF12,-0.19492184630840703,0.009192642765587324,-0.043879751469617645,False,-0.01418983814404141,0.8696264215881803,-0.002995220569713908,True,False
MEN1,-0.19487891915098712,0.03005402917821316,-0.04328362849291878,False,0.013374414363649669,0.9850030783320898,0.0029733980249107006,False,False
SPINK14,-0.19484222204407728,0.05282077026192594,-0.04415571717581557,False,0.19186123271913477,0.8404158788824715,0.03514169633902586,False,False
KRTAP9-9,-0.19457488480428942,0.02090949239857893,-0.044233317130784044,False,0.0917761202310837,0.9043560072638791,0.02326249334667896,False,False
MICB,-0.19452002355674425,0.015003776881226146,-0.04431109652526288,False,0.7163991785766619,0.22587319154810392,0.15789982850086304,False,False
CSTF2,-0.19435932492434657,0.06023240539835519,-0.04435996707851686,False,-0.3448313050957502,0.4037960379353352,-0.07399468983925139,True,False
ZKSCAN5,-0.1940263048875933,0.0596920744039732,-0.04400953937371632,False,-0.08901646531253017,0.9625287671405773,-0.01778547193488933,True,False
CDH24,-0.19393543126385787,0.05425408737682712,-0.04284629276747953,False,-0.29871426344196345,0.6240416325282755,-0.07191268457019806,True,False
H2BC5,0.19392212046660712,0.04959974819813267,0.04411986550714442,False,0.15110320776767378,0.9394891248969472,0.02945496443625384,True,False
KMT2E,-0.19380990897699088,0.02944371562058721,-0.04192190439682353,False,-0.3797825908879359,0.6780264558702808,-0.07682683592698503,True,False
COQ5,-0.1938023572150166,0.013721850746155055,-0.04499375983324061,False,-0.36664701046512055,0.4540284577951309,-0.07602142958869695,True,False
PPARG,0.1935390742024981,0.03466441479264515,0.04393069994490695,False,-0.3087404064723502,0.5203352387532016,-0.07065863864812094,False,False
AKIRIN1,-0.1931336367308311,0.06086505406012811,-0.043791859507932074,False,0.20969140034575434,0.5827628695416314,0.051850101773404766,False,False
SLC30A7,0.1930825025946882,0.024958333923821976,0.0407745858794577,False,0.002530882275196338,0.8696264215881803,0.0006729027113943076,True,False
FAM171B,0.19274335898059186,0.014203931017381538,0.043643655313744034,False,0.13989433390004494,0.8568601118917861,0.027938707754714187,True,False
ZNF780B,0.1926781965371522,0.03320278822272208,0.043606481134609076,False,0.3518404854829142,0.6875523084459233,0.08499854594304779,True,False
GET1,0.1925981385982971,0.06704488673810903,0.0425591733845927,False,-0.2724536061980857,0.49897989058645836,-0.05721196558744435,False,False
LDHA,0.192560879832558,0.04754208862350118,0.04314673724321327,False,-0.032268701103237464,0.9664047613901128,-0.006599696530132704,False,False
RBSN,0.1924596872537897,0.10222541921259401,0.04186441036851907,False,-0.29959662145282445,0.37350278348858074,-0.06618958296169453,False,False
CEP97,-0.19234632115473915,0.06377460092492279,-0.041585689935662806,False,-0.5292172910386895,0.4667905199714911,-0.12249556437083342,True,False
WDR26,0.19232919480186383,0.045970207596980873,0.042923185067905045,False,0.6859728699887205,0.10336114094997464,0.14809091943889463,True,False
ANKRD40,0.19232144134229828,0.01984238369616581,0.04199543981528997,False,0.07549904363098243,0.8696264215881803,0.01888065596552302,True,False
ADCY3,-0.19180881910606684,0.06400253409651831,-0.044432255203367355,False,-0.007780213755299881,0.961457497753504,-0.0020756822031922084,True,False
TAMALIN,-0.191796558680918,0.10091174597818307,-0.04149353336925721,False,0.04637957747128647,0.9090580802343772,0.010350947795833676,False,False
TMEM50B,0.1916999642699195,0.04104056583628866,0.04311162013146941,False,-0.25167190135216577,0.9348963840891794,-0.05342715834287226,False,False
GPR179,0.1914596598227117,0.04590832411080227,0.041761727346410815,False,0.30431851435211454,0.6748298202244923,0.08204685541394063,True,False
HOXC11,0.1913909801663303,0.040373251239176525,0.04429447532323216,False,0.5889887287261639,0.5488634097049258,0.13219044745485142,True,False
MORC2,-0.19124291340600577,0.030760403288377623,-0.0404635340338233,False,0.304569429247956,0.7092224045402226,0.08032797640818501,False,False
OR8A1,-0.1908925239901411,0.033723642164690835,-0.04286052033400445,False,-0.44447246733830903,0.6444321391614406,-0.09450834876410585,True,False
TRIM54,-0.1905682242047951,0.023989932386321005,-0.043581584776658744,False,-0.6462630508901608,0.31641235573904414,-0.13096483669303538,True,False
PREX1,-0.19053296964216443,0.017372307693991458,-0.0453673941791628,False,-0.02768155685476537,1.0,-0.008399432891130765,True,False
NANP,0.19050551915570063,0.02548549920333661,0.04314677628939023,False,0.24708418144309846,0.764852094494254,0.06655816711737028,True,False
KAT14,-0.1904855029782758,0.07319877867602721,-0.0420101341666026,False,-0.08049529428152867,0.9751268757009368,-0.017010774364352166,True,False
OR5T2,-0.19043859695541565,0.02760840315174712,-0.04176664033462707,False,-0.0024191237801670725,0.9209336194169772,-0.0005508028570622159,True,False
ACAD9,0.19038476445312993,0.04126988710346435,0.04037118840251264,False,0.08449153359498507,0.9043560072638791,0.020135322256907173,True,False
ZNF425,0.19016656155929665,0.05066905490590041,0.043422446356356836,False,-6.561451272688085e-05,0.9981408208678295,-1.4704553363387163e-05,False,False
KATNB1,-0.1899025081713124,0.0965107827286305,-0.04266326172902346,False,-0.07202782942594088,0.9117632390724111,-0.014665636821895589,True,False
SLC25A26,-0.18953584604050935,0.051465042702082624,-0.04060410249981139,False,-0.360877942137401,0.6130315863765501,-0.07951756535049803,True,False
NBN,-0.18951027431937378,0.07541081859232728,-0.04348275379536304,False,-0.21389815908019708,0.7733704372216915,-0.0404426202864725,True,False
SMAD6,0.1893670302699584,0.06400253409651831,0.03988492049212411,False,0.3713145546683955,0.6748298202244923,0.085296605484257,True,False
UFL1,-0.1892741404473097,0.016364603278140204,-0.0430173384525645,False,0.38935128892340676,0.31785639416561984,0.08601261572929797,False,False
TXNL1,-0.18925973120062844,0.03481727172557114,-0.04077818248849496,False,-0.1486629442279306,0.8696264215881803,-0.03683791255106872,True,False
ATG4D,-0.18923736404672695,0.028891057090750384,-0.0419874273876788,False,0.009424810161742453,0.9983010589614777,0.0021874442729217236,False,False
GML,-0.18911155751005565,0.01711710485273183,-0.043989029660599144,False,0.025577219260799526,0.9202676571183757,0.006420008402818311,False,False
ARFGEF1,-0.18910881767427884,0.04227046801756859,-0.04313019390115436,False,0.202247670789216,0.8847428439185684,0.04571085556927024,False,False
NWD1,-0.18909435348971879,0.16454911544284398,-0.04284067804826286,False,0.36892568326654057,0.5203352387532016,0.0735401951757435,False,False
TSPYL5,0.18909332100076492,0.06585835281612362,0.03960508546964281,False,0.3269745023314251,0.4825315876087894,0.06841314634072493,True,False
WDR44,0.18869460020866793,0.10334597463282218,0.04022550902050348,False,-0.17840900776861557,0.7149427287467444,-0.0425976109000068,False,False
RNF168,-0.18836103460118453,0.016285114194922002,-0.041666988992192344,False,0.29348138884088604,0.773072770338033,0.07574298383202915,False,False
CABIN1,-0.1879676752908502,0.052396064614303836,-0.0426288745043486,False,-0.189866415536221,0.7431210921516084,-0.04446407433058308,True,False
DMXL1,-0.18782886606305588,0.033628427441460204,-0.04118299090237976,False,-0.9262806348114039,0.011974301165233882,-0.18567084619088625,True,True
TSC1,-0.1865195249197825,0.01939053905780742,-0.043907450684162797,False,-0.44227176664526463,0.08500239148480658,-0.10363503386269457,True,False
DPP7,-0.18611635485924738,0.02296847010137249,-0.044192500941635515,False,0.13392861868085407,0.8951748636193857,0.02950484326681302,False,False
AGPAT2,0.18610182886521492,0.04675868701772857,0.043828210368800136,False,-0.36174289524331843,0.6657897264705382,-0.07874160168435296,False,False
UROD,0.186038734419547,0.0054236782517585345,0.04253794029486979,False,-0.25589867789888826,0.6400175635181079,-0.05547558675832587,False,False
CLPB,-0.18600244367888322,0.021169478873963702,-0.04107501816840475,False,-0.351594680766705,0.10063060596950164,-0.07968463801654568,True,False
ATP6V1C1,0.18576000546416294,0.008871647026738752,0.04198453558570936,False,-0.52886397658491,0.5203352387532016,-0.13394187702509974,False,False
GJA1,0.18575289984561133,0.06133025727092527,0.04121377495984557,False,0.02674130753735464,0.9997031687217337,0.0052499276503814585,True,False
SLC25A25,-0.18565159668570047,0.018790689478021396,-0.042010096505826766,False,-0.09436464351165366,0.9804557806975261,-0.019919400838934287,True,False
PSG4,0.1856337040106456,0.04946794679575394,0.040353017428220284,False,-0.15103628656636556,0.8601571325573372,-0.03343583799861083,False,False
SMPD4,-0.18555644761986598,0.09103740726172062,-0.04116574101080239,False,0.19257371309629162,0.794131809276218,0.042155877074246284,False,False
NFE2L1,0.18519851309875376,0.01947758836622853,0.04229212129169113,False,0.32169048094453545,0.5715869314697408,0.07836150255532637,True,False
PGM5,-0.1846840383862867,0.021458501697128086,-0.041068693095843045,False,-0.006216299225197212,0.9901879455962799,-0.0015323136000722215,True,False
PAXIP1,-0.18466594304657785,0.024880177609122638,-0.04018523401121854,False,-0.2786507042224657,0.2853548089759365,-0.060676982733429696,True,False
MRPS33,0.1845767936955761,0.026964724985922044,0.042240036095191336,False,-0.23488973122645895,0.6056826928196636,-0.054577410255728154,False,False
DROSHA,0.18455361850932497,0.0309482920851419,0.04040158667468319,False,0.07651930705077675,0.8782857774548279,0.01548167903499742,True,False
TADA2B,-0.18433696365825736,0.007660272632326736,-0.0411143257373654,False,-0.5517776764784562,0.0008305181203924021,-0.12412969380687322,True,True
FAR1,-0.18426875548080301,0.04967002340631341,-0.04031431114736872,False,-0.6127493809898236,0.2757652809942196,-0.11480300971844581,True,False
PAK2,-0.18407004951467923,0.031128727623739822,-0.04186134362550131,False,0.35856403826137834,0.11290637979231345,0.07914696184505932,False,False
CALCB,-0.18378267391377084,0.05756556505900511,-0.04095063456487491,False,-0.30240230923681444,0.794814326774865,-0.05818494784012085,True,False
GFM1,-0.18358580292397392,0.019210133439150446,-0.04269330173578201,False,-0.35605205456137784,0.701934950080043,-0.07808420653881054,True,False
MTERF3,-0.1835725418482611,0.09399040485319521,-0.04174306974099018,False,0.017212590761019084,0.989555959783218,0.003907694839423215,False,False
ATPAF2,-0.18344096367153084,0.02073053509049663,-0.041977358312392354,False,0.276375988371173,0.5488634097049258,0.06171406336698393,False,False
PF4,-0.1833502512901415,0.08530631318114186,-0.040786010672508866,False,0.19965123300861867,0.7828937475462114,0.05528812303839814,False,False
USP14,-0.18312055644456118,0.025716047980340592,-0.0427295875380187,False,0.012903022817183231,0.9647426162448133,0.0028301974621882664,False,False
RDM1,0.18309306956495536,0.07050301991423316,0.04055215043930982,False,0.9583539691212998,0.05485361942558086,0.2350093593466518,True,False
TIMM17A,0.182971388512072,0.04203278145486957,0.04137759180432621,False,-0.2042229335100051,0.7337534597077195,-0.04694139334902747,False,False
LRP4,0.18293786998070036,0.012199258486993844,0.04200137268380111,False,-0.07892616317745213,0.9997031687217337,-0.01607653733039971,False,False
SIMC1,-0.18275760300917535,0.044737936500714184,-0.04275387580025658,False,0.05979369923053603,0.8951748636193857,0.014858335129961375,False,False
VPS52,0.18274181423230848,0.05727247362371939,0.04127423615150061,False,-0.3295583705486439,0.18497907418230364,-0.07191231520259045,False,False
MLLT1,-0.182609338635943,0.11216505266165103,-0.04071416083471924,False,-0.9957176719289792,0.044022352828860675,-0.1939196248763384,True,False
MRPL40,0.18203825190119374,0.06393715489638116,0.038997567609953876,False,-0.047386792207691285,0.9393089000825757,-0.010616175274414275,False,False
PSTK,-0.18203257276742543,0.02171216010937266,-0.04029688954557287,False,-0.1819697074980766,0.8943885700439376,-0.04525277873612765,True,False
CNIH2,0.1814953691407079,0.0619775422176944,0.04006424905758088,False,-0.008361475907862839,0.9357020149090105,-0.0018468321666018639,False,False
ANKMY2,0.18134054047352513,0.012650307697171534,0.03908959778944521,False,0.33572720735495126,0.568360565193859,0.06468904660012775,True,False
UFM1,-0.18089215553044408,0.035269868088653025,-0.040414539716837616,False,0.3114253725886636,0.37646972836626613,0.07477246545173699,False,False
RIMKLB,0.18081260658362291,0.055107912140790145,0.041953137131236495,False,-0.23340241810203552,0.8517690818410698,-0.046753146940745616,False,False
TM9SF4,0.1807055486876458,0.04290557009923837,0.0386420415373081,False,-0.09959122591570925,0.9471288736778624,-0.02299476865681882,False,False
PDE12,-0.18061886587177806,0.054036595179687175,-0.03839365086742852,False,0.3172561567923821,0.6116848261127036,0.062330659001029076,False,False
HNRNPA2B1,-0.18041981362785167,0.06377460092492279,-0.0399830980495004,False,-0.07399121087712303,0.8557624591588784,-0.016304343151351652,True,False
LIN28B,-0.18025793039383445,0.05809002568493247,-0.040130559722128645,False,-0.15117722992198684,0.8524138457982484,-0.032431567141708584,True,False
TSACC,-0.17999427181340968,0.031034190028385547,-0.04156953646288919,False,-0.46544239411874133,0.5348696207828504,-0.09471387457129232,True,False
EMC6,0.17998883403931468,0.06473882619917815,0.03952277557758421,False,-0.16169994543923705,0.6026268297538672,-0.03889102982234416,False,False
COX6A2,-0.17985980171447077,0.027686300319159488,-0.040456327357025756,False,0.06058539107734841,0.8671290025705851,0.011971885939295213,False,False
TASP1,-0.17949674175117525,0.058765151067612556,-0.039903570206864636,False,-0.10271376566966221,0.9394891248969472,-0.01923123157977713,True,False
H2BC3,-0.17936421139532685,0.00980258608228394,-0.041376969253217766,False,0.07515456260891554,0.8010421126633535,0.017143654648200446,False,False
GAL3ST4,-0.1793260844527148,0.04590832411080227,-0.040671458490579404,False,-0.04861658901671054,0.8577831632791869,-0.01291896334137732,True,False
USP32,0.17904696460877298,0.04144349523436883,0.041170270334612624,False,-0.3991190309689941,0.4098909705706184,-0.08495840318065628,False,False
FKBP8,-0.17889448082836776,0.05698543600431853,-0.03854697512635408,False,0.1904148542207769,0.7057311152344317,0.04757396881572795,False,False
MEAF6,-0.1788440885815467,0.0439645386907465,-0.039552734140794854,False,0.034663494832061166,0.9900445601119506,0.006913276925669898,False,False
STOML2,-0.17859981830544946,0.039284771689592095,-0.040840064087248606,False,0.03869795383872519,0.8506325134869246,0.009127679651119713,False,False
GTSE1,-0.17846334042417328,0.07629569081571398,-0.0392298804723632,False,-0.07626461091658013,0.9313394490811895,-0.017874777542634668,True,False
CUL7,0.17825244071136012,0.06440536658219118,0.04035372597600517,False,0.13622841968701122,0.8517690818410698,0.02821438064238624,True,False
COMMD8,-0.1782352350986373,0.074356277412644,-0.04000619111089243,False,0.1286146159379951,0.8325701286238425,0.02824282080132523,False,False
TOMM7,0.17815728943704878,0.03571792434843867,0.0404768784938172,False,0.04244803342108578,0.9885188970966955,0.00834897913432986,True,False
ZP3,0.17813700946243102,0.08179000130759864,0.040927054815186104,False,0.12503117047659065,0.921405383565927,0.031299092757683944,True,False
EXOC8,-0.17785967468121783,0.08101162764453616,-0.039683972092128705,False,0.05833724563263518,0.8484657113806351,0.012962940634608344,False,False
MAF,0.17778946238731333,0.03863141692886624,0.03835019381913796,False,-0.3676624656252857,0.782582950039966,-0.07014204578425165,False,False
PARL,-0.17750293616270874,0.06523894834677227,-0.03988059391488186,False,0.01915515824616016,0.9987484330926953,0.004681858417511897,False,False
TIPARP,0.1774773197820996,0.058467043604640376,0.04031264769497955,False,-0.036373859200003085,0.9239072930546601,-0.007659488377924184,False,False
TMEM184C,0.17744315742501315,0.05712880655549261,0.03780444319516896,False,0.17626603441518757,0.7908658063456112,0.033464766490823195,True,False
PHGR1,-0.17734922532881636,0.04408396986751956,-0.040179690129517276,False,-0.158874420685393,0.8568601118917861,-0.03663935006049002,True,False
CIZ1,-0.17718747986872266,0.031902058447089765,-0.038759958344762424,False,0.058165866804525304,0.9394891248969472,0.015358778862349709,False,False
EFR3B,0.17706999612651947,0.039848042548033376,0.03862516880681621,False,-0.14897452137829112,0.9720235403413181,-0.02954940204171752,False,False
SQLE,-0.17665294789737365,0.03462183127766142,-0.04014724188878205,False,-0.11935465441015848,0.5112998437838814,-0.030380933823179745,True,False
CEBPA,-0.17633870705099586,0.016551941082000875,-0.04249931458643008,False,-1.0993090942244512,0.007676243052386313,-0.22446383575205342,True,True
NABP2,0.17628972203353027,0.09378372414576287,0.03929386638135579,False,-0.09613372255566373,0.8390124930153559,-0.026643492264725843,False,False
PPOX,-0.17626853900989542,0.0938870199129613,-0.03867822131915677,False,-0.6433229192559793,0.20399201331064956,-0.1403478455642091,True,False
FLYWCH1,-0.17611970250923922,0.1513846655419876,-0.03770747582091083,False,0.6841340365141718,0.3604653670309728,0.13201648520416231,False,False
PDPK1,-0.17604442078141422,0.011125015444639768,-0.040437490387414066,False,-0.4399387245409323,0.5037423541462556,-0.11024108313395509,True,False
MCAT,-0.175562868449773,0.05039670770529807,-0.040533274490913485,False,-0.4052128568487389,0.37350278348858074,-0.08888486207640689,True,False
IFT57,-0.17548018727401316,0.17431436128737635,-0.03776603094287001,False,-0.02933708670268845,0.9885188970966955,-0.00668317610657887,True,False
MCRIP2,-0.1749739162719101,0.021555601605707977,-0.03886396254635205,False,-0.22500025136630183,0.7812176289815335,-0.050675584054716616,True,False
CNTROB,-0.17481469842639746,0.031458723112613544,-0.03969382369351404,False,0.30556555343352754,0.7084079970816324,0.08003608415548591,False,False
RAD1,0.1746975115697749,0.062380371079169376,0.03781628142881921,False,-0.35958669410721944,0.5557369024423001,-0.08608886672833549,False,False
ZSWIM7,-0.1746828936724929,0.06800866237146402,-0.03953999419653442,False,0.25245493538158015,0.9593530954649296,0.07257219785107782,False,False
AGL,-0.17435225459576048,0.030406836971411732,-0.038324979287052585,False,-0.22022664024675412,0.7417926549120735,-0.04554161666929435,True,False
MTMR6,-0.17429315072759494,0.16864044700490635,-0.038472538166275605,False,0.43433847306673473,0.5037423541462556,0.10375460792323388,False,False
TSGA10IP,-0.17426260862267645,0.02395437303190819,-0.037948864227952406,False,-0.023507984454144783,0.9921674327823036,-0.004871966961503382,True,False
GRSF1,-0.17425560457265618,0.02506436757763807,-0.038932630992276174,False,-0.17880504598662622,0.7823733360290571,-0.04301474738736655,True,False
FOXF1,0.17423471295192766,0.029661992327461868,0.037903141393978323,False,0.47316144134216886,0.467017104050386,0.09835795617606724,True,False
CHM,0.17412557480747365,0.020699207490815285,0.04023938883939948,False,-0.21577094311491307,0.7504486456191389,-0.054769448849683045,False,False
RBM23,-0.17406826784708498,0.03681809889099817,-0.0383210078992402,False,0.19031956307363637,0.8727895720132619,0.04172823991538088,False,False
KDM1A,-0.17386474756711479,0.0798095528371301,-0.03822843110287799,False,-0.3767209305427218,0.14289957644736534,-0.08601958391867726,True,False
PPP3CB,-0.17384426550426121,0.029876233493289772,-0.03953119038463715,False,-0.13088310348205867,0.9255607508398962,-0.025126624463175595,True,False
SLC22A17,0.1734193464539224,0.049943387351942044,0.03605555167950403,False,-0.19333502429745247,0.6116848261127036,-0.04602234486525614,False,False
KDSR,0.1730541840297202,0.048367699152211334,0.04006469309712113,False,-0.19628150240036507,0.7337534597077195,-0.04966955550957497,False,False
LDLR,0.17301722256402613,0.1520493835422078,0.040317502984960285,False,0.3899133075338877,0.29580952231163354,0.09722281128369303,True,False
PRADC1,-0.17301360203833122,0.04048086275750104,-0.036857014317924985,False,-0.026291329447119857,0.9981408208678295,-0.006113246363645963,True,False
SPG21,0.1727715608624938,0.054734911048704746,0.03846344025909243,False,0.044908558426650834,0.9298178007725,0.009125030388524635,True,False
FUS,-0.1725781908356801,0.10748688257561298,-0.0387507938171483,False,-0.1572222377612697,0.8696264215881803,-0.030106664990987575,True,False
ZBTB12,-0.17251078802323877,0.022934225533438136,-0.0398124573275771,False,0.011365627168734708,0.9117632390724111,0.002660282565560834,False,False
POT1,-0.17216614487201504,0.06287606266380152,-0.03881676549775026,False,-0.5485019827211467,0.13261607800665484,-0.1530172947368369,True,False
STK35,-0.17213640825788584,0.059610193485126174,-0.03669193382733482,False,-0.5367861103527446,0.5154266251425826,-0.11365784434008042,True,False
INHBE,-0.17209593435574175,0.028558608749105572,-0.03723983711840173,False,0.24703072372970045,0.6657897264705382,0.05840939349807339,False,False
MRPL1,-0.17152289045073843,0.08949658226048367,-0.038061940277866135,False,0.13372711331204576,0.7908658063456112,0.03294832496374944,False,False
DPM1,0.17117354457896644,0.03333817956188781,0.03917244657663055,False,0.1241200160429686,0.8727895720132619,0.02763851806051676,True,False
FBXL5,0.17087157476649537,0.04747843876507866,0.038132551799901826,False,0.06135082316601834,0.9647426162448133,0.013409185505187438,True,False
ASH1L,-0.17066421756432743,0.03141382917568732,-0.03789870795643058,False,0.14575780385600506,0.8696264215881803,0.03866785617724311,False,False
DOLPP1,-0.17038159297954508,0.04519075939322821,-0.0356233784627662,False,-0.034449310119856275,0.9719390228450419,-0.008114273503913694,True,False
ZNF486,-0.170058642233007,0.025822467403040752,-0.03839308169529598,False,0.05083038626502629,0.9982945424296993,0.012091160324369632,False,False
HMGCS1,-0.17005369030539247,0.04408396986751956,-0.03691148615441442,False,0.07159896859124917,0.9664047613901128,0.0156901950314019,False,False
OR2C3,-0.17003279327174184,0.06071402949004727,-0.04050294738868576,False,0.1533208660012216,0.9394891248969472,0.036915156352645084,False,False
NDUFB11,-0.1696639012343614,0.11071734130645867,-0.03721150848691579,False,0.11386444986369634,0.8727895720132619,0.028382079900185708,False,False
CMC1,-0.1692218276610479,0.15069913157692513,-0.03710719210979274,False,-0.01375800507380802,0.8655406624502175,-0.0034339237672389444,True,False
PPP2R1A,0.1690101116450995,0.12190171115960764,0.03730265025901591,False,0.5367814065621275,0.19054938315335035,0.11182987318599213,True,False
HLA-A,-0.1689318585095221,0.13328144198495653,-0.03938433156032328,False,-0.9395895431716237,0.09320176619474252,-0.19950615212330813,True,False
ST13,-0.1689204045418132,0.07494060545801919,-0.03802007570996757,False,0.11572536165141013,0.9394891248969472,0.021955500609672995,False,False
PTOV1,0.1686948518010478,0.11885570402904086,0.03777246042389493,False,-0.295845624966822,0.759098848292241,-0.05943996390814377,False,False
MPDU1,0.16865958610560786,0.09184152988324268,0.036081681737957894,False,0.011521816076878749,0.9980652310323461,0.0024886807852775306,True,False
MTFMT,-0.16852609292497178,0.08808906912663712,-0.03900104634000634,False,-0.08088410179023317,0.8923649564883841,-0.019180961524038587,True,False
HSD17B12,-0.16849463445731275,0.14121732810790744,-0.0377785139993021,False,-0.4679916762390043,0.5567793208298286,-0.10842672520472796,True,False
OPA1,-0.16836060351523488,0.056156901223028036,-0.03738777927666348,False,0.09812897065914537,0.9183940882588234,0.02226138034608116,False,False
FOXK1,-0.16831137854555417,0.06133025727092527,-0.03704762021968122,False,-0.019712235874589125,0.88166717780881,-0.004706856575284135,True,False
CBLL1,-0.1682466947184033,0.037471935318894214,-0.037638339828763634,False,0.02990639452814162,0.8294739287575662,0.007786578467178451,False,False
HES1,0.16818978828300682,0.09184152988324268,0.03705193335699253,True,-0.7751173375286835,0.1958506028546682,-0.15065250556279075,False,False
ACOT4,0.1678707882667439,0.10813895314917492,0.03784415838993205,False,0.00019649674114761417,0.9885188970966955,4.3657092594351354e-05,True,False
SOS1,-0.1678120327474509,0.0660978090326243,-0.03644485799766173,False,0.05527471862016081,0.8671290025705851,0.012240632635126758,False,False
TCF12,-0.1677598529176232,0.07659042880040959,-0.03755802399541874,False,-0.8365867263080222,0.09146179119467002,-0.19212916545422498,True,False
WDR73,0.16769446432924814,0.03181124681398346,0.03948604411764034,False,0.29972830140391843,0.6421265502766789,0.056390885272714186,True,False
ALG8,-0.16712954333367352,0.1690130210567954,-0.03730984515944957,False,-0.25702324044136055,0.511841262806177,-0.051786422407285926,True,False
OST4,0.16697381402207792,0.12220238014605168,0.03617651240999109,False,0.13129653800288088,0.8737404545042098,0.028317351867799267,True,False
CXCL2,0.16660342557647678,0.022260653753058107,0.03702771662528992,True,-0.13644776486609142,0.8951748636193857,-0.03170625372094449,False,False
PEX1,-0.1665735975289347,0.03176878792991781,-0.03644938620957916,False,-0.18165813514225682,0.8696264215881803,-0.04780642485499875,True,False
LGI1,-0.1664088814455337,0.026208878736867128,-0.03620073302099769,False,0.05215886335749913,0.8805555526835747,0.013682825095788331,False,False
XRCC4,-0.16625100362631423,0.08766119265680479,-0.03676954288266465,False,-0.14055019607058755,0.6748298202244923,-0.03096663695794888,True,False
RPP38,-0.16611351142438938,0.03666104803817072,-0.037341306129737184,False,-0.18457361436013878,0.8552895284958523,-0.047419564040328765,True,False
NIT2,-0.16597038508922088,0.15057407385415741,-0.03528320874882329,False,-0.035138229006933225,0.9976032967129866,-0.006323201671246892,True,False
TTC14,-0.16593652556932836,0.08734666805845304,-0.037556578805071794,False,-0.22561744041668919,0.6630816974912407,-0.05098205297492697,True,False
SCAF1,-0.1654290187827167,0.0851967259261065,-0.03653606564447465,False,0.12980318957204112,0.9332174659957284,0.03046314911030379,False,False
HAPSTR1,-0.16541851062331742,0.0423208014942646,-0.037061542913556345,False,0.03492907964760771,0.9901887421975374,0.007955947486021131,False,False
GLUL,-0.16532927460487423,0.05359464371096722,-0.037647085428157645,False,-0.09569137242393935,0.9997031687217337,-0.024441969928553853,True,False
CHST8,0.16512567333017308,0.13698785344592462,0.03631463334366991,False,-0.1082934455488994,0.9471288736778624,-0.02443143587922414,False,False
GAPVD1,-0.16461923334019074,0.026846871637857393,-0.03707705835573272,False,-0.799947849626977,0.14178119188232924,-0.1655361819309089,True,False
HMGN1,-0.16448241304462688,0.044195977350892326,-0.03648201269005025,False,-0.019689714073622747,0.9850030783320898,-0.004441436133019394,True,False
IMPDH1,0.1643817058576881,0.0692438181398395,0.03703286543164808,False,-0.08477605598488765,0.7353805893492671,-0.01996849190533556,False,False
ZBTB7A,-0.1643543238589503,0.041667404842956765,-0.03811795594556333,False,0.051452520284529964,0.9442127269005137,0.01239334277206705,False,False
ZNF469,0.16428193383920917,0.0423208014942646,0.03599438501109198,False,0.016620740133087248,0.9879972952090303,0.003366297317952238,True,False
TM9SF2,0.1636254725058215,0.03507539672596799,0.03799977855203007,False,0.02101144067971736,0.9941060569253521,0.004848828391980753,True,False
CISD2,-0.16358689399163912,0.11454951643099898,-0.03580511284489152,False,-0.4367706634980394,0.4847922750573854,-0.09502967012561392,True,False
CMIP,-0.16338029372110963,0.09791712637586368,-0.03402270501058613,False,-0.4240588296270624,0.16126640241321538,-0.09220015097585499,True,False
MRPS2,-0.16326604439035577,0.027855396055281836,-0.03700249980085779,False,-0.10991814289293705,0.8245046133852353,-0.02199884422053433,True,False
TSPAN31,0.1630712803895944,0.11734115891742765,0.0350829543471507,False,0.35159103930432856,0.6116848261127036,0.07591967727351445,True,False
RBM47,0.16298955287980182,0.21668784005912872,0.037142725941391674,False,0.032066563952559114,0.8299519086898128,0.00785591833664867,True,False
HDAC7,-0.16284500007565247,0.056773340368172935,-0.03615107115518512,False,-0.5158888843709315,0.4559075698358311,-0.08218880133165651,True,False
SLC25A46,-0.1628074095363107,0.1156258856600735,-0.036362867715664215,False,0.4570618104563156,0.5842531871539084,0.12901480818136513,False,False
SPEF1,-0.16273947504632277,0.14942642007561371,-0.035790192563229795,False,0.012568620788254003,0.9255607508398962,0.002375636291650274,False,False
MEIOC,-0.1626460235146633,0.08444649279349485,-0.03705327129304781,False,0.2536399755547955,0.6358077687656732,0.05535179665602019,False,False
SLC38A1,-0.16253404667572388,0.020475247618662595,-0.037217779361558456,False,-0.569599027772039,0.19054938315335035,-0.11707139539137223,True,False
JTB,-0.16248809053140215,0.048432341356571804,-0.036577097128084546,False,0.05007348070068437,0.887474497563114,0.012019401348097425,False,False
EIF4EBP1,0.16217194104622712,0.015604626345259963,0.036740121620270294,False,-0.013199869692446424,0.9593530954649296,-0.0029984279381611856,False,False
AGR3,-0.16205432705065204,0.03933905855514667,-0.037315760399669884,False,-0.03041005948426331,0.9524657579586072,-0.006613100668021232,True,False
OR10T2,-0.16204476896604744,0.05631287395729739,-0.036263512710525525,False,0.16226558116706657,0.6748298202244923,0.04037607145289446,False,False
PEX26,-0.16198316862969242,0.04779327483193708,-0.03668530406922521,False,-0.1824429835686005,0.8557624591588784,-0.045816570276961954,True,False
MSL1,-0.1616370633047593,0.018656210807113244,-0.03635182226120026,False,0.1438911554301031,0.867187700886718,0.029568725450338285,False,False
RFFL,-0.1612786880897467,0.039793162795232144,-0.03601537442763547,False,-0.15313608822776084,0.6398752538595558,-0.0359082059358915,True,False
DTX2,-0.16118265521519926,0.037471935318894214,-0.036128925598231554,False,0.11723135989218986,0.8083818787311677,0.024536015200996353,False,False
ZEB2,-0.16087068732630821,0.18763660159673412,-0.03721017377383884,False,-0.25465164823857084,0.8041718398695444,-0.05694133203302254,True,False
MRM2,-0.16084003598928706,0.1502323931318657,-0.03740222161284912,False,-0.1589992026375631,0.9442127269005137,-0.032741294583981784,True,False
FAM133A,0.1608223351108235,0.06079716078890327,0.03453529743541406,False,-0.3302322449840927,0.7366115279528247,-0.05874679603469257,False,False
DMAC2,-0.160416596640296,0.07059117409736591,-0.035819847883953315,False,-0.40716762185032873,0.5100121356296136,-0.11345535054432343,True,False
DNAJC11,-0.16034388861216395,0.14738659788406605,-0.03700897368415035,False,-0.2266900650480631,0.6056826928196636,-0.05237249850870196,True,False
PIK3CB,0.15998095032652904,0.06568635165653858,0.035798667652264804,False,0.5482854529369979,0.07060591435070031,0.12612991946766172,True,False
EIF4E2,0.15990430268610595,0.10761874971690547,0.03523026978505506,False,-0.22418187194959846,0.511513147936573,-0.05203508350597286,False,False
DGCR6L,0.15988565339987676,0.028226870135681887,0.035948366087469985,False,0.047176103730112245,0.656056123614831,0.011820725214785277,True,False
SIVA1,-0.15982328695701906,0.09961136508792343,-0.03490219053419885,False,0.060045661933779776,0.9588458431102604,0.01382607127211255,False,False
KGD4,-0.15940223287081215,0.08808906912663712,-0.03533911589096306,False,-0.4610952200550601,0.2836102237536211,-0.11008498342816075,True,False
EXTL2,0.1592895785099756,0.01775201328668214,0.036067194420812854,False,0.37121281735781847,0.5037423541462556,0.08866440213051252,True,False
TRMT61B,-0.1592112353775831,0.05801976267980737,-0.0349630352995991,False,0.09165261815490186,0.7570301030956658,0.023032579227687755,False,False
MITD1,-0.1587846453226674,0.1363734706844231,-0.035411357574822944,False,-0.4096414106767137,0.5348696207828504,-0.08914748538229222,True,False
FOXN4,-0.1587277401609577,0.06634899625692618,-0.03551474474365701,False,-0.17210414510699779,0.7496188772384189,-0.04151361552081223,True,False
CCDC184,-0.158714274244617,0.05309945214291952,-0.03618726073208389,False,0.37303024492737397,0.6490507067879975,0.0836781677138676,False,False
CILP2,-0.15867877259555593,0.0601600274502925,-0.036948591626998706,False,-0.29962631162253456,0.5856078416906805,-0.07517869051527981,True,False
PTTG1,0.15864696040368384,0.09791712637586368,0.03549462368438494,False,-0.1173487708680178,0.9015108566114233,-0.025477781074455308,False,False
EPS15L1,-0.1586397003296489,0.03512158054469472,-0.0352846055886431,False,-0.4377596817198992,0.39193543175905476,-0.09847322350492593,True,False
TENT4B,-0.15844371971359839,0.03901428513399989,-0.03421258363314905,False,-0.16994753218416578,0.8299519086898128,-0.0411172159834976,True,False
SPDEF,-0.15839269061273836,0.0343120182959676,-0.03658072824913461,False,1.6478886949709577,0.00016305267407172567,0.39796387003084455,False,True
ZDHHC24,0.1581938325901962,0.08860302321996076,0.03504526012438802,False,-0.031599590041960585,0.8484657113806351,-0.008025734839142373,False,False
POLR1E,-0.15781594653131625,0.050812213757256544,-0.03632961777281807,False,0.23776864010254836,0.7970370125005288,0.046782920025128405,False,False
IL1A,-0.15715378934489715,0.124888512734338,-0.03308895774172704,False,0.09509754782557671,0.9394891248969472,0.026612250020773942,False,False
TDP2,-0.15675621085519428,0.05359464371096722,-0.0348486332938327,False,-0.15993703265191775,0.8072735917154841,-0.034421485692905485,True,False
DIAPH3,0.15650905811109464,0.04094249655618331,0.03521475418825126,False,0.24018931469091934,0.5581580351050326,0.058369046292069626,True,False
GPR61,-0.15642095198269848,0.08689356436440811,-0.03518253804331728,False,0.3442557362048099,0.786198245777268,0.0788697439099586,False,False
ATP1B3,-0.15638746918052046,0.12420731432835559,-0.03362857981089373,False,-0.3562878736313508,0.20967535855383776,-0.08326694558670766,True,False
KRTAP5-3,-0.15636934650544432,0.044195977350892326,-0.03440120880932884,False,-0.567632433714638,0.2306752577123717,-0.1096669157699397,True,False
BIRC2,0.15617528872951533,0.040882753135271926,0.03419516376030707,False,0.088594340401699,0.9885188970966955,0.02117584100582004,True,False
PPP1CB,0.15605350162415502,0.10021749731496984,0.033443960833041686,False,-0.35697646609521183,0.6165976689769507,-0.08365224149516681,False,False
VOPP1,-0.15580245777177673,0.1800329735540929,-0.034465685717223415,False,-0.3170276420884622,0.7757572410661863,-0.08410977701947608,True,False
IDH3A,0.15540366915286666,0.24266550230778505,0.033851459242876025,False,-0.12093078540722062,0.9015108566114233,-0.027255670327706483,False,False
ACTR3,-0.15522750056412818,0.13371851736605528,-0.03488174192206017,False,0.04308054487352723,0.9879972952090303,0.008713897919188085,False,False
C1QTNF1,-0.15518561127763997,0.21332549432664516,-0.03484013384297757,False,-0.28900620388009607,0.7888978640575428,-0.06151410002844315,True,False
PAPOLA,-0.15517225993144834,0.007493825206036059,-0.03446207787347255,False,-0.19765384890558002,0.5348696207828504,-0.04803336331852215,True,False
PPP4R2,-0.15512618125574015,0.05288129810392035,-0.03496475367720553,False,0.2306457502814607,0.8404158788824715,0.0543569545689877,False,False
KLHL12,-0.15508281460723763,0.054396398738624376,-0.0340080232608706,False,0.6467984927234934,0.14966065842937776,0.14140456965596648,False,False
FEM1B,0.15495390022255653,0.17027056823983347,0.03417412795341601,False,0.03106374657709854,0.969061878441121,0.007840136080258908,True,False
FOXA1,0.1549388730004814,0.21689523573040514,0.03492375150436189,False,0.7335381062286987,0.020621292186061176,0.18668738230579418,True,False
PIGP,-0.15486048566064428,0.08603483567030035,-0.037196477201727696,False,0.06283737682579413,0.9450354974109463,0.01264963905956229,False,False
GATAD1,0.15463975060209437,0.06560321901125055,0.033679197309210096,False,-0.3310702205445486,0.5016958888005159,-0.08212804441080124,False,False
WASHC4,-0.15435779875490832,0.09127601560859729,-0.033488198823897974,False,-0.9615687846527395,0.026679521039196047,-0.1861621104613338,True,False
LCMT1,0.15410725098142133,0.29183763310068517,0.03552956311788513,False,0.03643998431062313,0.8010421126633535,0.007981764808303815,True,False
SLC30A9,0.15386431668548456,0.16276604925741656,0.033886238049347206,False,-0.14613927287293174,0.8245046133852353,-0.03437108691284951,False,False
ENSA,-0.15381863090410658,0.08818739999582147,-0.03448781874320073,False,-0.06679311096711774,0.8812363037750683,-0.014247699438702632,True,False
DHFR2,-0.15379080086231148,0.09688215412182477,-0.033990477483422765,False,-0.2023429787524532,0.8044635778226609,-0.04136197700633382,True,False
BRIP1,-0.15346810743398942,0.071673728527149,-0.03424983805261039,False,-0.13297675295263847,0.9885188970966955,-0.03263573545701082,True,False
ITPK1,0.15305166493468195,0.11085231669984229,0.03351673695794144,False,-0.3223313084585541,0.628468181405499,-0.08011536747194459,False,False
MRPS10,0.15296092702572167,0.12741972951446173,0.03416920095229958,False,0.07854581694124974,0.8671290025705851,0.018140381718695586,True,False
ZNF593,-0.15258492303653193,0.10176015252149445,-0.035473925150331986,False,0.18065159906829462,0.7812176289815335,0.0439731696176171,False,False
PCED1B,-0.1525789683398555,0.08290871113802584,-0.03465225379036241,False,0.270698172191342,0.6490507067879975,0.06645237546401361,False,False
YPEL3,-0.15229567730731988,0.03522665864643937,-0.0342676553322816,False,0.03884412262719364,0.9980652310323461,0.00790660716912317,False,False
AK4,0.15228083339010395,0.14636847261801122,0.03278890359413733,False,0.5743876897282195,0.3612543282867223,0.10638515294631201,True,False
PAIP1,0.15185538113510283,0.11295849922959568,0.035122767218749296,False,-0.3731051276298611,0.8404158788824715,-0.0776594439747802,False,False
SLC25A5,-0.15180745644108973,0.038089500353266546,-0.03180788107669574,False,-0.7338689900573182,0.3271362639246661,-0.1668519264918107,True,False
ELMO2,0.15149363395869417,0.07339267636921831,0.03500108365552812,False,0.5099184533783254,0.02220120123215865,0.10697761549969442,True,False
KMT2C,-0.1509750928906161,0.04203278145486957,-0.03444872872425364,False,-0.1237407692787583,0.8737404545042098,-0.027973437187807093,True,False
AZGP1,0.15060519721095783,0.2704758289503198,0.034525079693463745,False,-0.1966009686807103,0.969061878441121,-0.04156232542612326,False,False
FAM120A,0.15028620518554137,0.21146965220954658,0.03292814866837901,False,0.22691365580674117,0.8404158788824715,0.03686958472871282,True,False
RAB42,0.15021078272306798,0.009152501855558517,0.03294032874935038,False,-0.1767447534830831,0.9824000219929185,-0.0356580133666764,False,False
ATP7A,0.1500951137272882,0.0958634936913209,0.03415197706459416,False,-0.30229075521163146,0.6160879025411407,-0.06174857316890758,False,False
ISYNA1,0.14923275348538884,0.10115472663121013,0.033909341340247146,False,0.299998236010743,0.7478541025578261,0.0644922520602389,True,False
TEX101,-0.14897393871861694,0.08179000130759864,-0.032669393585885054,False,0.12134234239925466,0.8946325873986991,0.025435359470692198,False,False
TMEM208,0.14868177945431563,0.11165610291301055,0.0330638545641051,False,-0.6288975215479983,0.11102213524772221,-0.1474615635190526,False,False
EMC7,0.14842699727422104,0.028675047599726177,0.03279462406564004,False,0.48917329068586274,0.4609291332278328,0.10444873722279446,True,False
SLC4A7,0.14818663036770433,0.11071734130645867,0.032928562356927316,False,-0.28641462786601685,0.45134630971186673,-0.06861670784440399,False,False
NFKB2,-0.1474260638330805,0.054396398738624376,-0.03201241878928851,False,-0.5182442855657906,0.2667396924340406,-0.10744360687578158,True,False
CFAP144,-0.14741783747561524,0.19205222358083968,-0.03192715849288863,False,-0.43553156245046126,0.6240378886190606,-0.09604236456806703,True,False
CCNL2,-0.14737026412511856,0.13772162332181806,-0.03262428871592249,False,0.02037047808429017,0.9648453036652097,0.005814382718075883,False,False
CNOT4,-0.14699103012082732,0.061734801846241555,-0.032580187154582774,False,-0.43913014404150974,0.09029905508063965,-0.11831260523062692,True,False
UNC50,0.14689333574585903,0.119417835184017,0.03230850966020338,False,0.34442086915085784,0.6779742595551113,0.0769126638446247,True,False
TMEM165,0.14662835442957703,0.16289809990366372,0.03314067792651709,False,-0.0739169099220165,0.9540751552404179,-0.016003207620836513,False,False
PLA2G4D,-0.14654504879418395,0.0965107827286305,-0.033374569451217084,False,-0.24501200780520122,0.8696264215881803,-0.05329420773751181,True,False
PCBD2,-0.14646806603960963,0.07067941761436702,-0.03275115216529212,False,0.40411052013735227,0.6116848261127036,0.07710675921067889,False,False
AAAS,-0.14624586035292028,0.05931855818651017,-0.03218574954173281,False,0.0931482949039957,0.8765369090360261,0.022814324950029885,False,False
ARF1,0.14616824075050627,0.1247598172275738,0.033613376191524935,False,-0.198683727689702,0.7641279793230068,-0.04198133827170647,False,False
CCDC51,-0.14603069079078074,0.06836295128505758,-0.03191479713259593,False,0.08823854264543242,0.9117632390724111,0.02111956292533712,False,False
BLTP2,-0.1459291309906852,0.15679955215680833,-0.03329530746565634,False,-0.5045826440596,0.3583534724446881,-0.09964714368785366,True,False
POLH,-0.14567318715338168,0.10176015252149445,-0.031947787736212874,False,0.12104442508276632,0.9723942383558654,0.02818135368785679,False,False
TAF7L,-0.14560387624349752,0.18280302589748984,-0.03401774655978329,False,0.1646188091460349,0.989555959783218,0.04741013693152851,False,False
CDK10,-0.14507292442814226,0.10956891632127029,-0.03308691684660392,False,-0.6448071812338635,0.2686888583792722,-0.12606028159041216,True,False
TRIB1,-0.1449320896024355,0.10533140449233395,-0.03388074619415704,False,-0.15546736564626784,0.7084079970816324,-0.03523901687964326,True,False
KIFC1,-0.14491264985133182,0.09551817025080961,-0.03129395302969584,False,-0.06495280911140751,0.9202676571183757,-0.01362444318577527,True,False
NAE1,-0.14488772848189851,0.15887762705750444,-0.03396273329993882,False,-0.11655415042036298,0.9332174659957284,-0.025603062938331256,True,False
TP53BP2,-0.1442814286653887,0.5217170925485227,-0.03277006059540266,False,0.3806901396309703,0.44776244521676445,0.09324779947465078,False,False
ALG13,-0.14425901480763484,0.1067321435553212,-0.032242912562061576,False,-0.154070760154214,0.8919439194091906,-0.037499378546959505,True,False
PDHA1,-0.1442179144057894,0.06844892371357228,-0.03146777693425662,False,0.028049826058542338,0.9348963840891794,0.007493967359531339,False,False
DHX40,0.14345882283926875,0.09745952968156434,0.03348597780489193,False,-0.04809207941313516,0.9471288736778624,-0.011327914285974572,False,False
CFAP97D1,-0.1430362349591085,0.04156443704499719,-0.031820782826716965,False,0.5565069462402651,0.5334549738151432,0.11832003301236771,False,False
DNAJB11,0.14269228247834853,0.17060726669903264,0.03212171114045148,False,-0.30194356398281896,0.5203352387532016,-0.0716462835150189,False,False
MTHFD2L,-0.14257111516020102,0.18298695674506596,-0.029702126989347377,False,0.06093015479591315,0.9371895368216909,0.015956838005215523,False,False
ASPSCR1,-0.14225796351139974,0.21500209112297164,-0.03127018072892174,False,-0.29111407165027536,0.7582967290797934,-0.06250575487332011,True,False
NOSIP,-0.1421793484557732,0.10186214097910687,-0.0314972614942981,False,-0.2550777120206443,0.7423069571796356,-0.0601866074837627,True,False
CUL9,-0.14186684970286684,0.07598942175197583,-0.03181666777019743,False,0.30137865043789813,0.8072735917154841,0.05664433013393033,False,False
NME6,-0.14178293071845735,0.10311523279937675,-0.0307601112757796,False,0.06292119044769118,0.9015108566114233,0.014218540137912683,False,False
NUBP2,-0.1415332576795188,0.07541081859232728,-0.03236848105029555,False,-0.6681127383785742,0.19054938315335035,-0.15166729275455726,True,False
APOC1,-0.14146713327676494,0.18119426502107366,-0.03049743246747383,False,-0.02774635725590858,0.9394891248969472,-0.007559563243964895,True,False
TXNL4B,-0.14136191682850652,0.06995283683845974,-0.033419236552767906,False,-0.10633956975199388,0.8886426644997836,-0.020981862947055063,True,False
NEMF,-0.14107150008742586,0.08645635350300819,-0.03064786400315178,False,0.4508022813982633,0.28806105556679484,0.09228376103876545,False,False
TXNDC9,0.14104411464151526,0.08071633217640499,0.03200180311220446,False,0.14687538592176835,0.7812176289815335,0.035329957884659535,True,False
C2orf76,0.14103469178600944,0.17985118045676188,0.032405533494710426,False,-0.200765116850187,0.7337534597077195,-0.045015075871187804,False,False
KIF18A,0.14096785993397684,0.1362254616998793,0.03193843288693898,False,-0.04685689711627312,0.976995641202891,-0.010511059332952932,False,False
ATP6V0D1,0.1402884689214316,0.07790593473813841,0.030761190953615625,False,-0.40039785572576475,0.6095118628998313,-0.09198950273699058,False,False
RNF123,-0.14018635110202307,0.0884900495788414,-0.03149375795818887,False,0.015589862395898022,0.9394891248969472,0.004150438329272532,False,False
ACACA,-0.14015681734677818,0.12596083135879668,-0.030795312031743904,False,0.17040019687345295,0.8577831632791869,0.037244695673793515,False,False
USP1,-0.14014823612561575,0.11404115995872921,-0.030422446081881382,False,0.42503281500828555,0.22379553163337074,0.0859449342901284,False,False
LRRC57,-0.1397279692367594,0.13772162332181806,-0.03217597736831923,False,-0.5336284351744537,0.4464593423875719,-0.09062165446197223,True,False
GALK2,-0.1397162289631799,0.09803178890313176,-0.03207365695022801,False,-0.2564203133671414,0.8649817581647525,-0.05230459989837222,True,False
USF2,-0.13964622630291668,0.09193575502880552,-0.031160157726525917,False,0.05241812921718671,0.9932304448685756,0.012752078688298418,False,False
SLF2,-0.13951541419090369,0.190693781742041,-0.03189978505547675,False,0.04343750421930559,0.9880101945565994,0.011341717759630221,False,False
TAF12,-0.13922050511785555,0.08678234128349398,-0.03200504040382235,False,0.3989261502359834,0.759098848292241,0.08623352288284547,False,False
RSAD1,-0.13891037101356787,0.17778015711560838,-0.031179769726723983,False,0.32364230603759964,0.6875523084459233,0.07453933527158352,False,False
DCPS,-0.13859169705073832,0.1872761260887573,-0.030949487065001335,False,-0.538210991298162,0.003942833268054346,-0.11689981874822397,True,False
FAHD2B,-0.13850157709828334,0.11257452302658531,-0.03099451492189953,False,-0.606970524843482,0.16108840860713067,-0.14704855275645734,True,False
SOCS3,-0.13845490378652384,0.24776854154839606,-0.030491895968265403,False,0.21169825852312196,0.45134630971186673,0.04549739826906496,False,False
ACTR1B,-0.13831077321554633,0.052608061174667896,-0.0313406969931771,False,0.08651176338668412,0.8299519086898128,0.022574146665464312,False,False
PYROXD1,-0.1382955047171056,0.09529359166402436,-0.031089297602196808,False,-0.010557090756728088,0.7812176289815335,-0.002720096587117027,True,False
MRPL14,0.13826442902367975,0.3141929313553575,0.03106937401069043,False,-0.3320968878580417,0.5825241550782299,-0.06945942528657145,False,False
GLIPR1L1,-0.13826191265484836,0.18376515831945975,-0.029816283830544243,False,0.20638292469564357,0.9997031687217337,0.05875701925601007,False,False
GSTM4,0.13818473155870167,0.11858005329416074,0.030172534128814377,False,0.2930182168654838,0.7297350576801516,0.072002795371505,True,False
SLC25A18,-0.13818097686385164,0.08678234128349398,-0.03180684074401441,False,0.3432887180236341,0.6467024906374509,0.07714914961702757,False,False
MRPS15,0.13816564725425642,0.2048981873586486,0.029697572516043103,False,-0.0008674620257479049,0.9297875368016166,-0.00018067843787239468,False,False
TFPT,0.13793076122760692,0.10442651783613993,0.03232222318037792,False,-0.010745931478498722,0.9593530954649296,-0.002595729788512635,False,False
HBS1L,-0.13791007187546897,0.1062509224044538,-0.032013451024928585,False,-0.07252593743547382,0.8096239727917529,-0.017650022091938666,True,False
SLC20A1,0.13733658368494364,0.04573101998024932,0.030789778711341143,False,-0.30958733373125125,0.4050239491648251,-0.07807301647094889,False,False
EXOC2,0.13732355412190234,0.1731595880922282,0.029651240336333373,False,-0.07633789716194067,0.9981408208678295,-0.015507044493909383,False,False
HSD3B1,-0.1371956391505212,0.14450348270779248,-0.03124576103436283,False,0.28699928086230225,0.7352175947377493,0.0627622137516557,False,False
NPEPPS,0.13685298949485156,0.20384289646112255,0.030397838852189274,False,0.05147128662874355,0.8896689231716721,0.013469012559634841,True,False
ANKRA2,-0.13685231051027008,0.02930861582619201,-0.03171187734472358,False,0.03993082342059708,0.9636830005360993,0.010068062606732653,False,False
NGFR,-0.13685164518050844,0.14394102635672018,-0.028507952985364682,False,-0.3432169197061741,0.7337534597077195,-0.07064222194779024,True,False
PPP1R1A,-0.13656360460937628,0.04946794679575394,-0.030002711843228447,False,-0.11227217880117146,0.8951748636193857,-0.026102265357144994,True,False
PAK1,-0.13653325377542475,0.21945875238262652,-0.032415618163179616,False,0.2432244349505443,0.8517690818410698,0.062066014996226215,False,False
UQCR10,0.13649704248646738,0.2666445296666973,0.030404994534942276,False,-0.3005257436875422,0.23820519536775486,-0.0701481532417878,False,False
NR2C2AP,0.1363105421659839,0.1368287814755496,0.03110217771406898,False,0.37908694452578634,0.333164395473329,0.0833740650722854,True,False
ELMOD3,-0.13627622332971423,0.08138681736632736,-0.02951482186999055,False,0.29036918257297456,0.467017104050386,0.07759612556029172,False,False
CDAN1,-0.13609407122078337,0.14188095601714917,-0.03050577515643127,False,-0.24598268160092335,0.7005122201906339,-0.05226947737428045,True,False
RAB10,0.13601505910696454,0.16242838368614995,0.030867163952952303,False,0.0573065524271805,0.9394891248969472,0.011996636899525015,True,False
TMEM44,0.13567162427401405,0.06995283683845974,0.030432923001569634,False,-0.7384895877263846,0.19054938315335035,-0.1606069118134128,False,False
UBE4B,0.13566492980878714,0.20346085194973226,0.02980484762621316,False,-0.2112721116922351,0.7607997908704609,-0.05139186702899501,False,False
IGF1R,0.13560936652275024,0.1929346976398321,0.029995670852053458,False,-0.3085635419687302,0.2356606452796407,-0.07136365346575424,False,False
UGP2,0.13549758010323754,0.3006238911183739,0.030020911699201847,False,-0.315677755281602,0.759098848292241,-0.09574332721819356,False,False
ZNRD2,0.1354744404674601,0.2506297357780522,0.030558020929032814,False,0.39094210968751675,0.7291556416515476,0.0702717187712576,True,False
CCDC137,-0.13466147634283185,0.25802409805172455,-0.0302313755630097,False,-0.26343979307243154,0.7988252588626975,-0.0625270638092088,True,False
MRPL37,-0.13426041141852804,0.20288123119604504,-0.030426844373046436,False,0.014300777217405235,0.9172239570252186,0.0029448477197524525,False,False
ARHGAP23,0.13403240727773497,0.05205173453642755,0.030758393282200203,False,0.5525307025512393,0.3009047867787963,0.13056112616938886,True,False
RXRA,0.1338372191824839,0.17449208614946762,0.030004862136832067,False,-0.07547026464069204,0.796784865438409,-0.016640008574539067,False,False
CAND1,-0.13379230052427926,0.07113371263159864,-0.029082691485405654,False,-0.21975291110916276,0.5811870946148995,-0.04578883837157388,True,False
RHOD,0.13379206844887356,0.3759492998378816,0.029955800661483067,False,0.3326385038405591,0.9176332208375539,0.09201382806554737,True,False
USP30,-0.13351543060355123,0.02724394634716694,-0.029340204622927857,False,-0.29571172176511307,0.786198245777268,-0.05995692571884703,True,False
BMAL1,0.1334928822304978,0.1897619699793879,0.029835461779201822,False,-0.24403535169935175,0.759098848292241,-0.05404021694180994,False,False
PDK2,-0.13343158499331662,0.14803815301378617,-0.030260297281078152,False,-0.14192889397261838,0.7440727630083595,-0.03351746595484606,True,False
SERF2,-0.13253731713999337,0.1101138950906584,-0.03016427230388885,False,0.22172501861055482,0.8379363496650423,0.05110207144868539,False,False
DTD1,0.1324994746823293,0.0363325142665897,0.02886706531448624,False,-0.1949352220334205,0.8646375622123744,-0.03603071696198601,False,False
SCD,0.1320772898045361,0.3467466456939843,0.0299146980221785,False,-0.21106338152187637,0.6095118628998313,-0.046828672580806696,False,False
DET1,-0.13175332150494276,0.19275797896028482,-0.02893211378319993,False,0.10926511794428875,0.8951748636193857,0.02256144758762435,False,False
RNF181,0.13153372466561855,0.22522143646241985,0.029845419578005128,False,0.4302736915128466,0.3170373901646258,0.09015457679325056,True,False
PPP6R3,-0.13151571861449204,0.04590832411080227,-0.029941624093902774,False,0.3003460446370287,0.44205474809772205,0.06759540755648175,False,False
HORMAD1,-0.13124317726675763,0.10944380837627966,-0.029282419457563158,False,-0.73430933792669,0.44206216078679605,-0.17027539084455423,True,False
H2AC11,-0.1311297534082348,0.11708659026555873,-0.02772189071955733,False,-0.15208189555827845,0.8390124930153559,-0.03768130224691557,True,False
BNIP1,-0.13101532579089667,0.08280834089480342,-0.029027666864038792,False,-0.55123264296773,0.19568032368973792,-0.13219246006430652,True,False
AAMP,0.1307859710057462,0.15595554174207288,0.02902126005506389,False,-0.33342356784213373,0.719175373466878,-0.06947580056402902,False,False
SMARCE1,-0.13068183507630468,0.12557254750765906,-0.029003887123628225,False,-0.21925405176889384,0.8919439194091906,-0.0558540891821373,True,False
CCP110,-0.13036049469942085,0.18042396106949,-0.02836128244651004,False,0.03375774897545367,0.8768698640036912,0.007279212809655711,False,False
FZD5,-0.1301614744801265,0.14738659788406605,-0.02908893981081473,False,-0.48523075774563074,0.5794591353617605,-0.0973973291397181,True,False
SUDS3,-0.13008759974248277,0.03596892505476282,-0.02927792276230523,False,0.16575363934984386,0.6995598874686818,0.03580108340648813,False,False
BOLA3,0.12973033810713022,0.09961136508792343,0.029542165272371967,False,0.1731689373831285,0.6678011585965532,0.036904010654813746,True,False
NDUFA1,0.12948698497782832,0.2504009411620413,0.028841406523682167,False,0.03970792304028471,0.969061878441121,0.009232509487133278,True,False
PRKAR2A,0.12946880008117556,0.24134161817803512,0.028497841419005354,False,0.5177472801849599,0.2793149213144623,0.1277141542061928,True,False
DIPK1A,0.12910566693323763,0.2704758289503198,0.03021279944077726,False,0.07250496351525999,0.9577669683397941,0.01544955142729787,True,False
DPH6,-0.12900879813093116,0.2293580490892187,-0.028695746796015165,False,-0.1330276021681466,0.7812176289815335,-0.027206598634570867,True,False
GSTP1,-0.1287653395309201,0.28696821058365457,-0.028746029956711716,False,0.08270613447533103,0.9394891248969472,0.02131407405883845,False,False
CCNE2,-0.1285389311938122,0.18670151857841363,-0.02820211160343522,False,0.27207421115165314,0.6257326883519866,0.05642308112832417,False,False
SLC38A2,0.12818217054861863,0.24421903896160704,0.02806325976719659,False,0.10032974454280351,0.9901879455962799,0.023539764986714395,True,False
UCHL5,-0.1278166790137356,0.17948798989643427,-0.02945724388994808,False,0.06414044400540128,0.8951748636193857,0.015064821884632096,False,False
CHMP5,0.1277942980981911,0.125811741274158,0.028663198660124678,False,0.09360839250728674,0.9593530954649296,0.020660547238515292,True,False
ID2,0.127717102954435,0.35265496011948877,0.02660378551467879,False,0.11912261581424421,0.8838538811266992,0.02659670998835395,True,False
LCE5A,-0.12747169083597984,0.24659922937096138,-0.02784442342591298,False,-0.19742440795143343,0.759098848292241,-0.04303436190802401,True,False
CD46,0.12737669607161292,0.35329525580310817,0.029419309149400164,False,0.22894029064439314,0.7337250540230916,0.058346336798117626,True,False
ASB6,0.1272384490472541,0.21332549432664516,0.028657762521738128,False,0.10289064846542478,0.9090580802343772,0.021418795531612744,True,False
BRD8,-0.12713984925509303,0.1684670938789368,-0.028732763215689516,False,0.1312825190543516,0.9491591074745542,0.025264266394423807,False,False
H2AC25,0.1270469304804167,0.345296812741233,0.028692060528512364,False,-0.09749509714115988,0.9111890606746692,-0.020423577979037155,False,False
GATB,-0.12689205979438406,0.2802310468711553,-0.02978661818686046,False,-0.26393677786292885,0.5010978434151991,-0.06335207923279995,True,False
LYPD2,-0.12679580648721803,0.21293119777862285,-0.027637334643342726,False,0.18367373577829044,0.892846478813095,0.04893317383732487,False,False
LIN7C,0.12677555938415985,0.12726930365032446,0.02875327126123839,False,0.47229571321020664,0.3612543282867223,0.09634656353299764,True,False
TRUB2,0.12653476065801833,0.24489440717145045,0.02970694574661703,False,-0.4243942703434516,0.26411753303714786,-0.09105305963034205,False,False
KCNC1,-0.12646531727722668,0.18264652069908202,-0.027516760080610325,False,-0.23581765832795923,0.9209336194169772,-0.04567366823132346,True,False
COX16,0.1257223047621162,0.2817902203430141,0.028279636435437183,False,-0.42320480818536604,0.33316897369905635,-0.09423809682596396,False,False
IFNA5,-0.12544260378947047,0.2293580490892187,-0.028236045622067607,False,-0.14572499068741868,0.9399573039600613,-0.03159041667822926,True,False
PTGES3,-0.1253271053167679,0.09781819016509,-0.028163323964148113,False,0.07422352563192022,0.8724587256945779,0.01573094153967869,False,False
B3GAT3,0.125267895270546,0.15219850175611707,0.027406580727545204,False,0.050334881885399585,0.8847428439185684,0.01198002522389352,True,False
GATA3,0.12487571599778362,0.18530117620376416,0.02751908880988907,False,0.487037848296215,0.2290119562704471,0.12358889725742106,True,False
HRK,-0.12473781702842023,0.2120818270118977,-0.028431819615624576,False,-0.7903686920956061,0.25590545806876097,-0.17911867993056596,True,False
HSD3B7,0.12469596099019208,0.31642467955591524,0.027306179202011727,False,0.19892235459043212,0.8159869888213407,0.04471700327532879,True,False
JAZF1,0.12469390606379899,0.06915703420224763,0.028164394820125338,False,0.30392767254336456,0.7337534597077195,0.06464750153973053,True,False
PIK3CA,-0.12445381294346143,0.07769600099420818,-0.029064749976710935,False,-0.3612945186424745,0.6078522559079391,-0.0865565659418781,True,False
AKTIP,0.12444685054798632,0.26204725220115627,0.028214982546364453,False,0.22456632727761958,0.8245046133852353,0.053415761811023366,True,False
BAG6,-0.12443296001935072,0.48591391693486874,-0.027142648598949215,False,0.18778350145827025,0.7297350576801516,0.04128297255973301,False,False
NACC1,-0.12430056242958631,0.13356237896027745,-0.02683063449391554,False,0.17597925410106316,0.886206671693603,0.04640624134080973,False,False
PTPN1,0.1235978658634345,0.16772435521301185,0.028249085394803863,False,0.18295089541138554,0.708122316044015,0.03574121798939256,True,False
OXSR1,-0.12352480671666333,0.17636916315454954,-0.027490729026574456,False,-0.1657850415223964,0.773072770338033,-0.03702161271084137,True,False
ADGRF5,0.12332526527613544,0.247541500875678,0.027371381588253918,False,0.479081283660076,0.6490613456148978,0.12017525747035762,True,False
SHISA5,0.12332102666691142,0.13220438565624001,0.027022026882819183,False,-0.144327161126216,0.9769596306717703,-0.02572700694520691,False,False
PCMTD1,-0.12322159357127413,0.09265134124083799,-0.027212946017765027,False,-0.4931596717472736,0.22379553163337074,-0.11167201946800365,True,False
TMEM270,-0.1230965435908212,0.318132776022443,-0.026812593929630424,False,0.7918854516454704,0.2538595487144628,0.21947369768720826,False,False
CDX2,-0.12298280504757886,0.1796829746151195,-0.027363119409276493,False,0.0666948342588281,0.9176332208375539,0.018427749244624536,False,False
MT1E,0.12267763680639138,0.21771026673402347,0.02679996687896402,False,0.04579787348697767,0.9471288736778624,0.01063159511025713,True,False
RNF146,-0.12262313284976445,0.3001092460088696,-0.027037963013567534,False,-0.08851928837910104,0.9218318754096968,-0.01961201433632187,True,False
BCL10,0.122463874054749,0.3871056272054089,0.02729647549558134,False,0.17397894069732917,0.8847428439185684,0.035110147295122296,True,False
MAPRE1,-0.1222544835155771,0.2632460375144906,-0.027789663056892344,False,0.46537042772170845,0.28346614228635386,0.08618067571192967,False,False
RPE65,-0.12217377151900519,0.32963708514980505,-0.027868185459466233,False,-0.04578380631577732,0.9740280951862692,-0.009495739881524301,True,False
ZEB1,-0.12209136340902725,0.3141929313553575,-0.02798626913512514,False,-0.10235492973545283,0.9751268757009368,-0.023362883774725063,True,False
PUM1,-0.12201034211953003,0.16158646427200518,-0.026855313981965168,False,0.2464529877769613,0.5220617686812211,0.05897476702913185,False,False
KIDINS220,-0.12186476308985165,0.33234578521875147,-0.026853010153944368,False,-0.17026196753087808,0.782582950039966,-0.04016980695879013,True,False
MVD,-0.12173860916396934,0.13100054375883213,-0.027655522720311687,False,-0.4710797631378902,0.5257414117433341,-0.11681560559228465,True,False
CS,-0.12149333494548639,0.09307607905988068,-0.02709589435945592,False,-0.04024334567783918,0.9270871455817412,-0.009522557209067806,True,False
RAB6A,0.12149271485349948,0.3579032170755481,0.026481842474546546,False,-0.2759111790653206,0.24217414545416882,-0.06174935321381181,False,False
RALGAPB,0.12146339721303187,0.1525551696585109,0.02833431907170425,False,-0.03221420087831295,0.8041718398695444,-0.008149212201319145,False,False
ATP2B4,0.1211995236760729,0.11684160496801722,0.027383991862205193,False,0.4591569408472963,0.48560063273514814,0.10545761247790164,True,False
METTL5,-0.12114125722047542,0.2291591892643806,-0.027125513488742037,False,-0.47727210180553614,0.5203352387532016,-0.0916213813897011,True,False
SLC19A3,-0.12101283794983196,0.20269824368501824,-0.02638522115277553,False,-0.2531382961776253,0.6684272889552577,-0.06407778776536599,True,False
ZNF479,-0.12090965067375044,0.19240487742390397,-0.026975226284529086,False,-0.23093786903061234,0.8312849975106856,-0.044453055280956555,True,False
EIF1AX,-0.12086300952778735,0.22026430935634775,-0.026509927503089337,False,0.09386190550215162,0.9888563226550507,0.023142240890163812,False,False
MTG2,-0.12080654192705449,0.21689523573040514,-0.02697177317347421,False,-0.12854172166421418,0.8696264215881803,-0.02719926813426543,True,False
MAP1LC3B,0.12024184839443104,0.16937344473196692,0.02773759339628601,False,0.1402269075452184,0.6095118628998313,0.032306730578500975,True,False
FERMT1,-0.12021510598594837,0.3373429800848011,-0.0270737682767912,False,-0.3231386571013209,0.4078028617532282,-0.08022060823637212,True,False
HYDIN,-0.11940180425613021,0.19893348741546374,-0.025636644040834433,False,-0.2825455670020904,0.7366115279528247,-0.05066559124373882,True,False
SNRPB2,-0.1192030609003069,0.43388459821779557,-0.02707727855712072,False,-0.05511309301590593,0.9986022689562927,-0.012908787518330911,True,False
APC2,0.11918296900463833,0.14879306570198234,0.025837251833177532,False,0.19601516923090304,0.9015108566114233,0.04330963623920869,True,False
TAF11,-0.11910949003993151,0.1425141187050238,-0.02745728134620684,False,-0.07121698491658404,0.8919439194091906,-0.017517512587998496,True,False
AP3S1,0.11907336778484709,0.22853007593015962,0.025511208465555768,False,-0.25141813656775647,0.6599385675794425,-0.04798973219374947,False,False
JUP,0.11905839075090072,0.34588108018651875,0.02707252372862623,False,-0.3823092883132768,0.6421265502766789,-0.08358528233488371,False,False
CKS2,0.11886002428130862,0.3258563961443964,0.027007102714278197,False,-0.06445817733586219,0.9588458431102604,-0.014727890672044275,False,False
ZNF428,-0.11858781513894656,0.28596966712735444,-0.026928739964015236,False,0.09243215207142597,0.9117632390724111,0.024264636744426582,False,False
JAK1,0.11818415722890502,0.23175442710234165,0.025910147531785555,False,-0.2562016376616111,0.7988252588626975,-0.04786208806385783,False,False
TOX4,-0.1181782063689433,0.16194737564227998,-0.02649553075578659,False,0.1565141731016257,0.9524657579586072,0.03512607426669323,False,False
SSBP4,-0.11758597891299971,0.41619407477239684,-0.026138632166667897,False,0.07156125899077304,0.9740280951862692,0.019293767772523118,False,False
PDCD6IP,-0.11728757486711527,0.16054387040945287,-0.027431060831370147,False,-0.1764765145397642,0.9605826593153051,-0.04208224368706315,True,False
ZER1,0.11724642358487722,0.34733238162857816,0.026414452117238696,False,-0.08048636930783377,0.9593530954649296,-0.0177290067540401,False,False
PTPN11,-0.1171897515756645,0.1270083193160225,-0.026410421506856352,False,-0.20541617929465572,0.774386785492935,-0.04631655679988356,True,False
SMURF1,0.11710748863859609,0.15937615982897788,0.02709541707995644,False,-0.15927253533116578,0.8677729286610325,-0.03566778836918516,False,False
KLHDC8A,-0.11709137662023407,0.23823104215453977,-0.026086890079321634,False,0.22070639096210357,0.653352891748253,0.05666355566700432,False,False
ZNFX1,0.11695514430759571,0.10813895314917492,0.02453956585923489,False,0.24762639857169033,0.6678011585965532,0.053338502011262,True,False
MORF4L1,0.11652613280725789,0.18955906649724427,0.02665027162417033,False,-0.21332879217983386,0.6480324515861833,-0.049212934974424805,False,False
RBIS,-0.11646386833963115,0.32644323095190675,-0.026656261132362857,False,-0.005982956403959891,0.9997031687217337,-0.0012828177278843,True,False
HCN2,-0.11627979553866097,0.14833070367260334,-0.026677503642937417,False,-0.1924027847509411,0.865571216556823,-0.04149155035600405,True,False
COMMD4,0.11615511242898473,0.10334597463282218,0.025855788309583794,False,-0.49213646868682825,0.5376363001941042,-0.11303363977197378,False,False
CNN2,0.11597096525185686,0.2333788712362437,0.02524748629846396,False,-0.44688159359089535,0.3508858619420241,-0.09511659766780323,False,False
NDUFA13,-0.11579301596811016,0.17487419977604649,-0.025933956754998988,False,-0.23674178081157188,0.6511141588856985,-0.059439013038224964,True,False
PCYT2,-0.11545250684583587,0.176508667583654,-0.025752981655328355,False,-0.466303323852871,0.09041220275684343,-0.10064247663002934,True,False
EDF1,-0.11520798347151452,0.1126935321028765,-0.027245905273047377,False,-0.2802981827251415,0.5334549738151432,-0.05852454963512965,True,False
RUNX1,-0.11479927215925027,0.17097017942506748,-0.025862072347349496,False,-0.7325383106089172,0.022284478454594792,-0.15643386686300076,True,False
SPCS1,0.11463943966844423,0.2016956505877339,0.025343952875845233,False,0.05794919968054701,0.9239072930546601,0.011687252461345388,True,False
FKBP1A,-0.11425698757358375,0.38363116688858956,-0.026177806177911656,False,0.035903506224727086,0.8946325873986991,0.008331598677432162,False,False
GNB1,0.11375565749998952,0.14450348270779248,0.025311707730912403,False,-0.18121802183904506,0.8299519086898128,-0.04126812953399028,False,False
SLC16A5,0.11348816735151714,0.2719988457414663,0.024203697759343612,False,0.009945041626588467,0.9394891248969472,0.002233616100340008,True,False
YTHDF2,-0.11261009452796883,0.20288123119604504,-0.02508241966178648,False,0.028095728903334716,0.9471288736778624,0.0062282613479967,False,False
RAD50,-0.11186038415726295,0.24134161817803512,-0.024420032967701566,False,-0.8609754471283689,0.003942833268054346,-0.1938979752663048,True,False
SPINT1,-0.11180763379710089,0.06942913572282303,-0.024197937264367475,False,-0.6151781699621688,0.37360331281586917,-0.1307342521381436,True,False
FECH,0.1116459384144848,0.1772401212459599,0.02485815144415504,False,-0.1723320324182061,0.8627699189789725,-0.03597522577891521,False,False
VPS35L,0.11162005921746124,0.09663187005805036,0.02528763555038438,False,-0.02264181450209422,0.9664047613901128,-0.00452876875447128,False,False
SRD5A3,0.11159827829332264,0.23270820910086487,0.025959974883130954,False,0.3358631214914409,0.7251884090181938,0.07124175297660962,True,False
CETN3,0.11150691754386473,0.2584724689434455,0.025837201281201594,False,0.6933929850981546,0.21629420809361333,0.13335642576255857,True,False
CATSPER1,-0.11121639910481865,0.41619407477239684,-0.023679861975129057,False,0.4552924525763021,0.6995598874686818,0.11719293288758426,False,False
OR1D2,-0.11114707819107353,0.2171186497114217,-0.024610669568574828,False,0.4722793058717896,0.6475251399479018,0.09886561229419666,False,False
MAGOHB,-0.11110911523990553,0.26879529109848316,-0.024566915862839878,False,-0.07544260264902426,0.9561314729102962,-0.015958799335138885,True,False
IKBKG,-0.11094698993907856,0.3951624928074146,-0.024567586117611562,False,-0.10457889313214846,0.8321498981675807,-0.025136393532979362,True,False
BRAT1,-0.11079988902798825,0.47276310562221935,-0.023773713099242144,False,0.300530363363069,0.14966065842937776,0.06718980159745591,False,False
ZACN,-0.11071064881647187,0.4028694144263389,-0.024987566918885484,False,0.20042909247591412,0.7397032954177055,0.04895373842961259,False,False
STIP1,0.11070568343636229,0.23937345084525144,0.024479059067204822,False,-0.19999106326376156,0.6939301721462829,-0.04518223538185406,False,False
SEPTIN9,-0.11054982976758426,0.21668784005912872,-0.02658973349131699,False,0.4117248738296795,0.4401404818176374,0.08426334282449321,False,False
TPRKB,-0.11036386707690293,0.17542218696529696,-0.024995988000370062,False,-0.2853730931076548,0.774386785492935,-0.06534134875010977,True,False
DOCK5,0.11026854726038535,0.06377460092492279,0.024867364643682777,False,-0.039642629954196075,0.8155951834890232,-0.009258380273327482,False,False
THAP7,-0.11021920720230731,0.20187801409052322,-0.02389264820184067,False,-0.37271896067506194,0.6402737409230075,-0.08664886495714175,True,False
DIP2B,-0.11000266117499995,0.24824088206685335,-0.0243681158793585,False,-0.6366444004757513,0.4136662072995196,-0.16431121130490656,True,False
FGFR2,-0.10990636648840726,0.16538985062191025,-0.024678232129947908,False,0.43947544688614354,0.44776244521676445,0.11236500626897516,False,False
GATA2,0.10983163742034203,0.25802409805172455,0.02430136279370032,False,-0.5557276459521137,0.4462170223116895,-0.11172570713980434,False,False
RFK,0.10979150692615675,0.30187052572106743,0.02525515365845532,False,-0.3180721863665866,0.537722189832493,-0.06802715427606376,False,False
HEATR3,-0.10970794568072607,0.25612558459571244,-0.02331226408401399,False,-0.17777919202426012,0.719175373466878,-0.039043780045807885,True,False
DEFB129,-0.10960033520702749,0.1299578822741338,-0.02512327581292606,False,-0.22460865843620711,0.8671290025705851,-0.047076839619697,True,False
MANF,0.1095532529934342,0.2854510815112567,0.025304049920727323,False,0.5501501209519463,0.5203352387532016,0.1265092977083473,True,False
NHLRC2,-0.10952379088057318,0.08101162764453616,-0.024619185979221747,False,0.3715023250140432,0.3604653670309728,0.07033014081454514,False,False
VMA21,-0.10931915955910161,0.474027036618896,-0.024259749528775743,False,0.008608320958020018,0.9669116531501015,0.0017523543735142866,False,False
G3BP1,-0.10931540240255064,0.24824088206685335,-0.02426278918031244,False,0.17854398672998528,0.7567905717476902,0.04161580439139634,False,False
PCNP,-0.10868079597684575,0.3213873886040303,-0.02374180698785633,False,-0.19128058742631682,0.9457220836905977,-0.04785862390034179,True,False
AFDN,0.10826117844908993,0.5080690764943641,0.024582773377114897,False,0.12095929684659454,0.8557624591588784,0.030298960003688258,True,False
JOSD1,-0.10810343022341155,0.22410964171410055,-0.02511031586298884,False,-0.06933000757152584,0.9777766803142663,-0.01555260301657313,True,False
MPV17L2,0.1080375785442265,0.35666226548491414,0.024574804490566038,False,-0.1762692822328313,0.9015108566114233,-0.044518214876522855,False,False
PFKFB4,0.1079417800801035,0.3961238579827304,0.02392460782123429,False,0.35515892151994527,0.6490507067879975,0.08196658226750397,True,False
MEX3A,0.10790608200956471,0.3152745372655447,0.024073705384676458,False,0.08465790360556594,0.9394891248969472,0.01802393695708382,True,False
METTL1,0.10790332063914516,0.14450348270779248,0.023866973083153553,False,-0.39813285294801326,0.5203352387532016,-0.0820913941479624,False,False
KMT5B,-0.10742048694188853,0.12305991532332317,-0.024419882326029985,False,0.1836167229678675,0.759098848292241,0.04769326114604411,False,False
CENPE,-0.10725643672917248,0.26591116242429147,-0.02453273960641056,False,0.000739321784642898,0.9981408208678295,0.00017404117657804363,False,False
FGFR1OP2,-0.1067206453976883,0.33538919720914345,-0.023855955443769616,False,0.03356603066399951,0.9593530954649296,0.007629478839770165,False,False
GLRX5,-0.10671654915931915,0.11520775863080089,-0.0238752611084605,False,0.38466180233509806,0.7743064166613366,0.08344708268410805,False,False
ANKS6,0.10669345039988713,0.23068740791831086,0.024877590241579206,False,0.2787461087354369,0.6490507067879975,0.05958011317005507,True,False
MRPL47,0.10657341045175178,0.25825745088518764,0.023879306504799303,False,-0.1837817292540975,0.5938675329421719,-0.040676766426162025,False,False
ASIC1,-0.10649141220172312,0.2573064654841204,-0.023750968009675688,False,0.46060724935983194,0.3732714468570108,0.09823325356668455,False,False
AXIN1,-0.10644557783399887,0.07042077153871286,-0.025117067809859783,False,-0.3251739905262961,0.6490507067879975,-0.07307851861649439,True,False
BAZ1B,-0.10639133250521633,0.3183773123226721,-0.023916757955231738,False,0.5842914632170718,0.22476873358654872,0.12132035379137207,False,False
STT3A,0.10631043625962995,0.21668784005912872,0.024508861288386363,False,-0.18528511920099494,0.5782699570152663,-0.04118982224744627,False,False
RHBDF2,-0.10614178348509536,0.1492792990291378,-0.022150233376189377,False,0.15898817390215647,0.8116086792047426,0.04276231033659972,False,False
FAIM,-0.10594361130380812,0.26092655421501254,-0.023099360449255535,False,-0.159157002654198,0.7733704372216915,-0.03355164068194849,True,False
CRACDL,-0.10592254657734358,0.3222602929860452,-0.02330502573484683,False,0.1063056347963352,0.9394891248969472,0.025072641529617634,False,False
LCE2A,-0.105810743805039,0.16772435521301185,-0.024503657821057345,False,-0.5518650759463577,0.23904728778874954,-0.11888701232206245,True,False
B4GALT3,-0.10577150987672695,0.19911412421483213,-0.02272561054259281,False,0.03751630844653217,0.9313394490811895,0.009136467978695606,False,False
CRTC3,0.10571876621026008,0.2435449126187234,0.023397208109987133,False,0.0449062307042697,0.8727895720132619,0.009383650231711727,True,False
TADA3,0.1054194977084509,0.23047105614380856,0.024580547644581507,False,-0.42624388859782436,0.19054938315335035,-0.09266285349712255,False,False
WSB1,-0.10506948023367688,0.2524288491488375,-0.022653093293677706,False,-0.2897955678112611,0.36580677370554976,-0.08751668336558538,True,False
ATP2B1,0.10486313292306972,0.502164919896377,0.02377440794636243,False,-0.13915520808066856,0.6951855387693631,-0.03299553063928862,False,False
RILP,0.10484678852498708,0.42726561860070383,0.02418801768523071,False,-0.24599088689204124,0.8155951834890232,-0.05537935500282476,False,False
ST3GAL1,-0.10465161816763859,0.44186472557399065,-0.023250429647646342,False,-0.3159564673351275,0.6165976689769507,-0.0712509122786571,True,False
CERS2,0.10455039903554733,0.13849033584424825,0.02354591904617731,False,0.02930343859257349,0.9657288279070944,0.007555494631234616,True,False
PIGW,0.10445454917822938,0.22739042746923255,0.023527978069560085,False,0.4406356367628366,0.4574222571160541,0.09498197081909954,True,False
CCDC43,-0.10436911301783816,0.42070083811356623,-0.022843341071921763,False,0.33140155427462475,0.3604653670309728,0.1021110925165516,False,False
SEC23B,-0.10408096489098265,0.3351603864549763,-0.024031879024473568,False,-0.3629829277808507,0.518100541371565,-0.08113312144960894,True,False
GRHL2,-0.10385677274468721,0.13452211848564385,-0.022923559092524748,False,0.25770556103106335,0.6116848261127036,0.06733735741607294,False,False
LYSMD1,0.10367564667276136,0.2830272112959939,0.02363422367300938,False,0.16383651035853336,0.8645761923438853,0.0454822427638506,True,False
BRD9,0.10334799177597498,0.1700959906080905,0.02337061955581543,False,-0.5026489089523848,0.3612543282867223,-0.11182179103949696,False,False
SCO1,0.10301866179249679,0.35850008353018303,0.022624075549194878,False,-0.04759136973715972,0.9664047613901128,-0.01069754698122427,False,False
GNAI3,0.1029116462208601,0.343898071003578,0.022496158299776248,False,0.4593852430563645,0.5004214407282584,0.1059585963437426,True,False
PPL,0.10281289357256408,0.4558847020076751,0.02366153182234676,False,-0.24431798424971235,0.6599385675794425,-0.05174159897804653,False,False
LAMTOR2,0.10276876344171365,0.23132051253042388,0.02250670623432427,False,0.6398580656803076,0.4672171610364609,0.14084236145060647,True,False
CDKN2AIPNL,-0.10275659980629477,0.28855143050258386,-0.023546541995151493,False,0.017126416330152952,0.9850030783320898,0.003909529537397205,False,False
CHMP7,-0.10228439067683948,0.43645962373471114,-0.023870867044199606,False,0.5496872235630109,0.351367767611518,0.10649435696331544,False,False
VTCN1,-0.10225486584343016,0.12610025877721032,-0.02321833726534983,False,0.05091287215146527,0.9394891248969472,0.015778272905910384,False,False
ZZZ3,0.1021418398381523,0.2537746082898296,0.022671341715896354,False,0.4403817243341883,0.2757652809942196,0.09304510820041045,True,False
RAB21,-0.10213785282111823,0.14973241278114957,-0.02277241675226893,False,-0.1211494126933828,0.7548250569260269,-0.02784947208415911,True,False
PRUNE1,-0.10177773198527142,0.1933171444341453,-0.022811705983688313,False,0.6004175631808185,0.5715869314697408,0.1258001121532093,False,False
RRAD,0.10123446720226888,0.3734976380478972,0.02128766410672167,False,0.3263788152337335,0.5622628846401616,0.0874858170040067,True,False
ATG3,-0.10116931824071652,0.21587542784197256,-0.022941590165250325,False,0.27662190044787155,0.7812176289815335,0.06450700398523512,False,False
AKR1B15,0.10104694153029194,0.25635780455057294,0.02253700678352999,False,-0.17220166785896066,0.8782857774548279,-0.033565252898519304,False,False
ARSB,0.10089019754809016,0.043191061590015664,0.023425131366244578,False,0.05047207233762341,0.9850030783320898,0.010763648310625484,True,False
CUL3,-0.10080357199131838,0.11496578202936149,-0.02266200527923168,False,0.08642170845030146,0.8946325873986991,0.018589640018123355,False,False
VPS50,0.10079282916648785,0.3464898282760781,0.022878470296702424,False,-0.2013045979804067,0.7125405366618226,-0.04553025561215662,False,False
PEX6,0.10078885155901604,0.28279952249614726,0.022859681898595774,False,0.09618981760060577,0.9202676571183757,0.023280804404574695,True,False
HSCB,-0.1007519920051598,0.18747725869833,-0.02293157609675145,False,-0.008535925528264394,0.9850690811465334,-0.0019225731269409962,True,False
RUNX2,-0.1006230078777013,0.6047374229342616,-0.021764383361392525,False,-0.1924861334900594,0.6779742595551113,-0.04556932226957233,True,False
VPS29,0.10057820543433664,0.2634449184053965,0.02190036528821082,False,0.23392885668473168,0.6779742595551113,0.05275711564911845,True,False
TRIM9,-0.10057391239025486,0.34998758843312733,-0.021064391821346895,False,0.5099027138353438,0.2757652809942196,0.10815632184583013,False,False
NFKBIA,-0.10040814294325554,0.15461452514663254,-0.021987995655531556,True,-0.26293423629505114,0.5250193472568986,-0.05517308836764645,True,False
UBR2,-0.10035430542867185,0.06515628011528342,-0.022133737580804613,False,0.05725615313078528,0.9981408208678295,0.016260861732773968,False,False
RAB14,-0.10005801737916363,0.15887762705750444,-0.02286032519338388,False,0.02124946423853403,0.9740280951862692,0.004847598615031146,False,False
PDCD10,-0.09990637141257479,0.213515002877546,-0.022365390607404834,False,-0.6155916709218079,0.467017104050386,-0.12762564152672073,True,False
CHCHD3,-0.09984226028432555,0.12136843860509136,-0.022831705339648956,False,-0.19630535549368708,0.8379363496650423,-0.0461153377899155,True,False
MSRB1,-0.09950124029536317,0.47914293480256787,-0.021444230505758277,False,0.6655627640643254,0.24562391937407757,0.12177655154949463,False,False
CHUK,-0.09932109298062244,0.3293417653634185,-0.02314333601221552,False,-0.2672297339725296,0.655667761990283,-0.06123979681694092,True,False
CHMP4B,0.09927274577644932,0.36185537443584337,0.021741736762932895,False,-0.188987123939442,0.6875523084459233,-0.04485658546119353,False,False
SH3PXD2A,-0.09923649350288896,0.19833355111598255,-0.022113086092152123,False,-0.3209255078922047,0.7949808927174715,-0.06502207519599157,True,False
TSC2,0.0992256221879177,0.3545944318408505,0.02198951424815032,False,-0.25760844595096016,0.2538595487144628,-0.057369757791976284,False,False
DLX3,0.09906289811964647,0.5910751813665328,0.021809719408907746,False,-0.16607258964100255,0.8095020151724025,-0.040205050757377236,False,False
MRPL20,-0.09897734980664792,0.2424416077203538,-0.02247363605224173,False,-0.22686840140024248,0.5395619022701933,-0.049352946108951024,True,False
SRI,0.09892284537487853,0.14606759013067122,0.022362469265726936,False,-0.005705478501190869,0.9442127269005137,-0.001338620493077869,False,False
TM9SF3,0.09889808715850595,0.4526943896468257,0.02167576404228999,False,-0.050817606878783526,0.969061878441121,-0.010615573627939412,False,False
ZNF91,-0.09876375258455719,0.12544332014921597,-0.02265522758300431,False,-0.24713571600767756,0.6651047408671195,-0.04492890146570616,True,False
CSDE1,0.09868325891763127,0.42070083811356623,0.023137228778702834,False,0.03222377840886056,0.8880212038563935,0.007295779973966354,True,False
RNF139,-0.09845386395703616,0.22068393837708633,-0.02280000239132729,False,0.18654760417459473,0.9676419134069796,0.06097638446242115,False,False
ORC4,0.09830146049217464,0.2680199617091547,0.02206964606586226,False,-0.1542995616739293,0.9554263042945813,-0.03837918247214667,False,False
BRK1,0.09822530277564379,0.3817960786945736,0.021354900818449707,False,0.5302338167259002,0.14966065842937776,0.10925870879794441,True,False
ALKBH4,0.09750331543922135,0.41919507920470245,0.02182995508385943,False,0.28823005620712466,0.8314162405606302,0.06759729954337068,True,False
SCARF2,0.09740893535466862,0.14847713767526668,0.02128771490059922,False,-0.0120655812987041,0.9577669683397941,-0.0027908693462883605,False,False
SIAH1,-0.09706798286617124,0.16471950347256986,-0.021305023377430565,False,0.35370138644345495,0.5710659053049805,0.08335404205055674,False,False
SMYD5,-0.09695894127279414,0.20251536879303386,-0.021953065717279507,False,0.5695845963705761,0.5921439564152834,0.1479076835652018,False,False
STAG1,-0.09674570647253833,0.21059344963592364,-0.021939063581236873,False,-0.015085747772902123,0.9758126232443743,-0.0033354013685116257,True,False
SVBP,-0.09673797661163398,0.2537746082898296,-0.02167248152981749,False,-0.13499262092767977,0.9625550458580404,-0.030907524815185994,True,False
SUMO1,0.09670477185270933,0.2651413638826814,0.022239979847844538,False,-0.7088775858115048,0.2538595487144628,-0.16317872148931656,False,False
HOXA9,-0.09665089411325008,0.6895244427355539,-0.021435142527347573,False,-0.08462838948543928,0.9149836481967653,-0.018422393230345335,True,False
FADD,0.09662018195502352,0.38273907013876557,0.020801452783160812,False,0.2739659449700485,0.759098848292241,0.06489692253976642,True,False
RHPN1,-0.09650076486313805,0.1731595880922282,-0.02189322949376038,False,0.07899605755026692,0.782582950039966,0.017525604269515327,False,False
YWHAG,0.0964175948402072,0.28501354541274754,0.02114968073271406,False,0.03231833864707141,0.9850030783320898,0.008754002617052059,True,False
GJA3,-0.0960185264754044,0.38063597862891657,-0.02056706348908932,False,-0.05414645632274808,0.9879972952090303,-0.011420998452976505,True,False
MAPK15,-0.09580054206711378,0.2656543937641047,-0.022141781645246716,False,0.5270215681951146,0.2674977972904388,0.1244490423895801,False,False
UCK2,-0.09578414414524418,0.33107023429450566,-0.0212121425123728,False,-0.5299543641595339,0.4896211898888891,-0.12834204923708992,True,False
DENND10,0.09571123672821391,0.3416197501055796,0.021716993661524242,False,-0.43907635210611723,0.6142066293920816,-0.09149954930702275,False,False
CTXN1,0.09563264559253074,0.31010852416586915,0.021701113701225516,False,0.08915792412022124,0.9785227633871515,0.016049676311133965,True,False
ACTR3C,0.09562902911179637,0.46810226989907877,0.021221841929031093,False,0.1421123806667239,0.9561314729102962,0.03777688097209797,True,False
CCL7,-0.09560196933362375,0.3043270104506273,-0.02122921831973379,True,0.1337446612249763,0.8927405235644807,0.02719458572301825,False,False
RABIF,0.0955452906410667,0.43388459821779557,0.021147194866186325,False,-0.37823968024073806,0.31785639416561984,-0.08063882818654378,False,False
RITA1,-0.09539633577735622,0.0938870199129613,-0.02173368323584679,False,0.0745292415879051,0.9394891248969472,0.01634750374253091,False,False
BRMS1,-0.0952731032151948,0.2228227733847731,-0.021836677354424516,False,0.25624639557114903,0.9043560072638791,0.06261015285682703,False,False
MDH2,-0.09525615694142335,0.34106335812731103,-0.022132382518990745,False,0.09713214734181122,0.9585791939289466,0.0242072911386213,False,False
NDUFAF7,-0.0952252639677748,0.20866222775791018,-0.021280515245022613,False,0.5632245143294384,0.29381753683091216,0.12825067624614128,False,False
ERAL1,-0.09503850110127512,0.2699758128094326,-0.021060866322533123,False,-0.36975640743960314,0.5622628846401616,-0.0847449251396899,True,False
PGLS,-0.09488019797843798,0.43229721601510973,-0.02207917916743174,False,0.20702429643409107,0.7366115279528247,0.050498058952153535,False,False
APH1A,0.09487144259935577,0.41593918759101944,0.021892264583572185,False,-0.3040724063909378,0.7007370394285746,-0.06639417121794189,False,False
CMTR2,-0.0946921464013988,0.24444402370847215,-0.021091402225850153,False,-0.7132192615965754,0.030201643144485497,-0.14417371736557172,True,False
POC1A,-0.09461218874476046,0.2680199617091547,-0.021510386077613575,False,0.4566238793705958,0.16240666733739226,0.09428092540620181,False,False
GNL1,-0.09393835574856726,0.5711515189527522,-0.02049372418448492,False,0.3260543884770077,0.5751928549298045,0.06747274183532603,False,False
HOXC4,0.09384128264220805,0.5534042214757302,0.02282905925750356,False,0.0056802432444005594,0.9997031687217337,0.0012531238926642985,True,False
DENND2C,-0.09366060027775597,0.22087784162706536,-0.020921307661533994,False,0.04442322049717707,0.9785227633871515,0.012163831413072757,False,False
ENDOG,-0.09364457607462316,0.2625562908192059,-0.02098658122529784,False,0.11633530812728907,0.956335952559856,0.02676506380403154,False,False
FOXL2,0.09360336178893364,0.18171580710904572,0.020076324737555495,False,0.3251297728909348,0.5010978434151991,0.064451487489527,True,False
HSD17B10,-0.0935878480534686,0.4746909198439684,-0.020293716680837015,False,-0.3826722775822801,0.2244543180808539,-0.08043994710298463,True,False
SPTLC2,-0.09337360901723343,0.12517542331861645,-0.02117816407036255,False,0.07772840017589294,0.9399573039600613,0.01980930223056454,False,False
CD177,-0.09329113810528868,0.33538919720914345,-0.020197235659367152,False,-0.042345726314488664,0.969061878441121,-0.010496824908259761,True,False
LLGL2,0.09324102892729283,0.6891023514626097,0.02110292342102671,False,-0.3796441448189804,0.6398752538595558,-0.09929329492394778,False,False
MSI1,-0.09322690480746364,0.44889195542054594,-0.021256935354367457,False,-0.3182345202159323,0.8601571325573372,-0.06655747300496806,True,False
MRPS9,-0.0930182535847901,0.2639181412150585,-0.020470345163039916,False,-0.09041708879266254,0.8847428439185684,-0.0203512244872881,True,False
JMJD6,-0.09297210704979902,0.36130473995158124,-0.0208408040457444,False,0.22469070464819402,0.9043560072638791,0.04902284731315287,False,False
MMP17,-0.09295073559035606,0.4663302095327707,-0.0204889818799181,False,-0.6709898477298357,0.1482568027293941,-0.1402443504163804,True,False
TEKT2,-0.09252220317803911,0.4275809398740183,-0.019987542306080464,False,-0.11600444984896403,0.9900445601119506,-0.03857144270617674,True,False
ERCC6L2,-0.09251261809283699,0.2817902203430141,-0.020380960819805338,False,-0.06508742350445405,0.9885188970966955,-0.013933961660861804,True,False
GJC3,0.09247065077644931,0.5875591598122278,0.021156655807897273,False,0.02199754136460512,0.9548094454962953,0.006627988429051435,True,False
PDCL,-0.09242926253484081,0.13834059734905343,-0.020356791847280675,False,0.25490717668018126,0.46506723166474506,0.05551512612474596,False,False
SOX4,0.09234401303531369,0.4204164391974182,0.02044634100653564,False,0.05531859744020253,0.9885188970966955,0.015152887452133612,True,False
SUPT3H,-0.09204808172494981,0.48288124615878536,-0.02044923790864228,False,-0.29168565649030304,0.44581814578433504,-0.07156613240149223,True,False
TROAP,-0.09204559500902972,0.25489354201617165,-0.019922706144186897,False,0.6178328167307993,0.35456714971913866,0.12469953975634684,False,False
WASHC5,0.09187624320298829,0.19779344732156234,0.020961184016645262,False,0.08787865062154658,0.8943885700439376,0.023173105208422307,True,False
LTN1,0.09182532138850905,0.48980609734062297,0.021487614028645297,False,0.35988572812678654,0.5596433608919211,0.07658104153915968,True,False
EAPP,-0.09138942554439397,0.10091174597818307,-0.01992442420119911,False,0.09834966960007743,0.9769596306717703,0.017160152927806926,False,False
HOXD13,-0.09130953877247973,0.473726587026421,-0.020474125390588682,False,-0.04974888493579935,0.9394891248969472,-0.011911458282505727,True,False
MARCHF6,0.09125651484455606,0.5719432032024352,0.02070791680867945,False,-0.3401488584893175,0.6608982247139682,-0.06834577725825852,False,False
SGPP1,-0.09051971626354817,0.13728524419251456,-0.02101703519495679,False,0.21999982859025752,0.6116848261127036,0.05323788120379547,False,False
DMRTA2,-0.0903990314381962,0.41953553874368216,-0.019881775801191992,False,0.10537525712426786,0.9554263042945813,0.02241044648249968,False,False
CPT1A,-0.09028692899765148,0.4299932315612274,-0.02053414520990149,False,0.08023269529148075,0.9625550458580404,0.017756509408957122,False,False
GTPBP10,-0.09027546792202226,0.21081225472052045,-0.020543026132729736,False,0.010707219104670457,0.9997031687217337,0.00247664994215846,False,False
REEP1,0.09022960447719003,0.5080690764943641,0.018822326588580296,False,0.32023770492468,0.6827479761130073,0.06268115463228696,True,False
WNK4,-0.09021660627404975,0.23937345084525144,-0.019804564400443425,False,-0.6001991317115234,0.3374731337757602,-0.11957179300799847,True,False
MVK,-0.08976945121523701,0.22978946244347354,-0.01989004687652507,False,0.03062020961665681,0.9942100601022184,0.006585908475953417,False,False
RICTOR,-0.08959009311902025,0.2256475260669459,-0.020908703178919907,False,0.15221651182417906,0.7851433910732453,0.03504433040992794,False,False
TBRG4,-0.08948766219815835,0.36130473995158124,-0.019924654822409238,False,-0.02232461790493511,0.9348963840891794,-0.005048271537189564,True,False
MAP3K11,-0.08916627357145405,0.39228638610182265,-0.01933634536223572,False,0.2026562140976305,0.8379363496650423,0.0452027517189153,False,False
ENY2,-0.08872954351311275,0.6249524470978861,-0.01979978751558864,False,-0.02522994520690394,0.9267000676899857,-0.005831644066510933,True,False
COQ3,-0.0883684930459077,0.44426008683812146,-0.019919324664133597,False,-0.5468177826091669,0.18226302266808386,-0.11671354437182924,True,False
UBE2J2,-0.08827604031607705,0.37568080713310115,-0.01921258286149996,False,-0.3071237734509103,0.6111445843897615,-0.06470921017555842,True,False
GOLGA7,-0.08808789061136241,0.6091166611054133,-0.02083447576851505,False,-0.014731486447100836,0.9554263042945813,-0.0035706971558226996,True,False
CENPQ,-0.08791896030204799,0.44490334935870374,-0.019818637919907012,False,-0.10637124693596146,0.8722566830496638,-0.025416069273330066,True,False
TPK1,-0.08783368509009758,0.28478487467861,-0.01926986551833476,False,0.10590302815337185,0.7843156661134068,0.025972099418258843,False,False
BAP1,-0.08777211225041051,0.33107023429450566,-0.019620270722540134,False,0.7312585394749502,0.05689154972114278,0.1521958303326416,False,False
COA6,-0.08758557490598719,0.5790408934757932,-0.01912218233618912,False,-0.27588481095933287,0.5203352387532016,-0.05678314823257047,True,False
BCL9,-0.08750837728105626,0.3416197501055796,-0.01977909319532678,False,0.23437840326970008,0.4672171610364609,0.05524690900758955,False,False
TMEM183A,-0.08744314082170217,0.22026430935634775,-0.020730577029360653,False,-0.19897277027834273,0.9259588916969467,-0.044501946901715606,True,False
TRAF4,-0.08744285632836812,0.13528767763393698,-0.019778818423120015,False,0.0520431941196731,0.969061878441121,0.012311124436620524,False,False
THRA,0.08741615783377037,0.2899499912983472,0.019593731566001082,False,0.23632114277488872,0.7898203874086549,0.05992241896324835,True,False
FH,-0.08724040590660286,0.3963998610184415,-0.019635588774899126,False,-0.3328139032398175,0.43444360105783825,-0.07856618475381882,True,False
TEDC1,-0.08675777314136675,0.19949047608659085,-0.01921392753859852,False,-0.2798207156051164,0.4540284577951309,-0.06989685626256392,True,False
DNAJC19,-0.08667438524239807,0.45523370667705626,-0.019759873844105158,False,-0.0954013789688954,0.9878099016649531,-0.02404622422790581,True,False
B3GNT3,-0.08665266786093892,0.2431137053813162,-0.01860628240829243,False,-0.4782444345127595,0.6116848261127036,-0.09330613367772145,True,False
PRKCSH,0.08636868543681472,0.4119669597788971,0.019210708730281745,False,-0.34177844394069634,0.5324086551794117,-0.06379645681621504,False,False
EFNA3,0.08626160491775094,0.6724585017792957,0.019337081179046756,False,-0.002942704982895989,0.9625550458580404,-0.0005905904465972611,False,False
JPT1,0.08580250243089037,0.29927520914312195,0.0190427525762642,False,0.3955764202293882,0.45354246924948094,0.0815570374451946,True,False
PLAC9,-0.08551911199642077,0.44889195542054594,-0.019012121215885358,False,0.5090760133246953,0.6087600254763447,0.17804170270275677,False,False
MRPL52,0.08544925242192301,0.3942291765298731,0.017896442723855266,False,-0.4815114140436308,0.10911463694944794,-0.10954983128244145,False,False
C1orf52,-0.08537377052211524,0.238947128664338,-0.019023393267060484,False,0.2327656676359765,0.9015108566114233,0.05517465837715552,False,False
SH3BP5L,-0.08526717735696714,0.6165303190142573,-0.01898058431912819,False,0.056361849625748195,0.8654261333329232,0.01513393340548852,False,False
ANKRD34B,-0.08525184589686606,0.3879504727955187,-0.018897841124720927,False,-0.1793588332911887,0.8649817581647525,-0.03806465342803733,True,False
MRPL42,-0.08503762992035546,0.14330307249389374,-0.019425768522329356,False,-0.32854595695384387,0.5827628695416314,-0.07191770748245219,True,False
DCAF4,-0.08485681764094165,0.35606723794079764,-0.018806706960474706,False,0.2439552787932985,0.7582967290797934,0.06113981799615864,False,False
NDUFB10,0.08463710213537846,0.3517806235493795,0.019252960973164868,False,0.5351178292056253,0.3985670776515577,0.1259346585331249,True,False
CDH1,0.08462365582627861,0.7720482703509525,0.019837499613734266,False,-0.05745150275731429,0.7944417885152435,-0.013405010585577415,False,False
UNC45A,0.08455036929997806,0.3320720238612768,0.019366709076980904,False,-0.1677763706418792,0.8882003125500818,-0.036440293684236735,False,False
GAB1,-0.08440468091166076,0.10371341120441462,-0.019230534527190812,False,0.21042758873493775,0.589174975750867,0.045971145870726815,False,False
VAC14,0.08438491098115729,0.23585496153491445,0.018655433981053626,False,0.17895246749165764,0.8010421126633535,0.03831740788239113,True,False
DYNC1LI1,-0.08423623316183033,0.3815253739926612,-0.018390021224613307,False,-0.2980308661580863,0.774386785492935,-0.06522758585978572,True,False
NAA38,-0.08414349892143097,0.2669019411636523,-0.018782007228408837,False,-0.16794775291709557,0.8303994039816182,-0.03481575128646419,True,False
DNAJB12,-0.08383957134333599,0.4549386133493688,-0.018802481278990868,False,-0.13394542063592224,0.9664047613901128,-0.03070887040352499,True,False
ZMYND8,-0.083778208706545,0.3948334152055142,-0.01895378697028427,False,-0.04559725713181808,0.9394891248969472,-0.011012934493785487,True,False
LARP4,-0.0836342638513553,0.2634449184053965,-0.018851831981122835,False,0.08779937873318394,0.9394891248969472,0.01820784641215134,False,False
IRS2,0.08335770489920141,0.1362254616998793,0.01875304752584217,False,-0.1985728563893858,0.8008049095129801,-0.05590252910550664,False,False
CDC42EP2,0.08324591367012452,0.3441775553425295,0.017870507727233864,False,0.45232473629763403,0.40793096842916204,0.09516945676573041,True,False
COX11,-0.08306231413643965,0.4379960299970772,-0.017916066878853165,False,-0.2766802945830971,0.6939301721462829,-0.06513933848283493,True,False
JMY,-0.08306144308553248,0.19258137222513866,-0.019019090136644934,False,0.023643306573340583,0.953268494889062,0.005630089196091426,False,False
HDAC8,-0.08299979241345816,0.7180754126010396,-0.018393261829625196,False,-0.37214909886243797,0.3594806005716994,-0.09047905791307631,True,False
ATP5MC1,-0.08281771887527013,0.5183671742878757,-0.019303891761684788,False,0.5063191474542673,0.5203352387532016,0.09240041010693734,False,False
CERS5,-0.08265846472259364,0.7379531999307332,-0.019497200602162756,False,-0.050630137212438905,0.956335952559856,-0.010806711218209308,True,False
SELENOK,-0.08238217458608747,0.4007879246893267,-0.01829906630130651,False,0.07535892815849106,0.774386785492935,0.02005483072241976,False,False
TRMT5,-0.08218198977256237,0.364261996992762,-0.01833223638040682,False,-0.30713238585585423,0.6101796105545236,-0.06379380759947573,True,False
DHRS7B,0.08215893572234569,0.6724585017792957,0.018073042701536757,False,0.09708352845330498,0.9117632390724111,0.022647008642541877,True,False
NISCH,-0.08210824274340393,0.522063444863704,-0.018434184271806764,False,-0.19440587527055372,0.9664047613901128,-0.05680169252248124,True,False
ARL8B,0.08197217013827052,0.2573064654841204,0.018290737272645075,False,0.011955302029018218,0.9740280951862692,0.002688719157997177,True,False
C6orf15,-0.08124396359881149,0.13759372999832914,-0.01800364348444017,False,0.31819290526128763,0.6995598874686818,0.061991866939137275,False,False
PPM1N,-0.08115238745230202,0.2871777106675925,-0.018779079862071946,False,0.11222659545858121,0.892846478813095,0.024174198906777633,False,False
SCGB1D1,-0.0811194711575031,0.2234411536976173,-0.018089508582730396,False,-0.4971117425078563,0.6813571742756948,-0.11637345813509103,True,False
ABCD1,-0.08106498415816281,0.2819974710887081,-0.018327386730255135,False,-0.2767649714616203,0.7423069571796356,-0.06589113096716837,True,False
TKT,0.08077118154479059,0.28526245550891954,0.017957775399481513,False,-0.007619966221227601,0.9593530954649296,-0.0015968466187867847,False,False
IL18,0.08038957032956784,0.42569077220026985,0.01684278064404765,False,-0.12406256311950853,0.8484657113806351,-0.02912691203744533,False,False
DESI1,-0.08026529346393861,0.35606723794079764,-0.017532273979241175,False,-0.5423985722267575,0.6097934306531239,-0.11164605374469438,True,False
DDA1,0.07988434210811168,0.33261968016526194,0.018023874461150058,False,-0.42909814992928674,0.5334549738151432,-0.10003280531954228,False,False
BECN1,-0.07974278862720277,0.4139085668448505,-0.017327480345583623,False,0.37525065854283757,0.41603364313870067,0.08812719624994791,False,False
SEPHS1,-0.0795775109294968,0.3664381915960221,-0.017579668220903955,False,0.15620924777938586,0.7198432714104961,0.03404412726291639,False,False
SMAD7,-0.07944858700577753,0.20288123119604504,-0.01811912244878755,True,-0.053410002233918744,0.8155951834890232,-0.0129487006428608,True,False
COMT,0.0793811702938456,0.3038084235285926,0.01847998302080356,False,0.24690100134937512,0.6995598874686818,0.04641005647243368,True,False
ANKH,-0.07916662854335685,0.4938889006920677,-0.01933764102448432,False,-1.0774635893126572,0.01035431330276308,-0.2091176596965587,True,False
MAP10,-0.07912701851182609,0.5411447584842093,-0.017581393352060992,False,0.34858569490009267,0.6639000036141762,0.09304176759517002,False,False
CUTA,0.07859866351907113,0.1266985037845169,0.017787408648676006,False,0.02280184132195731,0.9589911366394481,0.004317003924486862,True,False
MED15,0.07850871979257164,0.4354457319893862,0.017021661294807977,False,-0.25081860322013405,0.5203352387532016,-0.05599156531399885,False,False
LPCAT3,-0.07824618437836298,0.34076181128870475,-0.017548187822059802,False,-0.2573661930448038,0.6996616522029276,-0.058316377593038204,True,False
CDYL,-0.07822683321144584,0.47635247659408425,-0.016766006667323197,False,-0.24257549893682445,0.8083818787311677,-0.05631293344147359,True,False
LSM10,-0.0782078798836767,0.5746068843048494,-0.01733121481026867,False,-0.5093645890454626,0.22379553163337074,-0.11245995199396308,True,False
RHOT1,-0.07814752833085413,0.31153163783178583,-0.01785819342803041,False,-0.22297593488436382,0.8335012232913395,-0.04246540462122006,True,False
COMMD5,-0.07810114107262649,0.49186180394527995,-0.01793465864424615,False,-0.12547062779230653,0.7423069571796356,-0.02662735903737179,True,False
SBNO2,-0.07801213222973297,0.3399756690991015,-0.01715608178697181,False,0.13889868444566855,0.8847428439185684,0.028612963446754236,False,False
ASPM,-0.07791371097753988,0.41678820719787707,-0.01664311210910885,False,0.02476754520678261,0.9117632390724111,0.0058525533131676966,False,False
DNTTIP1,-0.07778391350774183,0.4931803672868721,-0.017857262714151112,False,0.40782926038006545,0.5258099459069215,0.10639720142254294,False,False
POMP,-0.07728029474812899,0.674552001696876,-0.017378161124661062,False,-0.010539954417724845,0.9901887421975374,-0.0025049082074612983,True,False
MIB1,-0.07711924119173409,0.4562406742694372,-0.017044150674451863,False,0.4123999023447653,0.11810565231133438,0.08891289959567228,False,False
MSMO1,0.07700030498363535,0.6739245371914548,0.017402209317280537,False,-1.2104175797455348,0.024953855548524827,-0.23305862867098526,False,False
UGT2B11,-0.07655593754517458,0.29312311992598317,-0.018069144143396443,False,0.330908653383513,0.7337250540230916,0.08103203208900833,False,False
SATB2,0.07649143311721683,0.23132051253042388,0.01756702670648469,False,-0.1371995926908739,0.976995641202891,-0.03294128711080191,False,False
TRMT12,0.07587000868653128,0.45130700502594445,0.017669077605217964,False,0.3424116209585074,0.8439080602500673,0.09822553494599973,True,False
GTF2H3,-0.07583905653524266,0.3994890138052285,-0.016914981050677014,False,-0.2976788097922933,0.6116848261127036,-0.06347589475290327,True,False
UBE2V2,-0.07580728134578643,0.24022759515008069,-0.016864667452926696,False,0.15046213440995465,0.9933695005445066,0.041639381153594,False,False
LDLRAP1,0.07554205970556027,0.5125520714281669,0.016080229625780262,False,-0.6458234620849109,0.04934257269090971,-0.18113633442765043,False,False
MYLIP,-0.07516429031783357,0.19779344732156234,-0.01753450946154267,False,0.6103661399180709,0.44205474809772205,0.1478839184280334,False,False
ELOF1,0.07511924288005746,0.3219915817607701,0.01747190474295124,False,-0.03623654380076094,0.8727895720132619,-0.007974366520310916,False,False
MECR,0.07500380419509405,0.657710616422468,0.017141727250279182,False,-0.45196515039992013,0.3594806005716994,-0.10970071291740524,False,False
CYP4F11,-0.07480697465647601,0.4708698966752585,-0.015862735164778208,False,-0.21959888159387309,0.9548094454962953,-0.06257992683065083,True,False
FAM91A1,0.07479340832784258,0.4222943512334558,0.01679947044769392,False,0.21438006321499403,0.7757572410661863,0.048836456378102966,True,False
PGP,-0.07386423518748136,0.40320223180204107,-0.016695611980100722,False,0.016795746669700393,0.9997031687217337,0.0035849752027274917,False,False
APBA2,0.07384972693438308,0.3183773123226721,0.016557474928860394,False,-0.10585954808131352,0.9605826593153051,-0.02067703024051415,False,False
ZNF587,0.07359940728120504,0.5770527591433209,0.017316450270024042,False,0.09419902806479531,0.9117632390724111,0.022488325655985797,True,False
MPHOSPH6,-0.07347253575541067,0.602100193656378,-0.01713193287605641,False,0.10115715105723755,0.8095883847114016,0.02176951433694274,False,False
THEM4,0.07337230184713345,0.320560673773819,0.015971811777028222,False,-0.30455226137268465,0.5348696207828504,-0.08905627835674235,False,False
POLE4,0.07335835030186397,0.3851205135334013,0.016651736342823575,False,-0.08398852088140997,0.8727895720132619,-0.01840951232931598,False,False
MRPS18C,-0.07327150070746999,0.5445250335635619,-0.01716023503668751,False,-0.2501903484681316,0.32133600964059994,-0.060915317260290536,True,False
RNF115,-0.07321389666730392,0.5031871889207176,-0.016515405364647684,False,0.06503249430918978,0.9684606707020068,0.015152726180820864,False,False
PIK3R4,0.07318526197721632,0.5463596561068126,0.015867435797642493,False,0.18456734012200623,0.8008049095129801,0.036789261163322706,True,False
DNAH2,0.07308444502484573,0.6545030447728092,0.016509739524458666,False,-0.06296632571038202,0.9015108566114233,-0.013943350357451756,False,False
EIF5B,-0.07296274675315473,0.4959521973179252,-0.01647140733782937,False,0.2650491547095092,0.7190536338039051,0.06097717055094165,False,False
DNM1L,-0.0729515807134617,0.6422237721693697,-0.01593654000405742,False,0.4697275845032653,0.5395619022701933,0.11253647956767754,False,False
UXS1,0.07240112726868927,0.14755493051033713,0.016467522437638493,False,0.863989791971605,0.022284478454594792,0.19101397754166882,True,False
RANBP9,0.07212225944485574,0.6693598223663101,0.016589701846170257,False,0.04857877897707294,0.969061878441121,0.010701105315805925,True,False
HEMK2,0.07178228051781144,0.45396322925917637,0.016672395056565925,False,-0.8662617350651107,0.07528199353026055,-0.1996405432430457,False,False
PCGF1,-0.07163806029227016,0.3765893661006882,-0.01635733637220138,False,0.19315328449066366,0.9348963840891794,0.04581035616859719,False,False
INO80E,0.07158911743063365,0.46597003279243454,0.016395713827977332,False,0.06396185291617507,0.9124116496436175,0.01646011762652222,True,False
MAGEH1,0.0712247881354094,0.37029417826123723,0.015477789118513385,False,-0.06234092212790901,0.5992788746165753,-0.017167656498972228,False,False
SV2A,0.0711370721237909,0.35821387000321053,0.015515974434939572,False,-0.2889649408720836,0.8010421126633535,-0.07879830413958722,False,False
FOXO3,0.07110058619946327,0.5606609116173629,0.015647399025001896,False,0.2974568988394208,0.2757652809942196,0.08264051043529186,True,False
DPY30,0.07097035858600727,0.5534042214757302,0.015963464688550033,False,-0.6292080027272148,0.020621292186061176,-0.1369838948306219,False,False
UGT3A2,0.07088215905175976,0.4941946177170901,0.015929939535508808,False,-0.006489558233207546,1.0,-0.0015116232913499061,False,False
KRT6A,-0.07081876634729868,0.36008127174822957,-0.01557574296602482,False,-0.1621591929998163,0.7007370394285746,-0.03837252046604167,True,False
PI4KB,-0.07015530544714642,0.41258579321535416,-0.01547350429694827,False,-0.3136628332431907,0.3334498748007519,-0.0690162293943235,True,False
NAPG,0.06963743508252822,0.5448776156900587,0.015807885875981142,False,0.10461125538877399,0.956335952559856,0.024426300175470317,True,False
LYRM2,0.06963451973570974,0.3373429800848011,0.016098957442348905,False,-0.049497079958798616,1.0,-0.012062888951729356,False,False
FBXW12,-0.06963286543553762,0.5466772550373893,-0.016188715568688394,False,-0.15773193031837401,0.9142556527699468,-0.03317517834336137,True,False
P2RY6,0.06960045189259209,0.5154054096525403,0.01605035043550629,False,0.15767960381892646,0.9997031687217337,0.031176607287723535,True,False
PPP1R1B,-0.06952195747623761,0.47276310562221935,-0.0157191075344274,False,0.4383917639954902,0.5703047220985946,0.12722234242451513,False,False
ALG3,-0.06939305058069466,0.5095390684770562,-0.015424442102104585,False,-0.3158777638496439,0.7337534597077195,-0.06775542089401299,True,False
WDR5B,0.06932770062122685,0.49984865987135124,0.016073062044879016,False,-0.25882403864062103,0.8696264215881803,-0.04858128840743703,False,False
SLF1,-0.06928594520188315,0.5435030820667821,-0.015761192476446695,False,-0.16233836581291824,0.6634933090425653,-0.037936417462052674,True,False
HAND2,-0.06921047400655674,0.6961468224440015,-0.01546082864012277,True,-0.3279856626776361,0.7426375595241232,-0.059276162787627484,True,False
HAX1,-0.0691939070217961,0.4724629821167832,-0.0152317797773458,False,0.045915081214992985,0.9664047613901128,0.01172398260489338,False,False
OSBPL9,-0.06919180974934076,0.45721837859861275,-0.015355284572513561,False,-0.34524108616075533,0.6490507067879975,-0.06863938031784311,True,False
VAPA,-0.06904062638994041,0.6136250801098264,-0.015252063412855676,False,-0.42538465041984613,0.5968608591818402,-0.0922161756139106,True,False
PTP4A1,-0.06853578329903527,0.500770425951556,-0.014840372163382298,False,-0.10006452563471079,0.8985070333984129,-0.020400562953744483,True,False
TRIM8,0.0684666786376884,0.5067669164214352,0.01511903529435532,False,-0.6943404034134866,0.2757652809942196,-0.13652809245113495,False,False
CEND1,-0.06846205359497465,0.4132329577388089,-0.01513086486866122,False,-0.34209722724886993,0.2368959873229372,-0.08738171775030601,True,False
ALAD,-0.06812128714888534,0.40729094461963755,-0.015191718049483605,False,-0.4489017594613187,0.12878312239378154,-0.11247280066416376,True,False
SPRING1,0.06806169746861737,0.9768150660935081,0.01549021521853522,False,-0.4283320142109227,0.22476873358654872,-0.09126478748560274,False,False
TMED5,0.06743453901150454,0.6157938580661111,0.014678775905715646,False,-0.44704758314071247,0.5203352387532016,-0.08704852480305902,False,False
EEIG2,-0.06731251368760008,0.5105677724337785,-0.014502874891220152,False,-0.7511144013425752,0.13837141764661856,-0.19344666814654055,True,False
RSPH9,-0.06686031955305252,0.7917885142001754,-0.015081512102505634,False,-0.1359949351981888,0.9570547740086202,-0.027567213386855194,True,False
STIL,-0.06675189590782366,0.5042103390347135,-0.014364415723285617,False,-0.296074467402849,0.6657897264705382,-0.07345451664772806,True,False
TAF1A,-0.0665337960465833,0.7543350385502278,-0.015185196184364536,False,-0.386890560817728,0.5277271838919383,-0.0860993599227644,True,False
STAMBP,-0.0664639599774424,0.319401047800415,-0.014607549321882907,False,-0.04792137604558426,0.9585209435924174,-0.010497821122599227,True,False
GSDMD,-0.06639000389418481,0.44125314157270384,-0.014822656132936096,False,0.12613030880123602,0.8379363496650423,0.024289097507776525,False,False
ZNF706,-0.06632367288205575,0.6372219155907817,-0.01490326268319997,False,-0.43664002578997413,0.6165976689769507,-0.08495146330437997,True,False
CD2BP2,-0.06607551906412631,0.5296298352709723,-0.01530002144415743,False,0.3289504317693351,0.8517690818410698,0.07725569383298314,False,False
CNEP1R1,0.06596134777306817,0.3470274807641905,0.015076391925408217,False,0.28533536720160174,0.44205474809772205,0.06325408707822522,True,False
DMKN,0.06592838407892677,0.6548363695934599,0.014394227786499236,False,-0.1415445141383609,0.8307347795292304,-0.040814226540436316,False,False
FAM222B,0.06592825184563032,0.5448776156900587,0.0148412861839331,False,0.35281346749107617,0.7829109548337151,0.07421429002484814,True,False
ORC3,-0.06586296159846955,0.5757234937937973,-0.014205124599666163,False,0.13358179605355264,0.912971373380967,0.02680357015034307,False,False
AFF3,-0.0655389523969716,0.5048929272567055,-0.014094047186050673,False,0.30822440986696864,0.5751928549298045,0.09005615748934837,False,False
C19orf25,-0.06543660363085159,0.5001230359949448,-0.014979359898700473,False,0.23675848173260344,0.5203352387532016,0.04913568758601805,False,False
WARS2,-0.06481899086948903,0.47050791726172797,-0.014578202246361194,False,0.16866963069700475,0.9394891248969472,0.03963462510352489,False,False
PSME3,-0.06470219630658339,0.6673095308228209,-0.015598259660231761,False,0.31185760095054915,0.33652682127208683,0.07020458660372508,False,False
TMEM92,0.06469811769032768,0.5599119360408211,0.014185152116541921,False,-0.24383177591782984,0.7149427287467444,-0.06482620927118088,False,False
MFSD1,0.0645871609486748,0.3845243974077838,0.014020416192086493,False,0.6492573839287503,0.24549893730214975,0.160410494514875,True,False
TOMM70,-0.0644125475656913,0.4432664620506958,-0.014469174910060723,False,0.1692554948355436,0.6677227267324075,0.03945017136801798,False,False
ERCC1,0.0641902389848345,0.5087871813431295,0.014591327415592659,False,-0.6892237831161655,0.44206216078679605,-0.14517130690249225,False,False
HMGXB3,0.06390772071001213,0.27918817830464754,0.014468803866165558,False,-0.3002987891624662,0.4734778411444937,-0.06510049930413153,False,False
DNM3,0.06380728551317595,0.2584724689434455,0.014286713382044347,False,-0.5742639409056695,0.6097934306531239,-0.11950915784909633,False,False
HSP90AB1,-0.06359183421572036,0.43229721601510973,-0.01406714211763127,False,-0.09318360229834151,0.8245046133852353,-0.01960747779593497,True,False
TIGD5,-0.06324981260642015,0.7775822329148687,-0.014234540218553526,False,0.3303230190684113,0.5590159674583631,0.08156202300749271,False,False
ERCC6L,0.06320436035637071,0.644833896215461,0.014067032959486525,False,0.10072075236350138,0.9117632390724111,0.02305328444889021,True,False
DDIT3,-0.06271820253816736,0.41981965974854096,-0.01397936457567539,False,0.15757317016587818,0.8321346192005107,0.03624364308727834,False,False
MAP2K4,0.06263829186404143,0.7352244331738976,0.014222182552169116,False,-0.22611912910158527,0.8696264215881803,-0.042362037380386575,False,False
YBX3,0.062291621307642465,0.5591994892428976,0.013607750588426448,False,0.3529149662712633,0.6639000036141762,0.08724242072614263,True,False
ZFP69B,0.0621968028103953,0.7324061836431399,0.013723556296722172,False,-0.1067476544036442,0.7337250540230916,-0.036026638673410716,False,False
MFN2,0.06219538476463054,0.7347957437712476,0.014444249433431366,False,0.22139970255987362,0.8847428439185684,0.042613160819879425,True,False
PDZK1IP1,0.06214395681237611,0.8028812689842973,0.013941708597812408,False,0.009384464951957154,0.9901887421975374,0.002363499444248518,True,False
CNIH1,0.06179136226101022,0.5699648854458202,0.013876959934592037,False,0.026537319868188608,0.9725018933141591,0.005386998700115164,True,False
MMACHC,-0.06165489032290871,0.4463102232346185,-0.013813152513263205,False,-0.25033929188676357,0.871290656560024,-0.050037836405419256,True,False
SPTAN1,0.061479896521834485,0.4978434066089397,0.014250298854439514,False,-0.1678640058671306,0.9394891248969472,-0.031515576154017566,False,False
MRPL58,0.06142220668190191,0.4938889006920677,0.01421712006714948,False,0.3266626894266388,0.5533102464834426,0.06909700810833108,True,False
RHOA,-0.061154301118347305,0.5553547408299251,-0.013616863920475453,False,-0.10420942506444898,0.9879972952090303,-0.025469737195828124,True,False
SUPT4H1,-0.061137840304309264,0.6410248346840359,-0.014360591632843978,False,-0.16425163931287562,0.8010421126633535,-0.034841905719996014,True,False
MGAT1,-0.06103201450309251,0.8705666626562527,-0.013341374624401325,False,-0.22705881530504335,0.6634933090425653,-0.055866146300539654,True,False
C1orf43,-0.06089632218423816,0.6914632576605461,-0.013607290708183228,False,-0.24566379879602965,0.6240416325282755,-0.05457247307387458,True,False
PDCD5,0.060850063002876494,0.4931803672868721,0.01346790172928447,False,0.1520749416958296,0.794131809276218,0.03674732545556125,True,False
RAC3,0.060785222487967416,0.4177785702012421,0.013546282863897474,False,-0.16007272757021038,0.9457220836905977,-0.03518947621537816,False,False
RTN3,0.06063697399688945,0.4776836174496514,0.01293402369997576,False,-0.03203727508884046,0.8307347795292304,-0.00743080468349433,False,False
FKBP4,-0.06057654670795354,0.3385427339769912,-0.014508410912922542,False,-0.4670985356266518,0.5086617967923921,-0.09984363455957723,True,False
MRPL11,-0.060370704179763764,0.4952748545464854,-0.013367254870136236,False,-0.18296080531989375,0.6444431876085901,-0.03942738433686532,True,False
SCAND1,-0.06031863036277362,0.6566687107966716,-0.013507704942377075,False,0.17396641985379932,0.9043560072638791,0.04382997241091591,False,False
RPUSD3,0.05999755655056752,0.7962722865598486,0.012976674084223205,False,-0.1509921674223672,0.8951748636193857,-0.039407732865482714,False,False
PYURF,0.059985486454811575,0.3961238579827304,0.013693185408978792,False,0.15939126611993315,0.7812176289815335,0.04269316841860604,True,False
ORC5,-0.05964612934880423,0.5102915017918366,-0.013974678410559882,False,-0.43753804748061276,0.5478396742582712,-0.10693316483462212,True,False
TMT1B,0.059283193840879156,0.5680993645321211,0.013024631383918184,False,-0.290531416410992,0.7988252588626975,-0.07539043913658805,False,False
OGDH,0.059118350430950796,0.7433223728403745,0.013086764690913633,False,-0.08266153981831968,0.776966242668541,-0.018713526646420675,False,False
UBE2A,0.0589167623002038,0.6958105486692213,0.01272752407300004,False,0.08093274930615528,0.8650158711640021,0.01869841149754592,True,False
CENPF,0.05842370784187033,0.4342024222407006,0.012742625449797096,False,0.3341990697769208,0.5795904280350993,0.06541962154849568,True,False
DLGAP5,0.05836636309286723,0.5801978951592044,0.013205146728536121,False,0.32065627625525184,0.4296761212470041,0.06635953800007943,True,False
CIP2A,-0.058328591901870654,0.7402081512708931,-0.013344539465597549,False,0.10862678560357013,0.6116848261127036,0.026577906469550605,False,False
API5,-0.05832112748039685,0.5746068843048494,-0.013311854827547265,False,-0.11820796546577442,0.759098848292241,-0.026470227796028034,True,False
ZNF69,-0.05817514176735987,0.6323918154108524,-0.012995710960080231,False,0.3114431265500314,0.6240416325282755,0.07398289601169594,False,False
MYBPHL,-0.0578611373582297,0.46094309276678014,-0.013167474432786541,False,0.3355336624574244,0.6481744093516577,0.08505302875104626,False,False
CCDC6,0.05765757561440161,0.7974291062736935,0.01312258227517571,False,0.23874652880013597,0.4646158546237458,0.056547438319483945,True,False
FKBPL,0.05754206544121378,0.5168178198228084,0.013414756545176765,False,-0.2574876816687173,0.6163200603451082,-0.06542752812286867,False,False
CDS2,-0.05751199443035132,0.7603803202481699,-0.013027870808874908,False,-0.46341283344379364,0.08379110101290414,-0.10891296386443283,True,False
HECTD1,0.05747262422531917,0.9720263699949919,0.012684757776655786,False,0.4386118505759823,0.22632584940591924,0.09029682573552567,True,False
MAP2K2,0.057391125033745286,0.6296750249240399,0.012243339325703317,False,0.23285309941472263,0.747113824324236,0.05294311102226246,True,False
UBE2T,-0.057140866385617946,0.5544689075748551,-0.012476530712512535,False,-0.4308882401245312,0.2356606452796407,-0.09555143000854738,True,False
DERL1,-0.057035062766248465,0.41593918759101944,-0.013160178292896063,False,-0.15419907932354213,0.7043015981441557,-0.03797689980778873,True,False
PIGM,0.05701987996530052,0.3554972194067235,0.012341100619647882,False,-0.12179710429989811,0.9548094454962953,-0.02851459559025038,False,False
DNAJC21,0.05660523724903342,0.5673464987578098,0.012244758026760394,False,0.17743548478616628,0.8095883847114016,0.036590477754525175,True,False
PPP1R35,-0.056248168960861857,0.4299932315612274,-0.012818682676849491,False,0.46206851232652163,0.5622628846401616,0.1095594590646023,False,False
SLC3A2,0.05613756371071486,0.7391034537240678,0.012512571102350378,False,-0.007658219349521818,0.9348963840891794,-0.00182897869302856,False,False
CITED4,0.056008544488640725,0.5647327831760792,0.012672450419174197,False,0.00449982740187988,0.9981408208678295,0.0011530015606107114,True,False
WDR54,0.0555598311326534,0.5561731133624045,0.012467591469257577,False,0.0926320589121186,0.7812176289815335,0.020368044139381425,True,False
SYPL2,-0.055522329130165006,0.5753635405340493,-0.01293037830335475,False,0.26550627046341424,0.9117632390724111,0.07897689437347566,False,False
PTRH2,-0.055461966409503266,0.8214213152854136,-0.012314501532708633,False,0.002024262523026308,0.9879972952090303,0.00039948089475672077,False,False
VTA1,-0.05544894855694391,0.7271577938394934,-0.012539991710714737,False,-0.17410234292058488,0.7720933645615385,-0.03598248379727309,True,False
KIF14,-0.055396007963709165,0.601523046043878,-0.012399025978329092,False,0.3384848526539434,0.6678011585965532,0.07477544575496076,False,False
NCOA6,0.054991404863376205,0.4952748545464854,0.012084931288478096,False,0.2140305045785698,0.7337250540230916,0.046823817464840545,True,False
GNAI2,-0.05480105805815614,0.8194433350117291,-0.012711441300592874,False,0.025081410109378952,0.8896689231716721,0.005285046478221034,False,False
KDF1,0.054758281658825486,0.9704850396384737,0.01255520268633692,False,-0.22987649674013147,0.9348963840891794,-0.05079933963786587,False,False
MRPL13,-0.05474445508409489,0.657710616422468,-0.01221961889090295,False,0.0697817242856078,0.9235896705620377,0.014998926160994408,False,False
CUL2,0.05424061241685046,0.41092873152015646,0.012158397561810474,False,-0.10329796364805911,0.85818965778074,-0.02252613311976237,False,False
NFAT5,-0.054239329879996995,0.73709531956055,-0.01280125934771803,False,0.25716458209277077,0.8869120469012526,0.05912543984500562,False,False
PIN4,-0.054154072550139584,0.7449488908582772,-0.012349793341610571,False,-0.11353142867212038,0.8756019746613767,-0.02692878343264926,True,False
RALGPS1,0.05410003596749833,0.998119682856464,0.012083414418555094,False,-0.0926709964542093,0.9348963840891794,-0.02019610721267817,False,False
CORO6,-0.05390299989604007,0.3062750613325263,-0.01171416090276356,False,0.24274424997102223,0.8671290025705851,0.05075962398365075,False,False
YME1L1,-0.05360896275289857,0.41619407477239684,-0.012400157505803477,False,0.044295139124061106,0.9548094454962953,0.010111818059417743,False,False
PSAT1,0.05348043667844025,0.6047374229342616,0.011572297769942175,False,-0.03953094669425408,0.969061878441121,-0.009875500043690089,False,False
ATRX,-0.05347376822751099,0.3103493810683966,-0.011784814370876084,True,-0.22359290588161154,0.6995598874686818,-0.04647329197404204,True,False
YWHAE,0.053340292813634164,0.5817544352705301,0.011874167484577924,False,-0.20087825993613703,0.6902031423671481,-0.04500778219057455,False,False
BICD1,0.05332776493504738,0.4332492975253652,0.012346351295894564,False,-0.5046830184498181,0.6111445843897615,-0.10513767563732923,False,False
FURIN,0.0531698360300485,0.4844122658329105,0.01145709493362368,False,-0.4283184104397126,0.12862738681044592,-0.09550294765784173,False,False
TRAPPC13,0.053133926421699916,0.4010926887766033,0.012213022153693132,False,0.21764308794390885,0.42612989652202793,0.04733458952609304,True,False
RSU1,0.05298733571647096,0.4379960299970772,0.011651215589566277,False,0.06479504743866814,0.9471288736778624,0.013999714599921553,True,False
EHMT2,-0.05289165654319467,0.7698868842035038,-0.01202554905460751,False,0.16417654895009498,0.774386785492935,0.03968823974630897,False,False
FAM98C,0.052851146485121424,0.915999033433063,0.012129601187711891,False,0.6342796418806229,0.25653710534522045,0.1935459185485504,True,False
CCDC38,-0.05252254662993561,0.3845243974077838,-0.01123744835665974,False,-0.46491852116202814,0.4847922750573854,-0.08669998678648128,True,False
HJURP,-0.05196729667028376,0.6669332349559736,-0.011797748172802436,False,-0.3592073071484676,0.6111445843897615,-0.07157914908462715,True,False
ZNF844,0.051955146122285155,0.674552001696876,0.011466490362801451,False,0.0009576609163599528,0.9880101945565994,0.00021048686262581384,True,False
UQCC1,0.05193174225141072,0.6810181359995635,0.011620470963366714,False,0.03071631255464236,0.9941060569253521,0.007119486120966023,True,False
ARHGEF11,0.051845971496200065,0.44125314157270384,0.012120004650013172,False,0.42848650851074627,0.42626037612380935,0.09987471787789204,True,False
DCAF10,0.05177660411357248,0.8300516906893293,0.011693283207792504,False,0.1173968046195106,0.9471288736778624,0.025348848864295448,True,False
F2R,0.05154340401097103,0.3508592618811509,0.011296923175330598,False,-0.1918030362028042,0.759098848292241,-0.04362291069314672,False,False
MTF1,-0.051155345196593,0.7083889202634928,-0.011652190531018292,False,-0.6054644691068082,0.017684863888858045,-0.13907472420812805,True,False
TMEM41A,-0.051072531072459175,0.3079265884184791,-0.011509154027683266,False,-0.29447115823162895,0.747113824324236,-0.06974758051253094,True,False
FASN,-0.05098415511399342,0.4485688455608219,-0.01168972020218284,False,0.004800392521067435,0.9879972952090303,0.0011267604376543616,False,False
UBA6,-0.0509822273153529,0.3344048892856774,-0.011511065439938406,False,0.5589243666172752,0.10911463694944794,0.1224078319127111,False,False
APOLD1,0.050855077912416266,0.326646065576745,0.011476349673032793,False,-0.7281496309474815,0.2275624686482474,-0.13234109074667977,False,False
SDHB,0.050756335072895814,0.6379658438013314,0.011227331331159718,False,-0.007441097715113355,0.9548094454962953,-0.0016931819765444445,False,False
RBM18,0.05058481930383664,0.9567891602563898,0.011231347285514559,False,-0.1812933299298228,0.4505985968424628,-0.04025178916365846,False,False
GLS,0.050556844461544376,0.5080690764943641,0.011437768926832348,False,-0.4573280765177402,0.08575780271739222,-0.11154237587597748,False,False
DUSP12,-0.050341975760474014,0.7470058426631073,-0.011076273724965446,False,0.1094379995712895,0.9879972952090303,0.03216667035138876,False,False
FZR1,0.05024658058910238,0.8273540936585638,0.011623786162938465,False,0.1383396860547916,0.6095118628998313,0.03158806967389616,True,False
MPPE1,-0.05023213045113366,0.5837493045146562,-0.01110331079933502,False,-0.43588838564425414,0.3343673249998829,-0.09300278215072932,True,False
RABL2B,0.05006773522513395,0.3696858395896078,0.011063229896119076,False,-0.4166687015671696,0.5203352387532016,-0.0977791042585574,False,False
PRR7,0.049777960640206856,0.6818169019998753,0.01088774994327224,False,0.049339262353626644,0.9193399787712566,0.012534242130312734,True,False
IQCC,-0.049731845768490525,0.47050791726172797,-0.010796601215481871,False,-0.1315603003789299,0.9235896705620377,-0.028393439528212383,True,False
LAMTOR3,-0.04958431220369162,0.7913546258292365,-0.011336360216491315,False,0.2759714807312857,0.6657897264705382,0.06140009060126328,False,False
FAAP24,-0.04955261055504271,0.8273540936585638,-0.011028273152623669,False,0.05192152817618871,0.9425131404956643,0.011689616704558148,False,False
UBAP2L,-0.048739067563982545,0.808870159925844,-0.01099822999477773,False,0.0928520709720698,0.8671290025705851,0.018818654719041206,False,False
TRMT61A,-0.04870279510072765,0.751168853116804,-0.011569371780074889,False,-0.49138149192412506,0.022145630202235977,-0.10493926258599018,True,False
PIK3R3,0.04868043368939893,0.918436717961669,0.010908332508566154,False,-0.3784442596379144,0.6657897264705382,-0.07035264919332285,False,False
MAP2K1,-0.04867973517884689,0.3244148297139657,-0.011174513890407134,False,0.20548298103723853,0.7303478002868795,0.03776891054662812,False,False
TUBD1,0.048505114590458885,0.7753188224582384,0.010983127662500536,False,-0.22548537761341148,0.8557415135262811,-0.05902429365788109,False,False
ARL10,-0.047989786483880165,0.826297846462215,-0.010398539361436754,False,-0.22909740835837689,0.6602709192058662,-0.05783510820002924,True,False
DPY19L2,-0.047690345898643544,0.7584112175170707,-0.010158401394046557,False,0.14123173596664584,0.8001010353707174,0.032860743843141194,False,False
SEMA3F,0.04755615461435856,0.7387656659149977,0.010641402447289394,False,-0.5121508421849696,0.6780264558702808,-0.12296306655250344,False,False
SEL1L,0.0470392567517854,0.9526059435248958,0.010138222804322083,False,-0.16227975930092833,0.7219471229139238,-0.0365224757202105,False,False
PDZD4,0.046789169955760115,0.5132731369905715,0.010589204730771407,False,-0.18506264393108243,0.9183940882588234,-0.035898734398085,False,False
AATK,0.04660395544920911,0.7779197751730597,0.010525581025532027,False,0.10246348933295416,0.9306078393348545,0.02500369465287733,True,False
NELFCD,-0.04650761467307647,0.40256394975102666,-0.010955159159575345,False,-0.16539507791148644,0.7812176289815335,-0.036244417005124596,True,False
HNRNPR,-0.046442401953697816,0.600677158314053,-0.009956146482985595,False,0.42526761360541554,0.5203352387532016,0.09869566086499759,False,False
CCNE1,-0.046423640970055864,0.9195189097149751,-0.01066835465194682,False,0.4908390058961831,0.07060591435070031,0.10335686547187439,False,False
GCLC,-0.04633236921256482,0.7225910935949239,-0.010594180373391993,False,-0.9895961073457051,2.579377182047706e-05,-0.21077759809863927,True,False
ANXA9,0.04613069101757635,0.9241196069281115,0.010451536543335749,False,-0.3469726579218805,0.5710659053049805,-0.06301027939432657,False,False
OAS3,0.04583193013713709,0.39228638610182265,0.010278457550357167,False,-0.5850750968349994,0.33386511052671525,-0.12855591680588407,False,False
ASNS,-0.04574931279295708,0.5087871813431295,-0.009771696592774326,False,0.44090125275301406,0.21116100389780607,0.10012149276256466,False,False
CIC,0.045540612633238095,0.6257320951767341,0.010063780508952291,False,0.975959761802689,0.058449950887652875,0.23128987522567446,True,False
HMBS,0.04526152437291456,0.6119592915785405,0.010108722272875958,False,-0.3033152973770369,0.4577054779913988,-0.07444557338559576,False,False
CD58,-0.045257046086812504,0.7806635921153008,-0.009685016115508205,False,0.35648672150795596,0.8299519086898128,0.08740309905172339,False,False
ATF7IP,-0.04524908235533813,0.21879991820024086,-0.01007030376247009,False,-0.27303246635593703,0.6116848261127036,-0.06532337410916522,True,False
FARS2,-0.0452148870157078,0.6217184190386768,-0.010511615791587658,False,-0.2248365031787095,0.7574160716583186,-0.04987277907319054,True,False
STX10,0.04497351379281637,0.43576411625119854,0.009912864996740822,False,0.5694127106313646,0.336776445076594,0.14093282495122406,True,False
GTPBP2,-0.04483868040628471,0.7155179269389716,-0.009442742845964247,False,-0.259926947124468,0.7743064166613366,-0.058749744576404694,True,False
GPR137,0.04479557856351127,0.6358152976899071,0.010013380599336763,False,-0.7080231988081711,0.15899130728717512,-0.14315311746541237,False,False
DYDC1,-0.044563234381715146,0.3661232464046293,-0.010010566971009993,False,-0.6962569736000414,0.4716130894431435,-0.13998425015888483,True,False
SCPEP1,-0.04445612632990144,0.8970432587727935,-0.010089244259545715,False,0.1250222955716146,0.8299519086898128,0.024173975634490752,False,False
NKX2-5,0.0443779599618707,0.43229721601510973,0.009739282468346211,False,0.1259203634431184,0.9436264917372076,0.03196198558448682,True,False
ZDHHC11,-0.04434890898161691,0.15990009759891644,-0.010265990188141672,False,-0.2848818974424453,0.5348696207828504,-0.06887182544396353,True,False
TBL1XR1,-0.04426708681223144,0.5239673213508355,-0.00994610179760258,False,-0.17897824635441642,0.6608982247139682,-0.04166261620587175,True,False
GFM2,-0.043706844597805314,0.5762953756439112,-0.009714713486197901,False,-0.15447746532222337,0.8095883847114016,-0.036046822292579606,True,False
ACKR4,-0.04363977471063136,0.6972860820434791,-0.010083182321413808,False,0.010394688422042086,0.9394891248969472,0.002251327284879423,False,False
BBLN,-0.043343392591233286,0.5035281411945411,-0.009460924245444424,False,0.5157798329099738,0.3393270635451416,0.09647808654989998,False,False
SLC25A22,0.04309156820810371,0.36701832486751707,0.009561988976412472,False,0.10492428823136467,0.8696264215881803,0.024488237287367376,True,False
KCTD5,0.04245912392295722,0.8628129422299314,0.009661492878023203,False,-0.2282527408486178,0.336776445076594,-0.05645559632231034,False,False
ADSS2,0.041834184885588294,0.5372832743516155,0.009558309135341503,False,-0.20147564561574013,0.5596433608919211,-0.04882685159895317,False,False
FIGNL1,-0.04144623939857801,0.747343638190509,-0.008841353896023918,False,-0.3689719055757439,0.44205474809772205,-0.0939846567089413,True,False
FANCC,-0.041196397040719694,0.5805961977711686,-0.008900416617221296,False,-0.16337790120345969,0.8537145743869544,-0.039751882646136494,True,False
SLMAP,0.04111574655503948,0.8097402009719714,0.009313579891002455,False,0.11055458461560497,0.8847428439185684,0.025604462226661795,True,False
ZNF281,-0.04104247178003882,0.7528908451277663,-0.009315057327797582,False,-0.20983237638915708,0.7057311152344317,-0.05263160220624652,True,False
SLC4A1AP,-0.04100521885567784,0.6257320951767341,-0.009462447790238748,False,0.0907647920993843,0.9588458431102604,0.018756498420438028,False,False
RALGAPA1,-0.04097552629218778,0.5350769187733861,-0.00933568753102243,False,0.053957150448658626,0.892846478813095,0.01417038972500162,False,False
DDX1,-0.040307532145548164,0.781866932425317,-0.009042713787333234,False,-0.11771803920738404,0.9301039957073299,-0.026927479396589682,True,False
GAL,0.040051649142529074,0.6588356928236584,0.009286859184978624,False,0.23109259622367498,0.9457220836905977,0.05089472710578313,True,False
ZMIZ1,0.0397910290282754,0.7112776817951497,0.00919833465314479,False,-0.017184068698369366,0.9117632390724111,-0.004705400730826703,False,False
PIM3,0.03898952639438311,0.9596812999061447,0.008483765568018775,False,-0.2631697676469433,0.8601571325573372,-0.06053947107312396,False,False
APEX2,0.03897985138923153,0.5299439318452253,0.008780890549588527,False,0.42926085084791443,0.22587319154810392,0.09436227270660513,True,False
SPRYD4,0.038872909148110125,0.9785507505660391,0.00894827564643208,False,-0.02011394288970357,0.969061878441121,-0.0040929734639707505,False,False
FAM210A,0.038683472010354526,0.6743017019497359,0.008738097560426539,False,-0.14434179524737206,0.776966242668541,-0.0342929594777992,False,False
SKA2,-0.03861104724066617,0.6406929052156949,-0.008786928236533598,False,0.33769459617237985,0.6629049033931972,0.06875631607899635,False,False
CKAP2L,0.03839182269765704,0.5790408934757932,0.008897212708691704,False,-0.19829541454505845,0.6480324515861833,-0.042657960072214784,False,False
SRM,-0.03838261563318582,0.7283961425805152,-0.008926457869611326,False,-0.5166467125451398,0.08575780271739222,-0.14182219387584638,True,False
TRIP12,-0.03827918725569329,0.9513335904403007,-0.008226135219498332,False,-0.17341546725611456,0.6252514433855049,-0.04430653740403212,True,False
BMP8B,-0.03803672467636826,0.5965491644865493,-0.008096170887040621,False,-0.16318811878868789,0.9348963840891794,-0.03684455697199862,True,False
TIPRL,-0.03766143008291663,0.6031969613119592,-0.008520742116852276,False,0.15530742754318755,0.7888978640575428,0.032062891383458414,False,False
HMCES,-0.03736070594106694,0.438605440898491,-0.00820829955966662,False,0.1938708016715778,0.8951748636193857,0.04635573073595811,False,False
ATP6V0A1,-0.037241416084103474,0.7033808183357929,-0.008088459347968424,False,-0.013531793603656306,0.8517690818410698,-0.0033321253939240236,True,False
ERCC4,-0.036477387909875175,0.644833896215461,-0.008113682746581752,False,-0.23817387523971018,0.7043015981441557,-0.05529606579678692,True,False
AP1M1,-0.036391853061527736,0.9073228463419903,-0.008694626882604695,False,-0.5061529423707055,0.15441488468144754,-0.10684607212974129,True,False
STEEP1,-0.03637513342984403,0.6790009885640882,-0.008153044760387473,False,-0.3487485353395674,0.13417891901361026,-0.08202404097836613,True,False
ARHGDIA,-0.036311951268336286,0.9546980407052269,-0.008113479521018263,False,-0.2890472122464852,0.6408556498212772,-0.06881147213217265,True,False
GAS1,0.036219806414150596,0.5949777548972669,0.008029236781103677,False,0.1424468840811728,0.8155951834890232,0.03718038622337083,True,False
NEK1,-0.03598097089456425,0.8422993141416686,-0.00793498639686252,False,-0.050219225573687055,0.9850030783320898,-0.012369564519429943,True,False
CNTN1,-0.035756747950303557,0.5968372714736472,-0.007790232778037698,False,0.16034029916976092,0.9117632390724111,0.037006354673414954,False,False
SKIC3,0.035510154013423015,0.961657253592745,0.007711626602278088,False,-0.5252128392124081,0.24381614302239704,-0.11709860754485923,False,False
ATP6V1H,-0.03526069150086571,0.826297846462215,-0.007965869504913847,False,-0.3847605412544361,0.4136662072995196,-0.07700329406409967,True,False
ZNF622,0.03519641127393062,0.7033808183357929,0.007872838929434245,False,-0.13774683965912252,0.9117632390724111,-0.031373692319938584,False,False
ZNF217,0.03500052951651686,0.8304369913332196,0.008236242058683452,False,-0.07991224481490623,0.8010421126633535,-0.018026404804793117,False,False
PGGT1B,-0.03494216056892438,0.4743902941158783,-0.007926716496773345,False,-0.05197452006824812,0.9015108566114233,-0.011701631843728855,True,False
ZRANB1,-0.0347783255965492,0.7319778300986667,-0.0077660356961599675,False,0.5060593626936497,0.5622628846401616,0.14896023796531743,False,False
GGN,0.034683487877003524,0.979347271788817,0.007494676423738689,False,0.2813074668115114,0.599507683656125,0.05841445012777324,True,False
SURF1,0.03467995755853225,0.7104267840326286,0.00766301398979774,False,-0.625169023940022,0.4007500011693968,-0.15469359731603394,False,False
PIGU,-0.03461841410487749,0.9122589958997399,-0.007759165245206923,False,-0.4574493736979627,0.44581814578433504,-0.09823731028128702,True,False
ZFR,-0.03458404922624553,0.4988947412621879,-0.007292640384569005,False,0.42574477767893193,0.3604653670309728,0.09820336137551688,False,False
CENPO,0.03442147774270901,0.7974291062736935,0.007767943567616342,False,-0.2574959573374795,0.6779742595551113,-0.05977033645795071,False,False
DACT3,-0.03436989525631783,0.7354257509674731,-0.007498362268759884,False,-0.21976886269550075,0.8856786386681441,-0.046592455938424315,True,False
AMFR,0.03433774659882484,0.953838936053709,0.007846859054778221,False,-0.43510511960422776,0.4677249623037476,-0.1088687925220837,False,False
XPR1,0.03416565674052482,0.4750230200983408,0.007699717440479148,False,-0.14708672515636473,0.8896689231716721,-0.03643121709523278,False,False
CCS,0.034011469448380446,0.951015275016164,0.007594333110797713,False,0.3249688809320431,0.5395619022701933,0.07720986252871587,True,False
TUSC2,0.03398250423040053,0.8209858870543848,0.0076745124493529104,False,0.006247715538631324,0.9879972952090303,0.0016030320835511702,True,False
NDUFB5,-0.03395610551357019,0.7797978292720638,-0.007810666409811873,False,-0.10031234985289764,0.865571216556823,-0.025228019697148163,True,False
MFSD14B,0.03379108606643962,0.7857176458449354,0.007513400855157393,False,0.10675934206996296,0.9015108566114233,0.026660737897813647,True,False
PIGV,0.033702467759165376,0.6530462774202391,0.007884809896141043,False,0.19720503001480535,0.7175818406286605,0.04479877924063036,True,False
CPOX,-0.033672907943049654,0.8572554651415213,-0.0073087729343592756,False,-0.5340263254924589,0.2757652809942196,-0.1285636800937402,True,False
C8orf33,-0.03353778187828019,0.859380990511924,-0.007576646809946297,False,-0.17257328802331534,0.8414224465107403,-0.04544309789015877,True,False
TMEM41B,0.03292375846537099,0.8376839548082752,0.007747935744657042,False,0.03788256182486245,0.9585209435924174,0.008829515962547774,True,False
CABP7,0.03290654891354623,0.8435542347797677,0.0071717513439431,False,0.2574653556170198,0.9357020149090105,0.07143702772767657,True,False
BTBD7,0.03289969955024724,0.837015433457148,0.007068654395510521,False,-0.21692022493896992,0.8010421126633535,-0.050648322124015266,False,False
OGFOD1,-0.032827472472092147,0.8185725872398149,-0.007652491892250701,False,0.41898016069644245,0.6655440568003549,0.09166245183161337,False,False
FAM185A,0.03277637130542756,0.5813558080475193,0.007537427182856327,False,0.14464824572101398,0.9267000676899857,0.035219485554538466,True,False
NDUFA10,0.03249168912067715,0.9406227758578254,0.007365660370463267,False,0.04051120257097874,0.9348963840891794,0.009645197020363483,True,False
CEP170,-0.03244185510005628,0.7775822329148687,-0.007180882683571532,False,-0.026116332851905868,0.9719390228450419,-0.005732501763889175,True,False
ATP6V1B2,-0.0323333865224089,0.8066956124486565,-0.007292076796503899,False,-0.44160563366224864,0.5703047220985946,-0.09958199241416121,True,False
ATXN2,0.03216485531622295,0.8033158637640538,0.007339960678074853,False,-0.44385826709600035,0.37100848407450476,-0.10232262229716138,False,False
NAA40,-0.03216384754583561,0.7942956907839936,-0.007504122590161089,False,0.33441845041233426,0.6398752538595558,0.06906813964862657,False,False
XPNPEP3,0.03206341425845134,0.770271826434441,0.007284728363324611,False,-0.5746893982495533,0.27606358955790583,-0.11532852816279071,False,False
SNX17,0.03198316105194276,0.37942600989425646,0.007093085847803771,False,0.16783410642399357,0.7732491423920995,0.037082724252329946,True,False
WIPF2,-0.031958842915585005,0.6379658438013314,-0.007151471492607087,False,0.2343746239008423,0.8951748636193857,0.0638258900677986,False,False
DDX3X,0.031631786583806866,0.9550715312843783,0.00687879253201551,False,0.25305672708558197,0.5423801862652209,0.05713650496324263,True,False
CDK2AP2,-0.03154459840389626,0.60639530228123,-0.006988231976751358,False,-0.016063455667082498,0.8696264215881803,-0.004255697018230364,True,False
ENKD1,0.03137271700037234,0.4821485268426684,0.007081381122081787,False,-0.1600708174029204,0.8847428439185684,-0.03359137056814099,False,False
AVEN,-0.031000150700800748,0.9772422767684138,-0.0070233424906867015,False,-0.23400834403931975,0.6879782143215851,-0.05249192711033768,True,False
SDF2L1,0.030761856089999335,0.8538239518964733,0.006608637054173805,False,0.31119910633582126,0.8696264215881803,0.08723016544433637,True,False
STN1,-0.03058363413847993,0.25659016261272294,-0.0070080778904824115,False,0.36820813992438856,0.6780264558702808,0.0736556982211809,False,False
CIT,-0.030356145894210054,0.8986217980684841,-0.006684706954787956,False,-0.3827116095136535,0.5947816940364145,-0.07665105914817527,True,False
AVIL,-0.030316764971383723,0.5265010969775926,-0.0067852825089804725,False,0.3358389049937222,0.7337250540230916,0.06622903353769605,False,False
RELA,-0.030205707246078416,0.6338769880123795,-0.006445941812523337,False,0.5129866934868289,0.49086363978264314,0.11041064869518458,False,False
MON2,-0.030020619624423126,0.3003454056327278,-0.007077956227869109,False,0.09218711847247872,0.7801756674092004,0.018929972115786065,False,False
HID1,0.02992936578701759,0.9526059435248958,0.00692768403436439,False,0.07051957796378285,0.8671290025705851,0.014653656889072053,True,False
DLD,0.029184795531787686,0.7445651716278439,0.006813837896595842,False,-0.21441181492935094,0.3740127610713232,-0.04847904570246531,False,False
FOCAD,-0.02896108921735647,0.9030852876637308,-0.00675500796615669,False,-0.5529902064657164,0.4609291332278328,-0.13723917558956344,True,False
FBXO28,-0.028945339831733013,0.9504900503194604,-0.0067418476940046546,False,0.34992296387823674,0.5478396742582712,0.08192473741022877,False,False
CEACAM6,0.028497728591141774,0.8697480075884786,0.006254171303676337,False,0.05745426891384424,0.9804557806975261,0.011216521156526937,True,False
C12orf56,-0.0283314731217839,0.6634233640445916,-0.006020641728106568,False,0.06666303233423017,0.99007882302568,0.01753826767078781,False,False
ZNF273,0.028307597526999052,0.9016108526630129,0.006296094154666143,False,-0.21855769496344404,0.6240416325282755,-0.05039490924900836,False,False
ATP5PF,-0.027150190765240972,0.9029194436726005,-0.006231655632938704,False,-0.14773013857440742,0.8414224465107403,-0.03669404881585958,True,False
H4C4,-0.0268389759360765,0.6810181359995635,-0.006226064442550694,False,-0.4881193674524524,0.6246239192406527,-0.105237373776772,True,False
PDGFRB,0.0268187373072168,0.6555857114108026,0.005714193140172519,False,0.43461337773865266,0.5478396742582712,0.09472203938307366,True,False
ARSA,-0.02640338781594063,0.8395567927538785,-0.006092335652764014,False,-0.45353794783929785,0.5348696207828504,-0.10149827673445078,True,False
MARCKSL1,-0.02638308659919973,0.6523387246990151,-0.005566405981868527,False,0.2996969809034122,0.5478396742582712,0.057702301415267776,False,False
H2AJ,0.026064376855734334,0.9374466103873327,0.006085570031743259,False,-0.27454349803045075,0.6111445843897615,-0.05536397165898066,False,False
RXYLT1,-0.025792786741757875,0.6984691811361479,-0.005506122734612262,False,-0.026322752816670368,0.9997031687217337,-0.005415712548938245,True,False
CELSR3,-0.025460272496856295,0.5285157194506905,-0.005552800748072073,False,0.21100086416908032,0.7203330338603587,0.05180057925248871,False,False
MRPS30,0.02528599879307692,0.9918635059135945,0.005669709620118368,False,-0.06796686457497743,0.8727895720132619,-0.015625049677550074,False,False
PTAR1,-0.025101781849498163,0.9255229384542185,-0.005763086143690366,False,0.07026994057004236,0.8847428439185684,0.015339849788771787,False,False
UBB,0.025053607111999165,0.7055469290236691,0.005597810327237163,False,0.7051290819294994,0.08575780271739222,0.15733705542827536,True,False
SBK1,-0.024990549617505783,0.6464898697540074,-0.00551617297511342,False,0.30879522361467654,0.7744190577740467,0.06137308673732278,False,False
MAEA,-0.024898055508543397,0.8194433350117291,-0.005330317024360376,False,0.7072493916319477,0.009329136719471661,0.15043103873712305,False,False
MAP3K2,0.024832997215643457,0.7083889202634928,0.005567132922371876,False,-0.7376347503531517,0.12878312239378154,-0.16395843756245476,False,False
PEAR1,0.02433787433093204,0.6731703336503458,0.005204245548645403,False,0.10804230261204678,0.8847428439185684,0.022197637865052577,True,False
ADAMTSL5,-0.024153775395255626,0.6810181359995635,-0.005355395888813064,False,0.3757006703359187,0.42626037612380935,0.08777857526991717,False,False
FAR2,0.023951863331084587,0.6372219155907817,0.0054208041775227755,False,0.33765320870719767,0.44205474809772205,0.07851877950650632,True,False
BTRC,-0.023700034093424,0.8350591441817691,-0.005597066031387321,False,-0.23286050418735507,0.8307347795292304,-0.05149752897090121,True,False
ARF6,-0.02357085819044046,0.5035281411945411,-0.005083506313527941,False,-0.2035384431908213,0.6678011585965532,-0.04409657189434135,True,False
HOXB3,0.023457736192872728,0.5730947248552933,0.005404094921058977,False,-0.24645899392656376,0.5348696207828504,-0.05641931471423156,False,False
MIDN,-0.023457492203563277,0.7695963650625458,-0.005154512560523017,False,0.36477742435589794,0.5590159674583631,0.08902241453351056,False,False
PLEKHM1,-0.023250877820437672,0.9330812590907467,-0.005147398725076968,False,0.20207291113219747,0.8332548301736009,0.04263177747418467,False,False
WHR1,-0.023240720743796614,0.7354257509674731,-0.005373132879551434,False,0.420053154828222,0.6657897264705382,0.08880799808364337,False,False
CIMAP3,-0.023195892991862657,0.8217570783596317,-0.0051192547462663995,False,0.11950493324981137,0.8847428439185684,0.02864330363329337,False,False
SREBF1,-0.023045948526537272,0.5636608197974927,-0.005222025253630136,False,-0.24382466104775746,0.865571216556823,-0.060840326916690834,True,False
IL17D,0.022955566988504785,0.7942956907839936,0.005138390474751731,False,0.1506150502312816,0.8847428439185684,0.033344103974456196,True,False
SUB1,-0.02281839426200362,0.9671161455879551,-0.005066846826387916,False,-0.22452640522848938,0.6095118628998313,-0.04198235911925785,True,False
DDX19A,-0.0225441619203748,0.8689292901849077,-0.00507197057481612,False,0.3516434212329824,0.8096239727917529,0.07908219884130752,False,False
MCTS1,0.022389121938101872,0.7410666490186256,0.005024748537250545,False,0.34883346142482136,0.44206216078679605,0.07813570928943747,True,False
GOT2,-0.02226222061711262,0.6777829730093032,-0.005066493821665574,False,0.1862389292635391,0.8010421126633535,0.042784891258119906,False,False
ARFRP1,-0.021774635110397587,0.7379531999307332,-0.004734228579244437,False,-0.19142258757476158,0.8781533705462408,-0.04030978376985761,True,False
CCDC93,0.02173908932165859,0.6777829730093032,0.004934000795817184,False,-0.1233771078290454,0.796784865438409,-0.0264008518512604,False,False
CCDC87,0.02152825062276584,0.8364982096772583,0.004901359453870491,False,0.25835383187524785,0.7297350576801516,0.05415458603086787,True,False
VEZT,-0.021371464408141586,0.4670510055894085,-0.004898604435643605,False,-0.003938952245175602,0.9638442752091153,-0.0008946180548159433,True,False
RMND1,-0.021192825746102817,0.9024850240509106,-0.004581376660197201,False,0.253540466412561,0.6599385675794425,0.06203199974134321,False,False
AZIN1,-0.021060470269416393,0.7362376796104757,-0.004761819026338543,False,0.13503557098015426,0.969061878441121,0.03434336716591613,False,False
CYS1,-0.02101300779301999,0.8361637445180305,-0.004680177739118108,False,-0.0012896442137715863,0.9740280951862692,-0.00027194918136785873,True,False
ALX3,0.02098587078122698,0.777197073353908,0.00471750228911727,False,0.38295674241734823,0.6264349988958158,0.09022657401904777,True,False
NCLN,0.020956474328515988,0.5310939084171996,0.004901911608553355,False,-0.828709041855326,0.08575780271739222,-0.15787019617741826,False,False
FANCL,0.0209278345853624,0.5431155658022507,0.0045794475165514825,False,-0.38826285904116487,0.6111445843897615,-0.09189333255218202,False,False
ZFX,0.02063679922658771,0.8266833536003583,0.004581383948340623,False,0.3947056960312576,0.08575780271739222,0.08413799497090757,True,False
IRS4,-0.020421492521934526,0.5885718151145892,-0.004658538213457852,False,0.24132078180901345,0.7875891979743883,0.054618451296072124,False,False
TLN1,0.020289731278561325,0.5665574998698967,0.004600949334998106,False,0.6023862833122183,0.09029905508063965,0.1357514543294478,True,False
FLRT1,-0.02022051257387846,0.8917095907540831,-0.004544263545727567,False,-0.16825691450340194,0.8245046133852353,-0.036755041625418094,True,False
MRPS26,0.019926350107898616,0.9137769902871681,0.004474301778952139,False,-0.09052850079769305,0.8696264215881803,-0.01905921645608366,False,False
CDIN1,0.019923847032704865,0.4502454562164483,0.00481139620531934,False,-0.5248955692481589,0.00998725460150702,-0.11386247527947635,False,False
TESMIN,-0.019722252519203884,0.5665574998698967,-0.004683707113343871,False,0.23293979802920212,0.786198245777268,0.055134607129968316,False,False
SACS,0.01967451411359041,0.37568080713310115,0.004580784517869141,False,0.3653242387289602,0.6116848261127036,0.08031929794723425,True,False
GORASP2,0.019549584681705152,0.9311401239423189,0.004363140984145808,False,-0.3372585271931616,0.5631076547968293,-0.0774291245172094,False,False
SEC23IP,-0.0192865026557564,0.9922308981245858,-0.004335288350774569,False,-0.1456069225685312,0.7297350576801516,-0.0329208957974334,True,False
MAFK,0.019286231535735266,0.8521851805532689,0.004035580545988182,True,-0.3054950413455359,0.42612989652202793,-0.07728284693740761,False,False
UMPS,-0.019218176441833188,0.8677271041120292,-0.004240581368102347,False,-0.10668694584966615,0.8524138457982484,-0.023666322364833015,True,False
ST3GAL6,-0.01917054929648248,0.9825309125292314,-0.004258426142911276,False,0.4213361086867184,0.5856078416906805,0.1015819435836871,False,False
PNPLA6,-0.019010330151941365,0.9524556776613812,-0.004141536820567282,False,0.07295180653187008,0.9162500381206772,0.013983782586218574,False,False
C11orf68,-0.018654959727306807,0.8747636556035903,-0.0041112625278758586,False,0.21572941786288838,0.759098848292241,0.04097435061927346,False,False
GTF2I,0.018503502348193326,0.8509304298620318,0.004232569937630437,False,0.2590117347978017,0.5117222784766464,0.05253217586132042,True,False
CHKA,-0.018402162777902527,0.57745015225148,-0.004115769959726734,False,0.24635168997045045,0.7353805893492671,0.05916678204564274,False,False
PAX8,-0.018264197585534877,0.882125950209085,-0.004034633771795804,False,0.12315411533851169,0.886056713350521,0.02718636569667332,False,False
NDUFA4,0.018250379354653175,0.7262574453902632,0.0039024234334421593,False,0.023528107596744507,0.8703088091034998,0.006193066524611268,True,False
SPICE1,-0.018224018937554355,0.29927520914312195,-0.0041978887526310515,False,-0.01847260595201417,0.953268494889062,-0.004574899481278649,True,False
RAB4A,-0.018172762110084693,0.6841717977064742,-0.004230549472978851,False,0.26631191344868294,0.6240378886190606,0.05978776764056448,False,False
TRNAU1AP,0.018162031490430205,0.9322719321263715,0.003920746059825397,False,-0.34269771443414376,0.1614145318639792,-0.0761237031588955,False,False
PDHB,-0.01811389536212253,0.7295445470781857,-0.004064730517787218,False,0.15096332450494018,0.9471288736778624,0.040570384354033706,False,False
ANKRD11,-0.018044487464327068,0.9944715610012611,-0.004039496270604737,False,0.3118337291158277,0.24562391937407757,0.07024624793513201,False,False
JUNB,0.01798062198343684,0.7684886479200213,0.0037814583068431773,True,-0.07265518859991654,0.9593530954649296,-0.01570071572564835,False,False
TSNAXIP1,-0.01788456929882005,0.7494015598110565,-0.004150629756181523,False,-0.10834130217113311,0.8781630730435368,-0.023467464089438117,True,False
RBBP7,-0.017636508363501942,0.9057483018869941,-0.004039707520252733,False,0.23991446870482505,0.5348696207828504,0.05687604002113833,False,False
ARPC5,-0.017394865366455528,0.9090586337856458,-0.003925410314269406,False,-0.04078685842655906,0.9793426049849127,-0.009284854347389349,True,False
DARS2,0.01731632615690319,0.5841111234487005,0.0038474798467635907,False,-0.38552019167816604,0.3664302183284537,-0.07961203498095593,False,False
FOXM1,0.017197369386286295,0.7214443964158621,0.003798132353058037,False,0.0917399707744475,0.8727895720132619,0.020524124962449264,True,False
KCTD2,0.017153274009722656,0.9526059435248958,0.003886303191353413,False,0.20369247505072383,0.7337250540230916,0.04891784706481328,True,False
GCNT3,0.01704824983884123,0.7423090069496076,0.0038422307727330463,False,-0.2919952355022671,0.7732491423920995,-0.06804852992872856,False,False
COX6B1,-0.016866907324562058,0.8601485994550035,-0.00378398725846818,False,0.2771592436265516,0.786198245777268,0.055123264044062203,False,False
UQCC3,0.01659076681387696,0.9053142229360844,0.0038438616082876464,False,-0.009013544090284396,0.9588458431102604,-0.001639532696425583,False,False
CDK5RAP2,0.01642632942777612,0.9875290128159023,0.0036627011190493164,False,-0.37069029808404197,0.6140027995104311,-0.08723945424496815,False,False
USB1,-0.01628389501770253,0.7688736200221677,-0.003727662598557835,False,-0.08854969222538271,0.9313394490811895,-0.01749993554561513,True,False
CERT1,0.015937249942901747,0.9125303102447102,0.0034669516660494892,False,-0.13320314643003792,0.786198245777268,-0.03151338012717453,False,False
B3GNT4,0.015683262946929594,0.9402467057549216,0.0035469314255651696,False,-0.05209008693074427,0.9878099016649531,-0.012532824862547365,False,False
SUPT7L,-0.015398806376534057,0.9090586337856458,-0.0035040753772923594,False,-0.5379041987554709,0.006270727339364452,-0.11294213530885067,True,False
PLEKHN1,0.015359453439279198,0.8705666626562527,0.0034850383634781323,False,-0.36378440058190936,0.5250193472568986,-0.0871676145599114,False,False
AKR7A3,0.015151704993340764,0.7540436203892148,0.0035004029312197815,False,0.3966238722436483,0.5203352387532016,0.08114472502773573,True,False
KBTBD2,0.015011443976761636,0.6838362361760204,0.003444080589062537,False,0.025942147291623325,0.9870077054079465,0.005758030294630956,True,False
FIG4,0.014696549597049779,0.5949777548972669,0.003299234560650177,False,0.003490896981363782,0.9740280951862692,0.0008829257047411332,True,False
RNF25,0.014599993032428722,0.7796511753166366,0.0033522704948643067,False,0.08832517065113835,0.9348963840891794,0.020605713048428065,True,False
NBAS,-0.014564410531725224,0.749785541840234,-0.0032656035840643582,False,-0.3716372304679033,0.5220617686812211,-0.09583284429570149,True,False
SGO2,-0.01449163872287486,0.7869698102250207,-0.003139182478689051,False,0.45582445261994564,0.16240666733739226,0.09929580266351579,False,False
ATP5MK,0.014329825793054134,0.8237846641123754,0.003227270119191772,False,0.2248722250008712,0.7318754337723955,0.04874148024095959,True,False
ACLY,-0.0143084751757338,0.9065625783070924,-0.003290965830512249,False,-0.3701308439656933,0.4677249623037476,-0.08516752127577654,True,False
SHMT1,0.014059639923046353,0.9882077916142347,0.003120264352007851,False,-0.20448189809486791,0.8649817581647525,-0.04977941639466188,False,False
HIF1AN,0.013975950787214905,0.9290329843322184,0.0032435660264482635,False,-0.3469838591776022,0.5703047220985946,-0.08410967491358701,False,False
UROS,0.01391328534049996,0.4821485268426684,0.0031455131547772908,False,-0.7349032805951776,0.0008305181203924021,-0.16520119303749414,False,False
NRDC,0.013861506081664124,0.9764448510171865,0.0030026379901402223,False,0.06225087714678996,0.9357020149090105,0.013472248047171398,True,False
ARTN,0.013634085296961612,0.8933962221032902,0.003088428512370456,False,-0.4032623895865571,0.44581814578433504,-0.09834652081233752,False,False
NSMCE2,0.013397003837103313,0.9218997992712896,0.0030915933205211132,False,0.032248889129509364,0.969061878441121,0.007498405428350452,True,False
ASS1,-0.013261470466699182,0.698132804035506,-0.0030021805771767163,False,0.11063215721923304,0.7219471229139238,0.024845472239894306,False,False
ANKRD22,-0.013111387369141822,0.5640544541229976,-0.0029955867364508393,False,0.2974879895887163,0.6639000036141762,0.0679237838804223,False,False
COG4,-0.013038699283443336,0.9644889279062845,-0.0029277713814845896,False,0.11357465891127849,0.8662554016025441,0.02524815326770824,False,False
TM2D3,0.012897295951473021,0.9125303102447102,0.0027880124174792797,False,-0.211228507474737,0.759098848292241,-0.04604142405415512,False,False
ORMDL3,-0.01249158296767534,0.4909142436804383,-0.002840774927316936,False,0.42193816115779864,0.7733704372216915,0.12496127139061564,False,False
MYG1,0.012472490756602811,0.9679161394895905,0.002817022129228519,False,0.14324257353045095,0.8537145743869544,0.03061076417152897,True,False
TRAPPC2L,0.012433247483362029,0.7649861287067792,0.002871186205778642,False,-0.07053542641681852,0.8847428439185684,-0.01539747516765999,False,False
ZFP69,-0.012413205725480147,0.9461594881475973,-0.0027947732784863177,False,0.004494760476910733,0.9798482524004077,0.0010772241711034525,False,False
ANAPC15,0.012267245917669464,0.9050414612088491,0.0028600892100438813,False,0.1651072927058496,0.8671290025705851,0.03419614010823668,True,False
PRKRIP1,0.012187696244367495,0.9493107431355925,0.002785757121592347,False,-0.15785993878711788,0.9471288736778624,-0.041957589666147044,False,False
STXBP3,-0.01197788232009529,0.7600425222068419,-0.0027528262706653095,False,-0.01808556577898322,0.938778747125335,-0.004117700013893888,True,False
HSPA8,-0.011753929911129724,0.9571062582534118,-0.0026184951790702016,False,-0.2847327058206621,0.32620924347573976,-0.061401456871289284,True,False
EML4,-0.011747858829617515,0.4445816615072589,-0.0026353621663028903,False,-0.38566700752646116,0.6684272889552577,-0.0698774788340808,True,False
NMT1,0.011609914120340795,0.8283598638588217,0.0026619860507768323,False,-0.04102953604368625,0.9394891248969472,-0.008964247501412004,False,False
TAMM41,0.011354905504343659,0.9298429646270361,0.0024064388224820377,False,0.07765054461260137,0.9791350662520131,0.019481628946400598,True,False
BICDL2,-0.01134865720038916,0.4139085668448505,-0.002525727807154432,False,1.0569497240738042,0.039422312037287424,0.1992112015522256,False,False
POLR3G,-0.0112182155138693,0.9335134128780085,-0.002401719904348454,False,0.34390593497485134,0.667429922131155,0.07934526835220712,False,False
NFU1,0.011161741179500343,0.8368326260414904,0.002492742748517074,False,0.05951897758662584,0.8919439194091906,0.01595770949178199,True,False
DLG4,-0.011077067089325805,0.860532358834744,-0.0025045543783255297,False,0.15749994888010452,0.8568240605870728,0.04588328185182622,False,False
ZW10,0.010943062804532984,0.7921257223129755,0.00239954813699228,False,0.14647159836629853,0.8096239727917529,0.03255363978175296,True,False
ACSL4,0.010927271265710735,0.837015433457148,0.0024705979395438504,False,-0.3797890494568894,0.13261607800665484,-0.08835683805321626,False,False
AIMP2,0.010867917253540192,0.7797978292720638,0.002489755506186242,False,0.5095703241255884,0.44205474809772205,0.13290280309245617,True,False
SNAP29,-0.010812960650261636,0.927577028441418,-0.0023357255149258904,False,0.08819765013360997,0.8010421126633535,0.024014434104230098,False,False
MINDY1,0.010795182121324342,0.9222782681980484,0.0024958105967964883,False,-0.003273245159624264,0.8847428439185684,-0.0009108887284785538,False,False
PPA2,-0.01077213188293605,0.789089376517578,-0.002538376868942649,False,-0.2917473530550696,0.5596433608919211,-0.06723869606891242,True,False
NDUFA3,0.010632750678257223,0.8913809442372623,0.002344122137771798,False,0.00324842492856285,0.8946325873986991,0.0007821450710343569,True,False
COG6,0.010154999997727714,0.7732508511599351,0.002370630991088696,False,0.36981805058725625,0.6581787331885023,0.07528003484417489,True,False
FIBP,0.010010116509945915,0.826297846462215,0.0022503253529464473,False,0.27089198366375955,0.759098848292241,0.06921126119913712,True,False
SLC7A5,-0.009862690154674279,0.927577028441418,-0.002117168726353924,False,-0.10877120178191337,0.7187190001942253,-0.02530695892277368,True,False
C17orf75,0.009580944299798668,0.820065355105524,0.0021549984128075295,False,0.3881547858237,0.7337250540230916,0.0731871518588969,True,False
MOGS,0.009166870627217409,0.8506485754050023,0.002026672511245664,False,0.08545976051210147,0.9015108566114233,0.021116500925467463,True,False
LURAP1,0.009029207603578846,0.7116589812075733,0.00196957422115851,False,0.27198231807028644,0.8709301628205507,0.06467290908529577,True,False
MPI,0.00891296062181431,0.8008551798639703,0.0019036210352529892,False,0.06688506281729593,0.8671290025705851,0.015351548421787875,True,False
SEC61B,0.008755118436224943,0.8708977256522203,0.00204605315401718,False,0.13829860473074376,0.9586358600230693,0.0268771501034335,True,False
SKAP2,0.008484329452172163,0.5844355014088155,0.0018952025864464872,False,0.19917960960205985,0.8299519086898128,0.041066298728877904,True,False
ADPRS,-0.008073932472962161,0.8229137558412357,-0.0017185352339188498,False,0.4718985537917632,0.6275841180142411,0.13896949959141036,False,False
ARPP19,0.008031047935669507,0.879395028451851,0.0018916554757657522,False,-0.3400726830144875,0.5010978434151991,-0.07258029262935572,False,False
SIGMAR1,0.007957962981398323,0.793476017027883,0.0018145173149433091,False,0.3599751195481272,0.6282126221226856,0.09450334871105603,True,False
SUCLG1,0.007953833518087185,0.8824556901936318,0.0017439932345935105,False,0.16150915762905588,0.8155951834890232,0.03561905527350273,True,False
PITPNM1,-0.00795173473584281,0.8747636556035903,-0.0017570508023112552,False,0.3010301400993725,0.8847428439185684,0.0817035055431532,False,False
PRKACA,0.007851840261097268,0.889035975661145,0.0017382348735139885,False,-0.289887691248933,0.6116848261127036,-0.06842709861365392,False,False
VPS53,-0.007647933055441662,0.9255229384542185,-0.0016187520408923461,False,-0.4959748004558191,0.05485361942558086,-0.10728980161776747,True,False
LPA,0.007392791035964453,0.9501156123943103,0.0016463800008317264,False,-0.07896123311571743,0.9593530954649296,-0.018377171458926256,False,False
UBE2K,0.007391687716899708,0.7810010081955591,0.0016487575111874264,False,-0.26154342354485743,0.30109678562243547,-0.0632973224305422,False,False
PACS1,-0.007125889182907268,0.915999033433063,-0.001629843187370028,False,0.09828728190184892,0.9657288279070944,0.025565616700125027,False,False
ZC3HC1,0.007002105813488128,0.4122485217485278,0.0016119742225946254,False,0.060620866451557176,0.9647426162448133,0.014235774552991742,True,False
GPC2,-0.006746915438541619,0.9129098022887987,-0.0014485235390679918,False,0.06864139746449612,0.9147667509778903,0.016273297765286188,False,False
NUPR2,-0.006618728073116998,0.6777829730093032,-0.0015339229913085006,False,0.2739641547341746,0.6490507067879975,0.05624410241086508,False,False
EFR3A,-0.006547746033097,0.8804904273827019,-0.0014268983232410548,False,-0.3217379436422813,0.08575780271739222,-0.07349570235959124,True,False
WASHC3,-0.0062987931789856896,0.8381192415804725,-0.0013901388504695689,False,-0.024234437764104468,0.9850030783320898,-0.005890822493462622,True,False
MMGT1,0.006217370033547149,0.9461594881475973,0.001359014835744965,False,-0.10646458006009485,0.8137292668527121,-0.023451066377500496,False,False
ZWILCH,-0.006169167030109323,0.841530311329782,-0.0013820268988107287,False,-0.04157307854565544,0.9183319620362148,-0.009610302362103695,True,False
HUS1,0.006110876000367221,0.9747923243641891,0.0014321621821729025,False,-0.5668204505100352,0.056799715822051046,-0.139227101126993,False,False
AP3B1,-0.0058276237709947686,0.8025444720789049,-0.001340274131707453,False,0.0913617443936876,0.9647426162448133,0.020251188381259055,False,False
AP1G1,0.005814740496235584,0.6951380094597752,0.0012187909982257494,False,0.008248858176479221,0.9995751503649841,0.002188025399716409,True,False
PDGFRA,0.005742724640762676,0.8353937327469014,0.0012425064914163286,False,0.545561084212215,0.18497907418230364,0.1312348311031153,True,False
MESD,0.0056909461747529705,0.9053142229360844,0.0012475855325755347,False,0.11239997818863737,0.9090580802343772,0.025510162148555615,True,False
ZCWPW2,0.005397493453111862,0.885501746610522,0.001224764976625714,False,0.2209792678316335,0.8847428439185684,0.05370448546895812,True,False
PDCL3,-0.005263355843929593,0.8173659215529672,-0.0011542583476487067,False,0.5296211839311733,0.19106624877676215,0.11626700463147888,False,False
SLC1A5,-0.0048873882069246045,0.9384651379213917,-0.0010877294380247093,False,-0.08668261463810008,0.9043560072638791,-0.022071492730922238,True,False
NDUFS1,0.004837054181833542,0.8350591441817691,0.0010924390311721766,False,0.1562966139678789,0.8696264215881803,0.03465168813738195,True,False
GAB2,-0.004783930587036049,0.9188156566714476,-0.0011016725026253837,False,0.037202809789660896,0.9850779297693532,0.007796507056962554,False,False
C1QTNF9B,0.004596347427602585,0.9720263699949919,0.0010333603912435763,False,0.47633418954605394,0.537722189832493,0.14663630176771125,True,False
RPS6KA3,-0.004475642794044962,0.902211609909549,-0.001029585826337609,False,0.30037018398659293,0.5423801862652209,0.06856551346604967,False,False
FAAP20,0.00436297637301081,0.8287953435231119,0.000983717222054814,False,0.17302326947243588,0.776966242668541,0.0404832623518967,True,False
DCAKD,-0.004022271589218702,0.9741650210690826,-0.0008789310870289668,False,-0.07383284983791011,0.9723942383558654,-0.014870352840283374,True,False
SMC5,0.0038949343720748866,0.9019381095783862,0.0009185775903803872,False,-0.42822079179628797,0.5037423541462556,-0.11074872575391925,False,False
CMAS,0.0038899561983782496,0.83264772727322,0.000881256022301713,False,-0.1550508448914072,0.8896689231716721,-0.040451920441235245,False,False
PSMF1,-0.003836855898130361,0.9053142229360844,-0.0008395627701283104,False,-0.5172588420423068,0.026612079074476963,-0.09884360191666364,True,False
DNAJA1,-0.0034766042703928165,0.6972860820434791,-0.000786673576542718,False,0.28081647788857655,0.7491737116805682,0.05911199667646461,False,False
SEC62,0.003414822251024948,0.9096564556256125,0.0008002878746173891,False,0.4640807553284985,0.20631079490658907,0.10025551155141699,True,False
SKIC2,-0.003362078283737461,0.9053142229360844,-0.0007581578428457192,False,-0.4324587844464521,0.42626037612380935,-0.09829844975469104,True,False
SCRN2,0.0032516259506606025,0.951015275016164,0.0007399347864573969,False,0.5708143396138614,0.3901674669642035,0.10729829936436364,True,False
SHARPIN,0.0032509294466227,0.7779197751730597,0.000756173464230514,False,0.2073320540812864,0.863753858472295,0.051763794673528984,True,False
NOTO,-0.0029832126808768725,0.68754821478849,-0.0006945779779723438,False,0.502192142299701,0.5395619022701933,0.09584181613084297,False,False
RNASEH2A,-0.0029521209659253565,0.8462447440355916,-0.0006357645928058986,False,-0.3921286486066895,0.34500450918227116,-0.08340552454926797,True,False
SLC33A1,0.002467303658082249,0.8502643577792794,0.0005485037128423187,False,-0.23873043586869244,0.6240378886190606,-0.0544976703311546,False,False
XXYLT1,-0.002007272046510344,0.8750942739527041,-0.0004429017391256451,False,-0.3485344957624597,0.7057311152344317,-0.08412152388522909,True,False
KXD1,0.0018548813114719384,0.7419253808498136,0.0004174269929579921,False,0.11705417854038573,0.9176332208375539,0.02817921383080524,True,False
LENG1,0.0017273438411146774,0.8653740636416336,0.00037797331949906976,False,0.1537190946173166,0.8847428439185684,0.03404051454348167,True,False
MCMDC2,-0.0016799143455345812,0.9571062582534118,-0.00038954680491531946,False,-0.11353072530107705,0.9725018933141591,-0.021876992920688565,True,False
ZDHHC8,0.0016779992439360399,0.9206550348290407,0.000382086532023429,False,0.11257474805775021,0.9740280951862692,0.025496125941899095,True,False
TMEM11,-0.001487183416606639,0.8660373449841897,-0.0003235502351461861,False,0.01636726831639914,0.9849011196926082,0.0033871312516424723,False,False
RING1,-0.0013091875702236073,0.8402753436056639,-0.00027761922018942897,False,0.07435177992939129,0.9647426162448133,0.017511106295016177,False,False
NDUFAF5,-0.0009740577247029114,0.801773052513409,-0.0002188188371281541,False,0.04261942086467866,0.9997031687217337,0.009793497902482073,False,False
RPL41,-6.338890845909376e-05,0.9042806146649441,-1.3885860654205828e-05,False,0.29519734578731666,0.2305790185715033,0.06557601713164996,False,False
