,sample,netith_bulk
TCGA-OR-A5J1-01,TCGA-OR-A5J1-01,3.0779119516285434
TCGA-OR-A5J2-01,TCGA-OR-A5J2-01,2.832294695589638
TCGA-OR-A5J3-01,TCGA-OR-A5J3-01,3.0562962092582695
TCGA-OR-A5J5-01,TCGA-OR-A5J5-01,3.193075084002985
TCGA-OR-A5J6-01,TCGA-OR-A5J6-01,3.187602131645221
TCGA-OR-A5J7-01,TCGA-OR-A5J7-01,3.4193275428813275
TCGA-OR-A5J8-01,TCGA-OR-A5J8-01,3.1718684333762006
TCGA-OR-A5J9-01,TCGA-OR-A5J9-01,3.075803539264455
TCGA-OR-A5JA-01,TCGA-OR-A5JA-01,2.634376714403448
TCGA-OR-A5JB-01,TCGA-OR-A5JB-01,3.011646418753563
TCGA-OR-A5JC-01,TCGA-OR-A5JC-01,3.0092052763825152
TCGA-OR-A5JD-01,TCGA-OR-A5JD-01,2.9358123841481123
TCGA-OR-A5JE-01,TCGA-OR-A5JE-01,3.142426014401492
TCGA-OR-A5JF-01,TCGA-OR-A5JF-01,2.9219139548318886
TCGA-OR-A5JG-01,TCGA-OR-A5JG-01,3.0871874519678286
TCGA-OR-A5JI-01,TCGA-OR-A5JI-01,2.938373426530699
TCGA-OR-A5JJ-01,TCGA-OR-A5JJ-01,3.5030375889231986
TCGA-OR-A5JK-01,TCGA-OR-A5JK-01,3.155332031300352
TCGA-OR-A5JL-01,TCGA-OR-A5JL-01,3.1029436000675816
TCGA-OR-A5JM-01,TCGA-OR-A5JM-01,3.011539665974106
TCGA-OR-A5JO-01,TCGA-OR-A5JO-01,3.078352029640116
TCGA-OR-A5JP-01,TCGA-OR-A5JP-01,2.7362242228406055
TCGA-OR-A5JQ-01,TCGA-OR-A5JQ-01,2.989052162458171
TCGA-OR-A5JR-01,TCGA-OR-A5JR-01,3.1408996320508713
TCGA-OR-A5JS-01,TCGA-OR-A5JS-01,3.0578637906197073
TCGA-OR-A5JT-01,TCGA-OR-A5JT-01,3.207161503712612
TCGA-OR-A5JV-01,TCGA-OR-A5JV-01,3.0985979469071414
TCGA-OR-A5JW-01,TCGA-OR-A5JW-01,3.149836630056269
TCGA-OR-A5JX-01,TCGA-OR-A5JX-01,3.0563868097295677
TCGA-OR-A5JY-01,TCGA-OR-A5JY-01,2.917496735482798
TCGA-OR-A5JZ-01,TCGA-OR-A5JZ-01,3.1824427583700063
TCGA-OR-A5K0-01,TCGA-OR-A5K0-01,2.41910580366404
TCGA-OR-A5K1-01,TCGA-OR-A5K1-01,3.3509677023235986
TCGA-OR-A5K2-01,TCGA-OR-A5K2-01,3.3661683988598043
TCGA-OR-A5K3-01,TCGA-OR-A5K3-01,3.1148135168978373
TCGA-OR-A5K4-01,TCGA-OR-A5K4-01,2.5246772987976875
TCGA-OR-A5K5-01,TCGA-OR-A5K5-01,3.0068798462096007
TCGA-OR-A5K6-01,TCGA-OR-A5K6-01,2.8789920565167244
TCGA-OR-A5K8-01,TCGA-OR-A5K8-01,3.1250567240085347
TCGA-OR-A5K9-01,TCGA-OR-A5K9-01,2.7659397250871343
TCGA-OR-A5KO-01,TCGA-OR-A5KO-01,2.723560994818089
TCGA-OR-A5KT-01,TCGA-OR-A5KT-01,2.950867140427106
TCGA-OR-A5KU-01,TCGA-OR-A5KU-01,2.975094349579658
TCGA-OR-A5KV-01,TCGA-OR-A5KV-01,3.3231096004601293
TCGA-OR-A5KW-01,TCGA-OR-A5KW-01,3.0250368851415748
TCGA-OR-A5KX-01,TCGA-OR-A5KX-01,3.132478031667011
TCGA-OR-A5KY-01,TCGA-OR-A5KY-01,3.2804483055993345
TCGA-OR-A5KZ-01,TCGA-OR-A5KZ-01,3.008054340318841
TCGA-OR-A5L3-01,TCGA-OR-A5L3-01,2.75261979363422
TCGA-OR-A5L4-01,TCGA-OR-A5L4-01,3.1519469124299895
TCGA-OR-A5L5-01,TCGA-OR-A5L5-01,2.766549270323977
TCGA-OR-A5L6-01,TCGA-OR-A5L6-01,3.202113169776689
TCGA-OR-A5L8-01,TCGA-OR-A5L8-01,2.913928808490935
TCGA-OR-A5L9-01,TCGA-OR-A5L9-01,2.382748025676625
TCGA-OR-A5LA-01,TCGA-OR-A5LA-01,3.0566278075201008
TCGA-OR-A5LB-01,TCGA-OR-A5LB-01,3.0697416441159957
TCGA-OR-A5LC-01,TCGA-OR-A5LC-01,3.077612409593716
TCGA-OR-A5LD-01,TCGA-OR-A5LD-01,2.7706787538124034
TCGA-OR-A5LE-01,TCGA-OR-A5LE-01,2.946442363758782
TCGA-OR-A5LG-01,TCGA-OR-A5LG-01,2.7512559143147066
TCGA-OR-A5LH-01,TCGA-OR-A5LH-01,2.9194526976923774
TCGA-OR-A5LJ-01,TCGA-OR-A5LJ-01,2.9918509769181436
TCGA-OR-A5LK-01,TCGA-OR-A5LK-01,2.834794265741224
TCGA-OR-A5LL-01,TCGA-OR-A5LL-01,2.8569523118771416
TCGA-OR-A5LM-01,TCGA-OR-A5LM-01,3.2250449556801635
TCGA-OR-A5LN-01,TCGA-OR-A5LN-01,3.154340863969574
TCGA-OR-A5LO-01,TCGA-OR-A5LO-01,3.1635910063657287
TCGA-OR-A5LP-01,TCGA-OR-A5LP-01,2.9908259264899932
TCGA-OR-A5LR-01,TCGA-OR-A5LR-01,3.2041249052190266
TCGA-OR-A5LS-01,TCGA-OR-A5LS-01,3.115217736202204
TCGA-OR-A5LT-01,TCGA-OR-A5LT-01,3.034294955361161
TCGA-OU-A5PI-01,TCGA-OU-A5PI-01,3.149570053874534
TCGA-P6-A5OF-01,TCGA-P6-A5OF-01,3.1411862310875085
TCGA-P6-A5OG-01,TCGA-P6-A5OG-01,2.751237914617058
TCGA-PA-A5YG-01,TCGA-PA-A5YG-01,3.0158860947680806
TCGA-PK-A5H8-01,TCGA-PK-A5H8-01,3.3774966411327347
TCGA-PK-A5H9-01,TCGA-PK-A5H9-01,3.5054703748304914
TCGA-PK-A5HA-01,TCGA-PK-A5HA-01,3.0531868564373426
TCGA-PK-A5HB-01,TCGA-PK-A5HB-01,3.268687871431997
TCGA-2F-A9KO-01,TCGA-2F-A9KO-01,2.706016005787383
TCGA-2F-A9KP-01,TCGA-2F-A9KP-01,3.2525502719577
TCGA-2F-A9KQ-01,TCGA-2F-A9KQ-01,3.4107261662941206
TCGA-2F-A9KR-01,TCGA-2F-A9KR-01,3.1248846888264423
TCGA-2F-A9KT-01,TCGA-2F-A9KT-01,2.95604232198916
TCGA-2F-A9KW-01,TCGA-2F-A9KW-01,2.285910451047632
TCGA-4Z-AA7M-01,TCGA-4Z-AA7M-01,3.074439624246817
TCGA-4Z-AA7N-01,TCGA-4Z-AA7N-01,3.44444056053534
TCGA-4Z-AA7O-01,TCGA-4Z-AA7O-01,3.270210597031238
TCGA-4Z-AA7Q-01,TCGA-4Z-AA7Q-01,3.3878093727947256
TCGA-4Z-AA7R-01,TCGA-4Z-AA7R-01,2.9420216136058643
TCGA-4Z-AA7S-01,TCGA-4Z-AA7S-01,3.4268862514064398
TCGA-4Z-AA7W-01,TCGA-4Z-AA7W-01,2.7883694383096107
TCGA-4Z-AA7Y-01,TCGA-4Z-AA7Y-01,3.3963500576917163
TCGA-4Z-AA80-01,TCGA-4Z-AA80-01,2.3305970520494586
TCGA-4Z-AA81-01,TCGA-4Z-AA81-01,3.2708170390448124
TCGA-4Z-AA82-01,TCGA-4Z-AA82-01,3.3715279600956434
TCGA-4Z-AA83-01,TCGA-4Z-AA83-01,3.4154752210924006
TCGA-4Z-AA84-01,TCGA-4Z-AA84-01,2.8143488778770034
TCGA-4Z-AA86-01,TCGA-4Z-AA86-01,3.0006808641726663
TCGA-4Z-AA87-01,TCGA-4Z-AA87-01,3.22864703696022
TCGA-4Z-AA89-01,TCGA-4Z-AA89-01,2.9947688888841766
TCGA-5N-A9KI-01,TCGA-5N-A9KI-01,3.1824933199034753
TCGA-5N-A9KM-01,TCGA-5N-A9KM-01,3.2265863667813237
TCGA-BL-A0C8-01,TCGA-BL-A0C8-01,2.808801012104567
TCGA-BL-A13I-01,TCGA-BL-A13I-01,2.627378862715619
TCGA-BL-A13J-01,TCGA-BL-A13J-01,3.0309420685182555
TCGA-BL-A13J-11,TCGA-BL-A13J-11,3.1063748020792894
TCGA-BL-A3JM-01,TCGA-BL-A3JM-01,3.0188389699221303
TCGA-BL-A5ZZ-01,TCGA-BL-A5ZZ-01,2.9175207766592473
TCGA-BT-A0S7-01,TCGA-BT-A0S7-01,2.842125582983789
TCGA-BT-A0YX-01,TCGA-BT-A0YX-01,3.0892994854610483
TCGA-BT-A20J-01,TCGA-BT-A20J-01,3.230053464677222
TCGA-BT-A20N-01,TCGA-BT-A20N-01,3.026511801730845
TCGA-BT-A20N-11,TCGA-BT-A20N-11,3.3087398195828355
TCGA-BT-A20O-01,TCGA-BT-A20O-01,3.0483449083006544
TCGA-BT-A20P-01,TCGA-BT-A20P-01,2.8604118573717034
TCGA-BT-A20Q-01,TCGA-BT-A20Q-01,2.9690458151669614
TCGA-BT-A20Q-11,TCGA-BT-A20Q-11,3.161531934754593
TCGA-BT-A20R-01,TCGA-BT-A20R-01,3.3158266305154003
TCGA-BT-A20R-11,TCGA-BT-A20R-11,3.5286603057542263
TCGA-BT-A20T-01,TCGA-BT-A20T-01,2.9054143627649354
TCGA-BT-A20U-01,TCGA-BT-A20U-01,3.2449466646466396
TCGA-BT-A20U-11,TCGA-BT-A20U-11,3.3825024333781992
TCGA-BT-A20V-01,TCGA-BT-A20V-01,2.858341562063277
TCGA-BT-A20W-01,TCGA-BT-A20W-01,2.6543466935274185
TCGA-BT-A20W-11,TCGA-BT-A20W-11,3.0836719524413674
TCGA-BT-A20X-01,TCGA-BT-A20X-01,3.104684848042649
TCGA-BT-A2LA-01,TCGA-BT-A2LA-01,3.4362990428121933
TCGA-BT-A2LA-11,TCGA-BT-A2LA-11,3.2643303999927116
TCGA-BT-A2LB-01,TCGA-BT-A2LB-01,3.146050381214329
TCGA-BT-A2LB-11,TCGA-BT-A2LB-11,3.098408247008572
TCGA-BT-A2LD-01,TCGA-BT-A2LD-01,3.224545025983886
TCGA-BT-A3PH-01,TCGA-BT-A3PH-01,3.488523687596854
TCGA-BT-A3PJ-01,TCGA-BT-A3PJ-01,3.053338253287155
TCGA-BT-A3PK-01,TCGA-BT-A3PK-01,2.831299038472544
TCGA-BT-A42C-01,TCGA-BT-A42C-01,2.7774845148400087
TCGA-BT-A42E-01,TCGA-BT-A42E-01,3.157310717682341
TCGA-BT-A42F-01,TCGA-BT-A42F-01,3.0835840782509347
TCGA-C4-A0EZ-01,TCGA-C4-A0EZ-01,2.9894676528904256
TCGA-C4-A0F0-01,TCGA-C4-A0F0-01,3.106402088510006
TCGA-C4-A0F1-01,TCGA-C4-A0F1-01,3.2089553576210808
TCGA-C4-A0F6-01,TCGA-C4-A0F6-01,2.960017923139747
TCGA-C4-A0F7-01,TCGA-C4-A0F7-01,3.0216720933781964
TCGA-CF-A1HR-01,TCGA-CF-A1HR-01,3.201979588257412
TCGA-CF-A1HS-01,TCGA-CF-A1HS-01,3.164203889794534
TCGA-CF-A27C-01,TCGA-CF-A27C-01,3.093017844788715
TCGA-CF-A3MF-01,TCGA-CF-A3MF-01,2.7132737114690326
TCGA-CF-A3MG-01,TCGA-CF-A3MG-01,3.4190213863710457
TCGA-CF-A3MH-01,TCGA-CF-A3MH-01,3.275228583069756
TCGA-CF-A3MI-01,TCGA-CF-A3MI-01,2.986244695957402
TCGA-CF-A47S-01,TCGA-CF-A47S-01,2.899556882076939
TCGA-CF-A47T-01,TCGA-CF-A47T-01,2.4292759556669523
TCGA-CF-A47V-01,TCGA-CF-A47V-01,3.385682655652125
TCGA-CF-A47W-01,TCGA-CF-A47W-01,3.2322289386005667
TCGA-CF-A47X-01,TCGA-CF-A47X-01,3.265122050211261
TCGA-CF-A47Y-01,TCGA-CF-A47Y-01,3.148880145612321
TCGA-CF-A5U8-01,TCGA-CF-A5U8-01,2.876541161396573
TCGA-CF-A5UA-01,TCGA-CF-A5UA-01,2.847769075494517
TCGA-CF-A7I0-01,TCGA-CF-A7I0-01,2.4879312165988585
TCGA-CF-A8HX-01,TCGA-CF-A8HX-01,3.355890340890695
TCGA-CF-A8HY-01,TCGA-CF-A8HY-01,2.5764386086816278
TCGA-CF-A9FF-01,TCGA-CF-A9FF-01,2.9250102469767443
TCGA-CF-A9FH-01,TCGA-CF-A9FH-01,2.782244187012407
TCGA-CF-A9FL-01,TCGA-CF-A9FL-01,3.4677491346626175
TCGA-CF-A9FM-01,TCGA-CF-A9FM-01,3.043692775718262
TCGA-CU-A0YN-01,TCGA-CU-A0YN-01,2.912962788051901
TCGA-CU-A0YN-11,TCGA-CU-A0YN-11,3.2717602787591074
TCGA-CU-A0YO-01,TCGA-CU-A0YO-01,3.137392396666623
TCGA-CU-A0YR-01,TCGA-CU-A0YR-01,2.661072888477055
TCGA-CU-A0YR-11,TCGA-CU-A0YR-11,3.3429076450325867
TCGA-CU-A3KJ-01,TCGA-CU-A3KJ-01,2.879947362220194
TCGA-CU-A3QU-01,TCGA-CU-A3QU-01,3.339139613225123
TCGA-CU-A3YL-01,TCGA-CU-A3YL-01,2.4099882646839594
TCGA-CU-A5W6-01,TCGA-CU-A5W6-01,2.959514696031379
TCGA-CU-A72E-01,TCGA-CU-A72E-01,3.2486754409115135
TCGA-DK-A1A3-01,TCGA-DK-A1A3-01,2.9575376453046913
TCGA-DK-A1A5-01,TCGA-DK-A1A5-01,2.8212099550855037
TCGA-DK-A1A6-01,TCGA-DK-A1A6-01,3.165320145630198
TCGA-DK-A1A7-01,TCGA-DK-A1A7-01,2.5530962111890387
TCGA-DK-A1AA-01,TCGA-DK-A1AA-01,3.40744051929602
TCGA-DK-A1AB-01,TCGA-DK-A1AB-01,2.5744171478831697
TCGA-DK-A1AC-01,TCGA-DK-A1AC-01,3.0175356493263963
TCGA-DK-A1AD-01,TCGA-DK-A1AD-01,3.3465926365230922
TCGA-DK-A1AE-01,TCGA-DK-A1AE-01,3.4820347518576322
TCGA-DK-A1AF-01,TCGA-DK-A1AF-01,3.162135049817323
TCGA-DK-A1AG-01,TCGA-DK-A1AG-01,3.1120061728830635
TCGA-DK-A2HX-01,TCGA-DK-A2HX-01,3.0270193961465104
TCGA-DK-A2I1-01,TCGA-DK-A2I1-01,2.5964250349596485
TCGA-DK-A2I2-01,TCGA-DK-A2I2-01,2.923594308357286
TCGA-DK-A2I4-01,TCGA-DK-A2I4-01,3.2421694399776104
TCGA-DK-A2I6-01,TCGA-DK-A2I6-01,3.3371334508612756
TCGA-DK-A3IK-01,TCGA-DK-A3IK-01,2.5597253105673703
TCGA-DK-A3IL-01,TCGA-DK-A3IL-01,2.8807633175095653
TCGA-DK-A3IM-01,TCGA-DK-A3IM-01,2.793241999399682
TCGA-DK-A3IN-01,TCGA-DK-A3IN-01,2.371375792768764
TCGA-DK-A3IQ-01,TCGA-DK-A3IQ-01,3.395000120124457
TCGA-DK-A3IS-01,TCGA-DK-A3IS-01,3.3004596644636632
TCGA-DK-A3IT-01,TCGA-DK-A3IT-01,3.0177102753731644
TCGA-DK-A3IU-01,TCGA-DK-A3IU-01,3.078947042236634
TCGA-DK-A3IV-01,TCGA-DK-A3IV-01,2.631431557004238
TCGA-DK-A3WW-01,TCGA-DK-A3WW-01,3.2343082181673246
TCGA-DK-A3WX-01,TCGA-DK-A3WX-01,2.5341516998790077
TCGA-DK-A3WY-01,TCGA-DK-A3WY-01,2.753207080669022
TCGA-DK-A3X1-01,TCGA-DK-A3X1-01,2.6913983107457313
TCGA-DK-A3X2-01,TCGA-DK-A3X2-01,3.022542079819488
TCGA-DK-A6AV-01,TCGA-DK-A6AV-01,3.1359330555628646
TCGA-DK-A6AW-01,TCGA-DK-A6AW-01,2.666669683397454
TCGA-DK-A6B0-01,TCGA-DK-A6B0-01,2.9947658300925197
TCGA-DK-A6B1-01,TCGA-DK-A6B1-01,3.2628331823322214
TCGA-DK-A6B2-01,TCGA-DK-A6B2-01,3.0601475417586217
TCGA-DK-A6B5-01,TCGA-DK-A6B5-01,2.816925480550048
TCGA-DK-A6B6-01,TCGA-DK-A6B6-01,2.3247431935929113
TCGA-DK-AA6L-01,TCGA-DK-AA6L-01,3.0728538610358873
TCGA-DK-AA6M-01,TCGA-DK-AA6M-01,3.2267024907107844
TCGA-DK-AA6P-01,TCGA-DK-AA6P-01,2.3206241495540567
TCGA-DK-AA6Q-01,TCGA-DK-AA6Q-01,3.10044130281848
TCGA-DK-AA6R-01,TCGA-DK-AA6R-01,3.2194694712498717
TCGA-DK-AA6S-01,TCGA-DK-AA6S-01,2.8364917415399784
TCGA-DK-AA6T-01,TCGA-DK-AA6T-01,3.4103641294815277
TCGA-DK-AA6U-01,TCGA-DK-AA6U-01,3.1548455850931463
TCGA-DK-AA6W-01,TCGA-DK-AA6W-01,2.4226552141592004
TCGA-DK-AA6X-01,TCGA-DK-AA6X-01,3.34415605005932
TCGA-DK-AA71-01,TCGA-DK-AA71-01,2.864914325908402
TCGA-DK-AA74-01,TCGA-DK-AA74-01,2.824631299342122
TCGA-DK-AA75-01,TCGA-DK-AA75-01,2.24246985898611
TCGA-DK-AA76-01,TCGA-DK-AA76-01,2.794313010336238
TCGA-DK-AA77-01,TCGA-DK-AA77-01,3.25955065445866
TCGA-E5-A2PC-01,TCGA-E5-A2PC-01,3.030708992688475
TCGA-E5-A4TZ-01,TCGA-E5-A4TZ-01,3.3454464347703614
TCGA-E5-A4U1-01,TCGA-E5-A4U1-01,2.446759198355722
TCGA-E7-A3X6-01,TCGA-E7-A3X6-01,3.526139619032477
TCGA-E7-A3Y1-01,TCGA-E7-A3Y1-01,3.1996436035941853
TCGA-E7-A4IJ-01,TCGA-E7-A4IJ-01,2.795402539362755
TCGA-E7-A4XJ-01,TCGA-E7-A4XJ-01,2.792946223583646
TCGA-E7-A519-01,TCGA-E7-A519-01,2.8482312800871967
TCGA-E7-A541-01,TCGA-E7-A541-01,3.419811639867594
TCGA-E7-A5KE-01,TCGA-E7-A5KE-01,3.3325365265451987
TCGA-E7-A5KF-01,TCGA-E7-A5KF-01,3.590454056783815
TCGA-E7-A677-01,TCGA-E7-A677-01,2.8231712209405244
TCGA-E7-A678-01,TCGA-E7-A678-01,3.0208516458980643
TCGA-E7-A6MD-01,TCGA-E7-A6MD-01,2.6772601831899037
TCGA-E7-A6ME-01,TCGA-E7-A6ME-01,2.728178762905168
TCGA-E7-A6MF-01,TCGA-E7-A6MF-01,2.8553310959170144
TCGA-E7-A7DU-01,TCGA-E7-A7DU-01,3.3476417455939904
TCGA-E7-A7DV-01,TCGA-E7-A7DV-01,2.5989913870868286
TCGA-E7-A7PW-01,TCGA-E7-A7PW-01,2.854578576472062
TCGA-E7-A7XN-01,TCGA-E7-A7XN-01,3.1224301714884746
TCGA-E7-A85H-01,TCGA-E7-A85H-01,2.8690870296262734
TCGA-E7-A8O7-01,TCGA-E7-A8O7-01,2.960198553629058
TCGA-E7-A8O8-01,TCGA-E7-A8O8-01,3.033924394583303
TCGA-E7-A97P-01,TCGA-E7-A97P-01,3.3474920830380466
TCGA-E7-A97Q-01,TCGA-E7-A97Q-01,2.7447664548453288
TCGA-FD-A3B3-01,TCGA-FD-A3B3-01,2.9067413246433196
TCGA-FD-A3B4-01,TCGA-FD-A3B4-01,2.944383713448609
TCGA-FD-A3B5-01,TCGA-FD-A3B5-01,3.01369312116669
TCGA-FD-A3B6-01,TCGA-FD-A3B6-01,3.0688452373607538
TCGA-FD-A3B7-01,TCGA-FD-A3B7-01,2.8273486353618873
TCGA-FD-A3B8-01,TCGA-FD-A3B8-01,2.3273929730080205
TCGA-FD-A3N5-01,TCGA-FD-A3N5-01,2.7222457235540576
TCGA-FD-A3N6-01,TCGA-FD-A3N6-01,2.702798550129647
TCGA-FD-A3NA-01,TCGA-FD-A3NA-01,2.7386934468914292
TCGA-FD-A3SJ-01,TCGA-FD-A3SJ-01,2.535516830871693
TCGA-FD-A3SL-01,TCGA-FD-A3SL-01,3.378941855006185
TCGA-FD-A3SM-01,TCGA-FD-A3SM-01,3.0606365728202087
TCGA-FD-A3SN-01,TCGA-FD-A3SN-01,3.2482496053641294
TCGA-FD-A3SO-01,TCGA-FD-A3SO-01,3.3049136111216466
TCGA-FD-A3SP-01,TCGA-FD-A3SP-01,2.8666914200195635
TCGA-FD-A3SQ-01,TCGA-FD-A3SQ-01,3.111478109604827
TCGA-FD-A3SR-01,TCGA-FD-A3SR-01,2.5313203367401913
TCGA-FD-A3SS-01,TCGA-FD-A3SS-01,3.5554315760869155
TCGA-FD-A43N-01,TCGA-FD-A43N-01,3.1976692660827983
TCGA-FD-A43P-01,TCGA-FD-A43P-01,3.103024872144989
TCGA-FD-A43S-01,TCGA-FD-A43S-01,3.0184681435767153
TCGA-FD-A43U-01,TCGA-FD-A43U-01,2.8024961537856914
TCGA-FD-A43X-01,TCGA-FD-A43X-01,3.1415236594808964
TCGA-FD-A43Y-01,TCGA-FD-A43Y-01,2.860717536680823
TCGA-FD-A5BR-01,TCGA-FD-A5BR-01,3.229636657904755
TCGA-FD-A5BS-01,TCGA-FD-A5BS-01,2.916687136591835
TCGA-FD-A5BT-01,TCGA-FD-A5BT-01,3.4719965554368075
TCGA-FD-A5BU-01,TCGA-FD-A5BU-01,2.9535137861182026
TCGA-FD-A5BV-01,TCGA-FD-A5BV-01,3.3708919715958037
TCGA-FD-A5BX-01,TCGA-FD-A5BX-01,3.11733152724708
TCGA-FD-A5BY-01,TCGA-FD-A5BY-01,3.132714666996597
TCGA-FD-A5BZ-01,TCGA-FD-A5BZ-01,3.186209874456091
TCGA-FD-A5C0-01,TCGA-FD-A5C0-01,2.920641200772658
TCGA-FD-A5C1-01,TCGA-FD-A5C1-01,2.7357893041178754
TCGA-FD-A62N-01,TCGA-FD-A62N-01,2.900361325527924
TCGA-FD-A62O-01,TCGA-FD-A62O-01,3.0515729604965514
TCGA-FD-A62P-01,TCGA-FD-A62P-01,3.2712826010311797
TCGA-FD-A62S-01,TCGA-FD-A62S-01,3.2440909218204896
TCGA-FD-A6TA-01,TCGA-FD-A6TA-01,2.691573605980955
TCGA-FD-A6TB-01,TCGA-FD-A6TB-01,2.536973441232587
TCGA-FD-A6TC-01,TCGA-FD-A6TC-01,2.8029567157694113
TCGA-FD-A6TD-01,TCGA-FD-A6TD-01,3.1909197920048697
TCGA-FD-A6TE-01,TCGA-FD-A6TE-01,2.663232895709159
TCGA-FD-A6TF-01,TCGA-FD-A6TF-01,2.661330315765142
TCGA-FD-A6TG-01,TCGA-FD-A6TG-01,2.737971403725122
TCGA-FD-A6TH-01,TCGA-FD-A6TH-01,3.0214034112807844
TCGA-FD-A6TI-01,TCGA-FD-A6TI-01,3.000618676108484
TCGA-FD-A6TK-01,TCGA-FD-A6TK-01,2.911214276304439
TCGA-FJ-A3Z7-01,TCGA-FJ-A3Z7-01,2.857456369608588
TCGA-FJ-A3Z9-01,TCGA-FJ-A3Z9-01,3.3559552368538728
TCGA-FJ-A3ZE-01,TCGA-FJ-A3ZE-01,3.4128467620754623
TCGA-FJ-A3ZF-01,TCGA-FJ-A3ZF-01,3.213731815299372
TCGA-FJ-A871-01,TCGA-FJ-A871-01,2.720997200818943
TCGA-FT-A3EE-01,TCGA-FT-A3EE-01,3.1892144937036284
TCGA-FT-A61P-01,TCGA-FT-A61P-01,3.4837504143889175
TCGA-G2-A2EC-01,TCGA-G2-A2EC-01,2.8773639707020795
TCGA-G2-A2EF-01,TCGA-G2-A2EF-01,3.02342251837787
TCGA-G2-A2EJ-01,TCGA-G2-A2EJ-01,2.987070047824133
TCGA-G2-A2EK-01,TCGA-G2-A2EK-01,3.2285692173249854
TCGA-G2-A2EL-01,TCGA-G2-A2EL-01,3.1570828143544376
TCGA-G2-A2EO-01,TCGA-G2-A2EO-01,3.1239627987872485
TCGA-G2-A2ES-01,TCGA-G2-A2ES-01,2.8393790235249856
TCGA-G2-A3IB-01,TCGA-G2-A3IB-01,3.034679183620086
TCGA-G2-A3IE-01,TCGA-G2-A3IE-01,2.7131536500808706
TCGA-G2-A3VY-01,TCGA-G2-A3VY-01,3.0974694123248594
TCGA-G2-AA3B-01,TCGA-G2-AA3B-01,2.970319568855301
TCGA-G2-AA3C-01,TCGA-G2-AA3C-01,3.15057350818296
TCGA-G2-AA3D-01,TCGA-G2-AA3D-01,2.6368993510276164
TCGA-G2-AA3F-01,TCGA-G2-AA3F-01,2.8863154205995585
TCGA-GC-A3BM-01,TCGA-GC-A3BM-01,3.4674222089604614
TCGA-GC-A3BM-11,TCGA-GC-A3BM-11,3.378933297837346
TCGA-GC-A3I6-01,TCGA-GC-A3I6-01,3.294911539498072
TCGA-GC-A3OO-01,TCGA-GC-A3OO-01,3.394693080936614
TCGA-GC-A3RB-01,TCGA-GC-A3RB-01,2.827172128800574
TCGA-GC-A3RC-01,TCGA-GC-A3RC-01,2.6924731445190093
TCGA-GC-A3RD-01,TCGA-GC-A3RD-01,3.2012960039312417
TCGA-GC-A3WC-01,TCGA-GC-A3WC-01,2.9353235031566145
TCGA-GC-A3WC-11,TCGA-GC-A3WC-11,3.124330665792406
TCGA-GC-A3YS-01,TCGA-GC-A3YS-01,2.7248898039523386
TCGA-GC-A4ZW-01,TCGA-GC-A4ZW-01,3.144437714406075
TCGA-GC-A6I1-01,TCGA-GC-A6I1-01,2.8913185911209727
TCGA-GC-A6I3-01,TCGA-GC-A6I3-01,2.7974086048701494
TCGA-GC-A6I3-11,TCGA-GC-A6I3-11,2.9190170121860817
TCGA-GD-A2C5-01,TCGA-GD-A2C5-01,3.1799721202623177
TCGA-GD-A2C5-11,TCGA-GD-A2C5-11,3.1401799560436494
TCGA-GD-A3OP-01,TCGA-GD-A3OP-01,2.938197208087697
TCGA-GD-A3OP-11,TCGA-GD-A3OP-11,3.319576512328684
TCGA-GD-A3OQ-01,TCGA-GD-A3OQ-01,3.1734055105586414
TCGA-GD-A3OQ-11,TCGA-GD-A3OQ-11,2.856216495673875
TCGA-GD-A3OS-01,TCGA-GD-A3OS-01,2.970619397673732
TCGA-GD-A6C6-01,TCGA-GD-A6C6-01,1.9805083935887404
TCGA-GD-A76B-01,TCGA-GD-A76B-01,3.0673626968654926
TCGA-GU-A42P-01,TCGA-GU-A42P-01,2.2683148557892405
TCGA-GU-A42Q-01,TCGA-GU-A42Q-01,3.0079680228335053
TCGA-GU-A42R-01,TCGA-GU-A42R-01,3.1157551839500717
TCGA-GU-A762-01,TCGA-GU-A762-01,2.4414799118287913
TCGA-GU-A763-01,TCGA-GU-A763-01,3.044010920558549
TCGA-GU-A764-01,TCGA-GU-A764-01,2.9840626951202567
TCGA-GU-A766-01,TCGA-GU-A766-01,3.066605361674672
TCGA-GU-A767-01,TCGA-GU-A767-01,2.8531655185165974
TCGA-GU-AATO-01,TCGA-GU-AATO-01,3.4317951337591777
TCGA-GU-AATP-01,TCGA-GU-AATP-01,3.1246405362849794
TCGA-GU-AATQ-01,TCGA-GU-AATQ-01,2.8466506414497945
TCGA-GV-A3JV-01,TCGA-GV-A3JV-01,2.1903799980082943
TCGA-GV-A3JW-01,TCGA-GV-A3JW-01,3.0280162622919917
TCGA-GV-A3JX-01,TCGA-GV-A3JX-01,2.3448320992258576
TCGA-GV-A3JZ-01,TCGA-GV-A3JZ-01,2.260854715326732
TCGA-GV-A3QF-01,TCGA-GV-A3QF-01,2.650958237088101
TCGA-GV-A3QG-01,TCGA-GV-A3QG-01,2.7232493155598307
TCGA-GV-A3QH-01,TCGA-GV-A3QH-01,2.509265007897656
TCGA-GV-A3QI-01,TCGA-GV-A3QI-01,2.8550042649285916
TCGA-GV-A3QK-01,TCGA-GV-A3QK-01,2.7518376307813646
TCGA-GV-A40E-01,TCGA-GV-A40E-01,3.250575954695772
TCGA-GV-A40G-01,TCGA-GV-A40G-01,2.4961873891825475
TCGA-GV-A6ZA-01,TCGA-GV-A6ZA-01,2.7996454887525735
TCGA-H4-A2HO-01,TCGA-H4-A2HO-01,2.251324845192484
TCGA-H4-A2HQ-01,TCGA-H4-A2HQ-01,2.6378869952247106
TCGA-HQ-A2OE-01,TCGA-HQ-A2OE-01,2.812978084883729
TCGA-HQ-A2OF-01,TCGA-HQ-A2OF-01,2.201595100497766
TCGA-HQ-A5ND-01,TCGA-HQ-A5ND-01,3.4316894984030553
TCGA-HQ-A5NE-01,TCGA-HQ-A5NE-01,2.8882259101229133
TCGA-K4-A3WS-01,TCGA-K4-A3WS-01,2.8264411672872103
TCGA-K4-A3WU-01,TCGA-K4-A3WU-01,3.0055030314300937
TCGA-K4-A3WV-01,TCGA-K4-A3WV-01,3.1705549402781052
TCGA-K4-A3WV-11,TCGA-K4-A3WV-11,3.2975350816188866
TCGA-K4-A4AB-01,TCGA-K4-A4AB-01,3.3308657080884814
TCGA-K4-A4AC-01,TCGA-K4-A4AC-01,2.7197284465127
TCGA-K4-A54R-01,TCGA-K4-A54R-01,3.2824448061252554
TCGA-K4-A54R-11,TCGA-K4-A54R-11,3.2146365552981324
TCGA-K4-A5RH-01,TCGA-K4-A5RH-01,3.052522000197307
TCGA-K4-A5RI-01,TCGA-K4-A5RI-01,3.1390323378234983
TCGA-K4-A5RI-11,TCGA-K4-A5RI-11,3.1466895398250303
TCGA-K4-A5RJ-01,TCGA-K4-A5RJ-01,3.256601782135821
TCGA-K4-A6FZ-01,TCGA-K4-A6FZ-01,3.3174090931527287
TCGA-K4-A6MB-01,TCGA-K4-A6MB-01,2.733624757298142
TCGA-K4-A83P-01,TCGA-K4-A83P-01,2.1519768274881077
TCGA-K4-AAQO-01,TCGA-K4-AAQO-01,2.9706080785174325
TCGA-KQ-A41N-01,TCGA-KQ-A41N-01,2.756740474294569
TCGA-KQ-A41O-01,TCGA-KQ-A41O-01,2.8044339064652006
TCGA-KQ-A41P-01,TCGA-KQ-A41P-01,2.7066733422260354
TCGA-KQ-A41Q-01,TCGA-KQ-A41Q-01,3.005335545222864
TCGA-KQ-A41R-01,TCGA-KQ-A41R-01,2.6686428933205257
TCGA-KQ-A41S-01,TCGA-KQ-A41S-01,3.176613072505394
TCGA-LC-A66R-01,TCGA-LC-A66R-01,3.211889031459404
TCGA-LT-A5Z6-01,TCGA-LT-A5Z6-01,2.6123940758062374
TCGA-LT-A8JT-01,TCGA-LT-A8JT-01,3.3343920290440665
TCGA-MV-A51V-01,TCGA-MV-A51V-01,2.7085297215558883
TCGA-PQ-A6FI-01,TCGA-PQ-A6FI-01,2.2662913185342375
TCGA-PQ-A6FN-01,TCGA-PQ-A6FN-01,3.288242064304185
TCGA-R3-A69X-01,TCGA-R3-A69X-01,2.4705377532333235
TCGA-S5-A6DX-01,TCGA-S5-A6DX-01,2.0406113659608622
TCGA-S5-AA26-01,TCGA-S5-AA26-01,3.1801894372345583
TCGA-SY-A9G0-01,TCGA-SY-A9G0-01,3.1980673328255573
TCGA-SY-A9G5-01,TCGA-SY-A9G5-01,2.9214907579828573
TCGA-UY-A78K-01,TCGA-UY-A78K-01,2.928637847147702
TCGA-UY-A78L-01,TCGA-UY-A78L-01,3.0879153969632736
TCGA-UY-A78M-01,TCGA-UY-A78M-01,2.4681662127712687
TCGA-UY-A78N-01,TCGA-UY-A78N-01,3.189667486175637
TCGA-UY-A78O-01,TCGA-UY-A78O-01,2.9439401643052823
TCGA-UY-A78P-01,TCGA-UY-A78P-01,3.055472551494521
TCGA-UY-A8OB-01,TCGA-UY-A8OB-01,2.942991955251088
TCGA-UY-A8OC-01,TCGA-UY-A8OC-01,3.0351165524056416
TCGA-UY-A8OD-01,TCGA-UY-A8OD-01,2.936817065797671
TCGA-UY-A9PA-01,TCGA-UY-A9PA-01,3.4443917665744364
TCGA-UY-A9PB-01,TCGA-UY-A9PB-01,2.9826291857227423
TCGA-UY-A9PD-01,TCGA-UY-A9PD-01,3.0383020847616464
TCGA-UY-A9PE-01,TCGA-UY-A9PE-01,2.6620250099966287
TCGA-UY-A9PF-01,TCGA-UY-A9PF-01,3.2379844581540818
TCGA-UY-A9PH-01,TCGA-UY-A9PH-01,3.3829805016210583
TCGA-XF-A8HB-01,TCGA-XF-A8HB-01,3.251665723511934
TCGA-XF-A8HC-01,TCGA-XF-A8HC-01,2.665630085840432
TCGA-XF-A8HD-01,TCGA-XF-A8HD-01,2.630026022712145
TCGA-XF-A8HE-01,TCGA-XF-A8HE-01,2.713596493469143
TCGA-XF-A8HF-01,TCGA-XF-A8HF-01,2.6947761529746983
TCGA-XF-A8HG-01,TCGA-XF-A8HG-01,3.316591499095138
TCGA-XF-A8HH-01,TCGA-XF-A8HH-01,2.980263561190894
TCGA-XF-A8HI-01,TCGA-XF-A8HI-01,3.4997473048597616
TCGA-XF-A9SH-01,TCGA-XF-A9SH-01,2.99327004610494
TCGA-XF-A9SI-01,TCGA-XF-A9SI-01,2.4849667589053874
TCGA-XF-A9SJ-01,TCGA-XF-A9SJ-01,2.961875498261601
TCGA-XF-A9SK-01,TCGA-XF-A9SK-01,2.6707968192144227
TCGA-XF-A9SL-01,TCGA-XF-A9SL-01,2.7455541580912355
TCGA-XF-A9SM-01,TCGA-XF-A9SM-01,3.012845479370686
TCGA-XF-A9SP-01,TCGA-XF-A9SP-01,2.5602151328294696
TCGA-XF-A9ST-01,TCGA-XF-A9ST-01,2.660281107480811
TCGA-XF-A9SU-01,TCGA-XF-A9SU-01,2.7654747699033435
TCGA-XF-A9SV-01,TCGA-XF-A9SV-01,3.11233906026169
TCGA-XF-A9SW-01,TCGA-XF-A9SW-01,2.4719329252362394
TCGA-XF-A9SX-01,TCGA-XF-A9SX-01,3.4043366659038763
TCGA-XF-A9SY-01,TCGA-XF-A9SY-01,2.742184598657059
TCGA-XF-A9SZ-01,TCGA-XF-A9SZ-01,3.1611468691743023
TCGA-XF-A9T0-01,TCGA-XF-A9T0-01,2.7816189792715624
TCGA-XF-A9T2-01,TCGA-XF-A9T2-01,2.6805984029243737
TCGA-XF-A9T3-01,TCGA-XF-A9T3-01,3.440235383489647
TCGA-XF-A9T4-01,TCGA-XF-A9T4-01,3.3758761123986125
TCGA-XF-A9T5-01,TCGA-XF-A9T5-01,2.9399092135703806
TCGA-XF-A9T6-01,TCGA-XF-A9T6-01,2.953031152350501
TCGA-XF-A9T8-01,TCGA-XF-A9T8-01,3.030955862118386
TCGA-XF-AAME-01,TCGA-XF-AAME-01,3.0700622686806076
TCGA-XF-AAMG-01,TCGA-XF-AAMG-01,2.7435893417348374
TCGA-XF-AAMH-01,TCGA-XF-AAMH-01,2.8305128003818365
TCGA-XF-AAMJ-01,TCGA-XF-AAMJ-01,2.3714590988828648
TCGA-XF-AAML-01,TCGA-XF-AAML-01,2.822446196675854
TCGA-XF-AAMQ-01,TCGA-XF-AAMQ-01,3.408356518455239
TCGA-XF-AAMR-01,TCGA-XF-AAMR-01,3.042638316869474
TCGA-XF-AAMT-01,TCGA-XF-AAMT-01,2.8631506321839977
TCGA-XF-AAMW-01,TCGA-XF-AAMW-01,2.501285387426653
TCGA-XF-AAMX-01,TCGA-XF-AAMX-01,2.82990028039657
TCGA-XF-AAMY-01,TCGA-XF-AAMY-01,2.7013643144167983
TCGA-XF-AAMZ-01,TCGA-XF-AAMZ-01,2.742002561262296
TCGA-XF-AAN0-01,TCGA-XF-AAN0-01,2.8083585706029566
TCGA-XF-AAN1-01,TCGA-XF-AAN1-01,3.1699516269915637
TCGA-XF-AAN2-01,TCGA-XF-AAN2-01,3.441033742543946
TCGA-XF-AAN3-01,TCGA-XF-AAN3-01,2.914431756060904
TCGA-XF-AAN4-01,TCGA-XF-AAN4-01,2.629166505167822
TCGA-XF-AAN5-01,TCGA-XF-AAN5-01,3.0843309792129223
TCGA-XF-AAN7-01,TCGA-XF-AAN7-01,3.2683303566118473
TCGA-XF-AAN8-01,TCGA-XF-AAN8-01,2.7470715679261684
TCGA-YC-A89H-01,TCGA-YC-A89H-01,2.7593412504267723
TCGA-YC-A8S6-01,TCGA-YC-A8S6-01,3.0229638264400727
TCGA-YC-A9TC-01,TCGA-YC-A9TC-01,3.4530040469568797
TCGA-YF-AA3L-01,TCGA-YF-AA3L-01,2.776394290432674
TCGA-YF-AA3M-01,TCGA-YF-AA3M-01,2.8423879823437823
TCGA-ZF-A9R0-01,TCGA-ZF-A9R0-01,3.1634051096076092
TCGA-ZF-A9R1-01,TCGA-ZF-A9R1-01,2.965742334454746
TCGA-ZF-A9R2-01,TCGA-ZF-A9R2-01,3.028885340885087
TCGA-ZF-A9R3-01,TCGA-ZF-A9R3-01,3.420134258315003
TCGA-ZF-A9R4-01,TCGA-ZF-A9R4-01,2.9922705297445313
TCGA-ZF-A9R5-01,TCGA-ZF-A9R5-01,3.32384422983689
TCGA-ZF-A9R7-01,TCGA-ZF-A9R7-01,3.2921350409811736
TCGA-ZF-A9R9-01,TCGA-ZF-A9R9-01,2.9549020142336837
TCGA-ZF-A9RC-01,TCGA-ZF-A9RC-01,2.4793596820731634
TCGA-ZF-A9RD-01,TCGA-ZF-A9RD-01,2.706537786212594
TCGA-ZF-A9RE-01,TCGA-ZF-A9RE-01,3.0017504355954037
TCGA-ZF-A9RF-01,TCGA-ZF-A9RF-01,3.211617600937524
TCGA-ZF-A9RL-01,TCGA-ZF-A9RL-01,3.1987204420778697
TCGA-ZF-A9RM-01,TCGA-ZF-A9RM-01,3.1176858133446714
TCGA-ZF-A9RN-01,TCGA-ZF-A9RN-01,3.145457423941436
TCGA-ZF-AA4N-01,TCGA-ZF-AA4N-01,2.8058120297087314
TCGA-ZF-AA4R-01,TCGA-ZF-AA4R-01,2.9787732042656634
TCGA-ZF-AA4T-01,TCGA-ZF-AA4T-01,2.961576223063161
TCGA-ZF-AA4U-01,TCGA-ZF-AA4U-01,3.0090089873504073
TCGA-ZF-AA4V-01,TCGA-ZF-AA4V-01,3.1803216935574343
TCGA-ZF-AA4W-01,TCGA-ZF-AA4W-01,2.9457902597352477
TCGA-ZF-AA4X-01,TCGA-ZF-AA4X-01,3.47790424626151
TCGA-ZF-AA51-01,TCGA-ZF-AA51-01,2.7453985052739522
TCGA-ZF-AA52-01,TCGA-ZF-AA52-01,2.6736378393631455
TCGA-ZF-AA53-01,TCGA-ZF-AA53-01,2.949995992809501
TCGA-ZF-AA54-01,TCGA-ZF-AA54-01,2.9542315420748086
TCGA-ZF-AA56-01,TCGA-ZF-AA56-01,3.0961278901111475
TCGA-ZF-AA58-01,TCGA-ZF-AA58-01,2.963424251242878
TCGA-ZF-AA5H-01,TCGA-ZF-AA5H-01,3.2303635231189327
TCGA-ZF-AA5N-01,TCGA-ZF-AA5N-01,3.367480481973902
TCGA-ZF-AA5P-01,TCGA-ZF-AA5P-01,2.6600439651994527
TCGA-FA-8693-01,TCGA-FA-8693-01,2.72027270716688
TCGA-FA-A4BB-01,TCGA-FA-A4BB-01,3.0172415965083967
TCGA-FA-A4XK-01,TCGA-FA-A4XK-01,3.4302105594643195
TCGA-FA-A6HN-01,TCGA-FA-A6HN-01,3.3557160198321996
TCGA-FA-A6HO-01,TCGA-FA-A6HO-01,2.998501974567181
TCGA-FA-A7DS-01,TCGA-FA-A7DS-01,3.349139938848222
TCGA-FA-A7Q1-01,TCGA-FA-A7Q1-01,3.0971533829158457
TCGA-FA-A82F-01,TCGA-FA-A82F-01,2.992706301928086
TCGA-FA-A86F-01,TCGA-FA-A86F-01,3.0997719059381743
TCGA-FF-8041-01,TCGA-FF-8041-01,3.1024618189376656
TCGA-FF-8042-01,TCGA-FF-8042-01,3.1634487218428813
TCGA-FF-8043-01,TCGA-FF-8043-01,3.256035908229665
TCGA-FF-8046-01,TCGA-FF-8046-01,3.2355874572319534
TCGA-FF-8047-01,TCGA-FF-8047-01,3.0609944830525206
TCGA-FF-8061-01,TCGA-FF-8061-01,3.064849575251468
TCGA-FF-8062-01,TCGA-FF-8062-01,3.2931381794871664
TCGA-FF-A7CQ-01,TCGA-FF-A7CQ-01,3.3127646959257127
TCGA-FF-A7CR-01,TCGA-FF-A7CR-01,3.1860745403954205
TCGA-FF-A7CW-01,TCGA-FF-A7CW-01,3.2735136067197947
TCGA-FF-A7CX-01,TCGA-FF-A7CX-01,3.1495777254336836
TCGA-FM-8000-01,TCGA-FM-8000-01,3.027088748009642
TCGA-G8-6324-01,TCGA-G8-6324-01,3.132099842074977
TCGA-G8-6325-01,TCGA-G8-6325-01,3.0244024418992943
TCGA-G8-6326-01,TCGA-G8-6326-01,3.052628429228354
TCGA-G8-6906-01,TCGA-G8-6906-01,3.01111883342624
TCGA-G8-6907-01,TCGA-G8-6907-01,3.154395239937146
TCGA-G8-6909-01,TCGA-G8-6909-01,2.9910141185234296
TCGA-G8-6914-01,TCGA-G8-6914-01,3.2429756223121036
TCGA-GR-7351-01,TCGA-GR-7351-01,3.3069276556079354
TCGA-GR-7353-01,TCGA-GR-7353-01,3.341117126177695
TCGA-GR-A4D4-01,TCGA-GR-A4D4-01,3.076861935097469
TCGA-GR-A4D5-01,TCGA-GR-A4D5-01,2.9858108355553963
TCGA-GR-A4D6-01,TCGA-GR-A4D6-01,3.0617365263342236
TCGA-GR-A4D9-01,TCGA-GR-A4D9-01,3.0998594963060335
TCGA-GS-A9TQ-01,TCGA-GS-A9TQ-01,3.337237254508242
TCGA-GS-A9TT-01,TCGA-GS-A9TT-01,3.30570327005238
TCGA-GS-A9TU-01,TCGA-GS-A9TU-01,3.468351168597661
TCGA-GS-A9TV-01,TCGA-GS-A9TV-01,3.0521060068848778
TCGA-GS-A9TW-01,TCGA-GS-A9TW-01,3.25988239389862
TCGA-GS-A9TX-01,TCGA-GS-A9TX-01,3.362641881021754
TCGA-GS-A9TY-01,TCGA-GS-A9TY-01,3.2977483634844793
TCGA-GS-A9TZ-01,TCGA-GS-A9TZ-01,3.3177121882961575
TCGA-GS-A9U3-01,TCGA-GS-A9U3-01,2.7663152196981877
TCGA-GS-A9U4-01,TCGA-GS-A9U4-01,3.363478216338521
TCGA-RQ-A68N-01,TCGA-RQ-A68N-01,3.166782961266123
TCGA-RQ-A6JB-01,TCGA-RQ-A6JB-01,2.977360037747556
TCGA-RQ-AAAT-01,TCGA-RQ-AAAT-01,3.260163046769208
TCGA-VB-A8QN-01,TCGA-VB-A8QN-01,2.684303514537428
TCGA-2E-A9G8-01,TCGA-2E-A9G8-01,2.101875996200969
TCGA-4E-A92E-01,TCGA-4E-A92E-01,2.549289252023077
TCGA-5B-A90C-01,TCGA-5B-A90C-01,2.888699426310045
TCGA-5S-A9Q8-01,TCGA-5S-A9Q8-01,2.5362210483122474
TCGA-A5-A1OH-01,TCGA-A5-A1OH-01,2.8551611422674488
TCGA-A5-A2K2-01,TCGA-A5-A2K2-01,2.864970736393033
TCGA-A5-A2K3-01,TCGA-A5-A2K3-01,2.7704509375609305
TCGA-A5-A2K4-01,TCGA-A5-A2K4-01,2.87823982537269
TCGA-A5-A2K5-01,TCGA-A5-A2K5-01,2.8245092789703006
TCGA-A5-A2K7-01,TCGA-A5-A2K7-01,3.1177027781552025
TCGA-A5-A3LO-01,TCGA-A5-A3LO-01,3.254652985279635
TCGA-A5-A3LP-01,TCGA-A5-A3LP-01,2.6225018004482616
TCGA-A5-A7WJ-01,TCGA-A5-A7WJ-01,3.0772851344081156
TCGA-A5-A7WK-01,TCGA-A5-A7WK-01,2.703275982328464
TCGA-A5-AB3J-01,TCGA-A5-AB3J-01,2.4197495709467574
TCGA-AJ-A23N-01,TCGA-AJ-A23N-01,2.9753461414764595
TCGA-AJ-A2QM-01,TCGA-AJ-A2QM-01,2.9749103932255627
TCGA-AJ-A2QO-01,TCGA-AJ-A2QO-01,2.822938224059767
TCGA-AJ-A3BD-01,TCGA-AJ-A3BD-01,2.4559534049251868
TCGA-AJ-A3BF-01,TCGA-AJ-A3BF-01,2.8181066786524416
TCGA-AJ-A3BG-01,TCGA-AJ-A3BG-01,3.134705185626195
TCGA-AJ-A3BH-01,TCGA-AJ-A3BH-01,2.970310597483768
TCGA-AJ-A3BI-01,TCGA-AJ-A3BI-01,2.989802219266836
TCGA-AJ-A3BK-01,TCGA-AJ-A3BK-01,2.163345091563154
TCGA-AJ-A3EJ-01,TCGA-AJ-A3EJ-01,2.809878785300283
TCGA-AJ-A3EK-01,TCGA-AJ-A3EK-01,2.8408932046447344
TCGA-AJ-A3EL-01,TCGA-AJ-A3EL-01,3.1168524011162377
TCGA-AJ-A3EM-01,TCGA-AJ-A3EM-01,3.145742774006461
TCGA-AJ-A3I9-01,TCGA-AJ-A3I9-01,2.701222504337582
TCGA-AJ-A3IA-01,TCGA-AJ-A3IA-01,2.628930269880505
TCGA-AJ-A3NC-01,TCGA-AJ-A3NC-01,2.723155928468752
TCGA-AJ-A3NC-11,TCGA-AJ-A3NC-11,3.379757442554135
TCGA-AJ-A3NE-01,TCGA-AJ-A3NE-01,3.236173377370391
TCGA-AJ-A3NE-11,TCGA-AJ-A3NE-11,2.882933207821515
TCGA-AJ-A3NF-01,TCGA-AJ-A3NF-01,2.715089577306567
TCGA-AJ-A3NG-01,TCGA-AJ-A3NG-01,2.7823382650104556
TCGA-AJ-A3NH-01,TCGA-AJ-A3NH-01,2.507307649402915
TCGA-AJ-A3NH-11,TCGA-AJ-A3NH-11,2.462797535947788
TCGA-AJ-A3OJ-01,TCGA-AJ-A3OJ-01,2.7126366103180723
TCGA-AJ-A3OK-01,TCGA-AJ-A3OK-01,2.339149119748831
TCGA-AJ-A3OL-01,TCGA-AJ-A3OL-01,2.9387935940466074
TCGA-AJ-A3QS-01,TCGA-AJ-A3QS-01,2.90589008474778
TCGA-AJ-A3TW-01,TCGA-AJ-A3TW-01,2.9292949268890336
TCGA-AJ-A5DV-01,TCGA-AJ-A5DV-01,2.719068002414747
TCGA-AJ-A5DW-01,TCGA-AJ-A5DW-01,3.257268860332974
TCGA-AJ-A6NU-01,TCGA-AJ-A6NU-01,2.4418080747261985
TCGA-AJ-A8CT-01,TCGA-AJ-A8CT-01,2.4464424991008005
TCGA-AJ-A8CV-01,TCGA-AJ-A8CV-01,2.486133553163496
TCGA-AJ-A8CW-01,TCGA-AJ-A8CW-01,2.990429452676938
TCGA-AP-A3K1-01,TCGA-AP-A3K1-01,2.677648486516401
TCGA-AP-A5FX-01,TCGA-AP-A5FX-01,2.3547463332310334
TCGA-AX-A05W-01,TCGA-AX-A05W-01,2.4786284725108523
TCGA-AX-A05Y-11,TCGA-AX-A05Y-11,3.1148205648748633
TCGA-AX-A0IZ-11,TCGA-AX-A0IZ-11,3.163627569221922
TCGA-AX-A0J0-11,TCGA-AX-A0J0-11,3.032042149227169
TCGA-AX-A1C7-01,TCGA-AX-A1C7-01,2.6159955537934967
TCGA-AX-A2H4-01,TCGA-AX-A2H4-01,3.144350054574125
TCGA-AX-A2HC-11,TCGA-AX-A2HC-11,3.1394133534978708
TCGA-AX-A2HD-11,TCGA-AX-A2HD-11,2.8256933679268963
TCGA-AX-A2HH-01,TCGA-AX-A2HH-01,2.8840354040027907
TCGA-AX-A2IN-01,TCGA-AX-A2IN-01,2.7942206183447054
TCGA-AX-A3FS-01,TCGA-AX-A3FS-01,2.918708087374122
TCGA-AX-A3FT-01,TCGA-AX-A3FT-01,2.845450405113752
TCGA-AX-A3FV-01,TCGA-AX-A3FV-01,3.468212844022845
TCGA-AX-A3FW-01,TCGA-AX-A3FW-01,2.665504710792041
TCGA-AX-A3FX-01,TCGA-AX-A3FX-01,2.3984544676993016
TCGA-AX-A3FZ-01,TCGA-AX-A3FZ-01,3.4559886944019858
TCGA-AX-A3G1-01,TCGA-AX-A3G1-01,2.7618458649427637
TCGA-AX-A3G3-01,TCGA-AX-A3G3-01,2.8782013217660927
TCGA-AX-A3G4-01,TCGA-AX-A3G4-01,2.913806582266619
TCGA-AX-A3G6-01,TCGA-AX-A3G6-01,3.1052991943423223
TCGA-AX-A3G7-01,TCGA-AX-A3G7-01,2.5990791124687056
TCGA-AX-A3G8-01,TCGA-AX-A3G8-01,3.197910188248815
TCGA-AX-A3G9-01,TCGA-AX-A3G9-01,3.5146491795179124
TCGA-AX-A3GB-01,TCGA-AX-A3GB-01,2.3390845451518887
TCGA-AX-A3GI-01,TCGA-AX-A3GI-01,2.9168819666093615
TCGA-B5-A0JN-01,TCGA-B5-A0JN-01,2.539087568888939
TCGA-B5-A0JR-01,TCGA-B5-A0JR-01,3.2038129724612574
TCGA-B5-A0K9-01,TCGA-B5-A0K9-01,3.028838811272124
TCGA-B5-A11R-01,TCGA-B5-A11R-01,2.328188345771795
TCGA-B5-A1MS-01,TCGA-B5-A1MS-01,3.096619457373688
TCGA-B5-A1MW-01,TCGA-B5-A1MW-01,3.0322587717239253
TCGA-B5-A3F9-01,TCGA-B5-A3F9-01,2.530762310968903
TCGA-B5-A3FA-01,TCGA-B5-A3FA-01,2.937036576371069
TCGA-B5-A3FB-01,TCGA-B5-A3FB-01,2.586496442157182
TCGA-B5-A3FC-01,TCGA-B5-A3FC-01,3.150238957401544
TCGA-B5-A3FD-01,TCGA-B5-A3FD-01,2.8304351844250513
TCGA-B5-A3FH-01,TCGA-B5-A3FH-01,2.567344303277194
TCGA-B5-A3S1-01,TCGA-B5-A3S1-01,3.0981300811823975
TCGA-B5-A5OC-01,TCGA-B5-A5OC-01,2.9577452783862843
TCGA-B5-A5OD-01,TCGA-B5-A5OD-01,3.3132453865905562
TCGA-B5-A5OE-01,TCGA-B5-A5OE-01,2.7264094286549874
TCGA-BG-A0MK-01,TCGA-BG-A0MK-01,2.264119990555915
TCGA-BG-A2AD-11,TCGA-BG-A2AD-11,2.781952482224817
TCGA-BG-A3EW-01,TCGA-BG-A3EW-01,2.5969280960671672
TCGA-BG-A3EW-11,TCGA-BG-A3EW-11,3.2454770295446753
TCGA-BG-A3PP-01,TCGA-BG-A3PP-01,3.3009066494990575
TCGA-BG-A3PP-11,TCGA-BG-A3PP-11,3.426772499775174
TCGA-BK-A139-02,TCGA-BK-A139-02,2.9727155833131036
TCGA-BK-A13B-01,TCGA-BK-A13B-01,3.1480567268540933
TCGA-BK-A4ZD-01,TCGA-BK-A4ZD-01,3.533484589566746
TCGA-BK-A4ZD-11,TCGA-BK-A4ZD-11,3.0118383495000343
TCGA-BK-A56F-01,TCGA-BK-A56F-01,2.894108951978202
TCGA-BK-A6W3-01,TCGA-BK-A6W3-01,2.8626004722052265
TCGA-BK-A6W4-01,TCGA-BK-A6W4-01,2.7321937157929104
TCGA-BS-A0V4-01,TCGA-BS-A0V4-01,2.8914005690856404
TCGA-BS-A0V7-01,TCGA-BS-A0V7-01,2.9971696635894203
TCGA-D1-A2G0-01,TCGA-D1-A2G0-01,2.7683104284032405
TCGA-D1-A3DA-01,TCGA-D1-A3DA-01,2.814744255360817
TCGA-D1-A3DG-01,TCGA-D1-A3DG-01,2.634111259693258
TCGA-D1-A3DH-01,TCGA-D1-A3DH-01,2.9996352646857334
TCGA-D1-A3JP-01,TCGA-D1-A3JP-01,2.9305833027564003
TCGA-D1-A3JQ-01,TCGA-D1-A3JQ-01,2.3877657749790027
TCGA-DF-A2KN-01,TCGA-DF-A2KN-01,2.5712310719818032
TCGA-DF-A2KR-01,TCGA-DF-A2KR-01,3.299773022890982
TCGA-DF-A2KU-01,TCGA-DF-A2KU-01,2.8948732150359353
TCGA-DF-A2KV-01,TCGA-DF-A2KV-01,2.916234202561255
TCGA-DF-A2KY-01,TCGA-DF-A2KY-01,2.8050876863546508
TCGA-DF-A2KZ-01,TCGA-DF-A2KZ-01,2.9639585383163296
TCGA-DF-A2L0-01,TCGA-DF-A2L0-01,2.954778353259965
TCGA-DI-A1BU-01,TCGA-DI-A1BU-01,2.913274351213004
TCGA-DI-A1C3-01,TCGA-DI-A1C3-01,2.676255151478078
TCGA-DI-A2QT-01,TCGA-DI-A2QT-01,2.967498267567619
TCGA-DI-A2QY-01,TCGA-DI-A2QY-01,2.489886656090767
TCGA-DI-A2QY-11,TCGA-DI-A2QY-11,2.606829840990232
TCGA-E6-A2P8-01,TCGA-E6-A2P8-01,2.8847481940506086
TCGA-E6-A2P9-01,TCGA-E6-A2P9-01,2.902965065522923
TCGA-E6-A8L9-01,TCGA-E6-A8L9-01,2.3416270985032774
TCGA-EO-A1Y7-01,TCGA-EO-A1Y7-01,2.4256520800656385
TCGA-EO-A22U-01,TCGA-EO-A22U-01,2.708173639462953
TCGA-EO-A22X-01,TCGA-EO-A22X-01,3.227822963875437
TCGA-EO-A22Y-01,TCGA-EO-A22Y-01,2.3848415824405125
TCGA-EO-A3AS-01,TCGA-EO-A3AS-01,2.6520328236577635
TCGA-EO-A3AU-01,TCGA-EO-A3AU-01,2.9847116951941217
TCGA-EO-A3AV-01,TCGA-EO-A3AV-01,2.918607661088325
TCGA-EO-A3AY-01,TCGA-EO-A3AY-01,2.897733944630737
TCGA-EO-A3AZ-01,TCGA-EO-A3AZ-01,2.727065058355127
TCGA-EO-A3B0-01,TCGA-EO-A3B0-01,2.6668032337047882
TCGA-EO-A3B1-01,TCGA-EO-A3B1-01,2.9067366721241865
TCGA-EO-A3KU-01,TCGA-EO-A3KU-01,2.8818032792812245
TCGA-EO-A3KW-01,TCGA-EO-A3KW-01,3.00560782642938
TCGA-EO-A3KX-01,TCGA-EO-A3KX-01,2.9284026146143747
TCGA-EO-A3L0-01,TCGA-EO-A3L0-01,2.6222725629359336
TCGA-EY-A1GL-01,TCGA-EY-A1GL-01,2.6883369346291963
TCGA-EY-A1GO-01,TCGA-EY-A1GO-01,2.910690128249366
TCGA-EY-A1GP-01,TCGA-EY-A1GP-01,2.6330283703656763
TCGA-EY-A1GX-01,TCGA-EY-A1GX-01,2.7118568470945066
TCGA-EY-A210-01,TCGA-EY-A210-01,3.1855600544082905
TCGA-EY-A2ON-01,TCGA-EY-A2ON-01,2.728313970488287
TCGA-EY-A2OO-01,TCGA-EY-A2OO-01,2.731455612896919
TCGA-EY-A2OP-01,TCGA-EY-A2OP-01,3.3060363663006878
TCGA-EY-A2OQ-01,TCGA-EY-A2OQ-01,2.5559185620201115
TCGA-EY-A3L3-01,TCGA-EY-A3L3-01,2.964275642508474
TCGA-EY-A3QX-01,TCGA-EY-A3QX-01,3.225234860747649
TCGA-EY-A4KR-01,TCGA-EY-A4KR-01,2.543509184904089
TCGA-EY-A547-01,TCGA-EY-A547-01,2.8934251587626196
TCGA-EY-A548-01,TCGA-EY-A548-01,3.096780021898698
TCGA-EY-A549-01,TCGA-EY-A549-01,2.7675641128925537
TCGA-EY-A54A-01,TCGA-EY-A54A-01,2.2895631660945024
TCGA-EY-A5W2-01,TCGA-EY-A5W2-01,2.812810126071792
TCGA-EY-A72D-01,TCGA-EY-A72D-01,3.3498311534886636
TCGA-FI-A2EY-01,TCGA-FI-A2EY-01,2.749778464962635
TCGA-FI-A3PV-01,TCGA-FI-A3PV-01,2.7137972850505063
TCGA-FI-A3PX-01,TCGA-FI-A3PX-01,3.0047610318220874
TCGA-FL-A1YF-11,TCGA-FL-A1YF-11,2.8701550329504615
TCGA-FL-A1YG-11,TCGA-FL-A1YG-11,3.2753791340591403
TCGA-FL-A1YH-11,TCGA-FL-A1YH-11,3.0481183445898528
TCGA-FL-A1YI-11,TCGA-FL-A1YI-11,2.984589411695943
TCGA-FL-A1YL-11,TCGA-FL-A1YL-11,2.7923594742897633
TCGA-FL-A1YN-11,TCGA-FL-A1YN-11,2.73630468201462
TCGA-FL-A1YQ-11,TCGA-FL-A1YQ-11,2.706914640895267
TCGA-FL-A1YT-11,TCGA-FL-A1YT-11,3.00983160639204
TCGA-FL-A1YU-11,TCGA-FL-A1YU-11,2.7185980296445216
TCGA-FL-A1YV-11,TCGA-FL-A1YV-11,2.6531859613711815
TCGA-FL-A3WE-11,TCGA-FL-A3WE-11,2.766832813956829
TCGA-H5-A2HR-01,TCGA-H5-A2HR-01,2.920656157814301
TCGA-JU-AAVI-01,TCGA-JU-AAVI-01,3.0920823606174554
TCGA-K6-A3WQ-01,TCGA-K6-A3WQ-01,2.7929314630138458
TCGA-KJ-A3U4-01,TCGA-KJ-A3U4-01,2.773159639586645
TCGA-KP-A3VZ-01,TCGA-KP-A3VZ-01,2.3251637258115885
TCGA-KP-A3W0-01,TCGA-KP-A3W0-01,2.920455937610878
TCGA-KP-A3W1-01,TCGA-KP-A3W1-01,3.129107772188339
TCGA-KP-A3W3-01,TCGA-KP-A3W3-01,2.742285633071969
TCGA-KP-A3W4-01,TCGA-KP-A3W4-01,2.3163885669908897
TCGA-PG-A5BC-01,TCGA-PG-A5BC-01,2.4611894875248983
TCGA-PG-A6IB-01,TCGA-PG-A6IB-01,2.7683671983345866
TCGA-PG-A7D5-01,TCGA-PG-A7D5-01,2.2928314007200155
TCGA-PG-A914-01,TCGA-PG-A914-01,2.8128593462170133
TCGA-PG-A915-01,TCGA-PG-A915-01,3.0180999088027844
TCGA-PG-A916-01,TCGA-PG-A916-01,2.779238562228606
TCGA-PG-A917-01,TCGA-PG-A917-01,2.9163767846819533
TCGA-QF-A5YS-01,TCGA-QF-A5YS-01,2.685952248824675
TCGA-QF-A5YT-01,TCGA-QF-A5YT-01,2.819924482329778
TCGA-QS-A5YQ-01,TCGA-QS-A5YQ-01,2.6188624701976737
TCGA-QS-A5YR-01,TCGA-QS-A5YR-01,2.5097783288657824
TCGA-QS-A744-01,TCGA-QS-A744-01,2.8885531269236138
TCGA-QS-A8F1-01,TCGA-QS-A8F1-01,2.6524674005319357
TCGA-SJ-A6ZI-01,TCGA-SJ-A6ZI-01,2.7144223714701967
TCGA-SJ-A6ZJ-01,TCGA-SJ-A6ZJ-01,2.4776563457046104
TCGA-SL-A6J9-01,TCGA-SL-A6J9-01,3.1486075577169226
TCGA-SL-A6JA-01,TCGA-SL-A6JA-01,2.9870697283430547
TCGA-3N-A9WB-06,TCGA-3N-A9WB-06,3.4521033229332017
TCGA-3N-A9WC-06,TCGA-3N-A9WC-06,2.893358655367801
TCGA-3N-A9WD-06,TCGA-3N-A9WD-06,3.06312273139652
TCGA-BF-A1PU-01,TCGA-BF-A1PU-01,3.221623319939971
TCGA-BF-A1PV-01,TCGA-BF-A1PV-01,3.1974622910603125
TCGA-BF-A1PX-01,TCGA-BF-A1PX-01,3.2321180776616156
TCGA-BF-A1PZ-01,TCGA-BF-A1PZ-01,2.9575891192771016
TCGA-BF-A1Q0-01,TCGA-BF-A1Q0-01,3.2669501298912054
TCGA-BF-A3DJ-01,TCGA-BF-A3DJ-01,2.614992161151233
TCGA-BF-A3DL-01,TCGA-BF-A3DL-01,3.3012351375603717
TCGA-BF-A3DM-01,TCGA-BF-A3DM-01,2.8925017756762093
TCGA-BF-A3DN-01,TCGA-BF-A3DN-01,3.3721056792944495
TCGA-BF-A5EO-01,TCGA-BF-A5EO-01,3.1603143292002596
TCGA-BF-A5EP-01,TCGA-BF-A5EP-01,3.415006084465475
TCGA-BF-A5EQ-01,TCGA-BF-A5EQ-01,3.104219654647718
TCGA-BF-A5ER-01,TCGA-BF-A5ER-01,3.0572346849233876
TCGA-BF-A5ES-01,TCGA-BF-A5ES-01,3.2903070316555905
TCGA-BF-A9VF-01,TCGA-BF-A9VF-01,2.8327889964194743
TCGA-BF-AAOU-01,TCGA-BF-AAOU-01,3.0602589440112675
TCGA-BF-AAOX-01,TCGA-BF-AAOX-01,3.1020448413200867
TCGA-BF-AAP0-06,TCGA-BF-AAP0-06,3.2701816072351804
TCGA-BF-AAP1-01,TCGA-BF-AAP1-01,3.1275463144077325
TCGA-BF-AAP2-01,TCGA-BF-AAP2-01,3.1649412650343742
TCGA-BF-AAP4-01,TCGA-BF-AAP4-01,3.2849899061864503
TCGA-BF-AAP6-01,TCGA-BF-AAP6-01,2.876002063951677
TCGA-BF-AAP7-01,TCGA-BF-AAP7-01,2.7569198886394344
TCGA-BF-AAP8-01,TCGA-BF-AAP8-01,3.2664405729637287
TCGA-D3-A1Q1-06,TCGA-D3-A1Q1-06,3.2871195476608093
TCGA-D3-A1Q3-06,TCGA-D3-A1Q3-06,3.203525621788738
TCGA-D3-A1Q4-06,TCGA-D3-A1Q4-06,3.3296383858811955
TCGA-D3-A1Q5-06,TCGA-D3-A1Q5-06,2.851644746127361
TCGA-D3-A1Q6-06,TCGA-D3-A1Q6-06,3.0776259800485213
TCGA-D3-A1Q7-06,TCGA-D3-A1Q7-06,3.147886592896186
TCGA-D3-A1Q8-06,TCGA-D3-A1Q8-06,3.184024295934451
TCGA-D3-A1Q9-06,TCGA-D3-A1Q9-06,3.208113660584404
TCGA-D3-A1QA-06,TCGA-D3-A1QA-06,3.2833029486443293
TCGA-D3-A1QA-07,TCGA-D3-A1QA-07,3.2167211653810917
TCGA-D3-A1QB-06,TCGA-D3-A1QB-06,3.079758246230461
TCGA-D3-A2J6-06,TCGA-D3-A2J6-06,3.0596249778052553
TCGA-D3-A2J7-06,TCGA-D3-A2J7-06,3.310729249812529
TCGA-D3-A2J8-06,TCGA-D3-A2J8-06,2.939100108867204
TCGA-D3-A2J9-06,TCGA-D3-A2J9-06,3.2152772530801177
TCGA-D3-A2JA-06,TCGA-D3-A2JA-06,2.66527257116076
TCGA-D3-A2JB-06,TCGA-D3-A2JB-06,2.8580440276718346
TCGA-D3-A2JC-06,TCGA-D3-A2JC-06,3.0149795042926693
TCGA-D3-A2JD-06,TCGA-D3-A2JD-06,3.3411516880247554
TCGA-D3-A2JE-06,TCGA-D3-A2JE-06,3.4105058771778967
TCGA-D3-A2JF-06,TCGA-D3-A2JF-06,3.328571179242472
TCGA-D3-A2JG-06,TCGA-D3-A2JG-06,3.330692886498006
TCGA-D3-A2JH-06,TCGA-D3-A2JH-06,2.868604584685699
TCGA-D3-A2JK-06,TCGA-D3-A2JK-06,3.0896076834955526
TCGA-D3-A2JL-06,TCGA-D3-A2JL-06,3.176425737357965
TCGA-D3-A2JN-06,TCGA-D3-A2JN-06,3.147655888067389
TCGA-D3-A2JO-06,TCGA-D3-A2JO-06,3.207620489724359
TCGA-D3-A2JP-06,TCGA-D3-A2JP-06,3.417732910739076
TCGA-D3-A3BZ-06,TCGA-D3-A3BZ-06,3.1706024103044212
TCGA-D3-A3C1-06,TCGA-D3-A3C1-06,3.233099893326992
TCGA-D3-A3C3-06,TCGA-D3-A3C3-06,3.011065802794463
TCGA-D3-A3C6-06,TCGA-D3-A3C6-06,3.0635026106938117
TCGA-D3-A3C7-06,TCGA-D3-A3C7-06,2.90543290788547
TCGA-D3-A3C8-06,TCGA-D3-A3C8-06,2.989209722505844
TCGA-D3-A3CB-06,TCGA-D3-A3CB-06,3.228003618495083
TCGA-D3-A3CC-06,TCGA-D3-A3CC-06,3.0806692528808983
TCGA-D3-A3CE-06,TCGA-D3-A3CE-06,3.2402922755588395
TCGA-D3-A3CF-06,TCGA-D3-A3CF-06,2.875645333877759
TCGA-D3-A3ML-06,TCGA-D3-A3ML-06,3.4065544239435757
TCGA-D3-A3MO-06,TCGA-D3-A3MO-06,3.190467510932235
TCGA-D3-A3MR-06,TCGA-D3-A3MR-06,3.156183086814168
TCGA-D3-A3MU-06,TCGA-D3-A3MU-06,3.3608079738404593
TCGA-D3-A3MV-06,TCGA-D3-A3MV-06,3.290210681173284
TCGA-D3-A51E-06,TCGA-D3-A51E-06,2.666143138938214
TCGA-D3-A51F-06,TCGA-D3-A51F-06,2.892169026054339
TCGA-D3-A51G-06,TCGA-D3-A51G-06,2.9732194095678897
TCGA-D3-A51H-06,TCGA-D3-A51H-06,3.1488279862136626
TCGA-D3-A51J-06,TCGA-D3-A51J-06,3.238354994215716
TCGA-D3-A51K-06,TCGA-D3-A51K-06,3.4036066957890982
TCGA-D3-A51N-06,TCGA-D3-A51N-06,3.2524284889810184
TCGA-D3-A51R-06,TCGA-D3-A51R-06,3.0456050623925752
TCGA-D3-A51T-06,TCGA-D3-A51T-06,2.843682450612155
TCGA-D3-A5GL-06,TCGA-D3-A5GL-06,3.307003931154102
TCGA-D3-A5GN-06,TCGA-D3-A5GN-06,3.3249334292416854
TCGA-D3-A5GO-06,TCGA-D3-A5GO-06,3.1932016027098493
TCGA-D3-A5GR-06,TCGA-D3-A5GR-06,2.74340810872107
TCGA-D3-A5GS-06,TCGA-D3-A5GS-06,3.0791773363877626
TCGA-D3-A5GT-01,TCGA-D3-A5GT-01,3.3009473691298603
TCGA-D3-A5GU-06,TCGA-D3-A5GU-06,3.287902102101253
TCGA-D3-A8GB-06,TCGA-D3-A8GB-06,2.732626286372252
TCGA-D3-A8GC-06,TCGA-D3-A8GC-06,3.187467044353269
TCGA-D3-A8GD-06,TCGA-D3-A8GD-06,3.152724468692698
TCGA-D3-A8GE-06,TCGA-D3-A8GE-06,2.7539088924738007
TCGA-D3-A8GI-06,TCGA-D3-A8GI-06,3.2814761249546462
TCGA-D3-A8GJ-06,TCGA-D3-A8GJ-06,3.175374216397326
TCGA-D3-A8GK-06,TCGA-D3-A8GK-06,2.9996951871074367
TCGA-D3-A8GL-06,TCGA-D3-A8GL-06,3.389691099186605
TCGA-D3-A8GM-06,TCGA-D3-A8GM-06,3.2330145367102308
TCGA-D3-A8GN-06,TCGA-D3-A8GN-06,3.0690014036476314
TCGA-D3-A8GO-06,TCGA-D3-A8GO-06,2.7619090629963976
TCGA-D3-A8GP-06,TCGA-D3-A8GP-06,3.251066594779773
TCGA-D3-A8GQ-06,TCGA-D3-A8GQ-06,2.8770740955478824
TCGA-D3-A8GR-06,TCGA-D3-A8GR-06,3.177054114965805
TCGA-D3-A8GS-06,TCGA-D3-A8GS-06,3.2763356898961886
TCGA-D3-A8GV-06,TCGA-D3-A8GV-06,3.2993471395709064
TCGA-D9-A148-06,TCGA-D9-A148-06,2.8575410357509092
TCGA-D9-A149-06,TCGA-D9-A149-06,3.0404942797510395
TCGA-D9-A1JW-06,TCGA-D9-A1JW-06,3.1795103289436497
TCGA-D9-A1JX-06,TCGA-D9-A1JX-06,3.1402464818440237
TCGA-D9-A1X3-06,TCGA-D9-A1X3-06,3.379268155682584
TCGA-D9-A3Z1-06,TCGA-D9-A3Z1-06,3.3321239466928834
TCGA-D9-A3Z3-06,TCGA-D9-A3Z3-06,3.115181837380864
TCGA-D9-A3Z4-01,TCGA-D9-A3Z4-01,3.2460280183165278
TCGA-D9-A4Z2-01,TCGA-D9-A4Z2-01,2.924251400872444
TCGA-D9-A4Z3-01,TCGA-D9-A4Z3-01,3.307941987532741
TCGA-D9-A4Z5-01,TCGA-D9-A4Z5-01,3.090477827246894
TCGA-D9-A4Z6-06,TCGA-D9-A4Z6-06,3.2129966621514465
TCGA-D9-A6E9-06,TCGA-D9-A6E9-06,3.028152525023776
TCGA-D9-A6EA-06,TCGA-D9-A6EA-06,3.3901808811928813
TCGA-D9-A6EC-06,TCGA-D9-A6EC-06,3.2507920382825284
TCGA-D9-A6EG-06,TCGA-D9-A6EG-06,3.5269694960004183
TCGA-DA-A1HV-06,TCGA-DA-A1HV-06,3.2697732580151557
TCGA-DA-A1HW-06,TCGA-DA-A1HW-06,3.228831469870832
TCGA-DA-A1HY-06,TCGA-DA-A1HY-06,3.242008955984942
TCGA-DA-A1I0-06,TCGA-DA-A1I0-06,3.397083012863193
TCGA-DA-A1I1-06,TCGA-DA-A1I1-06,3.3165008083286827
TCGA-DA-A1I2-06,TCGA-DA-A1I2-06,3.4323834776889326
TCGA-DA-A1I4-06,TCGA-DA-A1I4-06,2.874139421685507
TCGA-DA-A1I5-06,TCGA-DA-A1I5-06,3.210282364818961
TCGA-DA-A1I7-06,TCGA-DA-A1I7-06,3.1155814322023696
TCGA-DA-A1I8-06,TCGA-DA-A1I8-06,3.205147485811417
TCGA-DA-A1IA-06,TCGA-DA-A1IA-06,3.4959261119931564
TCGA-DA-A1IB-06,TCGA-DA-A1IB-06,3.082663643789587
TCGA-DA-A1IC-06,TCGA-DA-A1IC-06,3.072717444983689
TCGA-DA-A3F2-06,TCGA-DA-A3F2-06,3.0181628102131715
TCGA-DA-A3F3-06,TCGA-DA-A3F3-06,3.290186074244546
TCGA-DA-A3F5-06,TCGA-DA-A3F5-06,3.0572597830500983
TCGA-DA-A3F8-06,TCGA-DA-A3F8-06,3.0453287275222674
TCGA-DA-A95V-06,TCGA-DA-A95V-06,2.9748852617414716
TCGA-DA-A95W-06,TCGA-DA-A95W-06,3.240064311196959
TCGA-DA-A95X-06,TCGA-DA-A95X-06,3.1536210192846963
TCGA-DA-A95Y-06,TCGA-DA-A95Y-06,3.038125212650094
TCGA-DA-A95Z-06,TCGA-DA-A95Z-06,3.4746435489379
TCGA-DA-A960-01,TCGA-DA-A960-01,3.4463143595089574
TCGA-EB-A1NK-01,TCGA-EB-A1NK-01,3.323190554294688
TCGA-EB-A24C-01,TCGA-EB-A24C-01,2.7400006556168197
TCGA-EB-A24D-01,TCGA-EB-A24D-01,3.0946934382997022
TCGA-EB-A299-01,TCGA-EB-A299-01,3.267116359031071
TCGA-EB-A3HV-01,TCGA-EB-A3HV-01,3.3358570292733165
TCGA-EB-A3XB-01,TCGA-EB-A3XB-01,3.2555846781903415
TCGA-EB-A3XC-01,TCGA-EB-A3XC-01,3.0726922832574246
TCGA-EB-A3XD-01,TCGA-EB-A3XD-01,3.1111899904044726
TCGA-EB-A3XE-01,TCGA-EB-A3XE-01,3.129504878298609
TCGA-EB-A3XF-01,TCGA-EB-A3XF-01,3.119131094085345
TCGA-EB-A3Y6-01,TCGA-EB-A3Y6-01,2.9882173035418336
TCGA-EB-A3Y7-01,TCGA-EB-A3Y7-01,3.2141803163855007
TCGA-EB-A41A-01,TCGA-EB-A41A-01,3.310000322482712
TCGA-EB-A41B-01,TCGA-EB-A41B-01,3.3470138117070056
TCGA-EB-A42Y-01,TCGA-EB-A42Y-01,2.7179033648738784
TCGA-EB-A42Z-01,TCGA-EB-A42Z-01,3.353960038833813
TCGA-EB-A430-01,TCGA-EB-A430-01,3.0309332764250554
TCGA-EB-A431-01,TCGA-EB-A431-01,3.228334882019114
TCGA-EB-A44N-01,TCGA-EB-A44N-01,3.268541757853648
TCGA-EB-A44O-01,TCGA-EB-A44O-01,2.9602197723284798
TCGA-EB-A44P-01,TCGA-EB-A44P-01,3.0714101316138933
TCGA-EB-A44Q-06,TCGA-EB-A44Q-06,3.084064382559055
TCGA-EB-A44R-06,TCGA-EB-A44R-06,2.7607671456347465
TCGA-EB-A4IQ-01,TCGA-EB-A4IQ-01,3.200758933543721
TCGA-EB-A4IS-01,TCGA-EB-A4IS-01,2.6791248077372116
TCGA-EB-A4OY-01,TCGA-EB-A4OY-01,2.5846783695220807
TCGA-EB-A4OZ-01,TCGA-EB-A4OZ-01,3.080949206134272
TCGA-EB-A4P0-01,TCGA-EB-A4P0-01,3.332172355773748
TCGA-EB-A4XL-01,TCGA-EB-A4XL-01,3.133067342659658
TCGA-EB-A51B-01,TCGA-EB-A51B-01,2.997020048180759
TCGA-EB-A550-01,TCGA-EB-A550-01,2.9740883294939975
TCGA-EB-A551-01,TCGA-EB-A551-01,3.203183127566774
TCGA-EB-A553-01,TCGA-EB-A553-01,3.0805220667879447
TCGA-EB-A57M-01,TCGA-EB-A57M-01,2.31571704021453
TCGA-EB-A5FP-01,TCGA-EB-A5FP-01,3.011498150612967
TCGA-EB-A5KH-06,TCGA-EB-A5KH-06,3.039430519060335
TCGA-EB-A5SE-01,TCGA-EB-A5SE-01,3.307773520896963
TCGA-EB-A5SF-01,TCGA-EB-A5SF-01,2.9604966829163337
TCGA-EB-A5SG-06,TCGA-EB-A5SG-06,2.8836074640241027
TCGA-EB-A5SH-06,TCGA-EB-A5SH-06,3.3536344058305927
TCGA-EB-A5UL-06,TCGA-EB-A5UL-06,3.4412415885443517
TCGA-EB-A5UM-01,TCGA-EB-A5UM-01,3.134144463179297
TCGA-EB-A5UN-06,TCGA-EB-A5UN-06,3.044675529861647
TCGA-EB-A5VU-01,TCGA-EB-A5VU-01,3.2244583720199977
TCGA-EB-A5VV-06,TCGA-EB-A5VV-06,3.1917709936877414
TCGA-EB-A6L9-06,TCGA-EB-A6L9-06,2.9607355957186683
TCGA-EB-A6QY-01,TCGA-EB-A6QY-01,3.0982679299614997
TCGA-EB-A6QZ-01,TCGA-EB-A6QZ-01,3.1813415931822213
TCGA-EB-A6R0-01,TCGA-EB-A6R0-01,3.0519602843173748
TCGA-EB-A82B-01,TCGA-EB-A82B-01,2.530613015518411
TCGA-EB-A82C-01,TCGA-EB-A82C-01,2.592737432218879
TCGA-EB-A85I-01,TCGA-EB-A85I-01,3.2772301675911955
TCGA-EB-A85J-01,TCGA-EB-A85J-01,3.2576322955962453
TCGA-EB-A97M-01,TCGA-EB-A97M-01,3.2042450071329602
TCGA-EE-A17X-06,TCGA-EE-A17X-06,3.323317440024724
TCGA-EE-A17Y-06,TCGA-EE-A17Y-06,3.3106771303385476
TCGA-EE-A17Z-06,TCGA-EE-A17Z-06,2.7989458371404243
TCGA-EE-A180-06,TCGA-EE-A180-06,3.320447714057942
TCGA-EE-A181-06,TCGA-EE-A181-06,3.297954448441885
TCGA-EE-A182-06,TCGA-EE-A182-06,2.7909100004696095
TCGA-EE-A183-06,TCGA-EE-A183-06,3.417930702987864
TCGA-EE-A184-06,TCGA-EE-A184-06,3.2555326977140218
TCGA-EE-A185-06,TCGA-EE-A185-06,3.036013480353166
TCGA-EE-A20B-06,TCGA-EE-A20B-06,3.250936686343852
TCGA-EE-A20C-06,TCGA-EE-A20C-06,2.8909745003921987
TCGA-EE-A20F-06,TCGA-EE-A20F-06,3.2144417612108485
TCGA-EE-A20H-06,TCGA-EE-A20H-06,2.9949790950898403
TCGA-EE-A20I-06,TCGA-EE-A20I-06,3.2303379494540705
TCGA-EE-A29A-06,TCGA-EE-A29A-06,3.140938402166801
TCGA-EE-A29B-06,TCGA-EE-A29B-06,3.302250932807827
TCGA-EE-A29C-06,TCGA-EE-A29C-06,3.2108812309156862
TCGA-EE-A29D-06,TCGA-EE-A29D-06,3.1192656199065096
TCGA-EE-A29E-06,TCGA-EE-A29E-06,3.4392067293631285
TCGA-EE-A29G-06,TCGA-EE-A29G-06,3.258110593974917
TCGA-EE-A29H-06,TCGA-EE-A29H-06,3.050345616908148
TCGA-EE-A29L-06,TCGA-EE-A29L-06,3.3064284092941776
TCGA-EE-A29M-06,TCGA-EE-A29M-06,2.942774655678826
TCGA-EE-A29N-06,TCGA-EE-A29N-06,3.35612062045509
TCGA-EE-A29P-06,TCGA-EE-A29P-06,3.1838545566683987
TCGA-EE-A29Q-06,TCGA-EE-A29Q-06,3.3704880676112245
TCGA-EE-A29R-06,TCGA-EE-A29R-06,3.35686050174685
TCGA-EE-A29S-06,TCGA-EE-A29S-06,3.4279754852017366
TCGA-EE-A29T-06,TCGA-EE-A29T-06,3.0609457844309476
TCGA-EE-A29V-06,TCGA-EE-A29V-06,3.289104632294775
TCGA-EE-A29W-06,TCGA-EE-A29W-06,3.3516247591691424
TCGA-EE-A29X-06,TCGA-EE-A29X-06,3.0488095996112308
TCGA-EE-A2A0-06,TCGA-EE-A2A0-06,3.15513687059435
TCGA-EE-A2A1-06,TCGA-EE-A2A1-06,2.8116074250521055
TCGA-EE-A2A2-06,TCGA-EE-A2A2-06,3.089092398674758
TCGA-EE-A2A5-06,TCGA-EE-A2A5-06,3.277542128973956
TCGA-EE-A2A6-06,TCGA-EE-A2A6-06,3.3896851704734274
TCGA-EE-A2GB-06,TCGA-EE-A2GB-06,3.306677196175699
TCGA-EE-A2GC-06,TCGA-EE-A2GC-06,3.45424867734116
TCGA-EE-A2GD-06,TCGA-EE-A2GD-06,3.1651262164366303
TCGA-EE-A2GE-06,TCGA-EE-A2GE-06,3.21813530116198
TCGA-EE-A2GH-06,TCGA-EE-A2GH-06,2.7367803054122075
TCGA-EE-A2GI-06,TCGA-EE-A2GI-06,3.2165133716158527
TCGA-EE-A2GJ-06,TCGA-EE-A2GJ-06,2.9202922356850114
TCGA-EE-A2GK-06,TCGA-EE-A2GK-06,3.0363124174716396
TCGA-EE-A2GL-06,TCGA-EE-A2GL-06,3.3451422612131214
TCGA-EE-A2GM-06,TCGA-EE-A2GM-06,3.367778625138388
TCGA-EE-A2GN-06,TCGA-EE-A2GN-06,3.2783093475565677
TCGA-EE-A2GO-06,TCGA-EE-A2GO-06,3.1364878439740695
TCGA-EE-A2GP-06,TCGA-EE-A2GP-06,3.1438412359713555
TCGA-EE-A2GR-06,TCGA-EE-A2GR-06,3.067898584239226
TCGA-EE-A2GS-06,TCGA-EE-A2GS-06,2.743046427800281
TCGA-EE-A2GT-06,TCGA-EE-A2GT-06,3.3001031960187843
TCGA-EE-A2GU-06,TCGA-EE-A2GU-06,3.4641896375851693
TCGA-EE-A2M5-06,TCGA-EE-A2M5-06,2.5276818473433433
TCGA-EE-A2M6-06,TCGA-EE-A2M6-06,3.4810966504234906
TCGA-EE-A2M7-06,TCGA-EE-A2M7-06,3.235890155412869
TCGA-EE-A2M8-06,TCGA-EE-A2M8-06,3.077663139907066
TCGA-EE-A2MC-06,TCGA-EE-A2MC-06,2.394758732359892
TCGA-EE-A2MD-06,TCGA-EE-A2MD-06,3.1439946121835627
TCGA-EE-A2ME-06,TCGA-EE-A2ME-06,3.169459587401967
TCGA-EE-A2MF-06,TCGA-EE-A2MF-06,3.2928243477292067
TCGA-EE-A2MG-06,TCGA-EE-A2MG-06,3.2805656457392165
TCGA-EE-A2MH-06,TCGA-EE-A2MH-06,3.316106767198653
TCGA-EE-A2MI-06,TCGA-EE-A2MI-06,3.4112638463160465
TCGA-EE-A2MJ-06,TCGA-EE-A2MJ-06,3.1032254156412247
TCGA-EE-A2MK-06,TCGA-EE-A2MK-06,3.1076989774438646
TCGA-EE-A2ML-06,TCGA-EE-A2ML-06,3.373323379351567
TCGA-EE-A2MM-06,TCGA-EE-A2MM-06,3.222145390546302
TCGA-EE-A2MN-06,TCGA-EE-A2MN-06,3.0149334607753264
TCGA-EE-A2MP-06,TCGA-EE-A2MP-06,3.2394384870144988
TCGA-EE-A2MQ-06,TCGA-EE-A2MQ-06,3.324104105684172
TCGA-EE-A2MR-06,TCGA-EE-A2MR-06,3.2133279143047386
TCGA-EE-A2MS-06,TCGA-EE-A2MS-06,3.2725440298370136
TCGA-EE-A2MT-06,TCGA-EE-A2MT-06,3.339804755936769
TCGA-EE-A2MU-06,TCGA-EE-A2MU-06,3.1926252540838465
TCGA-EE-A3AA-06,TCGA-EE-A3AA-06,3.379600088639923
TCGA-EE-A3AB-06,TCGA-EE-A3AB-06,3.112391212889656
TCGA-EE-A3AC-06,TCGA-EE-A3AC-06,3.3271968798508516
TCGA-EE-A3AD-06,TCGA-EE-A3AD-06,3.0711735663473956
TCGA-EE-A3AE-06,TCGA-EE-A3AE-06,3.26897465838639
TCGA-EE-A3AF-06,TCGA-EE-A3AF-06,2.922576476212403
TCGA-EE-A3AG-06,TCGA-EE-A3AG-06,2.6300704972164697
TCGA-EE-A3AH-06,TCGA-EE-A3AH-06,3.227727362608074
TCGA-EE-A3J3-06,TCGA-EE-A3J3-06,3.19318326491605
TCGA-EE-A3J4-06,TCGA-EE-A3J4-06,3.3292116017490256
TCGA-EE-A3J5-06,TCGA-EE-A3J5-06,3.3402213982962516
TCGA-EE-A3J7-06,TCGA-EE-A3J7-06,3.536071643634014
TCGA-EE-A3J8-06,TCGA-EE-A3J8-06,3.0688537333595867
TCGA-EE-A3JA-06,TCGA-EE-A3JA-06,3.081814121552947
TCGA-EE-A3JB-06,TCGA-EE-A3JB-06,3.3023402400786974
TCGA-EE-A3JD-06,TCGA-EE-A3JD-06,3.205592020269049
TCGA-EE-A3JE-06,TCGA-EE-A3JE-06,3.147339566439838
TCGA-EE-A3JH-06,TCGA-EE-A3JH-06,3.1899558675351365
TCGA-EE-A3JI-06,TCGA-EE-A3JI-06,3.400697686076062
TCGA-ER-A193-06,TCGA-ER-A193-06,3.2371489418980635
TCGA-ER-A194-01,TCGA-ER-A194-01,2.981045044300119
TCGA-ER-A195-06,TCGA-ER-A195-06,3.0753755603026645
TCGA-ER-A196-01,TCGA-ER-A196-01,3.3775324520115584
TCGA-ER-A197-06,TCGA-ER-A197-06,3.115317320191708
TCGA-ER-A198-06,TCGA-ER-A198-06,3.4304477669974065
TCGA-ER-A199-06,TCGA-ER-A199-06,3.246888195673696
TCGA-ER-A19A-06,TCGA-ER-A19A-06,3.0672204293133127
TCGA-ER-A19B-06,TCGA-ER-A19B-06,3.0308048153525955
TCGA-ER-A19C-06,TCGA-ER-A19C-06,3.3031701282660078
TCGA-ER-A19D-06,TCGA-ER-A19D-06,2.8878929075019713
TCGA-ER-A19E-06,TCGA-ER-A19E-06,3.13201993386963
TCGA-ER-A19F-06,TCGA-ER-A19F-06,2.9411709369960253
TCGA-ER-A19G-06,TCGA-ER-A19G-06,3.0739832295611524
TCGA-ER-A19H-06,TCGA-ER-A19H-06,3.2657280300503793
TCGA-ER-A19J-06,TCGA-ER-A19J-06,3.1638408206663415
TCGA-ER-A19K-01,TCGA-ER-A19K-01,3.057510517775434
TCGA-ER-A19L-06,TCGA-ER-A19L-06,3.488639966918771
TCGA-ER-A19M-06,TCGA-ER-A19M-06,3.217845761259789
TCGA-ER-A19N-06,TCGA-ER-A19N-06,3.1362207221484977
TCGA-ER-A19O-06,TCGA-ER-A19O-06,3.085144129576677
TCGA-ER-A19P-06,TCGA-ER-A19P-06,2.761916056341255
TCGA-ER-A19Q-06,TCGA-ER-A19Q-06,2.5521712829098844
TCGA-ER-A19S-06,TCGA-ER-A19S-06,3.4315360167469353
TCGA-ER-A19T-01,TCGA-ER-A19T-01,2.884133110738882
TCGA-ER-A19T-06,TCGA-ER-A19T-06,3.450936304956384
TCGA-ER-A19W-06,TCGA-ER-A19W-06,3.090850466612526
TCGA-ER-A1A1-06,TCGA-ER-A1A1-06,2.785907808480481
TCGA-ER-A2NB-01,TCGA-ER-A2NB-01,3.4715425310883816
TCGA-ER-A2NC-06,TCGA-ER-A2NC-06,3.2542165768383913
TCGA-ER-A2ND-06,TCGA-ER-A2ND-06,3.1604150547421415
TCGA-ER-A2NE-06,TCGA-ER-A2NE-06,3.5283277289795323
TCGA-ER-A2NF-01,TCGA-ER-A2NF-01,2.458969736325579
TCGA-ER-A2NF-06,TCGA-ER-A2NF-06,2.974874877068173
TCGA-ER-A2NG-06,TCGA-ER-A2NG-06,3.100983314244807
TCGA-ER-A2NH-06,TCGA-ER-A2NH-06,3.0201113970642464
TCGA-ER-A3ES-06,TCGA-ER-A3ES-06,3.207406996633164
TCGA-ER-A3ET-06,TCGA-ER-A3ET-06,3.1707864183875123
TCGA-ER-A3EV-06,TCGA-ER-A3EV-06,3.4359345426722334
TCGA-ER-A3PL-06,TCGA-ER-A3PL-06,3.378560466313406
TCGA-ER-A42H-01,TCGA-ER-A42H-01,3.1898189660272696
TCGA-ER-A42K-06,TCGA-ER-A42K-06,3.1376544690790737
TCGA-ER-A42L-06,TCGA-ER-A42L-06,3.0301617601424273
TCGA-FR-A2OS-01,TCGA-FR-A2OS-01,3.0939403400371033
TCGA-FR-A3R1-01,TCGA-FR-A3R1-01,3.1920881869260347
TCGA-FR-A3YN-06,TCGA-FR-A3YN-06,3.1066309702215027
TCGA-FR-A3YO-06,TCGA-FR-A3YO-06,3.0708760530970416
TCGA-FR-A44A-06,TCGA-FR-A44A-06,3.00237390523786
TCGA-FR-A69P-06,TCGA-FR-A69P-06,3.303534694572339
TCGA-FR-A726-01,TCGA-FR-A726-01,2.635380456450764
TCGA-FR-A728-01,TCGA-FR-A728-01,3.221609654388176
TCGA-FR-A729-06,TCGA-FR-A729-06,2.6835195069743047
TCGA-FR-A7U8-06,TCGA-FR-A7U8-06,3.344077194558907
TCGA-FR-A7U9-06,TCGA-FR-A7U9-06,2.8571089985395908
TCGA-FR-A7UA-06,TCGA-FR-A7UA-06,3.315836833004296
TCGA-FR-A8YC-06,TCGA-FR-A8YC-06,3.232366862308071
TCGA-FR-A8YD-06,TCGA-FR-A8YD-06,3.133959375413831
TCGA-FR-A8YE-06,TCGA-FR-A8YE-06,2.922227733724295
TCGA-FS-A1YW-06,TCGA-FS-A1YW-06,3.279459485902394
TCGA-FS-A1YX-06,TCGA-FS-A1YX-06,3.382641768344737
TCGA-FS-A1YY-06,TCGA-FS-A1YY-06,3.386555236936839
TCGA-FS-A1Z0-06,TCGA-FS-A1Z0-06,2.8782857464940705
TCGA-FS-A1Z3-06,TCGA-FS-A1Z3-06,3.3767398410743192
TCGA-FS-A1Z4-06,TCGA-FS-A1Z4-06,3.1140688387825666
TCGA-FS-A1Z7-06,TCGA-FS-A1Z7-06,3.312177103346707
TCGA-FS-A1ZA-06,TCGA-FS-A1ZA-06,3.079014484854137
TCGA-FS-A1ZB-06,TCGA-FS-A1ZB-06,3.2206755953373105
TCGA-FS-A1ZC-06,TCGA-FS-A1ZC-06,3.149433766042531
TCGA-FS-A1ZD-06,TCGA-FS-A1ZD-06,3.276572810274112
TCGA-FS-A1ZE-06,TCGA-FS-A1ZE-06,3.3289025800260323
TCGA-FS-A1ZF-06,TCGA-FS-A1ZF-06,2.974572285736033
TCGA-FS-A1ZG-06,TCGA-FS-A1ZG-06,3.3178852646347248
TCGA-FS-A1ZH-06,TCGA-FS-A1ZH-06,3.5118966402950837
TCGA-FS-A1ZJ-06,TCGA-FS-A1ZJ-06,3.313478914545819
TCGA-FS-A1ZK-06,TCGA-FS-A1ZK-06,3.2768925348262807
TCGA-FS-A1ZM-06,TCGA-FS-A1ZM-06,3.2224570379544892
TCGA-FS-A1ZN-01,TCGA-FS-A1ZN-01,3.0504235252514214
TCGA-FS-A1ZP-06,TCGA-FS-A1ZP-06,3.146751237735556
TCGA-FS-A1ZQ-06,TCGA-FS-A1ZQ-06,3.3831803604105755
TCGA-FS-A1ZR-06,TCGA-FS-A1ZR-06,3.1096429937795174
TCGA-FS-A1ZS-06,TCGA-FS-A1ZS-06,2.793156010655346
TCGA-FS-A1ZT-06,TCGA-FS-A1ZT-06,2.775585769062224
TCGA-FS-A1ZU-06,TCGA-FS-A1ZU-06,3.107051490420948
TCGA-FS-A1ZW-06,TCGA-FS-A1ZW-06,3.1618107841784004
TCGA-FS-A1ZY-06,TCGA-FS-A1ZY-06,3.1792653669507147
TCGA-FS-A1ZZ-06,TCGA-FS-A1ZZ-06,2.953337504809362
TCGA-FS-A4F0-06,TCGA-FS-A4F0-06,3.0919180139132765
TCGA-FS-A4F2-06,TCGA-FS-A4F2-06,2.9993003307731745
TCGA-FS-A4F4-06,TCGA-FS-A4F4-06,3.1813196743067587
TCGA-FS-A4F5-06,TCGA-FS-A4F5-06,3.4321775538019623
TCGA-FS-A4F8-06,TCGA-FS-A4F8-06,2.786606071122739
TCGA-FS-A4F9-06,TCGA-FS-A4F9-06,3.170747904291396
TCGA-FS-A4FB-06,TCGA-FS-A4FB-06,3.0935770192230745
TCGA-FS-A4FC-06,TCGA-FS-A4FC-06,3.224011335522782
TCGA-FS-A4FD-06,TCGA-FS-A4FD-06,3.0856074512080895
TCGA-FW-A3I3-06,TCGA-FW-A3I3-06,3.149153238239593
TCGA-FW-A3R5-06,TCGA-FW-A3R5-06,3.421524444742959
TCGA-FW-A3TU-06,TCGA-FW-A3TU-06,3.421334239032297
TCGA-FW-A3TV-06,TCGA-FW-A3TV-06,3.4005030271577033
TCGA-FW-A5DX-01,TCGA-FW-A5DX-01,3.5432604342252176
TCGA-FW-A5DY-06,TCGA-FW-A5DY-06,3.3859281615821613
TCGA-GF-A2C7-01,TCGA-GF-A2C7-01,3.0983505846601966
TCGA-GF-A3OT-06,TCGA-GF-A3OT-06,2.4358373282122057
TCGA-GF-A4EO-06,TCGA-GF-A4EO-06,3.2268230278546257
TCGA-GF-A6C8-06,TCGA-GF-A6C8-06,3.3837646626848503
TCGA-GF-A6C9-06,TCGA-GF-A6C9-06,3.0296695364536137
TCGA-GF-A769-01,TCGA-GF-A769-01,3.3443340442795844
TCGA-GN-A261-06,TCGA-GN-A261-06,2.8130586945933524
TCGA-GN-A262-06,TCGA-GN-A262-06,3.371579534375832
TCGA-GN-A263-01,TCGA-GN-A263-01,3.2566486796569003
TCGA-GN-A264-06,TCGA-GN-A264-06,3.2866096445008517
TCGA-GN-A265-06,TCGA-GN-A265-06,3.291407294003986
TCGA-GN-A266-06,TCGA-GN-A266-06,3.1303237221870868
TCGA-GN-A267-06,TCGA-GN-A267-06,3.2777291416611782
TCGA-GN-A268-06,TCGA-GN-A268-06,3.480190219171875
TCGA-GN-A26A-06,TCGA-GN-A26A-06,3.0982483617688175
TCGA-GN-A26C-01,TCGA-GN-A26C-01,3.171142631745641
TCGA-GN-A26D-06,TCGA-GN-A26D-06,3.2815569957626556
TCGA-GN-A4U3-06,TCGA-GN-A4U3-06,3.6251299278644353
TCGA-GN-A4U4-06,TCGA-GN-A4U4-06,3.000841385667383
TCGA-GN-A4U5-01,TCGA-GN-A4U5-01,2.943041430100646
TCGA-GN-A4U7-06,TCGA-GN-A4U7-06,3.0109330631270406
TCGA-GN-A4U8-06,TCGA-GN-A4U8-06,3.1791752287057458
TCGA-GN-A4U8-11,TCGA-GN-A4U8-11,3.068232192888401
TCGA-GN-A4U9-06,TCGA-GN-A4U9-06,2.8835162340223484
TCGA-GN-A8LK-06,TCGA-GN-A8LK-06,3.42809172757418
TCGA-GN-A8LL-06,TCGA-GN-A8LL-06,2.8768271821686184
TCGA-GN-A8LN-01,TCGA-GN-A8LN-01,2.7442539801511168
TCGA-GN-A9SD-06,TCGA-GN-A9SD-06,2.975605499538279
TCGA-HR-A2OG-06,TCGA-HR-A2OG-06,3.104514478937352
TCGA-HR-A2OH-06,TCGA-HR-A2OH-06,3.072971448593429
TCGA-HR-A5NC-01,TCGA-HR-A5NC-01,3.1735399066442693
TCGA-IH-A3EA-01,TCGA-IH-A3EA-01,3.038862809300708
TCGA-LH-A9QB-06,TCGA-LH-A9QB-06,3.4253235916517495
TCGA-OD-A75X-06,TCGA-OD-A75X-06,3.393369733895782
TCGA-QB-A6FS-06,TCGA-QB-A6FS-06,2.6916303810500084
TCGA-QB-AA9O-06,TCGA-QB-AA9O-06,3.441242914784981
TCGA-RP-A690-06,TCGA-RP-A690-06,3.187620544882397
TCGA-RP-A693-06,TCGA-RP-A693-06,3.3041775069064263
TCGA-RP-A694-06,TCGA-RP-A694-06,3.2216034253380026
TCGA-RP-A695-06,TCGA-RP-A695-06,3.180207052065997
TCGA-RP-A6K9-06,TCGA-RP-A6K9-06,3.07353737243609
TCGA-W3-A824-06,TCGA-W3-A824-06,3.186810390383242
TCGA-W3-A825-06,TCGA-W3-A825-06,3.1926322889241816
TCGA-W3-A828-06,TCGA-W3-A828-06,2.5716672133723852
TCGA-W3-AA1O-06,TCGA-W3-AA1O-06,3.258936540654336
TCGA-W3-AA1Q-06,TCGA-W3-AA1Q-06,3.134495720274574
TCGA-W3-AA1R-06,TCGA-W3-AA1R-06,3.449405012409802
TCGA-W3-AA1V-06,TCGA-W3-AA1V-06,3.176111209652063
TCGA-W3-AA1W-06,TCGA-W3-AA1W-06,3.0972327678217466
TCGA-W3-AA21-06,TCGA-W3-AA21-06,3.525941841771227
TCGA-WE-A8JZ-06,TCGA-WE-A8JZ-06,3.451364806349934
TCGA-WE-A8K1-06,TCGA-WE-A8K1-06,2.8942154832497518
TCGA-WE-A8K4-01,TCGA-WE-A8K4-01,3.1608911268606663
TCGA-WE-A8K5-06,TCGA-WE-A8K5-06,3.238100638850288
TCGA-WE-A8K6-06,TCGA-WE-A8K6-06,3.3103929232176186
TCGA-WE-A8ZM-06,TCGA-WE-A8ZM-06,2.8926253100452106
TCGA-WE-A8ZN-06,TCGA-WE-A8ZN-06,2.74212608523853
TCGA-WE-A8ZO-06,TCGA-WE-A8ZO-06,3.1873726726105174
TCGA-WE-A8ZQ-06,TCGA-WE-A8ZQ-06,3.2336297786283854
TCGA-WE-A8ZR-06,TCGA-WE-A8ZR-06,3.273631041451961
TCGA-WE-A8ZT-06,TCGA-WE-A8ZT-06,3.3294583100668826
TCGA-WE-A8ZX-06,TCGA-WE-A8ZX-06,3.3169439230959714
TCGA-WE-A8ZY-06,TCGA-WE-A8ZY-06,2.973977076949079
TCGA-WE-AA9Y-06,TCGA-WE-AA9Y-06,2.809193506795972
TCGA-WE-AAA0-06,TCGA-WE-AAA0-06,2.917561064958964
TCGA-WE-AAA3-06,TCGA-WE-AAA3-06,2.90859290826078
TCGA-WE-AAA4-06,TCGA-WE-AAA4-06,2.857385276439717
TCGA-XV-A9VZ-01,TCGA-XV-A9VZ-01,3.3272800659256516
TCGA-XV-A9W2-01,TCGA-XV-A9W2-01,3.0452529079847195
TCGA-XV-A9W5-01,TCGA-XV-A9W5-01,3.3777269755770165
TCGA-XV-AAZV-01,TCGA-XV-AAZV-01,3.147267905723681
TCGA-XV-AAZW-01,TCGA-XV-AAZW-01,3.1883436499264617
TCGA-XV-AAZY-01,TCGA-XV-AAZY-01,3.124741390845514
TCGA-XV-AB01-06,TCGA-XV-AB01-06,3.301398188551263
TCGA-YD-A89C-06,TCGA-YD-A89C-06,3.2754421694179037
TCGA-YD-A9TA-06,TCGA-YD-A9TA-06,3.035079371092527
TCGA-YD-A9TB-06,TCGA-YD-A9TB-06,3.2430024785965967
TCGA-YG-AA3N-01,TCGA-YG-AA3N-01,2.8852658107345275
TCGA-YG-AA3O-06,TCGA-YG-AA3O-06,2.913608408919921
TCGA-YG-AA3P-06,TCGA-YG-AA3P-06,3.1721891493173935
TCGA-Z2-A8RT-06,TCGA-Z2-A8RT-06,3.407013787266879
TCGA-Z2-AA3S-06,TCGA-Z2-AA3S-06,3.2424276800373804
TCGA-Z2-AA3V-06,TCGA-Z2-AA3V-06,3.305667201107827
TCGA-4P-AA8J-01,TCGA-4P-AA8J-01,2.576415569576254
TCGA-BA-4074-01,TCGA-BA-4074-01,2.76130355913344
TCGA-BA-4075-01,TCGA-BA-4075-01,2.625445598512474
TCGA-BA-4076-01,TCGA-BA-4076-01,3.0924475222876873
TCGA-BA-4077-01,TCGA-BA-4077-01,3.22383373182359
TCGA-BA-4078-01,TCGA-BA-4078-01,3.046679269575241
TCGA-BA-5149-01,TCGA-BA-5149-01,2.8374305642385247
TCGA-BA-5151-01,TCGA-BA-5151-01,2.9376624071234634
TCGA-BA-5152-01,TCGA-BA-5152-01,3.0401009947951287
TCGA-BA-5153-01,TCGA-BA-5153-01,3.1059282147210325
TCGA-BA-5555-01,TCGA-BA-5555-01,2.9413622628206246
TCGA-BA-5556-01,TCGA-BA-5556-01,3.0083523861221413
TCGA-BA-5557-01,TCGA-BA-5557-01,2.7500843373198274
TCGA-BA-5558-01,TCGA-BA-5558-01,3.1626229326486355
TCGA-BA-5559-01,TCGA-BA-5559-01,2.9291938261669554
TCGA-BA-6868-01,TCGA-BA-6868-01,3.072790409054832
TCGA-BA-6869-01,TCGA-BA-6869-01,2.8222116324761344
TCGA-BA-6870-01,TCGA-BA-6870-01,2.6381925271773294
TCGA-BA-6871-01,TCGA-BA-6871-01,2.4248676817120947
TCGA-BA-6872-01,TCGA-BA-6872-01,2.970044993309404
TCGA-BA-6873-01,TCGA-BA-6873-01,2.9287428661918273
TCGA-BA-7269-01,TCGA-BA-7269-01,2.7689386754805936
TCGA-BA-A4IF-01,TCGA-BA-A4IF-01,2.708169585917578
TCGA-BA-A4IG-01,TCGA-BA-A4IG-01,2.7643173532568497
TCGA-BA-A4IH-01,TCGA-BA-A4IH-01,2.8512055498458246
TCGA-BA-A4II-01,TCGA-BA-A4II-01,2.987832268377559
TCGA-BA-A6D8-01,TCGA-BA-A6D8-01,2.4656467922781817
TCGA-BA-A6DA-01,TCGA-BA-A6DA-01,2.512831024608699
TCGA-BA-A6DB-01,TCGA-BA-A6DB-01,2.5915976924173765
TCGA-BA-A6DD-01,TCGA-BA-A6DD-01,3.0771938583511584
TCGA-BA-A6DE-01,TCGA-BA-A6DE-01,2.825705527182443
TCGA-BA-A6DG-01,TCGA-BA-A6DG-01,2.8188721706022384
TCGA-BA-A6DI-01,TCGA-BA-A6DI-01,2.9525008901003638
TCGA-BA-A6DJ-01,TCGA-BA-A6DJ-01,2.777235329275305
TCGA-BA-A6DL-01,TCGA-BA-A6DL-01,2.9733239287802564
TCGA-BA-A8YP-01,TCGA-BA-A8YP-01,2.900003795628501
TCGA-BB-4217-01,TCGA-BB-4217-01,2.95584223107069
TCGA-BB-4223-01,TCGA-BB-4223-01,2.8647562065418866
TCGA-BB-4224-01,TCGA-BB-4224-01,2.913565321511631
TCGA-BB-4225-01,TCGA-BB-4225-01,2.8774877127821927
TCGA-BB-4227-01,TCGA-BB-4227-01,2.522037373572346
TCGA-BB-4228-01,TCGA-BB-4228-01,2.6788180346853494
TCGA-BB-7861-01,TCGA-BB-7861-01,2.892669280992525
TCGA-BB-7862-01,TCGA-BB-7862-01,3.1995102450916018
TCGA-BB-7863-01,TCGA-BB-7863-01,3.2172507446464285
TCGA-BB-7864-01,TCGA-BB-7864-01,2.727655033006848
TCGA-BB-7866-01,TCGA-BB-7866-01,3.036229208513265
TCGA-BB-7870-01,TCGA-BB-7870-01,2.9052435777030143
TCGA-BB-7871-01,TCGA-BB-7871-01,2.8153745185117662
TCGA-BB-7872-01,TCGA-BB-7872-01,3.154056195542491
TCGA-BB-8596-01,TCGA-BB-8596-01,3.176554211196354
TCGA-BB-8601-01,TCGA-BB-8601-01,2.9771322005841236
TCGA-BB-A5HU-01,TCGA-BB-A5HU-01,2.8024200027786628
TCGA-BB-A5HY-01,TCGA-BB-A5HY-01,3.218165560298016
TCGA-BB-A5HZ-01,TCGA-BB-A5HZ-01,3.1670228684011894
TCGA-BB-A6UM-01,TCGA-BB-A6UM-01,3.0890119757855476
TCGA-BB-A6UO-01,TCGA-BB-A6UO-01,3.095395997213952
TCGA-C9-A47Z-01,TCGA-C9-A47Z-01,2.992683034187868
TCGA-C9-A480-01,TCGA-C9-A480-01,2.8271250051339343
TCGA-CN-4722-01,TCGA-CN-4722-01,2.3533618481057204
TCGA-CN-4723-01,TCGA-CN-4723-01,2.953750939876799
TCGA-CN-4725-01,TCGA-CN-4725-01,2.9253912260999435
TCGA-CN-4726-01,TCGA-CN-4726-01,2.583132620520654
TCGA-CN-4727-01,TCGA-CN-4727-01,3.365448315174708
TCGA-CN-4728-01,TCGA-CN-4728-01,2.8893837764995456
TCGA-CN-4729-01,TCGA-CN-4729-01,3.181392234234676
TCGA-CN-4730-01,TCGA-CN-4730-01,2.883357135814684
TCGA-CN-4731-01,TCGA-CN-4731-01,3.0612772832114574
TCGA-CN-4733-01,TCGA-CN-4733-01,2.636348269831154
TCGA-CN-4734-01,TCGA-CN-4734-01,2.7409450135026536
TCGA-CN-4735-01,TCGA-CN-4735-01,2.8344456550751014
TCGA-CN-4736-01,TCGA-CN-4736-01,3.0384850069413445
TCGA-CN-4737-01,TCGA-CN-4737-01,3.1047950604272265
TCGA-CN-4738-01,TCGA-CN-4738-01,2.448289238132208
TCGA-CN-4739-01,TCGA-CN-4739-01,3.0713246728090784
TCGA-CN-4740-01,TCGA-CN-4740-01,2.8935963515677905
TCGA-CN-4741-01,TCGA-CN-4741-01,2.753466798991512
TCGA-CN-4742-01,TCGA-CN-4742-01,2.9596478191847946
TCGA-CN-5355-01,TCGA-CN-5355-01,2.9476601378448013
TCGA-CN-5356-01,TCGA-CN-5356-01,2.970016644479749
TCGA-CN-5358-01,TCGA-CN-5358-01,2.627731235250938
TCGA-CN-5359-01,TCGA-CN-5359-01,2.722568445973561
TCGA-CN-5360-01,TCGA-CN-5360-01,3.0168341579000355
TCGA-CN-5361-01,TCGA-CN-5361-01,3.0374776905364995
TCGA-CN-5363-01,TCGA-CN-5363-01,3.114264601028984
TCGA-CN-5364-01,TCGA-CN-5364-01,2.7871967477322257
TCGA-CN-5365-01,TCGA-CN-5365-01,3.021154260969812
TCGA-CN-5366-01,TCGA-CN-5366-01,2.98882782260237
TCGA-CN-5367-01,TCGA-CN-5367-01,3.229815350878256
TCGA-CN-5369-01,TCGA-CN-5369-01,2.751992535181769
TCGA-CN-5370-01,TCGA-CN-5370-01,2.9656777527904943
TCGA-CN-5373-01,TCGA-CN-5373-01,3.124747607144311
TCGA-CN-5374-01,TCGA-CN-5374-01,3.3769715893998415
TCGA-CN-6010-01,TCGA-CN-6010-01,3.1663359418429957
TCGA-CN-6011-01,TCGA-CN-6011-01,3.014657168281135
TCGA-CN-6012-01,TCGA-CN-6012-01,3.177654090073478
TCGA-CN-6013-01,TCGA-CN-6013-01,3.1183600418458313
TCGA-CN-6016-01,TCGA-CN-6016-01,2.87768359421077
TCGA-CN-6017-01,TCGA-CN-6017-01,2.571277967445227
TCGA-CN-6018-01,TCGA-CN-6018-01,3.035438382122435
TCGA-CN-6019-01,TCGA-CN-6019-01,2.7840291260236665
TCGA-CN-6020-01,TCGA-CN-6020-01,2.8639743040982952
TCGA-CN-6021-01,TCGA-CN-6021-01,2.9460443045518705
TCGA-CN-6022-01,TCGA-CN-6022-01,2.9349880686959
TCGA-CN-6023-01,TCGA-CN-6023-01,3.0835329103215874
TCGA-CN-6024-01,TCGA-CN-6024-01,2.833733176058669
TCGA-CN-6988-01,TCGA-CN-6988-01,3.105929513385497
TCGA-CN-6989-01,TCGA-CN-6989-01,2.8977912917495443
TCGA-CN-6992-01,TCGA-CN-6992-01,2.7444141843343934
TCGA-CN-6994-01,TCGA-CN-6994-01,3.062900724393449
TCGA-CN-6995-01,TCGA-CN-6995-01,3.1996305851561226
TCGA-CN-6996-01,TCGA-CN-6996-01,2.557304638643756
TCGA-CN-6997-01,TCGA-CN-6997-01,3.0110160810147133
TCGA-CN-6998-01,TCGA-CN-6998-01,2.9637486869611736
TCGA-CN-A497-01,TCGA-CN-A497-01,3.201628571758895
TCGA-CN-A498-01,TCGA-CN-A498-01,2.8172292514563315
TCGA-CN-A499-01,TCGA-CN-A499-01,3.063313882487059
TCGA-CN-A49A-01,TCGA-CN-A49A-01,2.8947969218964857
TCGA-CN-A49B-01,TCGA-CN-A49B-01,3.061319615020585
TCGA-CN-A49C-01,TCGA-CN-A49C-01,3.0755157898680747
TCGA-CN-A63T-01,TCGA-CN-A63T-01,3.1391700222470384
TCGA-CN-A63U-01,TCGA-CN-A63U-01,2.950624724455916
TCGA-CN-A63V-01,TCGA-CN-A63V-01,2.8448017279639912
TCGA-CN-A63W-01,TCGA-CN-A63W-01,2.378874505144138
TCGA-CN-A641-01,TCGA-CN-A641-01,2.7608080741002734
TCGA-CN-A642-01,TCGA-CN-A642-01,2.770766238574579
TCGA-CN-A6UY-01,TCGA-CN-A6UY-01,3.104369303409948
TCGA-CN-A6V1-01,TCGA-CN-A6V1-01,2.985664535002083
TCGA-CN-A6V3-01,TCGA-CN-A6V3-01,2.973862952049208
TCGA-CN-A6V6-01,TCGA-CN-A6V6-01,2.9155058457798813
TCGA-CN-A6V7-01,TCGA-CN-A6V7-01,3.040215841502855
TCGA-CQ-5323-01,TCGA-CQ-5323-01,2.8467455200690783
TCGA-CQ-5324-01,TCGA-CQ-5324-01,2.867030839939792
TCGA-CQ-5325-01,TCGA-CQ-5325-01,2.6775144877725214
TCGA-CQ-5326-01,TCGA-CQ-5326-01,2.9689363476950623
TCGA-CQ-5327-01,TCGA-CQ-5327-01,2.7740334829872424
TCGA-CQ-5329-01,TCGA-CQ-5329-01,3.211229208542466
TCGA-CQ-5330-01,TCGA-CQ-5330-01,2.899507892778818
TCGA-CQ-5331-01,TCGA-CQ-5331-01,2.879647787713914
TCGA-CQ-5332-01,TCGA-CQ-5332-01,2.871390562519305
TCGA-CQ-5333-01,TCGA-CQ-5333-01,3.147684239036139
TCGA-CQ-5334-01,TCGA-CQ-5334-01,2.8548233484114522
TCGA-CQ-6218-01,TCGA-CQ-6218-01,2.7737766117325666
TCGA-CQ-6219-01,TCGA-CQ-6219-01,2.5754839681165205
TCGA-CQ-6220-01,TCGA-CQ-6220-01,2.1335015931448855
TCGA-CQ-6221-01,TCGA-CQ-6221-01,3.1285766043323653
TCGA-CQ-6222-01,TCGA-CQ-6222-01,2.8198823110805606
TCGA-CQ-6223-01,TCGA-CQ-6223-01,2.6547050185830368
TCGA-CQ-6224-01,TCGA-CQ-6224-01,2.730786792341786
TCGA-CQ-6225-01,TCGA-CQ-6225-01,2.7254388252168553
TCGA-CQ-6227-01,TCGA-CQ-6227-01,2.538321364032427
TCGA-CQ-6228-01,TCGA-CQ-6228-01,2.847913890393297
TCGA-CQ-6229-01,TCGA-CQ-6229-01,2.954310472368185
TCGA-CQ-7063-01,TCGA-CQ-7063-01,2.9942781775186518
TCGA-CQ-7065-01,TCGA-CQ-7065-01,3.1828617463586033
TCGA-CQ-7067-01,TCGA-CQ-7067-01,2.8613316943710547
TCGA-CQ-7068-01,TCGA-CQ-7068-01,2.8435582919085194
TCGA-CQ-7069-01,TCGA-CQ-7069-01,2.8631776388235064
TCGA-CQ-7071-01,TCGA-CQ-7071-01,3.1113126449544253
TCGA-CQ-7072-01,TCGA-CQ-7072-01,3.08336045158585
TCGA-CQ-A4C6-01,TCGA-CQ-A4C6-01,2.960962478027697
TCGA-CQ-A4C7-01,TCGA-CQ-A4C7-01,2.905914216866252
TCGA-CQ-A4C9-01,TCGA-CQ-A4C9-01,2.9774905464518127
TCGA-CQ-A4CA-01,TCGA-CQ-A4CA-01,2.697394880330192
TCGA-CQ-A4CB-01,TCGA-CQ-A4CB-01,2.535071037081166
TCGA-CQ-A4CD-01,TCGA-CQ-A4CD-01,2.8545559279940704
TCGA-CQ-A4CE-01,TCGA-CQ-A4CE-01,2.9940595527937743
TCGA-CQ-A4CG-01,TCGA-CQ-A4CG-01,2.838331895756758
TCGA-CQ-A4CH-01,TCGA-CQ-A4CH-01,2.819907877398017
TCGA-CQ-A4CI-01,TCGA-CQ-A4CI-01,3.0912881393025615
TCGA-CR-5243-01,TCGA-CR-5243-01,2.8686703522749584
TCGA-CR-5247-01,TCGA-CR-5247-01,3.034152058073092
TCGA-CR-5248-01,TCGA-CR-5248-01,3.1407750494327775
TCGA-CR-5249-01,TCGA-CR-5249-01,2.853274128413661
TCGA-CR-5250-01,TCGA-CR-5250-01,2.667001139748785
TCGA-CR-6467-01,TCGA-CR-6467-01,2.9698622557858907
TCGA-CR-6470-01,TCGA-CR-6470-01,3.19444615998585
TCGA-CR-6471-01,TCGA-CR-6471-01,3.0996527001735354
TCGA-CR-6472-01,TCGA-CR-6472-01,2.7710518758827494
TCGA-CR-6473-01,TCGA-CR-6473-01,2.8741666385487736
TCGA-CR-6474-01,TCGA-CR-6474-01,2.746043508964914
TCGA-CR-6477-01,TCGA-CR-6477-01,2.645842722608263
TCGA-CR-6478-01,TCGA-CR-6478-01,2.710761862122529
TCGA-CR-6480-01,TCGA-CR-6480-01,3.0126844173041007
TCGA-CR-6481-01,TCGA-CR-6481-01,3.0698378346850324
TCGA-CR-6482-01,TCGA-CR-6482-01,3.2925098527219716
TCGA-CR-6484-01,TCGA-CR-6484-01,2.5310909813695615
TCGA-CR-6487-01,TCGA-CR-6487-01,2.860226925238395
TCGA-CR-6488-01,TCGA-CR-6488-01,2.970337077863836
TCGA-CR-6491-01,TCGA-CR-6491-01,2.8963851964181786
TCGA-CR-6492-01,TCGA-CR-6492-01,2.938571364641291
TCGA-CR-6493-01,TCGA-CR-6493-01,2.8250893745142895
TCGA-CR-7364-01,TCGA-CR-7364-01,2.962819601664929
TCGA-CR-7365-01,TCGA-CR-7365-01,2.96648099024654
TCGA-CR-7367-01,TCGA-CR-7367-01,2.803033032415768
TCGA-CR-7368-01,TCGA-CR-7368-01,2.8253398502649927
TCGA-CR-7369-01,TCGA-CR-7369-01,3.160916976382055
TCGA-CR-7370-01,TCGA-CR-7370-01,3.0818889123286572
TCGA-CR-7371-01,TCGA-CR-7371-01,3.027539850017011
TCGA-CR-7372-01,TCGA-CR-7372-01,2.813045247802978
TCGA-CR-7373-01,TCGA-CR-7373-01,2.6264772047929315
TCGA-CR-7374-01,TCGA-CR-7374-01,2.975100769064763
TCGA-CR-7376-01,TCGA-CR-7376-01,2.740767881531786
TCGA-CR-7377-01,TCGA-CR-7377-01,3.247882429509332
TCGA-CR-7379-01,TCGA-CR-7379-01,2.7473671948247578
TCGA-CR-7380-01,TCGA-CR-7380-01,2.877774873884727
TCGA-CR-7382-01,TCGA-CR-7382-01,2.9047424717600028
TCGA-CR-7383-01,TCGA-CR-7383-01,2.7402879206656223
TCGA-CR-7385-01,TCGA-CR-7385-01,2.907094172381419
TCGA-CR-7386-01,TCGA-CR-7386-01,2.8756828315553657
TCGA-CR-7388-01,TCGA-CR-7388-01,3.0108402351525916
TCGA-CR-7389-01,TCGA-CR-7389-01,3.0572593842860996
TCGA-CR-7390-01,TCGA-CR-7390-01,2.9224614657701675
TCGA-CR-7391-01,TCGA-CR-7391-01,2.8927094903777824
TCGA-CR-7392-01,TCGA-CR-7392-01,2.867621392218403
TCGA-CR-7393-01,TCGA-CR-7393-01,3.1183472913602217
TCGA-CR-7394-01,TCGA-CR-7394-01,2.8654465325447824
TCGA-CR-7395-01,TCGA-CR-7395-01,3.042310240512962
TCGA-CR-7397-01,TCGA-CR-7397-01,3.0659658824650586
TCGA-CR-7398-01,TCGA-CR-7398-01,2.8758190373938697
TCGA-CR-7399-01,TCGA-CR-7399-01,2.9908520854324268
TCGA-CR-7401-01,TCGA-CR-7401-01,3.0458205647644876
TCGA-CR-7402-01,TCGA-CR-7402-01,2.6953183909735414
TCGA-CR-7404-01,TCGA-CR-7404-01,2.8990157988765075
TCGA-CV-5430-01,TCGA-CV-5430-01,3.1790967593325083
TCGA-CV-5431-01,TCGA-CV-5431-01,2.9304010363840085
TCGA-CV-5432-01,TCGA-CV-5432-01,2.7774404581227117
TCGA-CV-5434-01,TCGA-CV-5434-01,2.9886825137146324
TCGA-CV-5435-01,TCGA-CV-5435-01,3.0623530484126995
TCGA-CV-5436-01,TCGA-CV-5436-01,2.9259361136783397
TCGA-CV-5439-01,TCGA-CV-5439-01,2.4320963104894893
TCGA-CV-5440-01,TCGA-CV-5440-01,3.168497682683826
TCGA-CV-5441-01,TCGA-CV-5441-01,2.978792902300153
TCGA-CV-5442-01,TCGA-CV-5442-01,3.1238050746328447
TCGA-CV-5443-01,TCGA-CV-5443-01,2.614430212099758
TCGA-CV-5444-01,TCGA-CV-5444-01,3.152478975812648
TCGA-CV-5966-01,TCGA-CV-5966-01,3.0944813417775467
TCGA-CV-5970-01,TCGA-CV-5970-01,3.028890143167535
TCGA-CV-5971-01,TCGA-CV-5971-01,2.605782824975074
TCGA-CV-5973-01,TCGA-CV-5973-01,2.9524413343028755
TCGA-CV-5976-01,TCGA-CV-5976-01,2.672666158307048
TCGA-CV-5977-01,TCGA-CV-5977-01,3.144808729980743
TCGA-CV-5978-01,TCGA-CV-5978-01,2.6952982311709963
TCGA-CV-5979-01,TCGA-CV-5979-01,2.988120235261099
TCGA-CV-6003-01,TCGA-CV-6003-01,2.7309408519786227
TCGA-CV-6433-01,TCGA-CV-6433-01,3.032112021948897
TCGA-CV-6436-01,TCGA-CV-6436-01,3.023272658479647
TCGA-CV-6441-01,TCGA-CV-6441-01,3.0586550886159687
TCGA-CV-6933-01,TCGA-CV-6933-01,2.8475000098779932
TCGA-CV-6933-11,TCGA-CV-6933-11,3.0339973913742946
TCGA-CV-6934-01,TCGA-CV-6934-01,2.251073412994935
TCGA-CV-6934-11,TCGA-CV-6934-11,2.4737904251977576
TCGA-CV-6935-01,TCGA-CV-6935-01,2.807704392648384
TCGA-CV-6935-11,TCGA-CV-6935-11,3.053345498734059
TCGA-CV-6936-01,TCGA-CV-6936-01,3.177205287652624
TCGA-CV-6936-11,TCGA-CV-6936-11,3.0341771380102864
TCGA-CV-6937-01,TCGA-CV-6937-01,3.01786993254033
TCGA-CV-6938-01,TCGA-CV-6938-01,2.8223097291748322
TCGA-CV-6938-11,TCGA-CV-6938-11,3.1430156179313733
TCGA-CV-6939-01,TCGA-CV-6939-01,2.9573089071302063
TCGA-CV-6939-11,TCGA-CV-6939-11,2.6146426107474365
TCGA-CV-6940-01,TCGA-CV-6940-01,2.822505450073826
TCGA-CV-6941-01,TCGA-CV-6941-01,3.0398843226048653
TCGA-CV-6942-01,TCGA-CV-6942-01,2.893256047706526
TCGA-CV-6943-01,TCGA-CV-6943-01,2.5806190663710513
TCGA-CV-6943-11,TCGA-CV-6943-11,3.1924388321684516
TCGA-CV-6945-01,TCGA-CV-6945-01,2.9663187108974776
TCGA-CV-6948-01,TCGA-CV-6948-01,3.0016952381322977
TCGA-CV-6950-01,TCGA-CV-6950-01,2.943910739817926
TCGA-CV-6951-01,TCGA-CV-6951-01,3.182145902255512
TCGA-CV-6952-01,TCGA-CV-6952-01,2.983110705228301
TCGA-CV-6953-01,TCGA-CV-6953-01,3.132730784418165
TCGA-CV-6954-01,TCGA-CV-6954-01,3.0049511772872997
TCGA-CV-6955-01,TCGA-CV-6955-01,3.116761290205879
TCGA-CV-6955-11,TCGA-CV-6955-11,3.050774396976151
TCGA-CV-6956-01,TCGA-CV-6956-01,3.1335377819691947
TCGA-CV-6956-11,TCGA-CV-6956-11,3.3192420034013734
TCGA-CV-6959-01,TCGA-CV-6959-01,2.512452924095862
TCGA-CV-6959-11,TCGA-CV-6959-11,2.9363572538666842
TCGA-CV-6960-01,TCGA-CV-6960-01,3.1339709037378296
TCGA-CV-6960-11,TCGA-CV-6960-11,3.0011146029916933
TCGA-CV-6961-01,TCGA-CV-6961-01,2.8306775848916708
TCGA-CV-6961-11,TCGA-CV-6961-11,3.0538908772146987
TCGA-CV-6962-01,TCGA-CV-6962-01,2.7190409455050317
TCGA-CV-6962-11,TCGA-CV-6962-11,2.608511967977779
TCGA-CV-7089-01,TCGA-CV-7089-01,2.907886154203743
TCGA-CV-7090-01,TCGA-CV-7090-01,2.9549449228030262
TCGA-CV-7091-01,TCGA-CV-7091-01,3.177584255265809
TCGA-CV-7091-11,TCGA-CV-7091-11,2.805268173824049
TCGA-CV-7095-01,TCGA-CV-7095-01,3.047406137743714
TCGA-CV-7097-01,TCGA-CV-7097-01,2.891817452289988
TCGA-CV-7097-11,TCGA-CV-7097-11,3.12044809207833
TCGA-CV-7099-01,TCGA-CV-7099-01,3.119680532666876
TCGA-CV-7100-01,TCGA-CV-7100-01,2.9802580783561146
TCGA-CV-7101-01,TCGA-CV-7101-01,2.864538815632076
TCGA-CV-7101-11,TCGA-CV-7101-11,3.3040808997437594
TCGA-CV-7102-01,TCGA-CV-7102-01,2.9450446063265048
TCGA-CV-7103-01,TCGA-CV-7103-01,2.7845432430163504
TCGA-CV-7103-11,TCGA-CV-7103-11,2.9471223581762427
TCGA-CV-7104-01,TCGA-CV-7104-01,2.9724422999608735
TCGA-CV-7177-01,TCGA-CV-7177-01,3.0515460239022962
TCGA-CV-7177-11,TCGA-CV-7177-11,2.9970723032834057
TCGA-CV-7178-01,TCGA-CV-7178-01,2.781495651218436
TCGA-CV-7178-11,TCGA-CV-7178-11,3.3720906842051512
TCGA-CV-7180-01,TCGA-CV-7180-01,3.1303745581955242
TCGA-CV-7183-01,TCGA-CV-7183-01,2.8451669844007457
TCGA-CV-7183-11,TCGA-CV-7183-11,3.2168121606320685
TCGA-CV-7235-01,TCGA-CV-7235-01,3.049308556699858
TCGA-CV-7235-11,TCGA-CV-7235-11,3.113353169362785
TCGA-CV-7236-01,TCGA-CV-7236-01,2.8099602412843465
TCGA-CV-7238-01,TCGA-CV-7238-01,2.6724392501771277
TCGA-CV-7238-11,TCGA-CV-7238-11,3.2658020071049667
TCGA-CV-7242-01,TCGA-CV-7242-01,2.6247965633649244
TCGA-CV-7242-11,TCGA-CV-7242-11,2.8072700503867285
TCGA-CV-7243-01,TCGA-CV-7243-01,2.4997063207584507
TCGA-CV-7245-01,TCGA-CV-7245-01,3.0877333628969934
TCGA-CV-7245-11,TCGA-CV-7245-11,2.899980399909957
TCGA-CV-7247-01,TCGA-CV-7247-01,2.814291180248002
TCGA-CV-7248-01,TCGA-CV-7248-01,2.781960424563841
TCGA-CV-7250-01,TCGA-CV-7250-01,3.038533497091878
TCGA-CV-7250-11,TCGA-CV-7250-11,3.3415098840253643
TCGA-CV-7252-01,TCGA-CV-7252-01,2.7788622762259925
TCGA-CV-7252-11,TCGA-CV-7252-11,3.0655419238769652
TCGA-CV-7253-01,TCGA-CV-7253-01,3.244421016807233
TCGA-CV-7254-01,TCGA-CV-7254-01,2.869699386962808
TCGA-CV-7255-01,TCGA-CV-7255-01,2.488516736201086
TCGA-CV-7255-11,TCGA-CV-7255-11,3.288540451879917
TCGA-CV-7261-01,TCGA-CV-7261-01,2.9028262758608716
TCGA-CV-7261-11,TCGA-CV-7261-11,3.1174787086638553
TCGA-CV-7263-01,TCGA-CV-7263-01,2.9480327055647058
TCGA-CV-7406-01,TCGA-CV-7406-01,2.3973992252630545
TCGA-CV-7406-11,TCGA-CV-7406-11,2.6566805193883116
TCGA-CV-7407-01,TCGA-CV-7407-01,3.100596285835256
TCGA-CV-7409-01,TCGA-CV-7409-01,2.961154219282579
TCGA-CV-7410-01,TCGA-CV-7410-01,2.8470915515761304
TCGA-CV-7411-01,TCGA-CV-7411-01,2.9159923346516834
TCGA-CV-7413-01,TCGA-CV-7413-01,2.9034601291838738
TCGA-CV-7414-01,TCGA-CV-7414-01,3.2792653424448894
TCGA-CV-7415-01,TCGA-CV-7415-01,3.030581952805489
TCGA-CV-7416-01,TCGA-CV-7416-01,3.126997703135086
TCGA-CV-7416-11,TCGA-CV-7416-11,2.9918212110022835
TCGA-CV-7418-01,TCGA-CV-7418-01,3.0203288847616014
TCGA-CV-7421-01,TCGA-CV-7421-01,3.316385073572695
TCGA-CV-7422-01,TCGA-CV-7422-01,2.8553047855115388
TCGA-CV-7423-01,TCGA-CV-7423-01,2.8883925310149228
TCGA-CV-7423-11,TCGA-CV-7423-11,2.7170756394781868
TCGA-CV-7424-01,TCGA-CV-7424-01,3.1133015909253876
TCGA-CV-7424-11,TCGA-CV-7424-11,3.0648071347195085
TCGA-CV-7425-01,TCGA-CV-7425-01,2.6756331583757147
TCGA-CV-7425-11,TCGA-CV-7425-11,2.8166557336150966
TCGA-CV-7427-01,TCGA-CV-7427-01,3.170294957723167
TCGA-CV-7428-01,TCGA-CV-7428-01,3.1535076196398784
TCGA-CV-7429-01,TCGA-CV-7429-01,3.0126384360434604
TCGA-CV-7430-01,TCGA-CV-7430-01,2.904863366409144
TCGA-CV-7432-01,TCGA-CV-7432-01,2.8931381995231966
TCGA-CV-7432-11,TCGA-CV-7432-11,3.057866412318192
TCGA-CV-7433-01,TCGA-CV-7433-01,2.753193101366741
TCGA-CV-7434-01,TCGA-CV-7434-01,2.6836579893359835
TCGA-CV-7434-11,TCGA-CV-7434-11,3.396460842580872
TCGA-CV-7435-01,TCGA-CV-7435-01,2.9124527151862996
TCGA-CV-7437-01,TCGA-CV-7437-01,3.2596463546999983
TCGA-CV-7437-11,TCGA-CV-7437-11,2.8833924615746063
TCGA-CV-7438-01,TCGA-CV-7438-01,2.730495982269691
TCGA-CV-7438-11,TCGA-CV-7438-11,2.8166865454317227
TCGA-CV-7440-01,TCGA-CV-7440-01,3.1713102401578825
TCGA-CV-7440-11,TCGA-CV-7440-11,3.1487275418780722
TCGA-CV-7446-01,TCGA-CV-7446-01,2.827628216434206
TCGA-CV-7568-01,TCGA-CV-7568-01,2.6909477397679327
TCGA-CV-A45O-01,TCGA-CV-A45O-01,2.9738026287193877
TCGA-CV-A45P-01,TCGA-CV-A45P-01,3.194466737338815
TCGA-CV-A45Q-01,TCGA-CV-A45Q-01,2.9680395140830744
TCGA-CV-A45R-01,TCGA-CV-A45R-01,2.4709481397208735
TCGA-CV-A45T-01,TCGA-CV-A45T-01,3.0951777549576307
TCGA-CV-A45U-01,TCGA-CV-A45U-01,2.985027010348297
TCGA-CV-A45V-01,TCGA-CV-A45V-01,2.851150091662334
TCGA-CV-A45W-01,TCGA-CV-A45W-01,2.767120383234705
TCGA-CV-A45X-01,TCGA-CV-A45X-01,2.876529421180816
TCGA-CV-A45Y-01,TCGA-CV-A45Y-01,2.781551102107729
TCGA-CV-A45Z-01,TCGA-CV-A45Z-01,3.1766179936134975
TCGA-CV-A460-01,TCGA-CV-A460-01,2.952603572702033
TCGA-CV-A461-01,TCGA-CV-A461-01,2.9425417288074565
TCGA-CV-A463-01,TCGA-CV-A463-01,2.8271683467777358
TCGA-CV-A464-01,TCGA-CV-A464-01,2.956002592293554
TCGA-CV-A465-01,TCGA-CV-A465-01,2.96538111476888
TCGA-CV-A468-01,TCGA-CV-A468-01,2.8237735011289598
TCGA-CV-A6JD-01,TCGA-CV-A6JD-01,2.826076139968705
TCGA-CV-A6JE-01,TCGA-CV-A6JE-01,2.414563940595335
TCGA-CV-A6JM-01,TCGA-CV-A6JM-01,2.934373294374626
TCGA-CV-A6JN-01,TCGA-CV-A6JN-01,2.6830774657788883
TCGA-CV-A6JO-01,TCGA-CV-A6JO-01,2.8559669167606216
TCGA-CV-A6JT-01,TCGA-CV-A6JT-01,2.9324477403633957
TCGA-CV-A6JU-01,TCGA-CV-A6JU-01,2.4945627010661533
TCGA-CV-A6JY-01,TCGA-CV-A6JY-01,2.769072669778909
TCGA-CV-A6JZ-01,TCGA-CV-A6JZ-01,2.8568720143529944
TCGA-CV-A6K0-01,TCGA-CV-A6K0-01,2.9248267928940415
TCGA-CV-A6K1-01,TCGA-CV-A6K1-01,2.6633424747475276
TCGA-CV-A6K2-01,TCGA-CV-A6K2-01,3.0922454017907754
TCGA-CX-7082-01,TCGA-CX-7082-01,3.291413533978132
TCGA-CX-7085-01,TCGA-CX-7085-01,2.5871416605296162
TCGA-CX-7086-01,TCGA-CX-7086-01,2.7643901577174144
TCGA-CX-7219-01,TCGA-CX-7219-01,2.8921238882172307
TCGA-CX-A4AQ-01,TCGA-CX-A4AQ-01,2.852777922032433
TCGA-D6-6515-01,TCGA-D6-6515-01,2.8376854258835755
TCGA-D6-6516-01,TCGA-D6-6516-01,2.833673433453738
TCGA-D6-6517-01,TCGA-D6-6517-01,2.693273993163073
TCGA-D6-6823-01,TCGA-D6-6823-01,2.8216748207476723
TCGA-D6-6824-01,TCGA-D6-6824-01,3.195461744793151
TCGA-D6-6825-01,TCGA-D6-6825-01,2.6749237732803683
TCGA-D6-6826-01,TCGA-D6-6826-01,3.3183853602913644
TCGA-D6-6827-01,TCGA-D6-6827-01,2.6202527732126892
TCGA-D6-8568-01,TCGA-D6-8568-01,2.812060036201942
TCGA-D6-8569-01,TCGA-D6-8569-01,2.5512309151807973
TCGA-D6-A4Z9-01,TCGA-D6-A4Z9-01,2.924889467939711
TCGA-D6-A4ZB-01,TCGA-D6-A4ZB-01,3.1362949930531134
TCGA-D6-A6EK-01,TCGA-D6-A6EK-01,2.441594114226193
TCGA-D6-A6EM-01,TCGA-D6-A6EM-01,2.7132335302383934
TCGA-D6-A6EN-01,TCGA-D6-A6EN-01,2.777515764694199
TCGA-D6-A6EO-01,TCGA-D6-A6EO-01,2.860815485169047
TCGA-D6-A6EP-01,TCGA-D6-A6EP-01,3.143163888855393
TCGA-D6-A6EQ-01,TCGA-D6-A6EQ-01,2.538781719418971
TCGA-D6-A6ES-01,TCGA-D6-A6ES-01,2.432390159482855
TCGA-D6-A74Q-01,TCGA-D6-A74Q-01,3.004860550993059
TCGA-DQ-5624-01,TCGA-DQ-5624-01,2.858747737128758
TCGA-DQ-5625-01,TCGA-DQ-5625-01,2.551601687351989
TCGA-DQ-5629-01,TCGA-DQ-5629-01,2.562182276832529
TCGA-DQ-5630-01,TCGA-DQ-5630-01,2.9119176432631058
TCGA-DQ-5631-01,TCGA-DQ-5631-01,2.9849227777346288
TCGA-DQ-7588-01,TCGA-DQ-7588-01,3.1045902151614615
TCGA-DQ-7589-01,TCGA-DQ-7589-01,3.0383502139943985
TCGA-DQ-7590-01,TCGA-DQ-7590-01,3.1215863630158234
TCGA-DQ-7591-01,TCGA-DQ-7591-01,2.828166909069624
TCGA-DQ-7592-01,TCGA-DQ-7592-01,2.8486010054384177
TCGA-DQ-7593-01,TCGA-DQ-7593-01,3.1364159877106674
TCGA-DQ-7594-01,TCGA-DQ-7594-01,2.9264227435210044
TCGA-DQ-7595-01,TCGA-DQ-7595-01,2.817605499453297
TCGA-DQ-7596-01,TCGA-DQ-7596-01,2.974422416155657
TCGA-F7-7848-01,TCGA-F7-7848-01,3.3504766395356618
TCGA-F7-8298-01,TCGA-F7-8298-01,2.863308047925123
TCGA-F7-8489-01,TCGA-F7-8489-01,2.9391644841611755
TCGA-F7-A50G-01,TCGA-F7-A50G-01,2.9019830748162545
TCGA-F7-A50I-01,TCGA-F7-A50I-01,3.3855092802439986
TCGA-F7-A50J-01,TCGA-F7-A50J-01,2.4305347704226885
TCGA-F7-A61S-01,TCGA-F7-A61S-01,2.9759417087269537
TCGA-F7-A61V-01,TCGA-F7-A61V-01,3.0331508110014873
TCGA-F7-A61W-01,TCGA-F7-A61W-01,2.7263241363413773
TCGA-F7-A620-01,TCGA-F7-A620-01,2.9333894647369405
TCGA-F7-A622-01,TCGA-F7-A622-01,2.7249535928889768
TCGA-F7-A623-01,TCGA-F7-A623-01,2.704986555726358
TCGA-F7-A624-01,TCGA-F7-A624-01,2.8494396296219997
TCGA-H7-7774-01,TCGA-H7-7774-01,3.005462381648367
TCGA-H7-8501-01,TCGA-H7-8501-01,2.6698694024009737
TCGA-H7-8502-01,TCGA-H7-8502-01,2.9948351668254656
TCGA-H7-A6C4-01,TCGA-H7-A6C4-01,2.8073671853854347
TCGA-H7-A6C4-11,TCGA-H7-A6C4-11,2.9447191937575115
TCGA-H7-A6C5-11,TCGA-H7-A6C5-11,2.759386470728093
TCGA-H7-A76A-01,TCGA-H7-A76A-01,2.9938609082258476
TCGA-HD-7229-01,TCGA-HD-7229-01,2.981909904717072
TCGA-HD-7753-01,TCGA-HD-7753-01,2.8604593615524037
TCGA-HD-7754-01,TCGA-HD-7754-01,3.2888982499854444
TCGA-HD-7831-01,TCGA-HD-7831-01,2.973376587967299
TCGA-HD-7832-01,TCGA-HD-7832-01,3.23571856361887
TCGA-HD-7917-01,TCGA-HD-7917-01,2.729880668735915
TCGA-HD-8224-01,TCGA-HD-8224-01,3.3290668779555435
TCGA-HD-8314-01,TCGA-HD-8314-01,3.014637669529302
TCGA-HD-8634-01,TCGA-HD-8634-01,2.7690235154889113
TCGA-HD-8635-01,TCGA-HD-8635-01,2.855024862811919
TCGA-HD-8635-11,TCGA-HD-8635-11,3.308215316117729
TCGA-HD-A4C1-01,TCGA-HD-A4C1-01,3.132282703375216
TCGA-HD-A633-01,TCGA-HD-A633-01,3.020476965162955
TCGA-HD-A634-01,TCGA-HD-A634-01,3.4623779365023397
TCGA-HD-A6HZ-01,TCGA-HD-A6HZ-01,2.7972337537653513
TCGA-HD-A6HZ-11,TCGA-HD-A6HZ-11,3.0019410760010925
TCGA-HD-A6I0-01,TCGA-HD-A6I0-01,2.579475143060256
TCGA-HD-A6I0-11,TCGA-HD-A6I0-11,2.6620476866291103
TCGA-HL-7533-01,TCGA-HL-7533-01,2.9519433651516818
TCGA-IQ-7630-01,TCGA-IQ-7630-01,3.1805507083721523
TCGA-IQ-7631-01,TCGA-IQ-7631-01,3.038106345224495
TCGA-IQ-7632-01,TCGA-IQ-7632-01,2.985571995456395
TCGA-IQ-A61E-01,TCGA-IQ-A61E-01,3.041832933453229
TCGA-IQ-A61G-01,TCGA-IQ-A61G-01,3.0679195063278097
TCGA-IQ-A61H-01,TCGA-IQ-A61H-01,2.9395042534530496
TCGA-IQ-A61I-01,TCGA-IQ-A61I-01,3.0977871180518464
TCGA-IQ-A61J-01,TCGA-IQ-A61J-01,2.966077016875477
TCGA-IQ-A61O-01,TCGA-IQ-A61O-01,3.073480394614697
TCGA-IQ-A6SG-01,TCGA-IQ-A6SG-01,2.8780257562007625
TCGA-IQ-A6SH-01,TCGA-IQ-A6SH-01,2.917048005055185
TCGA-KU-A66S-01,TCGA-KU-A66S-01,2.2695951159468044
TCGA-KU-A66T-01,TCGA-KU-A66T-01,3.0881687736930736
TCGA-KU-A6H7-01,TCGA-KU-A6H7-01,2.632288574185197
TCGA-KU-A6H7-06,TCGA-KU-A6H7-06,3.093458350534447
TCGA-KU-A6H8-01,TCGA-KU-A6H8-01,2.650400036179664
TCGA-MT-A51W-01,TCGA-MT-A51W-01,2.8569932196872667
TCGA-MT-A51X-01,TCGA-MT-A51X-01,2.9970782631550157
TCGA-MT-A67A-01,TCGA-MT-A67A-01,2.576021340365812
TCGA-MT-A67D-01,TCGA-MT-A67D-01,3.077128620799028
TCGA-MT-A67F-01,TCGA-MT-A67F-01,2.850518181748008
TCGA-MT-A7BN-01,TCGA-MT-A7BN-01,2.9615042609054427
TCGA-MZ-A5BI-01,TCGA-MZ-A5BI-01,2.884586662005288
TCGA-MZ-A6I9-01,TCGA-MZ-A6I9-01,2.9314471671306195
TCGA-MZ-A7D7-01,TCGA-MZ-A7D7-01,2.3856421007449096
TCGA-P3-A5Q5-01,TCGA-P3-A5Q5-01,2.8529523292713765
TCGA-P3-A5Q6-01,TCGA-P3-A5Q6-01,2.5804536197445005
TCGA-P3-A5QA-01,TCGA-P3-A5QA-01,2.92922540238374
TCGA-P3-A5QE-01,TCGA-P3-A5QE-01,2.7810367101272733
TCGA-P3-A5QF-01,TCGA-P3-A5QF-01,3.156080291887803
TCGA-P3-A6SW-01,TCGA-P3-A6SW-01,2.780111801171493
TCGA-P3-A6SX-01,TCGA-P3-A6SX-01,3.0806885106072706
TCGA-P3-A6T0-01,TCGA-P3-A6T0-01,3.082271802016772
TCGA-P3-A6T2-01,TCGA-P3-A6T2-01,2.810966868050406
TCGA-P3-A6T3-01,TCGA-P3-A6T3-01,2.86217139298923
TCGA-P3-A6T4-01,TCGA-P3-A6T4-01,2.8217232812221953
TCGA-P3-A6T5-01,TCGA-P3-A6T5-01,2.6042225165503057
TCGA-P3-A6T6-01,TCGA-P3-A6T6-01,3.321645103099384
TCGA-P3-A6T7-01,TCGA-P3-A6T7-01,2.954541507733337
TCGA-P3-A6T8-01,TCGA-P3-A6T8-01,3.1535440684515734
TCGA-QK-A64Z-01,TCGA-QK-A64Z-01,2.993262625154707
TCGA-QK-A652-01,TCGA-QK-A652-01,2.964217588920211
TCGA-QK-A6IF-01,TCGA-QK-A6IF-01,3.194440920327129
TCGA-QK-A6IG-01,TCGA-QK-A6IG-01,2.7641630748877377
TCGA-QK-A6IH-01,TCGA-QK-A6IH-01,2.7243745623302353
TCGA-QK-A6II-01,TCGA-QK-A6II-01,3.0012321631164474
TCGA-QK-A6IJ-01,TCGA-QK-A6IJ-01,3.033369699859638
TCGA-QK-A6V9-01,TCGA-QK-A6V9-01,2.8306728801997845
TCGA-QK-A6VB-01,TCGA-QK-A6VB-01,2.954851143488542
TCGA-QK-A6VC-01,TCGA-QK-A6VC-01,2.9909692765392517
TCGA-QK-A8Z7-01,TCGA-QK-A8Z7-01,2.7982894790355806
TCGA-QK-A8Z8-01,TCGA-QK-A8Z8-01,2.9465073242960464
TCGA-QK-A8Z9-01,TCGA-QK-A8Z9-01,3.099105680450115
TCGA-QK-A8ZA-01,TCGA-QK-A8ZA-01,2.942312641225346
TCGA-QK-A8ZB-01,TCGA-QK-A8ZB-01,2.85204109258504
TCGA-QK-AA3J-01,TCGA-QK-AA3J-01,2.9585746724953035
TCGA-QK-AA3K-01,TCGA-QK-AA3K-01,2.8611578625082146
TCGA-RS-A6TO-01,TCGA-RS-A6TO-01,3.1419768297982715
TCGA-RS-A6TP-01,TCGA-RS-A6TP-01,3.0213756518772534
TCGA-T2-A6WX-01,TCGA-T2-A6WX-01,2.973804891153023
TCGA-T2-A6WZ-01,TCGA-T2-A6WZ-01,2.89021020840406
TCGA-T2-A6X0-01,TCGA-T2-A6X0-01,3.200583637229624
TCGA-T2-A6X2-01,TCGA-T2-A6X2-01,2.6123092673451334
TCGA-T3-A92M-01,TCGA-T3-A92M-01,3.2509904778677137
TCGA-T3-A92N-01,TCGA-T3-A92N-01,3.198711951549521
TCGA-TN-A7HI-01,TCGA-TN-A7HI-01,3.1796219571561712
TCGA-TN-A7HJ-01,TCGA-TN-A7HJ-01,3.025668013093738
TCGA-TN-A7HL-01,TCGA-TN-A7HL-01,2.350411813502698
TCGA-UF-A718-01,TCGA-UF-A718-01,2.3132749978805807
TCGA-UF-A719-01,TCGA-UF-A719-01,3.001093506597742
TCGA-UF-A71A-01,TCGA-UF-A71A-01,2.823697236299595
TCGA-UF-A71A-06,TCGA-UF-A71A-06,2.947518509959832
TCGA-UF-A71B-01,TCGA-UF-A71B-01,2.6009221915378
TCGA-UF-A71D-01,TCGA-UF-A71D-01,2.902022365528098
TCGA-UF-A71E-01,TCGA-UF-A71E-01,3.183470211418478
TCGA-UF-A7J9-01,TCGA-UF-A7J9-01,2.9096907954315476
TCGA-UF-A7JA-01,TCGA-UF-A7JA-01,3.154360842384852
TCGA-UF-A7JC-01,TCGA-UF-A7JC-01,2.887757584808389
TCGA-UF-A7JD-01,TCGA-UF-A7JD-01,2.620216739779917
TCGA-UF-A7JF-01,TCGA-UF-A7JF-01,2.9865204878097296
TCGA-UF-A7JH-01,TCGA-UF-A7JH-01,3.1888286585376786
TCGA-UF-A7JJ-01,TCGA-UF-A7JJ-01,2.8322171188099294
TCGA-UF-A7JK-01,TCGA-UF-A7JK-01,2.615117526142105
TCGA-UF-A7JO-01,TCGA-UF-A7JO-01,2.576755205025732
TCGA-UF-A7JS-01,TCGA-UF-A7JS-01,2.6831574292315565
TCGA-UF-A7JT-01,TCGA-UF-A7JT-01,3.017004988767907
TCGA-UF-A7JV-01,TCGA-UF-A7JV-01,2.9610434777470815
TCGA-UP-A6WW-01,TCGA-UP-A6WW-01,2.909735752160939
TCGA-WA-A7GZ-01,TCGA-WA-A7GZ-01,2.6372390642005428
TCGA-WA-A7GZ-11,TCGA-WA-A7GZ-11,3.197009107861059
TCGA-WA-A7H4-01,TCGA-WA-A7H4-01,3.1528796989910934
TCGA-2A-A8VL-01,TCGA-2A-A8VL-01,2.9023098505583023
TCGA-2A-A8VO-01,TCGA-2A-A8VO-01,3.008552777676336
TCGA-2A-A8VT-01,TCGA-2A-A8VT-01,3.3959447889509597
TCGA-2A-A8VV-01,TCGA-2A-A8VV-01,2.945263135901954
TCGA-2A-A8VX-01,TCGA-2A-A8VX-01,2.6530288134531053
TCGA-2A-A8W1-01,TCGA-2A-A8W1-01,3.122265632462068
TCGA-2A-A8W3-01,TCGA-2A-A8W3-01,3.288684616032285
TCGA-2A-AAYF-01,TCGA-2A-AAYF-01,2.8216997257635628
TCGA-2A-AAYO-01,TCGA-2A-AAYO-01,2.581351429618933
TCGA-2A-AAYU-01,TCGA-2A-AAYU-01,3.3758322293220173
TCGA-4L-AA1F-01,TCGA-4L-AA1F-01,3.0414959057007094
TCGA-CH-5737-01,TCGA-CH-5737-01,2.596621448567035
TCGA-CH-5738-01,TCGA-CH-5738-01,3.2213643970621404
TCGA-CH-5739-01,TCGA-CH-5739-01,3.1819812793096967
TCGA-CH-5740-01,TCGA-CH-5740-01,2.8858672152305727
TCGA-CH-5741-01,TCGA-CH-5741-01,2.9284280057189696
TCGA-CH-5743-01,TCGA-CH-5743-01,3.409264547705248
TCGA-CH-5744-01,TCGA-CH-5744-01,2.9906236461283298
TCGA-CH-5745-01,TCGA-CH-5745-01,2.656383695606098
TCGA-CH-5746-01,TCGA-CH-5746-01,3.401162660664243
TCGA-CH-5748-01,TCGA-CH-5748-01,2.8709410048125403
TCGA-CH-5750-01,TCGA-CH-5750-01,3.0527596843260767
TCGA-CH-5751-01,TCGA-CH-5751-01,3.2488454143600842
TCGA-CH-5752-01,TCGA-CH-5752-01,2.990168998156067
TCGA-CH-5753-01,TCGA-CH-5753-01,3.1655578552176475
TCGA-CH-5754-01,TCGA-CH-5754-01,3.0333190367754104
TCGA-CH-5761-01,TCGA-CH-5761-01,2.984331392128067
TCGA-CH-5761-11,TCGA-CH-5761-11,3.2761853458156813
TCGA-CH-5762-01,TCGA-CH-5762-01,2.612680419086102
TCGA-CH-5763-01,TCGA-CH-5763-01,2.884686316851568
TCGA-CH-5764-01,TCGA-CH-5764-01,3.0522489168039595
TCGA-CH-5765-01,TCGA-CH-5765-01,2.88168419165386
TCGA-CH-5766-01,TCGA-CH-5766-01,3.0080336293515293
TCGA-CH-5767-01,TCGA-CH-5767-01,3.2384678967467235
TCGA-CH-5767-11,TCGA-CH-5767-11,3.4145883891525357
TCGA-CH-5768-01,TCGA-CH-5768-01,2.990411884016556
TCGA-CH-5768-11,TCGA-CH-5768-11,3.027231080130223
TCGA-CH-5769-01,TCGA-CH-5769-01,3.112922390797907
TCGA-CH-5769-11,TCGA-CH-5769-11,3.3044897677738785
TCGA-CH-5771-01,TCGA-CH-5771-01,3.3374932515765363
TCGA-CH-5772-01,TCGA-CH-5772-01,3.283156716586139
TCGA-CH-5788-01,TCGA-CH-5788-01,2.9769613610859693
TCGA-CH-5789-01,TCGA-CH-5789-01,3.2055582034723
TCGA-CH-5790-01,TCGA-CH-5790-01,3.09924114618096
TCGA-CH-5791-01,TCGA-CH-5791-01,3.1748542553031056
TCGA-CH-5792-01,TCGA-CH-5792-01,3.113395473902983
TCGA-CH-5794-01,TCGA-CH-5794-01,2.4869074880025126
TCGA-EJ-5494-01,TCGA-EJ-5494-01,2.9177007831819193
TCGA-EJ-5495-01,TCGA-EJ-5495-01,3.0477259097235296
TCGA-EJ-5496-01,TCGA-EJ-5496-01,3.0653161664261255
TCGA-EJ-5497-01,TCGA-EJ-5497-01,3.2570803778510027
TCGA-EJ-5498-01,TCGA-EJ-5498-01,3.170483820762752
TCGA-EJ-5499-01,TCGA-EJ-5499-01,2.9818008833506475
TCGA-EJ-5501-01,TCGA-EJ-5501-01,3.168828945047778
TCGA-EJ-5502-01,TCGA-EJ-5502-01,3.096124231274616
TCGA-EJ-5503-01,TCGA-EJ-5503-01,3.310271147241408
TCGA-EJ-5504-01,TCGA-EJ-5504-01,3.1203891433905326
TCGA-EJ-5505-01,TCGA-EJ-5505-01,2.68717028572439
TCGA-EJ-5506-01,TCGA-EJ-5506-01,3.0729733775834775
TCGA-EJ-5507-01,TCGA-EJ-5507-01,2.9194727879769133
TCGA-EJ-5508-01,TCGA-EJ-5508-01,3.121580165849586
TCGA-EJ-5509-01,TCGA-EJ-5509-01,2.4091920792780517
TCGA-EJ-5510-01,TCGA-EJ-5510-01,3.3129495804448905
TCGA-EJ-5511-01,TCGA-EJ-5511-01,3.20476117728197
TCGA-EJ-5512-01,TCGA-EJ-5512-01,3.148641856307254
TCGA-EJ-5514-01,TCGA-EJ-5514-01,2.609246547083243
TCGA-EJ-5515-01,TCGA-EJ-5515-01,3.0372856972328455
TCGA-EJ-5516-01,TCGA-EJ-5516-01,3.249308257148901
TCGA-EJ-5517-01,TCGA-EJ-5517-01,2.6907323930350726
TCGA-EJ-5518-01,TCGA-EJ-5518-01,2.8740642014580433
TCGA-EJ-5519-01,TCGA-EJ-5519-01,2.68013451996733
TCGA-EJ-5521-01,TCGA-EJ-5521-01,3.046328343147809
TCGA-EJ-5522-01,TCGA-EJ-5522-01,3.133244700352404
TCGA-EJ-5524-01,TCGA-EJ-5524-01,3.173770547564456
TCGA-EJ-5525-01,TCGA-EJ-5525-01,3.039834555841145
TCGA-EJ-5526-01,TCGA-EJ-5526-01,3.150635370385434
TCGA-EJ-5527-01,TCGA-EJ-5527-01,3.235486963733995
TCGA-EJ-5530-01,TCGA-EJ-5530-01,2.831027698222395
TCGA-EJ-5531-01,TCGA-EJ-5531-01,2.6161891403095767
TCGA-EJ-5532-01,TCGA-EJ-5532-01,2.3063811768551097
TCGA-EJ-5542-01,TCGA-EJ-5542-01,3.157750536127951
TCGA-EJ-7115-01,TCGA-EJ-7115-01,3.3266876684342104
TCGA-EJ-7115-11,TCGA-EJ-7115-11,3.279165474077559
TCGA-EJ-7123-01,TCGA-EJ-7123-01,2.9310380358959196
TCGA-EJ-7123-11,TCGA-EJ-7123-11,2.5374417087483803
TCGA-EJ-7125-01,TCGA-EJ-7125-01,3.0361367786191864
TCGA-EJ-7125-11,TCGA-EJ-7125-11,2.8163528932728026
TCGA-EJ-7218-01,TCGA-EJ-7218-01,2.2328671249725507
TCGA-EJ-7312-01,TCGA-EJ-7312-01,2.0981063231526615
TCGA-EJ-7314-01,TCGA-EJ-7314-01,3.0870072019592842
TCGA-EJ-7314-11,TCGA-EJ-7314-11,3.075332380232688
TCGA-EJ-7315-01,TCGA-EJ-7315-01,2.758059356777883
TCGA-EJ-7315-11,TCGA-EJ-7315-11,3.171026863830646
TCGA-EJ-7317-01,TCGA-EJ-7317-01,3.239482380194917
TCGA-EJ-7317-11,TCGA-EJ-7317-11,3.030974244719604
TCGA-EJ-7318-01,TCGA-EJ-7318-01,2.685374566693177
TCGA-EJ-7321-01,TCGA-EJ-7321-01,2.5230112064617614
TCGA-EJ-7321-11,TCGA-EJ-7321-11,3.099096461169337
TCGA-EJ-7325-01,TCGA-EJ-7325-01,2.967590249363529
TCGA-EJ-7327-01,TCGA-EJ-7327-01,2.911773171124022
TCGA-EJ-7327-11,TCGA-EJ-7327-11,3.1083471452457867
TCGA-EJ-7328-01,TCGA-EJ-7328-01,3.144635668834327
TCGA-EJ-7328-11,TCGA-EJ-7328-11,3.342557819454511
TCGA-EJ-7330-01,TCGA-EJ-7330-01,3.083117775009364
TCGA-EJ-7330-11,TCGA-EJ-7330-11,3.1712968261695136
TCGA-EJ-7331-01,TCGA-EJ-7331-01,3.245560004159448
TCGA-EJ-7331-11,TCGA-EJ-7331-11,2.5823514178527525
TCGA-EJ-7781-01,TCGA-EJ-7781-01,3.1717485761502364
TCGA-EJ-7781-11,TCGA-EJ-7781-11,2.5554093466533523
TCGA-EJ-7782-01,TCGA-EJ-7782-01,2.9120517001808297
TCGA-EJ-7782-11,TCGA-EJ-7782-11,3.2952067905944653
TCGA-EJ-7783-01,TCGA-EJ-7783-01,3.3618314414509745
TCGA-EJ-7783-11,TCGA-EJ-7783-11,2.712384447181797
TCGA-EJ-7784-01,TCGA-EJ-7784-01,2.8625411146397615
TCGA-EJ-7784-11,TCGA-EJ-7784-11,3.1412889137027253
TCGA-EJ-7785-01,TCGA-EJ-7785-01,3.2678568713015306
TCGA-EJ-7785-11,TCGA-EJ-7785-11,3.1677521146105594
TCGA-EJ-7786-01,TCGA-EJ-7786-01,3.3123047546523887
TCGA-EJ-7786-11,TCGA-EJ-7786-11,2.8976538538658216
TCGA-EJ-7788-01,TCGA-EJ-7788-01,2.775056013041677
TCGA-EJ-7789-01,TCGA-EJ-7789-01,2.712521661728154
TCGA-EJ-7789-11,TCGA-EJ-7789-11,2.9879766901241345
TCGA-EJ-7791-01,TCGA-EJ-7791-01,3.0157783037725308
TCGA-EJ-7792-01,TCGA-EJ-7792-01,3.01169350982916
TCGA-EJ-7792-11,TCGA-EJ-7792-11,3.0244434058756196
TCGA-EJ-7793-01,TCGA-EJ-7793-01,3.379725995538991
TCGA-EJ-7793-11,TCGA-EJ-7793-11,3.2423761100065773
TCGA-EJ-7794-01,TCGA-EJ-7794-01,3.4212133193937495
TCGA-EJ-7794-11,TCGA-EJ-7794-11,3.0280161884220145
TCGA-EJ-7797-01,TCGA-EJ-7797-01,2.9711924009674213
TCGA-EJ-7797-11,TCGA-EJ-7797-11,2.683351047248993
TCGA-EJ-8468-01,TCGA-EJ-8468-01,2.6518909984547765
TCGA-EJ-8469-01,TCGA-EJ-8469-01,3.050960747726874
TCGA-EJ-8470-01,TCGA-EJ-8470-01,2.6829471572156933
TCGA-EJ-8472-01,TCGA-EJ-8472-01,2.9921694420205145
TCGA-EJ-8474-01,TCGA-EJ-8474-01,2.636181217745196
TCGA-EJ-A46B-01,TCGA-EJ-A46B-01,3.317823641303457
TCGA-EJ-A46D-01,TCGA-EJ-A46D-01,3.17252704753458
TCGA-EJ-A46E-01,TCGA-EJ-A46E-01,3.2028362630600125
TCGA-EJ-A46F-01,TCGA-EJ-A46F-01,2.8957804705304806
TCGA-EJ-A46G-01,TCGA-EJ-A46G-01,2.427715585754258
TCGA-EJ-A46H-01,TCGA-EJ-A46H-01,3.3767702623646443
TCGA-EJ-A46I-01,TCGA-EJ-A46I-01,3.4204074842141714
TCGA-EJ-A65E-01,TCGA-EJ-A65E-01,2.9609449841245423
TCGA-EJ-A65F-01,TCGA-EJ-A65F-01,3.000603489023866
TCGA-EJ-A65G-01,TCGA-EJ-A65G-01,3.168173515330698
TCGA-EJ-A65J-01,TCGA-EJ-A65J-01,3.0515731284612495
TCGA-EJ-A65M-01,TCGA-EJ-A65M-01,3.0031600871122697
TCGA-EJ-A6RA-01,TCGA-EJ-A6RA-01,2.914938447691116
TCGA-EJ-A6RC-01,TCGA-EJ-A6RC-01,2.896928891371589
TCGA-EJ-A7NF-01,TCGA-EJ-A7NF-01,3.1664765266116723
TCGA-EJ-A7NG-01,TCGA-EJ-A7NG-01,3.063011335079065
TCGA-EJ-A7NH-01,TCGA-EJ-A7NH-01,3.3689036282121436
TCGA-EJ-A7NJ-01,TCGA-EJ-A7NJ-01,3.0318297508135474
TCGA-EJ-A7NK-01,TCGA-EJ-A7NK-01,3.179031228330872
TCGA-EJ-A7NM-01,TCGA-EJ-A7NM-01,2.8076394831903526
TCGA-EJ-A7NN-01,TCGA-EJ-A7NN-01,2.9394363457651815
TCGA-EJ-A8FN-01,TCGA-EJ-A8FN-01,3.1083523002338604
TCGA-EJ-A8FO-01,TCGA-EJ-A8FO-01,3.035672290933226
TCGA-EJ-A8FO-11,TCGA-EJ-A8FO-11,3.3799500402871985
TCGA-EJ-A8FP-01,TCGA-EJ-A8FP-01,3.1095192237846874
TCGA-EJ-A8FS-01,TCGA-EJ-A8FS-01,2.6066761607539473
TCGA-EJ-A8FU-01,TCGA-EJ-A8FU-01,3.222592313084931
TCGA-EJ-AB20-01,TCGA-EJ-AB20-01,2.3797933218935583
TCGA-EJ-AB27-01,TCGA-EJ-AB27-01,3.0230612897365696
TCGA-FC-7708-01,TCGA-FC-7708-01,3.306716678662437
TCGA-FC-7961-01,TCGA-FC-7961-01,3.167584424864729
TCGA-FC-A4JI-01,TCGA-FC-A4JI-01,3.0349946371393317
TCGA-FC-A5OB-01,TCGA-FC-A5OB-01,2.931497416831653
TCGA-FC-A8O0-01,TCGA-FC-A8O0-01,3.1524117901312536
TCGA-G9-6329-01,TCGA-G9-6329-01,3.3971978207091134
TCGA-G9-6332-01,TCGA-G9-6332-01,3.1125141838800823
TCGA-G9-6333-01,TCGA-G9-6333-01,2.6167423953326847
TCGA-G9-6333-11,TCGA-G9-6333-11,3.259806720281939
TCGA-G9-6336-01,TCGA-G9-6336-01,3.1266749102064306
TCGA-G9-6338-01,TCGA-G9-6338-01,2.2636335394003195
TCGA-G9-6339-01,TCGA-G9-6339-01,3.2092231303132914
TCGA-G9-6342-01,TCGA-G9-6342-01,3.2043430104983215
TCGA-G9-6342-11,TCGA-G9-6342-11,3.148479526556857
TCGA-G9-6343-01,TCGA-G9-6343-01,3.112378990122614
TCGA-G9-6348-01,TCGA-G9-6348-01,3.148771261479494
TCGA-G9-6348-11,TCGA-G9-6348-11,3.5133471355354695
TCGA-G9-6351-01,TCGA-G9-6351-01,3.20334171388774
TCGA-G9-6351-11,TCGA-G9-6351-11,3.4553547388041976
TCGA-G9-6353-01,TCGA-G9-6353-01,3.104486925693228
TCGA-G9-6354-01,TCGA-G9-6354-01,2.546230572819134
TCGA-G9-6356-01,TCGA-G9-6356-01,3.331655243442307
TCGA-G9-6356-11,TCGA-G9-6356-11,3.403018237201749
TCGA-G9-6361-01,TCGA-G9-6361-01,2.757149253991043
TCGA-G9-6362-01,TCGA-G9-6362-01,3.127246515453017
TCGA-G9-6362-11,TCGA-G9-6362-11,3.258384319615389
TCGA-G9-6363-01,TCGA-G9-6363-01,3.0241771441603498
TCGA-G9-6363-11,TCGA-G9-6363-11,2.992033197708028
TCGA-G9-6364-01,TCGA-G9-6364-01,3.116729555402352
TCGA-G9-6365-01,TCGA-G9-6365-01,2.8839817286571243
TCGA-G9-6365-11,TCGA-G9-6365-11,3.0489806284649097
TCGA-G9-6366-01,TCGA-G9-6366-01,2.700446065566279
TCGA-G9-6367-01,TCGA-G9-6367-01,3.335145911357489
TCGA-G9-6369-01,TCGA-G9-6369-01,2.75157087360659
TCGA-G9-6370-01,TCGA-G9-6370-01,3.382247981284773
TCGA-G9-6371-01,TCGA-G9-6371-01,2.818581361821693
TCGA-G9-6373-01,TCGA-G9-6373-01,2.6573692325943474
TCGA-G9-6377-01,TCGA-G9-6377-01,3.135516793575544
TCGA-G9-6378-01,TCGA-G9-6378-01,3.0460490598153314
TCGA-G9-6384-01,TCGA-G9-6384-01,3.2963564987586094
TCGA-G9-6384-11,TCGA-G9-6384-11,3.3535152153009458
TCGA-G9-6385-01,TCGA-G9-6385-01,3.198773619848448
TCGA-G9-6494-01,TCGA-G9-6494-01,3.2237178721905426
TCGA-G9-6496-01,TCGA-G9-6496-01,3.142916083460065
TCGA-G9-6496-11,TCGA-G9-6496-11,3.4158514797293233
TCGA-G9-6498-01,TCGA-G9-6498-01,3.0293646598854993
TCGA-G9-6499-01,TCGA-G9-6499-01,3.0967911726907067
TCGA-G9-6499-11,TCGA-G9-6499-11,3.5197930415254777
TCGA-G9-7509-01,TCGA-G9-7509-01,3.077348337085718
TCGA-G9-7510-01,TCGA-G9-7510-01,3.07047675680067
TCGA-G9-7519-01,TCGA-G9-7519-01,3.036848115882514
TCGA-G9-7521-01,TCGA-G9-7521-01,3.229747951761628
TCGA-G9-7522-01,TCGA-G9-7522-01,3.24229289720806
TCGA-G9-7523-01,TCGA-G9-7523-01,2.8985920138689467
TCGA-G9-7525-01,TCGA-G9-7525-01,3.3679984752090566
TCGA-G9-A9S0-01,TCGA-G9-A9S0-01,3.17015226070884
TCGA-G9-A9S4-01,TCGA-G9-A9S4-01,2.9881625920528325
TCGA-G9-A9S7-01,TCGA-G9-A9S7-01,3.0158334541468896
TCGA-H9-7775-01,TCGA-H9-7775-01,2.917660236683848
TCGA-H9-A6BX-01,TCGA-H9-A6BX-01,3.4762416138028898
TCGA-HC-7075-01,TCGA-HC-7075-01,3.3010385338142063
TCGA-HC-7077-01,TCGA-HC-7077-01,2.867011958427203
TCGA-HC-7078-01,TCGA-HC-7078-01,2.9769671384978946
TCGA-HC-7079-01,TCGA-HC-7079-01,3.4493014408541494
TCGA-HC-7080-01,TCGA-HC-7080-01,3.1778415313428106
TCGA-HC-7081-01,TCGA-HC-7081-01,3.1294970283311905
TCGA-HC-7209-01,TCGA-HC-7209-01,3.322675779949345
TCGA-HC-7210-01,TCGA-HC-7210-01,2.806106399560051
TCGA-HC-7211-01,TCGA-HC-7211-01,3.5681917792744122
TCGA-HC-7211-11,TCGA-HC-7211-11,3.1077399427923824
TCGA-HC-7212-01,TCGA-HC-7212-01,3.0540054551392095
TCGA-HC-7213-01,TCGA-HC-7213-01,3.1655010100393293
TCGA-HC-7230-01,TCGA-HC-7230-01,3.1692677970689846
TCGA-HC-7231-01,TCGA-HC-7231-01,2.963463777192558
TCGA-HC-7232-01,TCGA-HC-7232-01,3.107889937443679
TCGA-HC-7233-01,TCGA-HC-7233-01,2.6465909073944047
TCGA-HC-7736-01,TCGA-HC-7736-01,2.8673120898361635
TCGA-HC-7737-01,TCGA-HC-7737-01,2.78853830944473
TCGA-HC-7737-11,TCGA-HC-7737-11,2.9320267318688202
TCGA-HC-7738-01,TCGA-HC-7738-01,2.697783156855655
TCGA-HC-7738-11,TCGA-HC-7738-11,3.227844202457304
TCGA-HC-7740-01,TCGA-HC-7740-01,3.3693108907563802
TCGA-HC-7740-11,TCGA-HC-7740-11,2.7472125836085395
TCGA-HC-7742-01,TCGA-HC-7742-01,2.970838983369073
TCGA-HC-7742-11,TCGA-HC-7742-11,3.110716767235018
TCGA-HC-7744-01,TCGA-HC-7744-01,2.580808295453987
TCGA-HC-7745-01,TCGA-HC-7745-01,3.270494958284009
TCGA-HC-7745-11,TCGA-HC-7745-11,3.1720096762466388
TCGA-HC-7747-01,TCGA-HC-7747-01,2.9514822853716285
TCGA-HC-7747-11,TCGA-HC-7747-11,2.894844720670971
TCGA-HC-7748-01,TCGA-HC-7748-01,3.1070258707973784
TCGA-HC-7749-01,TCGA-HC-7749-01,3.268192366447159
TCGA-HC-7750-01,TCGA-HC-7750-01,2.7667497512672554
TCGA-HC-7752-01,TCGA-HC-7752-01,2.6534978466724204
TCGA-HC-7752-11,TCGA-HC-7752-11,3.0906659348927144
TCGA-HC-7817-01,TCGA-HC-7817-01,2.930737885548227
TCGA-HC-7818-01,TCGA-HC-7818-01,3.226685689981549
TCGA-HC-7819-01,TCGA-HC-7819-01,2.9713712492745685
TCGA-HC-7819-11,TCGA-HC-7819-11,2.7513796250769285
TCGA-HC-7820-01,TCGA-HC-7820-01,3.212879525542758
TCGA-HC-7821-01,TCGA-HC-7821-01,3.059685931938071
TCGA-HC-8213-01,TCGA-HC-8213-01,3.0520649078585973
TCGA-HC-8216-01,TCGA-HC-8216-01,2.7958134690513328
TCGA-HC-8256-01,TCGA-HC-8256-01,2.78791075394721
TCGA-HC-8257-01,TCGA-HC-8257-01,3.357398969122743
TCGA-HC-8258-01,TCGA-HC-8258-01,3.1457831721077554
TCGA-HC-8258-11,TCGA-HC-8258-11,3.0788335887960803
TCGA-HC-8259-01,TCGA-HC-8259-01,3.160160438717859
TCGA-HC-8259-11,TCGA-HC-8259-11,3.175148682203289
TCGA-HC-8260-01,TCGA-HC-8260-01,3.3521982978708214
TCGA-HC-8260-11,TCGA-HC-8260-11,3.2503337956052634
TCGA-HC-8261-01,TCGA-HC-8261-01,2.0202172435209222
TCGA-HC-8262-01,TCGA-HC-8262-01,2.8644838153370804
TCGA-HC-8262-11,TCGA-HC-8262-11,3.2859963040205744
TCGA-HC-8264-01,TCGA-HC-8264-01,3.215514227406298
TCGA-HC-8265-01,TCGA-HC-8265-01,2.6260248953056022
TCGA-HC-8266-01,TCGA-HC-8266-01,3.3433075214423975
TCGA-HC-A48F-01,TCGA-HC-A48F-01,2.869905127125783
TCGA-HC-A4ZV-01,TCGA-HC-A4ZV-01,3.1305420147090346
TCGA-HC-A631-01,TCGA-HC-A631-01,3.306459410950904
TCGA-HC-A632-01,TCGA-HC-A632-01,2.919938192328718
TCGA-HC-A76W-01,TCGA-HC-A76W-01,2.630458872890913
TCGA-HC-A76X-01,TCGA-HC-A76X-01,2.571237371158306
TCGA-HC-A8CY-01,TCGA-HC-A8CY-01,3.014272967939065
TCGA-HC-A8D0-01,TCGA-HC-A8D0-01,3.066392867311186
TCGA-HC-A8D1-01,TCGA-HC-A8D1-01,3.3026531934654297
TCGA-HC-A9TE-01,TCGA-HC-A9TE-01,3.113306815360304
TCGA-HC-A9TH-01,TCGA-HC-A9TH-01,3.1372510953275996
TCGA-HI-7168-01,TCGA-HI-7168-01,2.9532318217987887
TCGA-HI-7169-01,TCGA-HI-7169-01,2.5426078711751363
TCGA-HI-7170-01,TCGA-HI-7170-01,2.7855417530694577
TCGA-HI-7171-01,TCGA-HI-7171-01,3.0673683005796817
TCGA-J4-8198-01,TCGA-J4-8198-01,2.94860680139179
TCGA-J4-8200-01,TCGA-J4-8200-01,3.1392769970751635
TCGA-J4-A67T-01,TCGA-J4-A67T-01,3.0371317028199303
TCGA-J4-A6G1-01,TCGA-J4-A6G1-01,3.028880922696152
TCGA-J4-A6G3-01,TCGA-J4-A6G3-01,3.1895276471644323
TCGA-J4-A83I-01,TCGA-J4-A83I-01,2.83543397282391
TCGA-J4-A83J-01,TCGA-J4-A83J-01,3.017630477634205
TCGA-J4-A83J-11,TCGA-J4-A83J-11,3.214199144960699
TCGA-J4-A83K-01,TCGA-J4-A83K-01,2.960515606490766
TCGA-J4-A83L-01,TCGA-J4-A83L-01,3.058140205183789
TCGA-J4-A83M-01,TCGA-J4-A83M-01,3.100582387422821
TCGA-J4-A83N-01,TCGA-J4-A83N-01,2.795228841568342
TCGA-J4-AATV-01,TCGA-J4-AATV-01,3.1723888019530495
TCGA-J4-AATZ-01,TCGA-J4-AATZ-01,2.9502099271003837
TCGA-J4-AAU2-01,TCGA-J4-AAU2-01,2.7769560045086674
TCGA-J9-A52B-01,TCGA-J9-A52B-01,3.1961498885963975
TCGA-J9-A52C-01,TCGA-J9-A52C-01,2.857746888538606
TCGA-J9-A52D-01,TCGA-J9-A52D-01,2.750175179666036
TCGA-J9-A52E-01,TCGA-J9-A52E-01,3.207455277321498
TCGA-J9-A8CK-01,TCGA-J9-A8CK-01,2.8012215288996893
TCGA-J9-A8CL-01,TCGA-J9-A8CL-01,2.237626413341806
TCGA-J9-A8CM-01,TCGA-J9-A8CM-01,2.963554426509823
TCGA-J9-A8CN-01,TCGA-J9-A8CN-01,3.1685914532274064
TCGA-J9-A8CP-01,TCGA-J9-A8CP-01,2.69229981837015
TCGA-KC-A4BL-01,TCGA-KC-A4BL-01,3.3206452754261466
TCGA-KC-A4BN-01,TCGA-KC-A4BN-01,3.393661303745616
TCGA-KC-A4BR-01,TCGA-KC-A4BR-01,3.185488516673108
TCGA-KC-A4BV-01,TCGA-KC-A4BV-01,3.0273451968094167
TCGA-KC-A7F3-01,TCGA-KC-A7F3-01,3.0902731609034078
TCGA-KC-A7F5-01,TCGA-KC-A7F5-01,2.9569945448674906
TCGA-KC-A7F6-01,TCGA-KC-A7F6-01,3.197735392393271
TCGA-KC-A7FA-01,TCGA-KC-A7FA-01,3.128504979943583
TCGA-KC-A7FD-01,TCGA-KC-A7FD-01,3.1686535064706205
TCGA-KC-A7FE-01,TCGA-KC-A7FE-01,3.0154092333695983
TCGA-KK-A59V-01,TCGA-KK-A59V-01,2.7147116744618116
TCGA-KK-A59X-01,TCGA-KK-A59X-01,2.9413075230506243
TCGA-KK-A59Y-01,TCGA-KK-A59Y-01,3.1516839034107083
TCGA-KK-A59Z-01,TCGA-KK-A59Z-01,2.7793426366895275
TCGA-KK-A5A1-01,TCGA-KK-A5A1-01,2.5058983606311216
TCGA-KK-A6DY-01,TCGA-KK-A6DY-01,3.08983509725812
TCGA-KK-A6E0-01,TCGA-KK-A6E0-01,2.661314505188482
TCGA-KK-A6E1-01,TCGA-KK-A6E1-01,3.2189436811624104
TCGA-KK-A6E2-01,TCGA-KK-A6E2-01,3.205812759788024
TCGA-KK-A6E5-01,TCGA-KK-A6E5-01,2.8709139471093073
TCGA-KK-A6E6-01,TCGA-KK-A6E6-01,3.267560240944704
TCGA-KK-A7AP-01,TCGA-KK-A7AP-01,3.2523168806229177
TCGA-KK-A7AQ-01,TCGA-KK-A7AQ-01,2.6022369164096273
TCGA-KK-A7AU-01,TCGA-KK-A7AU-01,3.0651494691920442
TCGA-KK-A7AV-01,TCGA-KK-A7AV-01,3.0187671480536933
TCGA-KK-A7AW-01,TCGA-KK-A7AW-01,2.5223102935458224
TCGA-KK-A7AY-01,TCGA-KK-A7AY-01,3.174331128286558
TCGA-KK-A7AZ-01,TCGA-KK-A7AZ-01,2.667786985792089
TCGA-KK-A7B0-01,TCGA-KK-A7B0-01,3.2538382745450547
TCGA-KK-A7B1-01,TCGA-KK-A7B1-01,2.951428661327866
TCGA-KK-A7B2-01,TCGA-KK-A7B2-01,3.3522416786371827
TCGA-KK-A7B3-01,TCGA-KK-A7B3-01,2.924500847510454
TCGA-KK-A7B4-01,TCGA-KK-A7B4-01,3.132694689988217
TCGA-KK-A8I4-01,TCGA-KK-A8I4-01,3.084268158808047
TCGA-KK-A8I5-01,TCGA-KK-A8I5-01,3.3355185814242754
TCGA-KK-A8I6-01,TCGA-KK-A8I6-01,3.0418271322657873
TCGA-KK-A8I7-01,TCGA-KK-A8I7-01,3.2498854172739464
TCGA-KK-A8I8-01,TCGA-KK-A8I8-01,3.115509848086469
TCGA-KK-A8I9-01,TCGA-KK-A8I9-01,3.3506335270760594
TCGA-KK-A8IA-01,TCGA-KK-A8IA-01,2.835873907800922
TCGA-KK-A8IB-01,TCGA-KK-A8IB-01,2.709222414250863
TCGA-KK-A8IC-01,TCGA-KK-A8IC-01,2.884796359844588
TCGA-KK-A8ID-01,TCGA-KK-A8ID-01,2.6543408129922668
TCGA-KK-A8IF-01,TCGA-KK-A8IF-01,2.4982127053421617
TCGA-KK-A8IG-01,TCGA-KK-A8IG-01,2.9309284416815244
TCGA-KK-A8IH-01,TCGA-KK-A8IH-01,2.6908593097508886
TCGA-KK-A8II-01,TCGA-KK-A8II-01,3.0328922075754976
TCGA-KK-A8IJ-01,TCGA-KK-A8IJ-01,2.899147477164704
TCGA-KK-A8IK-01,TCGA-KK-A8IK-01,3.283840971667841
TCGA-KK-A8IL-01,TCGA-KK-A8IL-01,3.263003988813336
TCGA-KK-A8IM-01,TCGA-KK-A8IM-01,3.1822414395634584
TCGA-M7-A71Y-01,TCGA-M7-A71Y-01,3.3630319656591703
TCGA-M7-A71Z-01,TCGA-M7-A71Z-01,2.673938252817508
TCGA-M7-A720-01,TCGA-M7-A720-01,3.2240455306333295
TCGA-M7-A721-01,TCGA-M7-A721-01,2.8047086601614626
TCGA-M7-A722-01,TCGA-M7-A722-01,2.798112749528564
TCGA-M7-A723-01,TCGA-M7-A723-01,2.764738339021439
TCGA-M7-A724-01,TCGA-M7-A724-01,3.5560656361258176
TCGA-M7-A725-01,TCGA-M7-A725-01,3.2420790196004705
TCGA-MG-AAMC-01,TCGA-MG-AAMC-01,3.078729885926349
TCGA-SU-A7E7-01,TCGA-SU-A7E7-01,3.2915313335042042
TCGA-TK-A8OK-01,TCGA-TK-A8OK-01,2.413402256447483
TCGA-TP-A8TT-01,TCGA-TP-A8TT-01,2.733587422467063
TCGA-TP-A8TV-01,TCGA-TP-A8TV-01,3.228092412927565
TCGA-V1-A8MF-01,TCGA-V1-A8MF-01,3.081534071720761
TCGA-V1-A8MG-01,TCGA-V1-A8MG-01,3.0513946167228023
TCGA-V1-A8MJ-01,TCGA-V1-A8MJ-01,3.0090152686633065
TCGA-V1-A8MK-01,TCGA-V1-A8MK-01,3.3057179549729554
TCGA-V1-A8ML-01,TCGA-V1-A8ML-01,2.875676389302706
TCGA-V1-A8MM-01,TCGA-V1-A8MM-01,2.328259482500396
TCGA-V1-A8MU-01,TCGA-V1-A8MU-01,3.1413363786151716
TCGA-V1-A8WL-01,TCGA-V1-A8WL-01,2.775141912359298
TCGA-V1-A8WN-01,TCGA-V1-A8WN-01,3.0997346455118135
TCGA-V1-A8WS-01,TCGA-V1-A8WS-01,2.96938214104423
TCGA-V1-A8WV-01,TCGA-V1-A8WV-01,3.1485556873830927
TCGA-V1-A8WW-01,TCGA-V1-A8WW-01,3.144579668602778
TCGA-V1-A8X3-01,TCGA-V1-A8X3-01,2.8502336518031095
TCGA-V1-A9O5-01,TCGA-V1-A9O5-01,3.2296618536281585
TCGA-V1-A9O5-06,TCGA-V1-A9O5-06,3.034234789022993
TCGA-V1-A9O7-01,TCGA-V1-A9O7-01,3.177484771558289
TCGA-V1-A9O9-01,TCGA-V1-A9O9-01,3.088015376348559
TCGA-V1-A9OA-01,TCGA-V1-A9OA-01,2.6552126652508656
TCGA-V1-A9OF-01,TCGA-V1-A9OF-01,2.729000423438743
TCGA-V1-A9OH-01,TCGA-V1-A9OH-01,2.9788479656114872
TCGA-V1-A9OL-01,TCGA-V1-A9OL-01,3.017493713250725
TCGA-V1-A9OQ-01,TCGA-V1-A9OQ-01,3.1337270851808086
TCGA-V1-A9OT-01,TCGA-V1-A9OT-01,3.1308411191294487
TCGA-V1-A9OX-01,TCGA-V1-A9OX-01,3.4067448642091978
TCGA-V1-A9OY-01,TCGA-V1-A9OY-01,3.3497573607835296
TCGA-V1-A9Z7-01,TCGA-V1-A9Z7-01,3.2315254838790617
TCGA-V1-A9Z8-01,TCGA-V1-A9Z8-01,3.074665969606232
TCGA-V1-A9Z9-01,TCGA-V1-A9Z9-01,2.8317440549819533
TCGA-V1-A9ZG-01,TCGA-V1-A9ZG-01,3.324061500896697
TCGA-V1-A9ZI-01,TCGA-V1-A9ZI-01,2.9115177899871054
TCGA-V1-A9ZK-01,TCGA-V1-A9ZK-01,3.132665822803732
TCGA-V1-A9ZR-01,TCGA-V1-A9ZR-01,2.951877251826712
TCGA-VN-A88I-01,TCGA-VN-A88I-01,3.2527514369661596
TCGA-VN-A88K-01,TCGA-VN-A88K-01,3.0859580542652516
TCGA-VN-A88L-01,TCGA-VN-A88L-01,2.9521603785850656
TCGA-VN-A88M-01,TCGA-VN-A88M-01,2.9629159659186675
TCGA-VN-A88N-01,TCGA-VN-A88N-01,2.8333198054646767
TCGA-VN-A88O-01,TCGA-VN-A88O-01,3.0367796750160827
TCGA-VN-A88P-01,TCGA-VN-A88P-01,2.9475921571873878
TCGA-VN-A88Q-01,TCGA-VN-A88Q-01,3.0813616959660024
TCGA-VN-A88R-01,TCGA-VN-A88R-01,2.447333501848971
TCGA-VN-A943-01,TCGA-VN-A943-01,3.417758406072422
TCGA-VP-A872-01,TCGA-VP-A872-01,2.865159622449955
TCGA-VP-A875-01,TCGA-VP-A875-01,3.087256422220335
TCGA-VP-A876-01,TCGA-VP-A876-01,2.9937803352252588
TCGA-VP-A878-01,TCGA-VP-A878-01,3.1608128581216697
TCGA-VP-A879-01,TCGA-VP-A879-01,3.2707490857502792
TCGA-VP-A87B-01,TCGA-VP-A87B-01,2.809096537312042
TCGA-VP-A87C-01,TCGA-VP-A87C-01,3.0989848603578354
TCGA-VP-A87D-01,TCGA-VP-A87D-01,3.159717210032517
TCGA-VP-A87E-01,TCGA-VP-A87E-01,2.9304564426164847
TCGA-VP-A87H-01,TCGA-VP-A87H-01,2.3040243873933366
TCGA-VP-A87J-01,TCGA-VP-A87J-01,3.4454146802023637
TCGA-VP-A87K-01,TCGA-VP-A87K-01,2.6988751842065564
TCGA-VP-AA1N-01,TCGA-VP-AA1N-01,3.2628609258864234
TCGA-WW-A8ZI-01,TCGA-WW-A8ZI-01,3.4493146433181856
TCGA-X4-A8KQ-01,TCGA-X4-A8KQ-01,3.083859731314137
TCGA-X4-A8KS-01,TCGA-X4-A8KS-01,3.281482843899389
TCGA-XA-A8JR-01,TCGA-XA-A8JR-01,2.821285582239419
TCGA-XJ-A83F-01,TCGA-XJ-A83F-01,3.09620071710872
TCGA-XJ-A83G-01,TCGA-XJ-A83G-01,2.5741023503843707
TCGA-XJ-A83H-01,TCGA-XJ-A83H-01,3.3322291684855663
TCGA-XJ-A9DI-01,TCGA-XJ-A9DI-01,3.3491206033501344
TCGA-XJ-A9DK-01,TCGA-XJ-A9DK-01,3.006080559713896
TCGA-XJ-A9DQ-01,TCGA-XJ-A9DQ-01,3.3608507132535914
TCGA-XJ-A9DX-01,TCGA-XJ-A9DX-01,2.5952529786872955
TCGA-XK-AAIR-01,TCGA-XK-AAIR-01,2.7979970206737335
TCGA-XK-AAIV-01,TCGA-XK-AAIV-01,2.9365635556344047
TCGA-XK-AAIW-01,TCGA-XK-AAIW-01,3.5039789542169792
TCGA-XK-AAJ3-01,TCGA-XK-AAJ3-01,2.6493221166236682
TCGA-XK-AAJA-01,TCGA-XK-AAJA-01,2.359416448586215
TCGA-XK-AAJP-01,TCGA-XK-AAJP-01,3.123161029768648
TCGA-XK-AAJR-01,TCGA-XK-AAJR-01,2.873442936907989
TCGA-XK-AAJT-01,TCGA-XK-AAJT-01,3.166496815140933
TCGA-XK-AAJU-01,TCGA-XK-AAJU-01,3.319560534732366
TCGA-XK-AAK1-01,TCGA-XK-AAK1-01,2.5336885374982083
TCGA-XQ-A8TA-01,TCGA-XQ-A8TA-01,3.1424171459080266
TCGA-XQ-A8TB-01,TCGA-XQ-A8TB-01,3.1708933671011
TCGA-Y6-A8TL-01,TCGA-Y6-A8TL-01,2.479100504700716
TCGA-Y6-A9XI-01,TCGA-Y6-A9XI-01,3.1982420048309828
TCGA-YJ-A8SW-01,TCGA-YJ-A8SW-01,3.100144810815406
TCGA-YL-A8HJ-01,TCGA-YL-A8HJ-01,2.8138102225455217
TCGA-YL-A8HK-01,TCGA-YL-A8HK-01,3.0067226482380476
TCGA-YL-A8HL-01,TCGA-YL-A8HL-01,3.2029057809446075
TCGA-YL-A8HM-01,TCGA-YL-A8HM-01,3.2400059524781644
TCGA-YL-A8HO-01,TCGA-YL-A8HO-01,2.945328952408106
TCGA-YL-A8S8-01,TCGA-YL-A8S8-01,2.6941801067441298
TCGA-YL-A8S9-01,TCGA-YL-A8S9-01,3.324874002507053
TCGA-YL-A8SA-01,TCGA-YL-A8SA-01,3.126334764353493
TCGA-YL-A8SB-01,TCGA-YL-A8SB-01,2.639659255313963
TCGA-YL-A8SC-01,TCGA-YL-A8SC-01,3.179121336834468
TCGA-YL-A8SF-01,TCGA-YL-A8SF-01,2.368319188458024
TCGA-YL-A8SH-01,TCGA-YL-A8SH-01,2.869136371246302
TCGA-YL-A8SI-01,TCGA-YL-A8SI-01,3.0553162682866417
TCGA-YL-A8SJ-01,TCGA-YL-A8SJ-01,2.5507253028740657
TCGA-YL-A8SK-01,TCGA-YL-A8SK-01,3.0377815950763867
TCGA-YL-A8SL-01,TCGA-YL-A8SL-01,3.2260106864235545
TCGA-YL-A8SO-01,TCGA-YL-A8SO-01,3.017402185371428
TCGA-YL-A8SP-01,TCGA-YL-A8SP-01,3.004215259345972
TCGA-YL-A8SQ-01,TCGA-YL-A8SQ-01,2.816250035548325
TCGA-YL-A8SR-01,TCGA-YL-A8SR-01,3.3580440036763486
TCGA-YL-A9WH-01,TCGA-YL-A9WH-01,2.7949758095159476
TCGA-YL-A9WI-01,TCGA-YL-A9WI-01,3.188222378490732
TCGA-YL-A9WJ-01,TCGA-YL-A9WJ-01,3.0988410151743397
TCGA-YL-A9WK-01,TCGA-YL-A9WK-01,2.4179786818776288
TCGA-YL-A9WL-01,TCGA-YL-A9WL-01,2.967098365113115
TCGA-YL-A9WX-01,TCGA-YL-A9WX-01,3.384062835874307
TCGA-YL-A9WY-01,TCGA-YL-A9WY-01,2.9375476749970657
TCGA-ZG-A8QW-01,TCGA-ZG-A8QW-01,2.490235517486509
TCGA-ZG-A8QX-01,TCGA-ZG-A8QX-01,3.1302606484062867
TCGA-ZG-A8QY-01,TCGA-ZG-A8QY-01,3.258370642872652
TCGA-ZG-A8QZ-01,TCGA-ZG-A8QZ-01,2.8079812984178627
TCGA-ZG-A9KY-01,TCGA-ZG-A9KY-01,3.18607506439358
TCGA-ZG-A9L0-01,TCGA-ZG-A9L0-01,3.2178199278813127
TCGA-ZG-A9L1-01,TCGA-ZG-A9L1-01,3.2444570355937863
TCGA-ZG-A9L2-01,TCGA-ZG-A9L2-01,2.3772145981044197
TCGA-ZG-A9L4-01,TCGA-ZG-A9L4-01,2.734584467268564
TCGA-ZG-A9L5-01,TCGA-ZG-A9L5-01,2.892116774478888
TCGA-ZG-A9L6-01,TCGA-ZG-A9L6-01,3.2568235476726617
TCGA-ZG-A9L9-01,TCGA-ZG-A9L9-01,3.192221734309587
TCGA-ZG-A9LB-01,TCGA-ZG-A9LB-01,2.855379843104109
TCGA-ZG-A9LM-01,TCGA-ZG-A9LM-01,3.3217352710067516
TCGA-ZG-A9LN-01,TCGA-ZG-A9LN-01,2.7245948851685045
TCGA-ZG-A9LS-01,TCGA-ZG-A9LS-01,2.9168495406528727
TCGA-ZG-A9LU-01,TCGA-ZG-A9LU-01,3.2861268882438424
TCGA-ZG-A9LY-01,TCGA-ZG-A9LY-01,3.30482442363564
TCGA-ZG-A9LZ-01,TCGA-ZG-A9LZ-01,3.021586971434984
TCGA-ZG-A9M4-01,TCGA-ZG-A9M4-01,2.3650591024033596
TCGA-ZG-A9MC-01,TCGA-ZG-A9MC-01,3.2110430801087517
TCGA-ZG-A9N3-01,TCGA-ZG-A9N3-01,2.971872317425187
TCGA-ZG-A9ND-01,TCGA-ZG-A9ND-01,2.8733649933215615
TCGA-ZG-A9NI-01,TCGA-ZG-A9NI-01,2.7283223484248977
TCGA-2K-A9WE-01,TCGA-2K-A9WE-01,3.2061241779370953
TCGA-2Z-A9J1-01,TCGA-2Z-A9J1-01,2.9903670596786203
TCGA-2Z-A9J2-01,TCGA-2Z-A9J2-01,2.9818364745362205
TCGA-2Z-A9J3-01,TCGA-2Z-A9J3-01,3.2212175233643645
TCGA-2Z-A9J5-01,TCGA-2Z-A9J5-01,3.1424990958595465
TCGA-2Z-A9J6-01,TCGA-2Z-A9J6-01,3.2190122214692463
TCGA-2Z-A9J7-01,TCGA-2Z-A9J7-01,3.2346951953726455
TCGA-2Z-A9J8-01,TCGA-2Z-A9J8-01,3.2371182782830097
TCGA-2Z-A9J9-01,TCGA-2Z-A9J9-01,3.1461388510013037
TCGA-2Z-A9JD-01,TCGA-2Z-A9JD-01,3.29510584141223
TCGA-2Z-A9JE-01,TCGA-2Z-A9JE-01,3.1026233024412186
TCGA-2Z-A9JG-01,TCGA-2Z-A9JG-01,3.102836477729457
TCGA-2Z-A9JI-01,TCGA-2Z-A9JI-01,2.795681340539666
TCGA-2Z-A9JJ-01,TCGA-2Z-A9JJ-01,3.0659148585582736
TCGA-2Z-A9JK-01,TCGA-2Z-A9JK-01,3.115610044623498
TCGA-2Z-A9JL-01,TCGA-2Z-A9JL-01,3.1985727007662232
TCGA-2Z-A9JM-01,TCGA-2Z-A9JM-01,3.0669996466036813
TCGA-2Z-A9JN-01,TCGA-2Z-A9JN-01,3.0527792108394776
TCGA-2Z-A9JO-01,TCGA-2Z-A9JO-01,3.2911473504940045
TCGA-2Z-A9JP-01,TCGA-2Z-A9JP-01,3.2196785168559523
TCGA-2Z-A9JQ-01,TCGA-2Z-A9JQ-01,2.9977918343898673
TCGA-2Z-A9JR-01,TCGA-2Z-A9JR-01,3.054775105796448
TCGA-2Z-A9JS-01,TCGA-2Z-A9JS-01,3.0954636294320563
TCGA-2Z-A9JT-01,TCGA-2Z-A9JT-01,3.0159484547443096
TCGA-4A-A93W-01,TCGA-4A-A93W-01,2.992064621233748
TCGA-4A-A93X-01,TCGA-4A-A93X-01,3.3921463749270613
TCGA-4A-A93Y-01,TCGA-4A-A93Y-01,3.180064587142415
TCGA-5P-A9JU-01,TCGA-5P-A9JU-01,2.9343253895959194
TCGA-5P-A9JV-01,TCGA-5P-A9JV-01,3.3878590973499976
TCGA-5P-A9JW-01,TCGA-5P-A9JW-01,3.275076441961059
TCGA-5P-A9JY-01,TCGA-5P-A9JY-01,3.1638318718411935
TCGA-5P-A9JZ-01,TCGA-5P-A9JZ-01,3.1625428680916525
TCGA-5P-A9K0-01,TCGA-5P-A9K0-01,3.183662134100471
TCGA-5P-A9K2-01,TCGA-5P-A9K2-01,3.034329523686587
TCGA-5P-A9K3-01,TCGA-5P-A9K3-01,3.418048035137432
TCGA-5P-A9K4-01,TCGA-5P-A9K4-01,3.3029271342538093
TCGA-5P-A9K6-01,TCGA-5P-A9K6-01,3.2170703879707165
TCGA-5P-A9K8-01,TCGA-5P-A9K8-01,3.227024849854905
TCGA-5P-A9K9-01,TCGA-5P-A9K9-01,3.1688515722617727
TCGA-5P-A9KA-01,TCGA-5P-A9KA-01,3.0301270257503004
TCGA-5P-A9KC-01,TCGA-5P-A9KC-01,3.0418842925148524
TCGA-5P-A9KE-01,TCGA-5P-A9KE-01,3.204123188186361
TCGA-5P-A9KF-01,TCGA-5P-A9KF-01,3.2476486766311092
TCGA-5P-A9KH-01,TCGA-5P-A9KH-01,3.2204284350250374
TCGA-A4-7286-01,TCGA-A4-7286-01,3.1488157667455137
TCGA-A4-7287-01,TCGA-A4-7287-01,2.9840884120200455
TCGA-A4-7288-01,TCGA-A4-7288-01,3.236629358665275
TCGA-A4-7583-01,TCGA-A4-7583-01,2.824738262349127
TCGA-A4-7584-01,TCGA-A4-7584-01,3.070040840349325
TCGA-A4-7585-01,TCGA-A4-7585-01,3.1296802743312933
TCGA-A4-7732-01,TCGA-A4-7732-01,3.025674142201202
TCGA-A4-7734-01,TCGA-A4-7734-01,2.8377831032873533
TCGA-A4-7828-01,TCGA-A4-7828-01,2.988910544470628
TCGA-A4-7915-01,TCGA-A4-7915-01,3.4321862588461043
TCGA-A4-7996-01,TCGA-A4-7996-01,3.0100527454700194
TCGA-A4-7997-01,TCGA-A4-7997-01,3.3329376360475127
TCGA-A4-8098-01,TCGA-A4-8098-01,3.2011567483574273
TCGA-A4-8310-01,TCGA-A4-8310-01,3.20419400434512
TCGA-A4-8311-01,TCGA-A4-8311-01,3.284072288013041
TCGA-A4-8312-01,TCGA-A4-8312-01,3.4169024736826747
TCGA-A4-8515-01,TCGA-A4-8515-01,3.1721583982754638
TCGA-A4-8516-01,TCGA-A4-8516-01,3.1834088364985
TCGA-A4-8517-01,TCGA-A4-8517-01,3.1809135225293237
TCGA-A4-8518-01,TCGA-A4-8518-01,3.223667513689999
TCGA-A4-8630-01,TCGA-A4-8630-01,3.25039227898227
TCGA-A4-A48D-01,TCGA-A4-A48D-01,3.182519578308768
TCGA-A4-A4ZT-01,TCGA-A4-A4ZT-01,2.887648056712218
TCGA-A4-A4ZT-11,TCGA-A4-A4ZT-11,2.9158127772527482
TCGA-A4-A57E-01,TCGA-A4-A57E-01,3.2761773670681444
TCGA-A4-A57E-11,TCGA-A4-A57E-11,2.9984014314361556
TCGA-A4-A5DU-01,TCGA-A4-A5DU-01,3.2329702284112387
TCGA-A4-A5XZ-01,TCGA-A4-A5XZ-01,3.302507949118834
TCGA-A4-A5Y0-01,TCGA-A4-A5Y0-01,3.2770008591740853
TCGA-A4-A5Y1-01,TCGA-A4-A5Y1-01,2.8441941809903835
TCGA-A4-A6HP-01,TCGA-A4-A6HP-01,2.8616640165727114
TCGA-A4-A772-01,TCGA-A4-A772-01,2.8223973679276377
TCGA-A4-A7UZ-01,TCGA-A4-A7UZ-01,2.8508681669370834
TCGA-AL-3466-01,TCGA-AL-3466-01,2.1359911761971646
TCGA-AL-3467-01,TCGA-AL-3467-01,2.905187053845026
TCGA-AL-3468-01,TCGA-AL-3468-01,3.242335630277464
TCGA-AL-3471-01,TCGA-AL-3471-01,3.109608841493108
TCGA-AL-3472-01,TCGA-AL-3472-01,2.853873304191372
TCGA-AL-3473-01,TCGA-AL-3473-01,3.1700240902430132
TCGA-AL-7173-01,TCGA-AL-7173-01,2.889701052366432
TCGA-AL-A5DJ-01,TCGA-AL-A5DJ-01,2.6954888732914126
TCGA-AT-A5NU-01,TCGA-AT-A5NU-01,3.099728480730546
TCGA-B1-5398-01,TCGA-B1-5398-01,3.2791310641474474
TCGA-B1-7332-01,TCGA-B1-7332-01,3.1185535075801374
TCGA-B1-A47M-01,TCGA-B1-A47M-01,3.057699430431417
TCGA-B1-A47N-01,TCGA-B1-A47N-01,3.0363803394426863
TCGA-B1-A47O-01,TCGA-B1-A47O-01,3.09501577167452
TCGA-B1-A654-01,TCGA-B1-A654-01,2.8470239209744115
TCGA-B1-A655-01,TCGA-B1-A655-01,3.251984002734113
TCGA-B1-A656-01,TCGA-B1-A656-01,3.1629890911145377
TCGA-B1-A657-01,TCGA-B1-A657-01,3.231667492314627
TCGA-B3-3925-01,TCGA-B3-3925-01,3.1101165368809465
TCGA-B3-3926-01,TCGA-B3-3926-01,3.2515467435091256
TCGA-B3-4103-01,TCGA-B3-4103-01,3.2468404195397484
TCGA-B3-4104-01,TCGA-B3-4104-01,2.525901795553463
TCGA-B3-8121-01,TCGA-B3-8121-01,3.168390713032068
TCGA-B3-A6W5-01,TCGA-B3-A6W5-01,3.065069814834085
TCGA-B9-4113-01,TCGA-B9-4113-01,2.9279934889814485
TCGA-B9-4114-01,TCGA-B9-4114-01,2.9019245863581187
TCGA-B9-4115-01,TCGA-B9-4115-01,2.9377931875104277
TCGA-B9-4115-11,TCGA-B9-4115-11,2.7644907469135145
TCGA-B9-4116-01,TCGA-B9-4116-01,2.841340863667826
TCGA-B9-4117-01,TCGA-B9-4117-01,3.3086038898433476
TCGA-B9-4617-01,TCGA-B9-4617-01,3.1957475758566742
TCGA-B9-5155-01,TCGA-B9-5155-01,3.1817074263973337
TCGA-B9-5156-01,TCGA-B9-5156-01,3.1318359750239826
TCGA-B9-7268-01,TCGA-B9-7268-01,3.26633857128687
TCGA-B9-A44B-01,TCGA-B9-A44B-01,2.8744962253822215
TCGA-B9-A5W7-01,TCGA-B9-A5W7-01,3.124875581200625
TCGA-B9-A5W8-01,TCGA-B9-A5W8-01,3.316974257772962
TCGA-B9-A5W9-01,TCGA-B9-A5W9-01,2.8984319385534514
TCGA-B9-A69E-01,TCGA-B9-A69E-01,3.3556002387061237
TCGA-B9-A8YH-01,TCGA-B9-A8YH-01,3.2263596356306907
TCGA-B9-A8YI-01,TCGA-B9-A8YI-01,3.338424571262326
TCGA-BQ-5875-01,TCGA-BQ-5875-01,3.5358140194577596
TCGA-BQ-5875-11,TCGA-BQ-5875-11,2.7257918322065953
TCGA-BQ-5876-01,TCGA-BQ-5876-01,3.2116703385712917
TCGA-BQ-5877-01,TCGA-BQ-5877-01,3.401465784590384
TCGA-BQ-5877-11,TCGA-BQ-5877-11,2.8789098297805222
TCGA-BQ-5878-01,TCGA-BQ-5878-01,3.0189185423832683
TCGA-BQ-5878-11,TCGA-BQ-5878-11,2.9041365355434503
TCGA-BQ-5879-01,TCGA-BQ-5879-01,3.363611964900711
TCGA-BQ-5879-11,TCGA-BQ-5879-11,2.7186140960340377
TCGA-BQ-5880-01,TCGA-BQ-5880-01,3.2591716039747283
TCGA-BQ-5881-01,TCGA-BQ-5881-01,3.3633251506080226
TCGA-BQ-5882-01,TCGA-BQ-5882-01,3.3388462603590785
TCGA-BQ-5882-11,TCGA-BQ-5882-11,2.9950713903898607
TCGA-BQ-5883-01,TCGA-BQ-5883-01,3.1279324142983014
TCGA-BQ-5884-01,TCGA-BQ-5884-01,3.228497708000723
TCGA-BQ-5884-11,TCGA-BQ-5884-11,3.105145384419408
TCGA-BQ-5885-01,TCGA-BQ-5885-01,2.8308674358844197
TCGA-BQ-5886-01,TCGA-BQ-5886-01,3.304580814036752
TCGA-BQ-5887-01,TCGA-BQ-5887-01,3.221930320333904
TCGA-BQ-5887-11,TCGA-BQ-5887-11,2.942598275893678
TCGA-BQ-5888-01,TCGA-BQ-5888-01,3.331153573031384
TCGA-BQ-5888-11,TCGA-BQ-5888-11,3.328263384903618
TCGA-BQ-5889-01,TCGA-BQ-5889-01,2.5334887221153832
TCGA-BQ-5890-01,TCGA-BQ-5890-01,3.220032301472298
TCGA-BQ-5890-11,TCGA-BQ-5890-11,2.911949781519935
TCGA-BQ-5891-01,TCGA-BQ-5891-01,3.3691542034733892
TCGA-BQ-5891-11,TCGA-BQ-5891-11,2.9152660922339613
TCGA-BQ-5892-01,TCGA-BQ-5892-01,3.0627428145152864
TCGA-BQ-5893-01,TCGA-BQ-5893-01,3.3218717428407714
TCGA-BQ-5894-01,TCGA-BQ-5894-01,3.3130644692979208
TCGA-BQ-5894-11,TCGA-BQ-5894-11,3.057767228223374
TCGA-BQ-7044-01,TCGA-BQ-7044-01,3.313028153977812
TCGA-BQ-7044-11,TCGA-BQ-7044-11,2.7179475028428404
TCGA-BQ-7045-01,TCGA-BQ-7045-01,3.0459326810370313
TCGA-BQ-7045-11,TCGA-BQ-7045-11,2.613033702138425
TCGA-BQ-7046-01,TCGA-BQ-7046-01,3.3487180674004886
TCGA-BQ-7046-11,TCGA-BQ-7046-11,3.017311645202779
TCGA-BQ-7048-01,TCGA-BQ-7048-01,3.363917304798507
TCGA-BQ-7049-01,TCGA-BQ-7049-01,3.0497043198348717
TCGA-BQ-7050-01,TCGA-BQ-7050-01,3.1797622893957564
TCGA-BQ-7051-01,TCGA-BQ-7051-01,3.2994314990998665
TCGA-BQ-7051-11,TCGA-BQ-7051-11,2.9737831281261426
TCGA-BQ-7053-01,TCGA-BQ-7053-01,3.174856191855281
TCGA-BQ-7055-01,TCGA-BQ-7055-01,3.372346947543034
TCGA-BQ-7055-11,TCGA-BQ-7055-11,3.0028800744549855
TCGA-BQ-7056-01,TCGA-BQ-7056-01,3.150074780143568
TCGA-BQ-7058-01,TCGA-BQ-7058-01,2.9077143471559443
TCGA-BQ-7059-01,TCGA-BQ-7059-01,3.136154660080013
TCGA-BQ-7059-11,TCGA-BQ-7059-11,2.9786460480038244
TCGA-BQ-7060-01,TCGA-BQ-7060-01,3.264346839191274
TCGA-BQ-7061-01,TCGA-BQ-7061-01,3.1869646806596164
TCGA-BQ-7061-11,TCGA-BQ-7061-11,2.8901044894049073
TCGA-BQ-7062-01,TCGA-BQ-7062-01,3.0414525065144984
TCGA-DW-5560-01,TCGA-DW-5560-01,2.740048512644786
TCGA-DW-5561-01,TCGA-DW-5561-01,3.013952237703584
TCGA-DW-7834-01,TCGA-DW-7834-01,3.0878460368328438
TCGA-DW-7836-01,TCGA-DW-7836-01,3.05095843858496
TCGA-DW-7837-01,TCGA-DW-7837-01,2.7464389069652038
TCGA-DW-7838-01,TCGA-DW-7838-01,3.3022823729757826
TCGA-DW-7839-01,TCGA-DW-7839-01,3.024356622006063
TCGA-DW-7840-01,TCGA-DW-7840-01,2.9133237320542458
TCGA-DW-7841-01,TCGA-DW-7841-01,2.866672849606158
TCGA-DW-7842-01,TCGA-DW-7842-01,3.0593737737038156
TCGA-DW-7963-01,TCGA-DW-7963-01,3.0612285655975966
TCGA-DZ-6131-01,TCGA-DZ-6131-01,3.444657447779158
TCGA-DZ-6131-11,TCGA-DZ-6131-11,2.9638756797746204
TCGA-DZ-6132-01,TCGA-DZ-6132-01,3.123306829881655
TCGA-DZ-6132-11,TCGA-DZ-6132-11,2.7457401499498952
TCGA-DZ-6133-01,TCGA-DZ-6133-01,3.2539084422510576
TCGA-DZ-6133-11,TCGA-DZ-6133-11,3.1280376674315282
TCGA-DZ-6134-01,TCGA-DZ-6134-01,3.217342717988738
TCGA-DZ-6134-11,TCGA-DZ-6134-11,2.8878143104103406
TCGA-DZ-6135-01,TCGA-DZ-6135-01,3.259378606123771
TCGA-EV-5901-01,TCGA-EV-5901-01,2.8912307163684656
TCGA-EV-5902-01,TCGA-EV-5902-01,3.3113496194254113
TCGA-EV-5903-01,TCGA-EV-5903-01,2.993180316599997
TCGA-F9-A4JJ-01,TCGA-F9-A4JJ-01,3.365452366351956
TCGA-F9-A7Q0-01,TCGA-F9-A7Q0-01,3.3725566816560155
TCGA-F9-A7VF-01,TCGA-F9-A7VF-01,3.045233228326012
TCGA-F9-A8NY-01,TCGA-F9-A8NY-01,3.3235493640588643
TCGA-F9-A97G-01,TCGA-F9-A97G-01,3.211948373544772
TCGA-G7-6789-01,TCGA-G7-6789-01,2.737114955745332
TCGA-G7-6790-01,TCGA-G7-6790-01,3.1886565152338506
TCGA-G7-6792-01,TCGA-G7-6792-01,3.088054753071371
TCGA-G7-6793-01,TCGA-G7-6793-01,3.2112070536033266
TCGA-G7-6795-01,TCGA-G7-6795-01,2.840485548858492
TCGA-G7-6796-01,TCGA-G7-6796-01,2.853706070272227
TCGA-G7-6797-01,TCGA-G7-6797-01,3.260645539151388
TCGA-G7-7501-01,TCGA-G7-7501-01,3.279657487083078
TCGA-G7-7502-01,TCGA-G7-7502-01,2.9193455966420614
TCGA-G7-A4TM-01,TCGA-G7-A4TM-01,3.1750286902440665
TCGA-G7-A8LB-01,TCGA-G7-A8LB-01,3.271547760923361
TCGA-G7-A8LC-01,TCGA-G7-A8LC-01,3.1309685453127813
TCGA-G7-A8LD-01,TCGA-G7-A8LD-01,2.7546537122151706
TCGA-G7-A8LE-01,TCGA-G7-A8LE-01,2.8812956508065533
TCGA-GL-6846-01,TCGA-GL-6846-01,3.188255511417746
TCGA-GL-6846-11,TCGA-GL-6846-11,3.1147563518042034
TCGA-GL-7773-01,TCGA-GL-7773-01,2.918675223982505
TCGA-GL-7966-01,TCGA-GL-7966-01,3.1835102559787662
TCGA-GL-7966-11,TCGA-GL-7966-11,2.456360267530513
TCGA-GL-8500-01,TCGA-GL-8500-01,3.46929155334046
TCGA-GL-A4EM-01,TCGA-GL-A4EM-01,3.1303843803307476
TCGA-GL-A59R-01,TCGA-GL-A59R-01,3.121718177529087
TCGA-GL-A59R-11,TCGA-GL-A59R-11,2.990122831030392
TCGA-GL-A59T-01,TCGA-GL-A59T-01,2.9988669405680675
TCGA-GL-A9DC-01,TCGA-GL-A9DC-01,2.7628187139058302
TCGA-GL-A9DD-01,TCGA-GL-A9DD-01,2.954160333411789
TCGA-GL-A9DE-01,TCGA-GL-A9DE-01,3.340038335819533
TCGA-GL-A9DE-11,TCGA-GL-A9DE-11,2.8432807392916155
TCGA-HE-7128-01,TCGA-HE-7128-01,3.0375418514151944
TCGA-HE-7129-01,TCGA-HE-7129-01,3.26391935169924
TCGA-HE-7130-01,TCGA-HE-7130-01,3.2320550113072724
TCGA-HE-A5NF-01,TCGA-HE-A5NF-01,3.224203715474403
TCGA-HE-A5NH-01,TCGA-HE-A5NH-01,3.020919584070492
TCGA-HE-A5NI-01,TCGA-HE-A5NI-01,3.363737372690839
TCGA-HE-A5NJ-01,TCGA-HE-A5NJ-01,3.265458062980093
TCGA-HE-A5NK-01,TCGA-HE-A5NK-01,3.3177208386877575
TCGA-HE-A5NL-01,TCGA-HE-A5NL-01,3.193115008407838
TCGA-IA-A40U-01,TCGA-IA-A40U-01,2.9347091234572846
TCGA-IA-A40X-01,TCGA-IA-A40X-01,3.246504801176131
TCGA-IA-A40Y-01,TCGA-IA-A40Y-01,2.5715532292176064
TCGA-IA-A83S-01,TCGA-IA-A83S-01,3.289692109457377
TCGA-IA-A83T-01,TCGA-IA-A83T-01,3.0927221713752306
TCGA-IA-A83V-01,TCGA-IA-A83V-01,2.7826386643910643
TCGA-IA-A83W-01,TCGA-IA-A83W-01,3.0360728745440273
TCGA-IZ-8195-01,TCGA-IZ-8195-01,3.0988365687378705
TCGA-IZ-8196-01,TCGA-IZ-8196-01,3.1997538791448514
TCGA-IZ-A6M8-01,TCGA-IZ-A6M8-01,3.234694013988305
TCGA-IZ-A6M9-01,TCGA-IZ-A6M9-01,3.0229477238883353
TCGA-J7-6720-01,TCGA-J7-6720-01,3.1893720841463677
TCGA-J7-8537-01,TCGA-J7-8537-01,3.2916189093405457
TCGA-J7-A8I2-01,TCGA-J7-A8I2-01,2.7694792989532675
TCGA-KV-A6GD-01,TCGA-KV-A6GD-01,3.0085168203657413
TCGA-KV-A6GE-01,TCGA-KV-A6GE-01,2.689475924845518
TCGA-KV-A74V-01,TCGA-KV-A74V-01,3.2184760925317994
TCGA-MH-A55W-01,TCGA-MH-A55W-01,3.0367432325025208
TCGA-MH-A55Z-01,TCGA-MH-A55Z-01,2.882880727094739
TCGA-MH-A560-01,TCGA-MH-A560-01,3.406995516875228
TCGA-MH-A561-01,TCGA-MH-A561-01,2.8129311186526165
TCGA-MH-A562-01,TCGA-MH-A562-01,2.868661475061409
TCGA-MH-A854-01,TCGA-MH-A854-01,3.076633162660105
TCGA-MH-A855-01,TCGA-MH-A855-01,3.2486354285429884
TCGA-MH-A856-01,TCGA-MH-A856-01,2.986882554924726
TCGA-MH-A857-01,TCGA-MH-A857-01,3.4039696862091464
TCGA-O9-A75Z-01,TCGA-O9-A75Z-01,3.0197021496202376
TCGA-P4-A5E6-01,TCGA-P4-A5E6-01,3.20937070548129
TCGA-P4-A5E7-01,TCGA-P4-A5E7-01,2.978398923910989
TCGA-P4-A5E8-01,TCGA-P4-A5E8-01,3.3701440584329916
TCGA-P4-A5E8-11,TCGA-P4-A5E8-11,2.834030296491746
TCGA-P4-A5EA-01,TCGA-P4-A5EA-01,3.249237316820269
TCGA-P4-A5EB-01,TCGA-P4-A5EB-01,3.261474739552374
TCGA-P4-A5ED-01,TCGA-P4-A5ED-01,3.449221661237453
TCGA-P4-A5ED-11,TCGA-P4-A5ED-11,2.9352035554728806
TCGA-P4-AAVK-01,TCGA-P4-AAVK-01,3.221439975435789
TCGA-P4-AAVL-01,TCGA-P4-AAVL-01,2.9912671421491517
TCGA-P4-AAVM-01,TCGA-P4-AAVM-01,3.3439886755767105
TCGA-P4-AAVO-01,TCGA-P4-AAVO-01,3.319777279053188
TCGA-PJ-A5Z8-01,TCGA-PJ-A5Z8-01,2.9200513909902623
TCGA-PJ-A5Z9-01,TCGA-PJ-A5Z9-01,3.2670983752418437
TCGA-Q2-A5QZ-01,TCGA-Q2-A5QZ-01,3.102136406451045
TCGA-SX-A71R-01,TCGA-SX-A71R-01,3.1776810511177835
TCGA-SX-A71S-01,TCGA-SX-A71S-01,3.021224016710285
TCGA-SX-A71U-01,TCGA-SX-A71U-01,3.2652504773980393
TCGA-SX-A71V-01,TCGA-SX-A71V-01,3.2960475230671014
TCGA-SX-A71W-01,TCGA-SX-A71W-01,3.028111240789652
TCGA-SX-A7SL-01,TCGA-SX-A7SL-01,3.268495185164599
TCGA-SX-A7SM-01,TCGA-SX-A7SM-01,3.2719365112201557
TCGA-SX-A7SN-01,TCGA-SX-A7SN-01,3.0990805727622215
TCGA-SX-A7SO-01,TCGA-SX-A7SO-01,3.2744245356217867
TCGA-SX-A7SP-01,TCGA-SX-A7SP-01,3.1191240725813656
TCGA-SX-A7SQ-01,TCGA-SX-A7SQ-01,3.30581001183151
TCGA-SX-A7SR-01,TCGA-SX-A7SR-01,2.915182740563434
TCGA-SX-A7SS-01,TCGA-SX-A7SS-01,3.3053820819861808
TCGA-SX-A7SU-01,TCGA-SX-A7SU-01,3.0870048793015643
TCGA-UN-AAZ9-01,TCGA-UN-AAZ9-01,3.216301051306066
TCGA-UZ-A9PJ-01,TCGA-UZ-A9PJ-01,3.110818843264626
TCGA-UZ-A9PK-01,TCGA-UZ-A9PK-01,3.0431531891144594
TCGA-UZ-A9PL-01,TCGA-UZ-A9PL-01,3.0369771824424063
TCGA-UZ-A9PM-01,TCGA-UZ-A9PM-01,3.2835204457105234
TCGA-UZ-A9PN-01,TCGA-UZ-A9PN-01,2.980559461077844
TCGA-UZ-A9PO-01,TCGA-UZ-A9PO-01,3.2013255764483812
TCGA-UZ-A9PP-01,TCGA-UZ-A9PP-01,3.15396161862327
TCGA-UZ-A9PQ-01,TCGA-UZ-A9PQ-01,3.2262567960838844
TCGA-UZ-A9PR-01,TCGA-UZ-A9PR-01,3.125655918125581
TCGA-UZ-A9PS-01,TCGA-UZ-A9PS-01,3.2310104096474257
TCGA-UZ-A9PS-05,TCGA-UZ-A9PS-05,3.1811285865255226
TCGA-UZ-A9PU-01,TCGA-UZ-A9PU-01,2.975366287895695
TCGA-UZ-A9PV-01,TCGA-UZ-A9PV-01,3.2813038743805705
TCGA-UZ-A9PX-01,TCGA-UZ-A9PX-01,2.98561828868996
TCGA-UZ-A9PZ-01,TCGA-UZ-A9PZ-01,3.239979976330842
TCGA-UZ-A9Q0-01,TCGA-UZ-A9Q0-01,3.110650969087753
TCGA-UZ-A9Q1-01,TCGA-UZ-A9Q1-01,3.3288338575552583
TCGA-V9-A7HT-01,TCGA-V9-A7HT-01,3.149073366755541
TCGA-WN-A9G9-01,TCGA-WN-A9G9-01,3.3108477626725166
TCGA-WN-AB4C-01,TCGA-WN-AB4C-01,3.529162073791361
TCGA-Y8-A894-01,TCGA-Y8-A894-01,3.1165531262027866
TCGA-Y8-A895-01,TCGA-Y8-A895-01,3.2871552414627723
TCGA-Y8-A896-01,TCGA-Y8-A896-01,3.1901102720569043
TCGA-Y8-A897-01,TCGA-Y8-A897-01,3.1224258509688596
TCGA-Y8-A898-01,TCGA-Y8-A898-01,3.141848453513087
TCGA-Y8-A8RY-01,TCGA-Y8-A8RY-01,2.85818603536964
TCGA-Y8-A8RY-11,TCGA-Y8-A8RY-11,3.0127204828847667
TCGA-Y8-A8RZ-01,TCGA-Y8-A8RZ-01,3.004591028843977
TCGA-Y8-A8S0-01,TCGA-Y8-A8S0-01,3.1551734624057035
TCGA-Y8-A8S1-01,TCGA-Y8-A8S1-01,3.113493729344839
TCGA-2J-AAB1-01,TCGA-2J-AAB1-01,2.792512425212864
TCGA-2J-AAB4-01,TCGA-2J-AAB4-01,2.366243024755352
TCGA-2J-AAB6-01,TCGA-2J-AAB6-01,3.0545442705530794
TCGA-2J-AAB8-01,TCGA-2J-AAB8-01,2.9405520574322885
TCGA-2J-AAB9-01,TCGA-2J-AAB9-01,2.797481882967355
TCGA-2J-AABA-01,TCGA-2J-AABA-01,2.680502985261673
TCGA-2J-AABE-01,TCGA-2J-AABE-01,2.9804900386186097
TCGA-2J-AABF-01,TCGA-2J-AABF-01,2.5117286060168356
TCGA-2J-AABH-01,TCGA-2J-AABH-01,2.3139077368755148
TCGA-2J-AABI-01,TCGA-2J-AABI-01,2.3477287680041177
TCGA-2J-AABK-01,TCGA-2J-AABK-01,2.510146182130965
TCGA-2J-AABO-01,TCGA-2J-AABO-01,3.247609759495128
TCGA-2J-AABP-01,TCGA-2J-AABP-01,3.19173816263333
TCGA-2J-AABR-01,TCGA-2J-AABR-01,2.680749723310244
TCGA-2J-AABT-01,TCGA-2J-AABT-01,2.189109026436145
TCGA-2J-AABU-01,TCGA-2J-AABU-01,2.600709502140762
TCGA-2J-AABV-01,TCGA-2J-AABV-01,2.4766381166409333
TCGA-2L-AAQA-01,TCGA-2L-AAQA-01,3.327868617736989
TCGA-2L-AAQE-01,TCGA-2L-AAQE-01,2.9128466023704367
TCGA-2L-AAQI-01,TCGA-2L-AAQI-01,2.783250246671547
TCGA-2L-AAQJ-01,TCGA-2L-AAQJ-01,2.8690729781078903
TCGA-2L-AAQL-01,TCGA-2L-AAQL-01,2.7037938106160233
TCGA-2L-AAQM-01,TCGA-2L-AAQM-01,2.1118377164427975
TCGA-3A-A9I5-01,TCGA-3A-A9I5-01,2.7131391570123697
TCGA-3A-A9I7-01,TCGA-3A-A9I7-01,2.093211314137398
TCGA-3A-A9I9-01,TCGA-3A-A9I9-01,2.1372922551046227
TCGA-3A-A9IB-01,TCGA-3A-A9IB-01,3.01099228519939
TCGA-3A-A9IC-01,TCGA-3A-A9IC-01,2.7988082574856383
TCGA-3A-A9IH-01,TCGA-3A-A9IH-01,2.7469162991707807
TCGA-3A-A9IJ-01,TCGA-3A-A9IJ-01,3.122771703784299
TCGA-3A-A9IL-01,TCGA-3A-A9IL-01,2.449245935414011
TCGA-3A-A9IN-01,TCGA-3A-A9IN-01,2.54281945707598
TCGA-3A-A9IO-01,TCGA-3A-A9IO-01,2.902527090842698
TCGA-3A-A9IR-01,TCGA-3A-A9IR-01,3.0705724325248585
TCGA-3A-A9IS-01,TCGA-3A-A9IS-01,3.033452465867535
TCGA-3A-A9IU-01,TCGA-3A-A9IU-01,2.9714032354711106
TCGA-3A-A9IV-01,TCGA-3A-A9IV-01,2.855348552218646
TCGA-3A-A9IX-01,TCGA-3A-A9IX-01,2.191349410103379
TCGA-3A-A9IZ-01,TCGA-3A-A9IZ-01,2.821099525016556
TCGA-3A-A9J0-01,TCGA-3A-A9J0-01,2.640637896286339
TCGA-3E-AAAY-01,TCGA-3E-AAAY-01,2.3404942531960504
TCGA-3E-AAAZ-01,TCGA-3E-AAAZ-01,2.7522468948554595
TCGA-F2-6879-01,TCGA-F2-6879-01,2.610240771209519
TCGA-F2-6880-01,TCGA-F2-6880-01,2.914024812253197
TCGA-F2-7273-01,TCGA-F2-7273-01,2.5710249963948124
TCGA-F2-7276-01,TCGA-F2-7276-01,2.3384992150499304
TCGA-F2-A44G-01,TCGA-F2-A44G-01,3.0222948023808915
TCGA-F2-A44H-01,TCGA-F2-A44H-01,2.8197094147672477
TCGA-F2-A7TX-01,TCGA-F2-A7TX-01,2.9546757978324996
TCGA-F2-A8YN-01,TCGA-F2-A8YN-01,3.344639172232359
TCGA-FB-A4P5-01,TCGA-FB-A4P5-01,2.478639187902547
TCGA-FB-A4P6-01,TCGA-FB-A4P6-01,2.731202153752311
TCGA-FB-A545-01,TCGA-FB-A545-01,3.089468619997681
TCGA-FB-A5VM-01,TCGA-FB-A5VM-01,3.1789070321274115
TCGA-FB-A78T-01,TCGA-FB-A78T-01,2.598711040990876
TCGA-FB-A7DR-01,TCGA-FB-A7DR-01,2.8216648297701865
TCGA-FB-AAPP-01,TCGA-FB-AAPP-01,2.3992930049441163
TCGA-FB-AAPQ-01,TCGA-FB-AAPQ-01,2.5794439877729562
TCGA-FB-AAPS-01,TCGA-FB-AAPS-01,2.8210245809246843
TCGA-FB-AAPU-01,TCGA-FB-AAPU-01,2.50403097912264
TCGA-FB-AAPY-01,TCGA-FB-AAPY-01,2.433732504655671
TCGA-FB-AAPZ-01,TCGA-FB-AAPZ-01,2.4625137454377106
TCGA-FB-AAQ0-01,TCGA-FB-AAQ0-01,2.7857218907012
TCGA-FB-AAQ1-01,TCGA-FB-AAQ1-01,2.3063104644228627
TCGA-FB-AAQ2-01,TCGA-FB-AAQ2-01,2.7875734857810013
TCGA-FB-AAQ3-01,TCGA-FB-AAQ3-01,2.673478012926063
TCGA-FB-AAQ6-01,TCGA-FB-AAQ6-01,2.868158013618457
TCGA-H6-8124-01,TCGA-H6-8124-01,2.8946747563693864
TCGA-H6-8124-11,TCGA-H6-8124-11,2.3439038848632574
TCGA-H6-A45N-01,TCGA-H6-A45N-01,2.097291244403889
TCGA-H6-A45N-11,TCGA-H6-A45N-11,2.9983330435403204
TCGA-H8-A6C1-01,TCGA-H8-A6C1-01,2.476898540134707
TCGA-HV-A5A3-01,TCGA-HV-A5A3-01,3.0318183247665895
TCGA-HV-A5A3-11,TCGA-HV-A5A3-11,2.1331445068469517
TCGA-HV-A5A4-01,TCGA-HV-A5A4-01,2.651954893647211
TCGA-HV-A5A5-01,TCGA-HV-A5A5-01,2.643363663028154
TCGA-HV-A5A6-01,TCGA-HV-A5A6-01,2.9449185065305348
TCGA-HV-A7OL-01,TCGA-HV-A7OL-01,2.684745896687284
TCGA-HV-A7OP-01,TCGA-HV-A7OP-01,2.876065240984804
TCGA-HV-AA8V-01,TCGA-HV-AA8V-01,2.685263835527869
TCGA-HV-AA8X-01,TCGA-HV-AA8X-01,2.771404366958391
TCGA-HZ-7289-01,TCGA-HZ-7289-01,2.3148622864121933
TCGA-HZ-7918-01,TCGA-HZ-7918-01,2.8892473774973064
TCGA-HZ-7919-01,TCGA-HZ-7919-01,2.5003993163908165
TCGA-HZ-7920-01,TCGA-HZ-7920-01,2.8471359973843264
TCGA-HZ-7922-01,TCGA-HZ-7922-01,2.5785662653660317
TCGA-HZ-7923-01,TCGA-HZ-7923-01,3.07576634464773
TCGA-HZ-7924-01,TCGA-HZ-7924-01,2.6031858975354307
TCGA-HZ-7925-01,TCGA-HZ-7925-01,2.679670749153874
TCGA-HZ-7926-01,TCGA-HZ-7926-01,3.3127913985531254
TCGA-HZ-8001-01,TCGA-HZ-8001-01,2.801800406381264
TCGA-HZ-8002-01,TCGA-HZ-8002-01,2.9705999731536066
TCGA-HZ-8003-01,TCGA-HZ-8003-01,2.317412680734056
TCGA-HZ-8005-01,TCGA-HZ-8005-01,3.1726392935670162
TCGA-HZ-8315-01,TCGA-HZ-8315-01,2.452349038465019
TCGA-HZ-8317-01,TCGA-HZ-8317-01,2.5647526183079288
TCGA-HZ-8519-01,TCGA-HZ-8519-01,2.31854295055003
TCGA-HZ-8636-01,TCGA-HZ-8636-01,3.2828374785086663
TCGA-HZ-8637-01,TCGA-HZ-8637-01,2.6393062261573874
TCGA-HZ-8638-01,TCGA-HZ-8638-01,2.6777906338438875
TCGA-HZ-A49G-01,TCGA-HZ-A49G-01,2.4305261893288463
TCGA-HZ-A49H-01,TCGA-HZ-A49H-01,3.1402772158683723
TCGA-HZ-A49I-01,TCGA-HZ-A49I-01,2.924115108703874
TCGA-HZ-A4BH-01,TCGA-HZ-A4BH-01,3.1781286059879825
TCGA-HZ-A4BK-01,TCGA-HZ-A4BK-01,2.4107871115198236
TCGA-HZ-A77O-01,TCGA-HZ-A77O-01,2.9394943666183866
TCGA-HZ-A77P-01,TCGA-HZ-A77P-01,2.3435883829073116
TCGA-HZ-A77Q-01,TCGA-HZ-A77Q-01,2.3431391359686176
TCGA-HZ-A8P0-01,TCGA-HZ-A8P0-01,2.6974370128185363
TCGA-HZ-A8P1-01,TCGA-HZ-A8P1-01,2.2958260497032317
TCGA-HZ-A9TJ-01,TCGA-HZ-A9TJ-01,2.5057941492955003
TCGA-HZ-A9TJ-06,TCGA-HZ-A9TJ-06,2.9954276243334794
TCGA-IB-7644-01,TCGA-IB-7644-01,2.7747997577545562
TCGA-IB-7645-01,TCGA-IB-7645-01,2.3664453090694115
TCGA-IB-7646-01,TCGA-IB-7646-01,2.5399980983700385
TCGA-IB-7647-01,TCGA-IB-7647-01,2.4960386482077452
TCGA-IB-7649-01,TCGA-IB-7649-01,2.7962969633700974
TCGA-IB-7651-01,TCGA-IB-7651-01,2.3565540638488156
TCGA-IB-7652-01,TCGA-IB-7652-01,2.7864647081323697
TCGA-IB-7654-01,TCGA-IB-7654-01,3.1300821460105976
TCGA-IB-7885-01,TCGA-IB-7885-01,2.983608665909818
TCGA-IB-7886-01,TCGA-IB-7886-01,2.688882609286617
TCGA-IB-7887-01,TCGA-IB-7887-01,3.02915252120006
TCGA-IB-7888-01,TCGA-IB-7888-01,3.1267162393078576
TCGA-IB-7889-01,TCGA-IB-7889-01,2.7431465906275982
TCGA-IB-7890-01,TCGA-IB-7890-01,3.2288949104487377
TCGA-IB-7891-01,TCGA-IB-7891-01,2.8889948227415836
TCGA-IB-7893-01,TCGA-IB-7893-01,3.541724150823029
TCGA-IB-7897-01,TCGA-IB-7897-01,3.0309345857320724
TCGA-IB-8126-01,TCGA-IB-8126-01,2.7764429118583838
TCGA-IB-8127-01,TCGA-IB-8127-01,2.3852365549682153
TCGA-IB-A5SO-01,TCGA-IB-A5SO-01,2.8855809096783944
TCGA-IB-A5SP-01,TCGA-IB-A5SP-01,2.828930807508331
TCGA-IB-A5SQ-01,TCGA-IB-A5SQ-01,3.066849195579158
TCGA-IB-A5SS-01,TCGA-IB-A5SS-01,2.722870520265723
TCGA-IB-A5ST-01,TCGA-IB-A5ST-01,2.6426793203011183
TCGA-IB-A6UF-01,TCGA-IB-A6UF-01,2.85968977238357
TCGA-IB-A6UG-01,TCGA-IB-A6UG-01,2.9245681537179133
TCGA-IB-A7LX-01,TCGA-IB-A7LX-01,3.145922730786954
TCGA-IB-A7M4-01,TCGA-IB-A7M4-01,3.007779676259947
TCGA-IB-AAUM-01,TCGA-IB-AAUM-01,2.4063518435515756
TCGA-IB-AAUN-01,TCGA-IB-AAUN-01,2.787768412774837
TCGA-IB-AAUO-01,TCGA-IB-AAUO-01,3.4718765364129878
TCGA-IB-AAUP-01,TCGA-IB-AAUP-01,2.2414744111298273
TCGA-IB-AAUQ-01,TCGA-IB-AAUQ-01,3.0626346699725238
TCGA-IB-AAUR-01,TCGA-IB-AAUR-01,2.782059855058652
TCGA-IB-AAUS-01,TCGA-IB-AAUS-01,2.8109454363950466
TCGA-IB-AAUT-01,TCGA-IB-AAUT-01,2.4392215938933135
TCGA-IB-AAUU-01,TCGA-IB-AAUU-01,2.890986089224112
TCGA-IB-AAUV-01,TCGA-IB-AAUV-01,2.8055632512968156
TCGA-IB-AAUW-01,TCGA-IB-AAUW-01,2.4780257415518365
TCGA-L1-A7W4-01,TCGA-L1-A7W4-01,2.799363829499594
TCGA-LB-A7SX-01,TCGA-LB-A7SX-01,3.151967002091132
TCGA-LB-A8F3-01,TCGA-LB-A8F3-01,2.666036659447051
TCGA-LB-A9Q5-01,TCGA-LB-A9Q5-01,3.0178578890936256
TCGA-M8-A5N4-01,TCGA-M8-A5N4-01,3.28200860040472
TCGA-OE-A75W-01,TCGA-OE-A75W-01,2.6737903640716443
TCGA-PZ-A5RE-01,TCGA-PZ-A5RE-01,2.2945556042820843
TCGA-Q3-A5QY-01,TCGA-Q3-A5QY-01,2.6894050309665967
TCGA-Q3-AA2A-01,TCGA-Q3-AA2A-01,2.819380915413805
TCGA-RB-A7B8-01,TCGA-RB-A7B8-01,2.9484625582432393
TCGA-RB-AA9M-01,TCGA-RB-AA9M-01,2.9123028733540965
TCGA-RL-AAAS-01,TCGA-RL-AAAS-01,2.3829996444217363
TCGA-S4-A8RM-01,TCGA-S4-A8RM-01,2.4663133488605125
TCGA-S4-A8RO-01,TCGA-S4-A8RO-01,2.5535868106003115
TCGA-S4-A8RP-01,TCGA-S4-A8RP-01,2.6014421200931723
TCGA-US-A774-01,TCGA-US-A774-01,2.324595640134356
TCGA-US-A776-01,TCGA-US-A776-01,2.1214127768679583
TCGA-US-A779-01,TCGA-US-A779-01,2.243937332419574
TCGA-US-A77E-01,TCGA-US-A77E-01,2.5602775966781652
TCGA-US-A77G-01,TCGA-US-A77G-01,2.2422548801869544
TCGA-US-A77J-01,TCGA-US-A77J-01,2.4396105279627873
TCGA-XD-AAUG-01,TCGA-XD-AAUG-01,2.721563065190765
TCGA-XD-AAUH-01,TCGA-XD-AAUH-01,3.000201098545607
TCGA-XD-AAUI-01,TCGA-XD-AAUI-01,2.926100029578467
TCGA-XD-AAUL-01,TCGA-XD-AAUL-01,2.625713211003408
TCGA-XN-A8T3-01,TCGA-XN-A8T3-01,2.829324479217847
TCGA-XN-A8T5-01,TCGA-XN-A8T5-01,3.459257505498906
TCGA-YB-A89D-01,TCGA-YB-A89D-01,2.7941207858662716
TCGA-YB-A89D-11,TCGA-YB-A89D-11,2.522539297808251
TCGA-YH-A8SY-01,TCGA-YH-A8SY-01,3.2162490610181482
TCGA-YY-A8LH-01,TCGA-YY-A8LH-01,2.507257419411476
TCGA-Z5-AAPL-01,TCGA-Z5-AAPL-01,2.7911887156116384
TCGA-3B-A9HI-01,TCGA-3B-A9HI-01,3.147509661109138
TCGA-3B-A9HJ-01,TCGA-3B-A9HJ-01,2.8259016373548924
TCGA-3B-A9HL-01,TCGA-3B-A9HL-01,3.388052571498303
TCGA-3B-A9HO-01,TCGA-3B-A9HO-01,3.035283452860486
TCGA-3B-A9HP-01,TCGA-3B-A9HP-01,2.994242639839993
TCGA-3B-A9HQ-01,TCGA-3B-A9HQ-01,2.9344831894615226
TCGA-3B-A9HR-01,TCGA-3B-A9HR-01,3.2112024262592853
TCGA-3B-A9HS-01,TCGA-3B-A9HS-01,2.902043886063343
TCGA-3B-A9HT-01,TCGA-3B-A9HT-01,3.0576968804483893
TCGA-3B-A9HU-01,TCGA-3B-A9HU-01,3.114161295760778
TCGA-3B-A9HV-01,TCGA-3B-A9HV-01,3.3185499739310886
TCGA-3B-A9HX-01,TCGA-3B-A9HX-01,3.2196115817929547
TCGA-3B-A9HY-01,TCGA-3B-A9HY-01,3.1371584178184273
TCGA-3B-A9HZ-01,TCGA-3B-A9HZ-01,2.906092322349831
TCGA-3B-A9I0-01,TCGA-3B-A9I0-01,3.0052877949381265
TCGA-3B-A9I1-01,TCGA-3B-A9I1-01,3.148008227350865
TCGA-3B-A9I3-01,TCGA-3B-A9I3-01,3.4446817928153273
TCGA-3R-A8YX-01,TCGA-3R-A8YX-01,2.979919757174966
TCGA-DX-A1KU-01,TCGA-DX-A1KU-01,2.9625999724470797
TCGA-DX-A1KW-01,TCGA-DX-A1KW-01,3.622649287261626
TCGA-DX-A1KX-01,TCGA-DX-A1KX-01,3.2063022782708015
TCGA-DX-A1KY-01,TCGA-DX-A1KY-01,3.085834109093283
TCGA-DX-A1KZ-01,TCGA-DX-A1KZ-01,3.0536811066198872
TCGA-DX-A1L0-01,TCGA-DX-A1L0-01,3.2863075270982143
TCGA-DX-A1L1-01,TCGA-DX-A1L1-01,2.9950085904883195
TCGA-DX-A1L2-01,TCGA-DX-A1L2-01,2.9470723716347487
TCGA-DX-A1L3-01,TCGA-DX-A1L3-01,3.1943972882365417
TCGA-DX-A1L4-01,TCGA-DX-A1L4-01,3.0944037894054275
TCGA-DX-A23R-01,TCGA-DX-A23R-01,2.9157622977375905
TCGA-DX-A23T-01,TCGA-DX-A23T-01,3.468540203872634
TCGA-DX-A23U-01,TCGA-DX-A23U-01,3.2586272563048775
TCGA-DX-A23V-01,TCGA-DX-A23V-01,3.0464023145822168
TCGA-DX-A23Y-01,TCGA-DX-A23Y-01,3.320019213027993
TCGA-DX-A23Z-01,TCGA-DX-A23Z-01,3.2582187549663315
TCGA-DX-A240-01,TCGA-DX-A240-01,2.678533839197784
TCGA-DX-A2IZ-01,TCGA-DX-A2IZ-01,2.8038226412417675
TCGA-DX-A2J0-01,TCGA-DX-A2J0-01,3.3951833467223786
TCGA-DX-A2J1-01,TCGA-DX-A2J1-01,3.0888500761650026
TCGA-DX-A2J4-01,TCGA-DX-A2J4-01,3.050588403946427
TCGA-DX-A3LS-01,TCGA-DX-A3LS-01,2.8711893772538124
TCGA-DX-A3LT-01,TCGA-DX-A3LT-01,3.1314969059422255
TCGA-DX-A3LU-01,TCGA-DX-A3LU-01,2.9368479703074923
TCGA-DX-A3LW-01,TCGA-DX-A3LW-01,3.404243317502395
TCGA-DX-A3LY-01,TCGA-DX-A3LY-01,3.4312911870891916
TCGA-DX-A3M1-01,TCGA-DX-A3M1-01,3.3190432935879906
TCGA-DX-A3M2-01,TCGA-DX-A3M2-01,2.9106707681267157
TCGA-DX-A3U5-01,TCGA-DX-A3U5-01,3.1606966849128364
TCGA-DX-A3U6-01,TCGA-DX-A3U6-01,2.954967881084947
TCGA-DX-A3U7-01,TCGA-DX-A3U7-01,2.8113084746046657
TCGA-DX-A3U8-01,TCGA-DX-A3U8-01,2.6390182667184807
TCGA-DX-A3U9-01,TCGA-DX-A3U9-01,3.10187158590749
TCGA-DX-A3UA-01,TCGA-DX-A3UA-01,3.366396187445927
TCGA-DX-A3UB-01,TCGA-DX-A3UB-01,2.770781085953853
TCGA-DX-A3UC-01,TCGA-DX-A3UC-01,3.0819653073473168
TCGA-DX-A3UD-01,TCGA-DX-A3UD-01,3.0453309049779005
TCGA-DX-A3UE-01,TCGA-DX-A3UE-01,3.02273179447766
TCGA-DX-A3UF-01,TCGA-DX-A3UF-01,3.1225333797673294
TCGA-DX-A48J-01,TCGA-DX-A48J-01,2.95926166378775
TCGA-DX-A48K-01,TCGA-DX-A48K-01,3.1868017604672807
TCGA-DX-A48L-01,TCGA-DX-A48L-01,2.691249322871211
TCGA-DX-A48N-01,TCGA-DX-A48N-01,3.392409401570946
TCGA-DX-A48O-01,TCGA-DX-A48O-01,3.1710974502997393
TCGA-DX-A48P-01,TCGA-DX-A48P-01,3.226563710046319
TCGA-DX-A48R-01,TCGA-DX-A48R-01,3.361565324861976
TCGA-DX-A48U-01,TCGA-DX-A48U-01,3.1902521119345164
TCGA-DX-A6B7-01,TCGA-DX-A6B7-01,3.029239458312844
TCGA-DX-A6B8-01,TCGA-DX-A6B8-01,3.067210072061161
TCGA-DX-A6B9-01,TCGA-DX-A6B9-01,3.1933502960461273
TCGA-DX-A6BA-01,TCGA-DX-A6BA-01,3.1848529705669986
TCGA-DX-A6BB-01,TCGA-DX-A6BB-01,3.1272846997769594
TCGA-DX-A6BE-01,TCGA-DX-A6BE-01,2.8344443527636587
TCGA-DX-A6BF-01,TCGA-DX-A6BF-01,3.1002258513799683
TCGA-DX-A6BG-01,TCGA-DX-A6BG-01,2.9459569384026265
TCGA-DX-A6BH-01,TCGA-DX-A6BH-01,2.7512515703558593
TCGA-DX-A6YQ-01,TCGA-DX-A6YQ-01,2.8762400034391993
TCGA-DX-A6YR-01,TCGA-DX-A6YR-01,3.0807062797270124
TCGA-DX-A6YS-01,TCGA-DX-A6YS-01,3.173488006851357
TCGA-DX-A6YT-01,TCGA-DX-A6YT-01,3.177393914076966
TCGA-DX-A6YU-01,TCGA-DX-A6YU-01,2.7027835355932988
TCGA-DX-A6YV-01,TCGA-DX-A6YV-01,3.3182002284272523
TCGA-DX-A6YX-01,TCGA-DX-A6YX-01,2.7940397550728333
TCGA-DX-A6YZ-01,TCGA-DX-A6YZ-01,2.9954509949785075
TCGA-DX-A6Z0-01,TCGA-DX-A6Z0-01,2.68593514266934
TCGA-DX-A6Z2-01,TCGA-DX-A6Z2-01,2.9391984635641513
TCGA-DX-A7EF-01,TCGA-DX-A7EF-01,3.0200102639936337
TCGA-DX-A7EI-01,TCGA-DX-A7EI-01,3.3951163427109234
TCGA-DX-A7EL-01,TCGA-DX-A7EL-01,3.124581791798874
TCGA-DX-A7EM-01,TCGA-DX-A7EM-01,2.8507168206777185
TCGA-DX-A7EN-01,TCGA-DX-A7EN-01,3.421898228718686
TCGA-DX-A7EO-01,TCGA-DX-A7EO-01,3.071497373384986
TCGA-DX-A7EQ-01,TCGA-DX-A7EQ-01,3.0865590235051013
TCGA-DX-A7ER-01,TCGA-DX-A7ER-01,3.087311597903361
TCGA-DX-A7ES-01,TCGA-DX-A7ES-01,3.0971552751076805
TCGA-DX-A7ET-01,TCGA-DX-A7ET-01,3.0936722922821165
TCGA-DX-A7EU-01,TCGA-DX-A7EU-01,3.0279754268137853
TCGA-DX-A8BG-01,TCGA-DX-A8BG-01,3.14133946440114
TCGA-DX-A8BH-01,TCGA-DX-A8BH-01,3.319064178886268
TCGA-DX-A8BJ-01,TCGA-DX-A8BJ-01,3.172980904536758
TCGA-DX-A8BK-01,TCGA-DX-A8BK-01,2.9865018042641136
TCGA-DX-A8BL-01,TCGA-DX-A8BL-01,3.0747394359429068
TCGA-DX-A8BM-01,TCGA-DX-A8BM-01,3.1519089772365687
TCGA-DX-A8BN-01,TCGA-DX-A8BN-01,3.1850336281864413
TCGA-DX-A8BO-01,TCGA-DX-A8BO-01,3.0920783867922284
TCGA-DX-A8BP-01,TCGA-DX-A8BP-01,3.1012900234459337
TCGA-DX-A8BQ-01,TCGA-DX-A8BQ-01,3.117700064361267
TCGA-DX-A8BR-01,TCGA-DX-A8BR-01,2.856346435349602
TCGA-DX-A8BS-01,TCGA-DX-A8BS-01,3.3047117605956915
TCGA-DX-A8BT-01,TCGA-DX-A8BT-01,3.236523914303716
TCGA-DX-A8BU-01,TCGA-DX-A8BU-01,2.662132240966477
TCGA-DX-A8BV-01,TCGA-DX-A8BV-01,2.892319538818205
TCGA-DX-A8BX-01,TCGA-DX-A8BX-01,3.3021005015099942
TCGA-DX-A8BZ-01,TCGA-DX-A8BZ-01,3.0660405062431018
TCGA-DX-AATS-01,TCGA-DX-AATS-01,2.8910529348349283
TCGA-DX-AB2E-01,TCGA-DX-AB2E-01,2.8021441057425824
TCGA-DX-AB2F-01,TCGA-DX-AB2F-01,3.187605612105898
TCGA-DX-AB2G-01,TCGA-DX-AB2G-01,3.117991295715099
TCGA-DX-AB2H-01,TCGA-DX-AB2H-01,3.139527944387776
TCGA-DX-AB2J-01,TCGA-DX-AB2J-01,2.786722251941789
TCGA-DX-AB2L-01,TCGA-DX-AB2L-01,3.0046376333642484
TCGA-DX-AB2O-01,TCGA-DX-AB2O-01,3.3557827260669306
TCGA-DX-AB2P-01,TCGA-DX-AB2P-01,3.208666368950164
TCGA-DX-AB2Q-01,TCGA-DX-AB2Q-01,3.3550061552815107
TCGA-DX-AB2S-01,TCGA-DX-AB2S-01,3.0284481100871044
TCGA-DX-AB2T-01,TCGA-DX-AB2T-01,3.2459916717431527
TCGA-DX-AB2V-01,TCGA-DX-AB2V-01,3.1391934946014093
TCGA-DX-AB2W-01,TCGA-DX-AB2W-01,2.7983527547164515
TCGA-DX-AB2X-01,TCGA-DX-AB2X-01,3.2440281151969748
TCGA-DX-AB2Z-01,TCGA-DX-AB2Z-01,3.0091956116774465
TCGA-DX-AB30-01,TCGA-DX-AB30-01,3.0890365037022387
TCGA-DX-AB32-01,TCGA-DX-AB32-01,2.92745013164149
TCGA-DX-AB35-01,TCGA-DX-AB35-01,3.4159212215742962
TCGA-DX-AB36-01,TCGA-DX-AB36-01,3.2943753617550593
TCGA-DX-AB37-01,TCGA-DX-AB37-01,3.1911386926396896
TCGA-DX-AB3A-01,TCGA-DX-AB3A-01,2.9492011068488835
TCGA-DX-AB3B-01,TCGA-DX-AB3B-01,3.2367430256841514
TCGA-DX-AB3C-01,TCGA-DX-AB3C-01,3.2546029693678546
TCGA-FX-A2QS-01,TCGA-FX-A2QS-01,2.8619984372154117
TCGA-FX-A2QS-11,TCGA-FX-A2QS-11,2.8494195113875693
TCGA-FX-A3NJ-01,TCGA-FX-A3NJ-01,3.018467217964796
TCGA-FX-A3NK-01,TCGA-FX-A3NK-01,2.6603009936246584
TCGA-FX-A3RE-01,TCGA-FX-A3RE-01,3.157993059394603
TCGA-FX-A3TO-01,TCGA-FX-A3TO-01,3.0323160262464244
TCGA-FX-A48G-01,TCGA-FX-A48G-01,2.801881438496695
TCGA-FX-A76Y-01,TCGA-FX-A76Y-01,3.369678298371064
TCGA-FX-A8OO-01,TCGA-FX-A8OO-01,3.037338688806096
TCGA-HB-A2OT-01,TCGA-HB-A2OT-01,3.052705162348042
TCGA-HB-A3L4-01,TCGA-HB-A3L4-01,3.3358091061792035
TCGA-HB-A3YV-01,TCGA-HB-A3YV-01,2.9584658385825082
TCGA-HB-A43Z-01,TCGA-HB-A43Z-01,2.991852072714567
TCGA-HB-A5W3-01,TCGA-HB-A5W3-01,3.043246588198467
TCGA-HS-A5N7-01,TCGA-HS-A5N7-01,3.1546226022287227
TCGA-HS-A5N8-01,TCGA-HS-A5N8-01,3.4347210584159127
TCGA-HS-A5N9-01,TCGA-HS-A5N9-01,3.1474378234325817
TCGA-HS-A5NA-01,TCGA-HS-A5NA-01,3.053919733767774
TCGA-IE-A3OV-01,TCGA-IE-A3OV-01,3.26320612029721
TCGA-IE-A4EH-01,TCGA-IE-A4EH-01,3.1034124396291576
TCGA-IE-A4EI-01,TCGA-IE-A4EI-01,2.7945088381374124
TCGA-IE-A4EJ-01,TCGA-IE-A4EJ-01,3.171479058211193
TCGA-IE-A4EK-01,TCGA-IE-A4EK-01,3.1314552477772377
TCGA-IE-A6BZ-01,TCGA-IE-A6BZ-01,2.8198423197185907
TCGA-IF-A3RQ-01,TCGA-IF-A3RQ-01,3.2804019092692154
TCGA-IF-A4AJ-01,TCGA-IF-A4AJ-01,3.2119349550535707
TCGA-IF-A4AK-01,TCGA-IF-A4AK-01,3.094821778229337
TCGA-IS-A3K6-01,TCGA-IS-A3K6-01,3.0488502101527013
TCGA-IS-A3K7-01,TCGA-IS-A3K7-01,3.074409521456941
TCGA-IS-A3K8-01,TCGA-IS-A3K8-01,2.8794561911965273
TCGA-IS-A3KA-01,TCGA-IS-A3KA-01,2.920306145777271
TCGA-IW-A3M4-01,TCGA-IW-A3M4-01,3.2224184676218703
TCGA-IW-A3M5-01,TCGA-IW-A3M5-01,3.077680502136983
TCGA-IW-A3M6-01,TCGA-IW-A3M6-01,2.924304615588196
TCGA-JV-A5VE-01,TCGA-JV-A5VE-01,3.2593383393504753
TCGA-JV-A5VF-01,TCGA-JV-A5VF-01,3.144327299061274
TCGA-JV-A75J-01,TCGA-JV-A75J-01,3.0245387593185162
TCGA-K1-A3PN-01,TCGA-K1-A3PN-01,3.2966489324421793
TCGA-K1-A3PN-02,TCGA-K1-A3PN-02,3.1149220092763863
TCGA-K1-A3PO-01,TCGA-K1-A3PO-01,2.8485279453606993
TCGA-K1-A3PO-11,TCGA-K1-A3PO-11,2.897820249193959
TCGA-K1-A42W-01,TCGA-K1-A42W-01,2.8116888639778703
TCGA-K1-A42X-01,TCGA-K1-A42X-01,3.1923043952666075
TCGA-K1-A42X-02,TCGA-K1-A42X-02,3.2502850784043056
TCGA-K1-A6RT-01,TCGA-K1-A6RT-01,3.2097780159918066
TCGA-K1-A6RU-01,TCGA-K1-A6RU-01,2.571884939524579
TCGA-K1-A6RV-01,TCGA-K1-A6RV-01,3.1151242684099123
TCGA-KD-A5QS-01,TCGA-KD-A5QS-01,3.204174750474368
TCGA-KD-A5QT-01,TCGA-KD-A5QT-01,3.275435015645761
TCGA-KD-A5QU-01,TCGA-KD-A5QU-01,3.237951027579123
TCGA-KF-A41W-01,TCGA-KF-A41W-01,3.1085152219524366
TCGA-LI-A67I-01,TCGA-LI-A67I-01,3.073615173697336
TCGA-LI-A9QH-01,TCGA-LI-A9QH-01,2.8721549192092732
TCGA-MB-A5Y8-01,TCGA-MB-A5Y8-01,3.4501844293097608
TCGA-MB-A5Y9-01,TCGA-MB-A5Y9-01,3.062114386895138
TCGA-MB-A5YA-01,TCGA-MB-A5YA-01,3.2272148646309438
TCGA-MB-A8JK-01,TCGA-MB-A8JK-01,3.0553995423908717
TCGA-MB-A8JL-01,TCGA-MB-A8JL-01,3.284984920543817
TCGA-MJ-A68H-01,TCGA-MJ-A68H-01,3.1973094438283085
TCGA-MJ-A68J-01,TCGA-MJ-A68J-01,3.4040072704286795
TCGA-MJ-A850-01,TCGA-MJ-A850-01,2.5913947642773354
TCGA-MO-A47P-01,TCGA-MO-A47P-01,3.1407726077064533
TCGA-MO-A47R-01,TCGA-MO-A47R-01,3.114037616262702
TCGA-N1-A6IA-01,TCGA-N1-A6IA-01,3.2040949455787904
TCGA-PC-A5DK-01,TCGA-PC-A5DK-01,3.3808916202049653
TCGA-PC-A5DL-01,TCGA-PC-A5DL-01,3.07807086815807
TCGA-PC-A5DM-01,TCGA-PC-A5DM-01,2.94021440005887
TCGA-PC-A5DN-01,TCGA-PC-A5DN-01,3.228666454146077
TCGA-PC-A5DO-01,TCGA-PC-A5DO-01,2.897223603176516
TCGA-PC-A5DP-01,TCGA-PC-A5DP-01,3.229502970197595
TCGA-PT-A8TR-01,TCGA-PT-A8TR-01,2.96289632658249
TCGA-QC-A6FX-01,TCGA-QC-A6FX-01,3.1422979762976277
TCGA-QC-A7B5-01,TCGA-QC-A7B5-01,3.246785967566573
TCGA-QC-AA9N-01,TCGA-QC-AA9N-01,3.15233394258207
TCGA-QQ-A5V2-01,TCGA-QQ-A5V2-01,2.826764419904224
TCGA-QQ-A5V9-01,TCGA-QQ-A5V9-01,3.2961474931996193
TCGA-QQ-A5VA-01,TCGA-QQ-A5VA-01,3.2469446474070343
TCGA-QQ-A5VB-01,TCGA-QQ-A5VB-01,3.141515701504387
TCGA-QQ-A5VC-01,TCGA-QQ-A5VC-01,3.1955769808778722
TCGA-QQ-A5VD-01,TCGA-QQ-A5VD-01,3.175085560667334
TCGA-QQ-A8VB-01,TCGA-QQ-A8VB-01,3.18677348829493
TCGA-QQ-A8VD-01,TCGA-QQ-A8VD-01,3.185089781601371
TCGA-QQ-A8VF-01,TCGA-QQ-A8VF-01,3.0499820589683138
TCGA-QQ-A8VG-01,TCGA-QQ-A8VG-01,3.1123139638016566
TCGA-QQ-A8VH-01,TCGA-QQ-A8VH-01,3.0301740471194503
TCGA-RN-A68Q-01,TCGA-RN-A68Q-01,2.7754716764399077
TCGA-RN-AAAQ-01,TCGA-RN-AAAQ-01,3.274991360689831
TCGA-SG-A6Z4-01,TCGA-SG-A6Z4-01,2.963790217129186
TCGA-SG-A6Z7-01,TCGA-SG-A6Z7-01,3.0962564507146766
TCGA-SG-A849-01,TCGA-SG-A849-01,2.9454117538222198
TCGA-SI-A71O-01,TCGA-SI-A71O-01,3.1594755011421514
TCGA-SI-A71O-06,TCGA-SI-A71O-06,3.0657648095298082
TCGA-SI-A71P-01,TCGA-SI-A71P-01,3.0266209580606236
TCGA-SI-A71Q-01,TCGA-SI-A71Q-01,3.1314136493782474
TCGA-SI-AA8B-01,TCGA-SI-AA8B-01,2.765316435254754
TCGA-SI-AA8C-01,TCGA-SI-AA8C-01,2.574135966019589
TCGA-UE-A6QT-01,TCGA-UE-A6QT-01,3.072670126160925
TCGA-UE-A6QU-01,TCGA-UE-A6QU-01,3.1447472701970076
TCGA-VT-A80G-01,TCGA-VT-A80G-01,3.352563784352476
TCGA-VT-A80J-01,TCGA-VT-A80J-01,2.9971485841551626
TCGA-VT-A80J-02,TCGA-VT-A80J-02,3.1749779455659883
TCGA-VT-AB3D-01,TCGA-VT-AB3D-01,3.0831001396702944
TCGA-WK-A8XO-01,TCGA-WK-A8XO-01,2.7421934756991906
TCGA-WK-A8XQ-01,TCGA-WK-A8XQ-01,3.1126750766333644
TCGA-WK-A8XS-01,TCGA-WK-A8XS-01,3.132035767458312
TCGA-WK-A8XT-01,TCGA-WK-A8XT-01,3.1499754252773635
TCGA-WK-A8XX-01,TCGA-WK-A8XX-01,2.8138163613776603
TCGA-WK-A8XY-01,TCGA-WK-A8XY-01,3.1783052192441996
TCGA-WK-A8XZ-01,TCGA-WK-A8XZ-01,3.1951371978664307
TCGA-WK-A8Y0-01,TCGA-WK-A8Y0-01,2.6199674910060984
TCGA-WP-A9GB-01,TCGA-WP-A9GB-01,3.3388998322898447
TCGA-X2-A95T-01,TCGA-X2-A95T-01,3.1324152439098154
TCGA-X6-A7W8-01,TCGA-X6-A7W8-01,3.0572768041310687
TCGA-X6-A7WA-01,TCGA-X6-A7WA-01,3.072569252950562
TCGA-X6-A7WB-01,TCGA-X6-A7WB-01,3.301566097605466
TCGA-X6-A7WC-01,TCGA-X6-A7WC-01,3.034025475557662
TCGA-X6-A7WD-01,TCGA-X6-A7WD-01,3.0638400140320523
TCGA-X6-A8C2-01,TCGA-X6-A8C2-01,3.0434547535310923
TCGA-X6-A8C3-01,TCGA-X6-A8C3-01,2.8066783802737554
TCGA-X6-A8C4-01,TCGA-X6-A8C4-01,3.234608713072703
TCGA-X6-A8C5-01,TCGA-X6-A8C5-01,2.9988265902503635
TCGA-X6-A8C6-01,TCGA-X6-A8C6-01,2.971892886262564
TCGA-X6-A8C7-01,TCGA-X6-A8C7-01,3.4001259404643003
TCGA-X9-A971-01,TCGA-X9-A971-01,3.193484532622864
TCGA-X9-A973-01,TCGA-X9-A973-01,3.117253732722765
TCGA-Z4-A8JB-01,TCGA-Z4-A8JB-01,3.2264790512770394
TCGA-Z4-A9VC-01,TCGA-Z4-A9VC-01,3.259426479714345
TCGA-Z4-AAPF-01,TCGA-Z4-AAPF-01,2.986769898539623
TCGA-Z4-AAPG-01,TCGA-Z4-AAPG-01,3.063057962445123
TCGA-2W-A8YY-01,TCGA-2W-A8YY-01,3.220407575718855
TCGA-4J-AA1J-01,TCGA-4J-AA1J-01,3.169341868289184
TCGA-BI-A0VR-01,TCGA-BI-A0VR-01,2.7356719863761674
TCGA-BI-A0VS-01,TCGA-BI-A0VS-01,2.844057619751659
TCGA-BI-A20A-01,TCGA-BI-A20A-01,3.1737696980411725
TCGA-C5-A0TN-01,TCGA-C5-A0TN-01,3.173012682650555
TCGA-C5-A1BE-01,TCGA-C5-A1BE-01,3.3835919497894325
TCGA-C5-A1BF-01,TCGA-C5-A1BF-01,3.163948338113201
TCGA-C5-A1BI-01,TCGA-C5-A1BI-01,3.1104125493288652
TCGA-C5-A1BJ-01,TCGA-C5-A1BJ-01,3.0011052837381618
TCGA-C5-A1BK-01,TCGA-C5-A1BK-01,3.061344826197418
TCGA-C5-A1BL-01,TCGA-C5-A1BL-01,2.772351110816613
TCGA-C5-A1BM-01,TCGA-C5-A1BM-01,2.962135802497453
TCGA-C5-A1BN-01,TCGA-C5-A1BN-01,2.9270923352912357
TCGA-C5-A1BQ-01,TCGA-C5-A1BQ-01,3.0847831788507767
TCGA-C5-A1M5-01,TCGA-C5-A1M5-01,3.173793834928674
TCGA-C5-A1M6-01,TCGA-C5-A1M6-01,2.6098140476181566
TCGA-C5-A1M7-01,TCGA-C5-A1M7-01,3.3319315888255665
TCGA-C5-A1M8-01,TCGA-C5-A1M8-01,3.4996965921544967
TCGA-C5-A1M9-01,TCGA-C5-A1M9-01,3.0632213869433143
TCGA-C5-A1ME-01,TCGA-C5-A1ME-01,2.473574461262162
TCGA-C5-A1MF-01,TCGA-C5-A1MF-01,2.714716256659662
TCGA-C5-A1MH-01,TCGA-C5-A1MH-01,3.2871113386289474
TCGA-C5-A1MI-01,TCGA-C5-A1MI-01,3.2311991382494707
TCGA-C5-A1MJ-01,TCGA-C5-A1MJ-01,3.104333774557756
TCGA-C5-A1MK-01,TCGA-C5-A1MK-01,3.307847935429079
TCGA-C5-A1ML-01,TCGA-C5-A1ML-01,3.2144010034127373
TCGA-C5-A1MN-01,TCGA-C5-A1MN-01,2.9671608371665528
TCGA-C5-A1MP-01,TCGA-C5-A1MP-01,3.1490570429689506
TCGA-C5-A1MQ-01,TCGA-C5-A1MQ-01,2.9251129566072303
TCGA-C5-A2LS-01,TCGA-C5-A2LS-01,2.660749853484027
TCGA-C5-A2LT-01,TCGA-C5-A2LT-01,3.0964355261598886
TCGA-C5-A2LV-01,TCGA-C5-A2LV-01,2.7371317502249917
TCGA-C5-A2LX-01,TCGA-C5-A2LX-01,2.866890256659402
TCGA-C5-A2LY-01,TCGA-C5-A2LY-01,3.10310118376002
TCGA-C5-A2LZ-01,TCGA-C5-A2LZ-01,3.095581369034629
TCGA-C5-A2M1-01,TCGA-C5-A2M1-01,3.033531674392968
TCGA-C5-A2M2-01,TCGA-C5-A2M2-01,3.027902578719057
TCGA-C5-A3HD-01,TCGA-C5-A3HD-01,3.0471669116853737
TCGA-C5-A3HE-01,TCGA-C5-A3HE-01,2.4010199506638417
TCGA-C5-A3HF-01,TCGA-C5-A3HF-01,3.0148645660140043
TCGA-C5-A3HL-01,TCGA-C5-A3HL-01,3.243653024060141
TCGA-C5-A7CG-01,TCGA-C5-A7CG-01,3.1085007869248686
TCGA-C5-A7CH-01,TCGA-C5-A7CH-01,3.085400669419814
TCGA-C5-A7CJ-01,TCGA-C5-A7CJ-01,2.9944752881815693
TCGA-C5-A7CK-01,TCGA-C5-A7CK-01,3.0171992971648653
TCGA-C5-A7CL-01,TCGA-C5-A7CL-01,3.00773960366403
TCGA-C5-A7CM-01,TCGA-C5-A7CM-01,2.9047589633489506
TCGA-C5-A7CO-01,TCGA-C5-A7CO-01,3.2711943010987157
TCGA-C5-A7UC-01,TCGA-C5-A7UC-01,2.8695814714236643
TCGA-C5-A7UE-01,TCGA-C5-A7UE-01,2.8841400604880496
TCGA-C5-A7UH-01,TCGA-C5-A7UH-01,3.0434788634237457
TCGA-C5-A7UI-01,TCGA-C5-A7UI-01,2.7205588474356124
TCGA-C5-A7X3-01,TCGA-C5-A7X3-01,3.2791083288511174
TCGA-C5-A7X5-01,TCGA-C5-A7X5-01,3.1069487214518543
TCGA-C5-A7X8-01,TCGA-C5-A7X8-01,2.66154113954194
TCGA-C5-A7XC-01,TCGA-C5-A7XC-01,3.0700638021565685
TCGA-C5-A8XH-01,TCGA-C5-A8XH-01,2.830393852411983
TCGA-C5-A8XI-01,TCGA-C5-A8XI-01,3.1065831266556208
TCGA-C5-A8XJ-01,TCGA-C5-A8XJ-01,3.2416303111301876
TCGA-C5-A8XK-01,TCGA-C5-A8XK-01,3.3103335628148836
TCGA-C5-A8YQ-01,TCGA-C5-A8YQ-01,2.989348718250641
TCGA-C5-A8YR-01,TCGA-C5-A8YR-01,2.697830388690752
TCGA-C5-A8YT-01,TCGA-C5-A8YT-01,3.0517836704041423
TCGA-C5-A8ZZ-01,TCGA-C5-A8ZZ-01,2.890061436800971
TCGA-C5-A901-01,TCGA-C5-A901-01,3.056299060879712
TCGA-C5-A902-01,TCGA-C5-A902-01,3.2122378382616192
TCGA-C5-A905-01,TCGA-C5-A905-01,3.18386353847032
TCGA-C5-A907-01,TCGA-C5-A907-01,3.1922931762175004
TCGA-DG-A2KH-01,TCGA-DG-A2KH-01,2.913574832301985
TCGA-DG-A2KJ-01,TCGA-DG-A2KJ-01,2.6885691500788593
TCGA-DG-A2KK-01,TCGA-DG-A2KK-01,2.7763371528370193
TCGA-DG-A2KL-01,TCGA-DG-A2KL-01,3.0615294380066445
TCGA-DG-A2KM-01,TCGA-DG-A2KM-01,3.4058198337023264
TCGA-DR-A0ZL-01,TCGA-DR-A0ZL-01,3.006336537813494
TCGA-DR-A0ZM-01,TCGA-DR-A0ZM-01,2.762146323916568
TCGA-DS-A0VK-01,TCGA-DS-A0VK-01,3.2051806109962713
TCGA-DS-A0VL-01,TCGA-DS-A0VL-01,2.958918038521658
TCGA-DS-A0VM-01,TCGA-DS-A0VM-01,3.228443890488439
TCGA-DS-A0VN-01,TCGA-DS-A0VN-01,3.1620622612842517
TCGA-DS-A1O9-01,TCGA-DS-A1O9-01,2.703492457833108
TCGA-DS-A1OA-01,TCGA-DS-A1OA-01,3.1797246504530507
TCGA-DS-A1OB-01,TCGA-DS-A1OB-01,2.8418070929990713
TCGA-DS-A1OC-01,TCGA-DS-A1OC-01,2.860263342061405
TCGA-DS-A1OD-01,TCGA-DS-A1OD-01,2.986014614268608
TCGA-DS-A3LQ-01,TCGA-DS-A3LQ-01,2.894986870434085
TCGA-DS-A5RQ-01,TCGA-DS-A5RQ-01,3.058079335539819
TCGA-DS-A7WF-01,TCGA-DS-A7WF-01,3.1802824598839035
TCGA-DS-A7WH-01,TCGA-DS-A7WH-01,3.0421602339158254
TCGA-DS-A7WI-01,TCGA-DS-A7WI-01,2.953304907988839
TCGA-EA-A1QS-01,TCGA-EA-A1QS-01,3.0767836161779654
TCGA-EA-A1QT-01,TCGA-EA-A1QT-01,3.528319350745222
TCGA-EA-A3HQ-01,TCGA-EA-A3HQ-01,2.862928686789371
TCGA-EA-A3HR-01,TCGA-EA-A3HR-01,2.9006111960271306
TCGA-EA-A3HS-01,TCGA-EA-A3HS-01,2.7879434703309385
TCGA-EA-A3HT-01,TCGA-EA-A3HT-01,3.044238167151332
TCGA-EA-A3HU-01,TCGA-EA-A3HU-01,3.355957087249079
TCGA-EA-A3QD-01,TCGA-EA-A3QD-01,3.05702330824589
TCGA-EA-A3QE-01,TCGA-EA-A3QE-01,2.742825866607595
TCGA-EA-A3Y4-01,TCGA-EA-A3Y4-01,2.806241355524569
TCGA-EA-A410-01,TCGA-EA-A410-01,2.735002288120538
TCGA-EA-A411-01,TCGA-EA-A411-01,2.2696762424962165
TCGA-EA-A439-01,TCGA-EA-A439-01,2.6862575704973617
TCGA-EA-A43B-01,TCGA-EA-A43B-01,2.793462276886657
TCGA-EA-A44S-01,TCGA-EA-A44S-01,2.738689464005914
TCGA-EA-A4BA-01,TCGA-EA-A4BA-01,2.857341805747144
TCGA-EA-A50E-01,TCGA-EA-A50E-01,3.0520244435001973
TCGA-EA-A556-01,TCGA-EA-A556-01,2.7662037898230505
TCGA-EA-A5FO-01,TCGA-EA-A5FO-01,3.1215287335319126
TCGA-EA-A5O9-01,TCGA-EA-A5O9-01,3.457567076553225
TCGA-EA-A5ZD-01,TCGA-EA-A5ZD-01,3.0896650112813844
TCGA-EA-A5ZE-01,TCGA-EA-A5ZE-01,3.1056898506024986
TCGA-EA-A5ZF-01,TCGA-EA-A5ZF-01,2.0753269844443554
TCGA-EA-A6QX-01,TCGA-EA-A6QX-01,3.1498070941953458
TCGA-EA-A78R-01,TCGA-EA-A78R-01,3.077275619297117
TCGA-EA-A97N-01,TCGA-EA-A97N-01,3.2092926376587894
TCGA-EK-A2GZ-01,TCGA-EK-A2GZ-01,3.4282247498434466
TCGA-EK-A2H0-01,TCGA-EK-A2H0-01,2.9947636729127316
TCGA-EK-A2H1-01,TCGA-EK-A2H1-01,2.811195502075927
TCGA-EK-A2IP-01,TCGA-EK-A2IP-01,2.939398395872127
TCGA-EK-A2IR-01,TCGA-EK-A2IR-01,3.171462986922998
TCGA-EK-A2PG-01,TCGA-EK-A2PG-01,3.0040706229793046
TCGA-EK-A2PI-01,TCGA-EK-A2PI-01,2.6777068618817097
TCGA-EK-A2PK-01,TCGA-EK-A2PK-01,2.9416204132316324
TCGA-EK-A2PL-01,TCGA-EK-A2PL-01,3.109015136688892
TCGA-EK-A2PM-01,TCGA-EK-A2PM-01,3.4248470357361533
TCGA-EK-A2R7-01,TCGA-EK-A2R7-01,2.8503762345079195
TCGA-EK-A2R8-01,TCGA-EK-A2R8-01,3.32820554927874
TCGA-EK-A2R9-01,TCGA-EK-A2R9-01,3.0586081563245267
TCGA-EK-A2RA-01,TCGA-EK-A2RA-01,3.07971371662429
TCGA-EK-A2RB-01,TCGA-EK-A2RB-01,3.0399837595398544
TCGA-EK-A2RC-01,TCGA-EK-A2RC-01,3.2058688053520523
TCGA-EK-A2RE-01,TCGA-EK-A2RE-01,3.1608995134473394
TCGA-EK-A2RJ-01,TCGA-EK-A2RJ-01,2.823658241836225
TCGA-EK-A2RK-01,TCGA-EK-A2RK-01,2.7769197912526984
TCGA-EK-A2RL-01,TCGA-EK-A2RL-01,2.935817028012835
TCGA-EK-A2RM-01,TCGA-EK-A2RM-01,3.016899056302914
TCGA-EK-A2RN-01,TCGA-EK-A2RN-01,2.900563548888195
TCGA-EK-A2RO-01,TCGA-EK-A2RO-01,3.014363251298415
TCGA-EK-A3GJ-01,TCGA-EK-A3GJ-01,2.974280097908558
TCGA-EK-A3GK-01,TCGA-EK-A3GK-01,2.871479012387587
TCGA-EK-A3GM-01,TCGA-EK-A3GM-01,2.7514424347818975
TCGA-EK-A3GN-01,TCGA-EK-A3GN-01,3.0997122782278286
TCGA-EX-A1H5-01,TCGA-EX-A1H5-01,3.332345361604917
TCGA-EX-A1H6-01,TCGA-EX-A1H6-01,2.4863178233972087
TCGA-EX-A3L1-01,TCGA-EX-A3L1-01,2.994566304894938
TCGA-EX-A449-01,TCGA-EX-A449-01,2.590392638896623
TCGA-EX-A69L-01,TCGA-EX-A69L-01,3.2748736852979086
TCGA-EX-A69M-01,TCGA-EX-A69M-01,3.481154455646391
TCGA-EX-A8YF-01,TCGA-EX-A8YF-01,2.708771372087395
TCGA-FU-A23K-01,TCGA-FU-A23K-01,2.217630688539569
TCGA-FU-A23L-01,TCGA-FU-A23L-01,2.547815951680116
TCGA-FU-A2QG-01,TCGA-FU-A2QG-01,3.0112344545060425
TCGA-FU-A3EO-01,TCGA-FU-A3EO-01,2.896585483002401
TCGA-FU-A3EO-11,TCGA-FU-A3EO-11,3.3032403171498177
TCGA-FU-A3HY-01,TCGA-FU-A3HY-01,3.138499817694671
TCGA-FU-A3HZ-01,TCGA-FU-A3HZ-01,2.915137917142718
TCGA-FU-A3NI-01,TCGA-FU-A3NI-01,3.0665947639502567
TCGA-FU-A3TQ-01,TCGA-FU-A3TQ-01,3.1131306619715815
TCGA-FU-A3TX-01,TCGA-FU-A3TX-01,3.35024347289955
TCGA-FU-A3WB-01,TCGA-FU-A3WB-01,3.3240289090999404
TCGA-FU-A3YQ-01,TCGA-FU-A3YQ-01,2.609645901066701
TCGA-FU-A40J-01,TCGA-FU-A40J-01,2.79124614063916
TCGA-FU-A57G-01,TCGA-FU-A57G-01,3.2258483150878314
TCGA-FU-A5XV-01,TCGA-FU-A5XV-01,3.280808486700323
TCGA-FU-A770-01,TCGA-FU-A770-01,2.96026806045678
TCGA-GH-A9DA-01,TCGA-GH-A9DA-01,3.052401466045177
TCGA-HG-A2PA-01,TCGA-HG-A2PA-01,3.261535267799972
TCGA-HM-A3JJ-01,TCGA-HM-A3JJ-01,2.973982939965308
TCGA-HM-A3JJ-11,TCGA-HM-A3JJ-11,3.175509461386624
TCGA-HM-A3JK-01,TCGA-HM-A3JK-01,3.092255013781472
TCGA-HM-A4S6-01,TCGA-HM-A4S6-01,3.2795951140387825
TCGA-HM-A6W2-01,TCGA-HM-A6W2-01,2.837660763902913
TCGA-HM-A6W2-06,TCGA-HM-A6W2-06,2.8990524536200515
TCGA-IR-A3L7-01,TCGA-IR-A3L7-01,3.0164271834997427
TCGA-IR-A3LA-01,TCGA-IR-A3LA-01,2.8457747398743938
TCGA-IR-A3LB-01,TCGA-IR-A3LB-01,3.2918087160430245
TCGA-IR-A3LC-01,TCGA-IR-A3LC-01,3.117241406923908
TCGA-IR-A3LF-01,TCGA-IR-A3LF-01,2.826321397751314
TCGA-IR-A3LH-01,TCGA-IR-A3LH-01,2.895317190736897
TCGA-IR-A3LI-01,TCGA-IR-A3LI-01,3.2389433682655357
TCGA-IR-A3LK-01,TCGA-IR-A3LK-01,2.8961740941200302
TCGA-IR-A3LL-01,TCGA-IR-A3LL-01,3.1496708239339086
TCGA-JW-A5VG-01,TCGA-JW-A5VG-01,3.138610975688934
TCGA-JW-A5VH-01,TCGA-JW-A5VH-01,3.074388801282978
TCGA-JW-A5VI-01,TCGA-JW-A5VI-01,2.8788292446632524
TCGA-JW-A5VJ-01,TCGA-JW-A5VJ-01,3.029026300774266
TCGA-JW-A5VK-01,TCGA-JW-A5VK-01,3.039583767994569
TCGA-JW-A5VL-01,TCGA-JW-A5VL-01,3.201934389556893
TCGA-JW-A69B-01,TCGA-JW-A69B-01,2.1534332332952264
TCGA-JW-A852-01,TCGA-JW-A852-01,2.8516946644556787
TCGA-JW-AAVH-01,TCGA-JW-AAVH-01,2.8955181258970386
TCGA-JX-A3PZ-01,TCGA-JX-A3PZ-01,2.9094272991914147
TCGA-JX-A3Q0-01,TCGA-JX-A3Q0-01,2.952719013156168
TCGA-JX-A3Q8-01,TCGA-JX-A3Q8-01,3.475714061822834
TCGA-JX-A5QV-01,TCGA-JX-A5QV-01,3.153176937506883
TCGA-LP-A4AU-01,TCGA-LP-A4AU-01,3.1104096228624933
TCGA-LP-A4AV-01,TCGA-LP-A4AV-01,2.7745915894951656
TCGA-LP-A4AW-01,TCGA-LP-A4AW-01,3.2666204548922564
TCGA-LP-A4AX-01,TCGA-LP-A4AX-01,3.107808453195318
TCGA-LP-A5U2-01,TCGA-LP-A5U2-01,3.114293659750382
TCGA-LP-A5U3-01,TCGA-LP-A5U3-01,3.296614289385609
TCGA-LP-A7HU-01,TCGA-LP-A7HU-01,2.929238728138225
TCGA-MA-AA3W-01,TCGA-MA-AA3W-01,2.8004659766748334
TCGA-MA-AA3X-01,TCGA-MA-AA3X-01,3.23795049878988
TCGA-MA-AA3Y-01,TCGA-MA-AA3Y-01,2.8836512005785955
TCGA-MA-AA3Z-01,TCGA-MA-AA3Z-01,3.2134003370782187
TCGA-MA-AA41-01,TCGA-MA-AA41-01,2.9021503597498897
TCGA-MA-AA42-01,TCGA-MA-AA42-01,2.9874331263682965
TCGA-MA-AA43-01,TCGA-MA-AA43-01,3.2291499466497653
TCGA-MU-A51Y-01,TCGA-MU-A51Y-01,2.8096532123822815
TCGA-MU-A5YI-01,TCGA-MU-A5YI-01,3.158521822041514
TCGA-MU-A8JM-01,TCGA-MU-A8JM-01,3.213011635726125
TCGA-MY-A5BD-01,TCGA-MY-A5BD-01,2.257143430388268
TCGA-MY-A5BE-01,TCGA-MY-A5BE-01,3.1972773091347264
TCGA-MY-A5BF-01,TCGA-MY-A5BF-01,2.8426411072460973
TCGA-MY-A5BF-11,TCGA-MY-A5BF-11,2.9731752263975086
TCGA-MY-A913-01,TCGA-MY-A913-01,3.1922079459632076
TCGA-PN-A8M9-01,TCGA-PN-A8M9-01,3.1214527051442205
TCGA-PN-A8MA-01,TCGA-PN-A8MA-01,2.6424623461875347
TCGA-Q1-A5R1-01,TCGA-Q1-A5R1-01,2.816344580392154
TCGA-Q1-A5R2-01,TCGA-Q1-A5R2-01,2.988104125233222
TCGA-Q1-A5R3-01,TCGA-Q1-A5R3-01,2.971778390070559
TCGA-Q1-A6DT-01,TCGA-Q1-A6DT-01,2.875621441293454
TCGA-Q1-A6DV-01,TCGA-Q1-A6DV-01,2.3108418490862905
TCGA-Q1-A6DW-01,TCGA-Q1-A6DW-01,3.3836200432301973
TCGA-Q1-A73O-01,TCGA-Q1-A73O-01,2.9116559336512386
TCGA-Q1-A73P-01,TCGA-Q1-A73P-01,2.92794985807205
TCGA-Q1-A73Q-01,TCGA-Q1-A73Q-01,2.7848571141211553
TCGA-Q1-A73R-01,TCGA-Q1-A73R-01,3.398090595250218
TCGA-Q1-A73S-01,TCGA-Q1-A73S-01,3.408494491969274
TCGA-R2-A69V-01,TCGA-R2-A69V-01,2.4864594497533776
TCGA-RA-A741-01,TCGA-RA-A741-01,3.124178899647535
TCGA-UC-A7PD-01,TCGA-UC-A7PD-01,2.9540538001802097
TCGA-UC-A7PF-01,TCGA-UC-A7PF-01,3.054607626437669
TCGA-UC-A7PG-01,TCGA-UC-A7PG-01,3.18088012014287
TCGA-UC-A7PG-06,TCGA-UC-A7PG-06,3.3010316532318766
TCGA-UC-A7PI-01,TCGA-UC-A7PI-01,2.8023331506526956
TCGA-VS-A8EB-01,TCGA-VS-A8EB-01,2.8904818907293772
TCGA-VS-A8EC-01,TCGA-VS-A8EC-01,3.1808918354224707
TCGA-VS-A8EG-01,TCGA-VS-A8EG-01,3.1391801169666698
TCGA-VS-A8EH-01,TCGA-VS-A8EH-01,2.9008117114381324
TCGA-VS-A8EI-01,TCGA-VS-A8EI-01,2.839254045685604
TCGA-VS-A8EJ-01,TCGA-VS-A8EJ-01,2.87815476076693
TCGA-VS-A8EK-01,TCGA-VS-A8EK-01,3.262771570870761
TCGA-VS-A8EL-01,TCGA-VS-A8EL-01,2.940933298692055
TCGA-VS-A8Q8-01,TCGA-VS-A8Q8-01,2.641211493418032
TCGA-VS-A8Q9-01,TCGA-VS-A8Q9-01,3.2998934350712577
TCGA-VS-A8QA-01,TCGA-VS-A8QA-01,3.1525026278424786
TCGA-VS-A8QC-01,TCGA-VS-A8QC-01,3.2570032795127055
TCGA-VS-A8QF-01,TCGA-VS-A8QF-01,3.004218109048784
TCGA-VS-A8QH-01,TCGA-VS-A8QH-01,2.4355043891450467
TCGA-VS-A8QM-01,TCGA-VS-A8QM-01,3.0019548962265277
TCGA-VS-A94W-01,TCGA-VS-A94W-01,2.765927479773534
TCGA-VS-A94X-01,TCGA-VS-A94X-01,3.2108432597012415
TCGA-VS-A94Y-01,TCGA-VS-A94Y-01,2.878389186729247
TCGA-VS-A94Z-01,TCGA-VS-A94Z-01,2.7288293440170794
TCGA-VS-A950-01,TCGA-VS-A950-01,2.9652157641195402
TCGA-VS-A952-01,TCGA-VS-A952-01,3.1901849127035886
TCGA-VS-A953-01,TCGA-VS-A953-01,2.964393178050129
TCGA-VS-A954-01,TCGA-VS-A954-01,3.389637931705281
TCGA-VS-A957-01,TCGA-VS-A957-01,3.0912469735487447
TCGA-VS-A958-01,TCGA-VS-A958-01,3.263566005474585
TCGA-VS-A959-01,TCGA-VS-A959-01,3.0987007125037067
TCGA-VS-A9U5-01,TCGA-VS-A9U5-01,3.413251986727524
TCGA-VS-A9U6-01,TCGA-VS-A9U6-01,3.0033515708277214
TCGA-VS-A9U7-01,TCGA-VS-A9U7-01,2.8991289513157166
TCGA-VS-A9UB-01,TCGA-VS-A9UB-01,3.176579129718084
TCGA-VS-A9UC-01,TCGA-VS-A9UC-01,3.0774770509798732
TCGA-VS-A9UD-01,TCGA-VS-A9UD-01,2.683423790804064
TCGA-VS-A9UH-01,TCGA-VS-A9UH-01,2.8951433507082496
TCGA-VS-A9UI-01,TCGA-VS-A9UI-01,3.0459122287939793
TCGA-VS-A9UJ-01,TCGA-VS-A9UJ-01,3.2226307148403666
TCGA-VS-A9UL-01,TCGA-VS-A9UL-01,3.0064641368595515
TCGA-VS-A9UM-01,TCGA-VS-A9UM-01,3.096761019023546
TCGA-VS-A9UO-01,TCGA-VS-A9UO-01,3.117629734365347
TCGA-VS-A9UP-01,TCGA-VS-A9UP-01,2.6418798111719313
TCGA-VS-A9UQ-01,TCGA-VS-A9UQ-01,2.303075333752503
TCGA-VS-A9UR-01,TCGA-VS-A9UR-01,2.947890209783502
TCGA-VS-A9UT-01,TCGA-VS-A9UT-01,2.401636727976039
TCGA-VS-A9UU-01,TCGA-VS-A9UU-01,3.1027760776537603
TCGA-VS-A9UV-01,TCGA-VS-A9UV-01,3.248693898603856
TCGA-VS-A9UY-01,TCGA-VS-A9UY-01,2.9973808946526947
TCGA-VS-A9UZ-01,TCGA-VS-A9UZ-01,2.5914570753156068
TCGA-VS-A9V0-01,TCGA-VS-A9V0-01,3.126699114970029
TCGA-VS-A9V1-01,TCGA-VS-A9V1-01,2.7277563618523897
TCGA-VS-A9V2-01,TCGA-VS-A9V2-01,3.1545686452542983
TCGA-VS-A9V3-01,TCGA-VS-A9V3-01,3.149228919935574
TCGA-VS-A9V4-01,TCGA-VS-A9V4-01,2.3127881986785295
TCGA-VS-A9V5-01,TCGA-VS-A9V5-01,3.0305406623662154
TCGA-VS-AA62-01,TCGA-VS-AA62-01,3.0796481165003198
TCGA-WL-A834-01,TCGA-WL-A834-01,3.316946732070678
TCGA-XS-A8TJ-01,TCGA-XS-A8TJ-01,3.3073361464930087
TCGA-ZJ-A8QO-01,TCGA-ZJ-A8QO-01,3.1819237251253014
TCGA-ZJ-A8QQ-01,TCGA-ZJ-A8QQ-01,3.0174560061973144
TCGA-ZJ-A8QR-01,TCGA-ZJ-A8QR-01,3.072385367657004
TCGA-ZJ-AAX4-01,TCGA-ZJ-AAX4-01,3.037193953964192
TCGA-ZJ-AAX8-01,TCGA-ZJ-AAX8-01,3.028463127103141
TCGA-ZJ-AAXA-01,TCGA-ZJ-AAXA-01,3.3106593288484087
TCGA-ZJ-AAXB-01,TCGA-ZJ-AAXB-01,2.611509254707677
TCGA-ZJ-AAXD-01,TCGA-ZJ-AAXD-01,2.820016411193454
TCGA-ZJ-AAXF-01,TCGA-ZJ-AAXF-01,3.130287833797422
TCGA-ZJ-AAXI-01,TCGA-ZJ-AAXI-01,3.0112785706544622
TCGA-ZJ-AAXJ-01,TCGA-ZJ-AAXJ-01,2.6555689525482817
TCGA-ZJ-AAXN-01,TCGA-ZJ-AAXN-01,2.7997760369623967
TCGA-ZJ-AAXT-01,TCGA-ZJ-AAXT-01,2.9238199701296095
TCGA-ZJ-AAXU-01,TCGA-ZJ-AAXU-01,2.767130854958874
TCGA-ZJ-AB0H-01,TCGA-ZJ-AB0H-01,2.7737841024151857
TCGA-ZJ-AB0I-01,TCGA-ZJ-AB0I-01,2.9650869769171884
TCGA-ZX-AA5X-01,TCGA-ZX-AA5X-01,3.121389020765547
TCGA-3L-AA1B-01,TCGA-3L-AA1B-01,2.175758105516735
TCGA-4N-A93T-01,TCGA-4N-A93T-01,2.5283406163581885
TCGA-4T-AA8H-01,TCGA-4T-AA8H-01,2.5081593612542363
TCGA-5M-AAT4-01,TCGA-5M-AAT4-01,2.5763757969578904
TCGA-5M-AAT5-01,TCGA-5M-AAT5-01,2.5685803874187823
TCGA-5M-AAT6-01,TCGA-5M-AAT6-01,2.3008989632219126
TCGA-5M-AATA-01,TCGA-5M-AATA-01,2.571753299543208
TCGA-5M-AATE-01,TCGA-5M-AATE-01,2.3086023299342937
TCGA-A6-2671-11,TCGA-A6-2671-11,2.4741529880077975
TCGA-A6-2675-01,TCGA-A6-2675-01,2.497200999833556
TCGA-A6-2675-11,TCGA-A6-2675-11,2.4721156083184965
TCGA-A6-2678-11,TCGA-A6-2678-11,2.5381333378370554
TCGA-A6-2679-11,TCGA-A6-2679-11,2.3270539691017507
TCGA-A6-2680-11,TCGA-A6-2680-11,2.3447616673351535
TCGA-A6-2682-01,TCGA-A6-2682-01,2.109158660301195
TCGA-A6-2682-11,TCGA-A6-2682-11,2.5651748415369076
TCGA-A6-2683-11,TCGA-A6-2683-11,2.5257661418749286
TCGA-A6-2684-01,TCGA-A6-2684-01,2.2399038214047247
TCGA-A6-2684-11,TCGA-A6-2684-11,2.563372062494488
TCGA-A6-2685-01,TCGA-A6-2685-01,2.513900015296736
TCGA-A6-2685-11,TCGA-A6-2685-11,2.5734024919774323
TCGA-A6-2686-01,TCGA-A6-2686-01,1.9259331239654698
TCGA-A6-2686-11,TCGA-A6-2686-11,2.499766894301332
TCGA-A6-4105-01,TCGA-A6-4105-01,2.562310726372055
TCGA-A6-5656-01,TCGA-A6-5656-01,2.064541806693642
TCGA-A6-5657-01,TCGA-A6-5657-01,2.1040554034680943
TCGA-A6-5659-01,TCGA-A6-5659-01,2.2461507293380922
TCGA-A6-5659-11,TCGA-A6-5659-11,2.636349042500492
TCGA-A6-5660-01,TCGA-A6-5660-01,2.4720091229967536
TCGA-A6-5661-01,TCGA-A6-5661-01,2.4707608348060326
TCGA-A6-5662-01,TCGA-A6-5662-01,2.1660306793124544
TCGA-A6-5662-11,TCGA-A6-5662-11,2.5876423245778404
TCGA-A6-5664-01,TCGA-A6-5664-01,2.5833933202543813
TCGA-A6-5665-01,TCGA-A6-5665-01,2.4294041915490934
TCGA-A6-5665-11,TCGA-A6-5665-11,2.5300372480349753
TCGA-A6-5666-01,TCGA-A6-5666-01,2.1527533452467553
TCGA-A6-5667-01,TCGA-A6-5667-01,2.1166146384146627
TCGA-A6-5667-11,TCGA-A6-5667-11,2.6389806675336276
TCGA-A6-6137-01,TCGA-A6-6137-01,2.303457533808229
TCGA-A6-6138-01,TCGA-A6-6138-01,2.0216253410928333
TCGA-A6-6140-01,TCGA-A6-6140-01,2.5660161189284905
TCGA-A6-6141-01,TCGA-A6-6141-01,2.349207819296788
TCGA-A6-6142-01,TCGA-A6-6142-01,2.3252666657723653
TCGA-A6-6648-01,TCGA-A6-6648-01,2.8291126649157388
TCGA-A6-6649-01,TCGA-A6-6649-01,2.117254615639261
TCGA-A6-6650-01,TCGA-A6-6650-01,2.6992098150259096
TCGA-A6-6651-01,TCGA-A6-6651-01,2.401092749678341
TCGA-A6-6652-01,TCGA-A6-6652-01,2.240802019881727
TCGA-A6-6653-01,TCGA-A6-6653-01,2.4400520986344127
TCGA-A6-6654-01,TCGA-A6-6654-01,2.2744459103954493
TCGA-A6-6780-01,TCGA-A6-6780-01,2.1298982077694912
TCGA-A6-6781-01,TCGA-A6-6781-01,2.219434824336429
TCGA-A6-6782-01,TCGA-A6-6782-01,2.3307543497848533
TCGA-A6-A565-01,TCGA-A6-A565-01,2.421188782518408
TCGA-A6-A566-01,TCGA-A6-A566-01,2.1188063990142925
TCGA-A6-A567-01,TCGA-A6-A567-01,2.4389318773677986
TCGA-A6-A56B-01,TCGA-A6-A56B-01,2.2680321272700072
TCGA-A6-A5ZU-01,TCGA-A6-A5ZU-01,2.472993543404099
TCGA-AA-3489-01,TCGA-AA-3489-01,2.2098773740946642
TCGA-AA-3489-11,TCGA-AA-3489-11,2.4301303088719868
TCGA-AA-3492-01,TCGA-AA-3492-01,2.2992629561470306
TCGA-AA-3495-01,TCGA-AA-3495-01,2.2240576202029443
TCGA-AA-3496-01,TCGA-AA-3496-01,2.330899365766184
TCGA-AA-3496-11,TCGA-AA-3496-11,2.5432465513622615
TCGA-AA-3502-01,TCGA-AA-3502-01,2.3237613189770006
TCGA-AA-3506-01,TCGA-AA-3506-01,2.1086943138917045
TCGA-AA-3509-01,TCGA-AA-3509-01,2.2042488536395104
TCGA-AA-3511-01,TCGA-AA-3511-01,2.513038357007633
TCGA-AA-3511-11,TCGA-AA-3511-11,2.522016124580264
TCGA-AA-3514-11,TCGA-AA-3514-11,2.649641234644202
TCGA-AA-3516-11,TCGA-AA-3516-11,2.5565614303995234
TCGA-AA-3517-11,TCGA-AA-3517-11,2.46871465753995
TCGA-AA-3518-11,TCGA-AA-3518-11,2.3948095202708037
TCGA-AA-3520-11,TCGA-AA-3520-11,2.4390965757586693
TCGA-AA-3522-11,TCGA-AA-3522-11,2.4187166246521703
TCGA-AA-3525-11,TCGA-AA-3525-11,2.4082995639076326
TCGA-AA-3526-01,TCGA-AA-3526-01,2.253642683150147
TCGA-AA-3527-11,TCGA-AA-3527-11,2.531554285883516
TCGA-AA-3531-11,TCGA-AA-3531-11,2.554444992293563
TCGA-AA-3534-11,TCGA-AA-3534-11,2.4724699184951895
TCGA-AA-3655-01,TCGA-AA-3655-01,2.4036659722802565
TCGA-AA-3655-11,TCGA-AA-3655-11,2.5763659788386484
TCGA-AA-3660-01,TCGA-AA-3660-01,2.2850626904723956
TCGA-AA-3660-11,TCGA-AA-3660-11,2.414960487525798
TCGA-AA-3662-01,TCGA-AA-3662-01,2.1685777113453564
TCGA-AA-3662-11,TCGA-AA-3662-11,2.699728789384448
TCGA-AA-3663-01,TCGA-AA-3663-01,2.152258772199808
TCGA-AA-3663-11,TCGA-AA-3663-11,2.259290474364785
TCGA-AA-3675-01,TCGA-AA-3675-01,2.108610535189034
TCGA-AA-3685-01,TCGA-AA-3685-01,2.4507066029647664
TCGA-AA-3697-01,TCGA-AA-3697-01,2.3700171172547204
TCGA-AA-3697-11,TCGA-AA-3697-11,2.5952042641228275
TCGA-AA-3712-01,TCGA-AA-3712-01,2.3040889340168467
TCGA-AA-3712-11,TCGA-AA-3712-11,2.615140476221642
TCGA-AA-3713-01,TCGA-AA-3713-01,2.2770402968012977
TCGA-AA-3713-11,TCGA-AA-3713-11,2.560058430323557
TCGA-AA-A01P-01,TCGA-AA-A01P-01,2.8622446659697176
TCGA-AA-A01X-01,TCGA-AA-A01X-01,2.4210821704347483
TCGA-AA-A01Z-01,TCGA-AA-A01Z-01,2.286929771242812
TCGA-AA-A02K-01,TCGA-AA-A02K-01,2.208556303262729
TCGA-AA-A02Y-01,TCGA-AA-A02Y-01,2.6522565152793174
TCGA-AD-5900-01,TCGA-AD-5900-01,2.3004458367823286
TCGA-AD-6548-01,TCGA-AD-6548-01,2.192275956416344
TCGA-AD-6888-01,TCGA-AD-6888-01,2.5524513447478867
TCGA-AD-6889-01,TCGA-AD-6889-01,2.2281780758876133
TCGA-AD-6890-01,TCGA-AD-6890-01,2.6633799258542803
TCGA-AD-6895-01,TCGA-AD-6895-01,2.3803900395932374
TCGA-AD-6899-01,TCGA-AD-6899-01,2.278013655535679
TCGA-AD-6901-01,TCGA-AD-6901-01,2.2629058840467096
TCGA-AD-6963-01,TCGA-AD-6963-01,2.196601157637994
TCGA-AD-6964-01,TCGA-AD-6964-01,1.85616619574294
TCGA-AD-6965-01,TCGA-AD-6965-01,2.3180939820243456
TCGA-AD-A5EJ-01,TCGA-AD-A5EJ-01,2.5978743887843065
TCGA-AD-A5EK-01,TCGA-AD-A5EK-01,2.3210097290073226
TCGA-AM-5820-01,TCGA-AM-5820-01,2.4515601804875713
TCGA-AM-5821-01,TCGA-AM-5821-01,2.89441959614108
TCGA-AU-3779-01,TCGA-AU-3779-01,2.089901140294027
TCGA-AU-6004-01,TCGA-AU-6004-01,2.097752914757952
TCGA-AY-5543-01,TCGA-AY-5543-01,2.400480535501983
TCGA-AY-6196-01,TCGA-AY-6196-01,2.8236930172602994
TCGA-AY-6197-01,TCGA-AY-6197-01,2.231999905366327
TCGA-AY-6386-01,TCGA-AY-6386-01,2.265388427346243
TCGA-AY-A54L-01,TCGA-AY-A54L-01,2.3245732752674835
TCGA-AY-A69D-01,TCGA-AY-A69D-01,2.324208421282868
TCGA-AY-A71X-01,TCGA-AY-A71X-01,2.4065811948211913
TCGA-AY-A8YK-01,TCGA-AY-A8YK-01,2.375477915244263
TCGA-AZ-4313-01,TCGA-AZ-4313-01,2.2547301370698403
TCGA-AZ-4315-01,TCGA-AZ-4315-01,2.6566632408272035
TCGA-AZ-4323-01,TCGA-AZ-4323-01,2.053045789430139
TCGA-AZ-4614-01,TCGA-AZ-4614-01,2.4628405828228033
TCGA-AZ-4615-01,TCGA-AZ-4615-01,2.0942121765591724
TCGA-AZ-4616-01,TCGA-AZ-4616-01,2.4274550751669053
TCGA-AZ-4682-01,TCGA-AZ-4682-01,2.4255107690118516
TCGA-AZ-4684-01,TCGA-AZ-4684-01,2.295470677792649
TCGA-AZ-5403-01,TCGA-AZ-5403-01,2.5298404653454636
TCGA-AZ-5407-01,TCGA-AZ-5407-01,2.2561799928360626
TCGA-AZ-6598-01,TCGA-AZ-6598-01,2.4320045820128477
TCGA-AZ-6598-11,TCGA-AZ-6598-11,2.3782827258578076
TCGA-AZ-6599-01,TCGA-AZ-6599-01,2.3083970011623998
TCGA-AZ-6599-11,TCGA-AZ-6599-11,2.568677303554346
TCGA-AZ-6600-01,TCGA-AZ-6600-01,2.1507307642259836
TCGA-AZ-6600-11,TCGA-AZ-6600-11,2.498310342114773
TCGA-AZ-6601-01,TCGA-AZ-6601-01,2.2965152895019356
TCGA-AZ-6601-11,TCGA-AZ-6601-11,2.5447997247413103
TCGA-AZ-6603-01,TCGA-AZ-6603-01,2.299873119766981
TCGA-AZ-6603-11,TCGA-AZ-6603-11,2.2516691621633034
TCGA-AZ-6605-01,TCGA-AZ-6605-01,2.4381687632414466
TCGA-AZ-6605-11,TCGA-AZ-6605-11,2.4056966008195175
TCGA-AZ-6606-01,TCGA-AZ-6606-01,2.493975480233689
TCGA-AZ-6607-01,TCGA-AZ-6607-01,2.92195046565367
TCGA-AZ-6608-01,TCGA-AZ-6608-01,2.303612378377484
TCGA-CA-5254-01,TCGA-CA-5254-01,2.806119181715642
TCGA-CA-5255-01,TCGA-CA-5255-01,2.4318646077360055
TCGA-CA-5256-01,TCGA-CA-5256-01,2.487751918340707
TCGA-CA-5796-01,TCGA-CA-5796-01,2.1938425584054246
TCGA-CA-5797-01,TCGA-CA-5797-01,2.5277887108736987
TCGA-CA-6715-01,TCGA-CA-6715-01,2.2325184686553983
TCGA-CA-6716-01,TCGA-CA-6716-01,2.3002206802220497
TCGA-CA-6717-01,TCGA-CA-6717-01,2.449394175415658
TCGA-CA-6718-01,TCGA-CA-6718-01,2.975349745069211
TCGA-CA-6719-01,TCGA-CA-6719-01,2.499044671170929
TCGA-CK-4947-01,TCGA-CK-4947-01,2.5545835122358107
TCGA-CK-4948-01,TCGA-CK-4948-01,2.2609772909406263
TCGA-CK-4950-01,TCGA-CK-4950-01,2.4666857122904133
TCGA-CK-4951-01,TCGA-CK-4951-01,2.1219322817333763
TCGA-CK-4952-01,TCGA-CK-4952-01,2.5610384216967637
TCGA-CK-5912-01,TCGA-CK-5912-01,2.4909460262979595
TCGA-CK-5913-01,TCGA-CK-5913-01,2.5898263749625055
TCGA-CK-5914-01,TCGA-CK-5914-01,2.109930890645327
TCGA-CK-5915-01,TCGA-CK-5915-01,2.5171773827532373
TCGA-CK-5916-01,TCGA-CK-5916-01,2.342744902713526
TCGA-CK-6746-01,TCGA-CK-6746-01,2.26504707852775
TCGA-CK-6747-01,TCGA-CK-6747-01,2.3268328543546457
TCGA-CK-6748-01,TCGA-CK-6748-01,2.0843731717625857
TCGA-CK-6751-01,TCGA-CK-6751-01,2.3594084966867372
TCGA-CM-4743-01,TCGA-CM-4743-01,2.762224437185851
TCGA-CM-4744-01,TCGA-CM-4744-01,2.077983187930818
TCGA-CM-4747-01,TCGA-CM-4747-01,2.367467098504937
TCGA-CM-4751-01,TCGA-CM-4751-01,2.387853215911351
TCGA-CM-5344-01,TCGA-CM-5344-01,2.284320113472147
TCGA-CM-5348-01,TCGA-CM-5348-01,2.329334209557199
TCGA-CM-5349-01,TCGA-CM-5349-01,2.077267602941506
TCGA-CM-5860-01,TCGA-CM-5860-01,2.333786404290495
TCGA-CM-5861-01,TCGA-CM-5861-01,2.8333408641916145
TCGA-CM-5862-01,TCGA-CM-5862-01,2.447936830701525
TCGA-CM-5863-01,TCGA-CM-5863-01,2.049373422906806
TCGA-CM-5864-01,TCGA-CM-5864-01,2.219760900533833
TCGA-CM-5868-01,TCGA-CM-5868-01,2.3609615964705952
TCGA-CM-6161-01,TCGA-CM-6161-01,2.457732366182028
TCGA-CM-6162-01,TCGA-CM-6162-01,2.13577539399914
TCGA-CM-6163-01,TCGA-CM-6163-01,2.540935707765157
TCGA-CM-6164-01,TCGA-CM-6164-01,2.1659346467973783
TCGA-CM-6165-01,TCGA-CM-6165-01,2.449994814570599
TCGA-CM-6166-01,TCGA-CM-6166-01,2.2781265267593156
TCGA-CM-6167-01,TCGA-CM-6167-01,2.376336236520162
TCGA-CM-6168-01,TCGA-CM-6168-01,2.157656006742595
TCGA-CM-6169-01,TCGA-CM-6169-01,2.1687959022220653
TCGA-CM-6170-01,TCGA-CM-6170-01,2.537021818800796
TCGA-CM-6171-01,TCGA-CM-6171-01,2.2294384639227656
TCGA-CM-6172-01,TCGA-CM-6172-01,2.2439902131394738
TCGA-CM-6674-01,TCGA-CM-6674-01,2.162131743512658
TCGA-CM-6675-01,TCGA-CM-6675-01,2.4956242489736695
TCGA-CM-6676-01,TCGA-CM-6676-01,2.1178639266740356
TCGA-CM-6677-01,TCGA-CM-6677-01,2.5862292847479353
TCGA-CM-6678-01,TCGA-CM-6678-01,2.385617942386776
TCGA-CM-6679-01,TCGA-CM-6679-01,2.147629240869031
TCGA-CM-6680-01,TCGA-CM-6680-01,2.1448822286624667
TCGA-D5-5537-01,TCGA-D5-5537-01,2.733514994354379
TCGA-D5-5538-01,TCGA-D5-5538-01,1.8433125510552264
TCGA-D5-5539-01,TCGA-D5-5539-01,2.081212185462112
TCGA-D5-5540-01,TCGA-D5-5540-01,2.59503196310971
TCGA-D5-5541-01,TCGA-D5-5541-01,2.214258846118707
TCGA-D5-6529-01,TCGA-D5-6529-01,2.18380858624688
TCGA-D5-6530-01,TCGA-D5-6530-01,2.290965046765483
TCGA-D5-6531-01,TCGA-D5-6531-01,2.2676558312125863
TCGA-D5-6532-01,TCGA-D5-6532-01,2.0865396202370885
TCGA-D5-6533-01,TCGA-D5-6533-01,2.2271287457800018
TCGA-D5-6534-01,TCGA-D5-6534-01,2.5589344679716195
TCGA-D5-6535-01,TCGA-D5-6535-01,2.4362937995000746
TCGA-D5-6536-01,TCGA-D5-6536-01,2.2796571454092978
TCGA-D5-6537-01,TCGA-D5-6537-01,2.146049439524373
TCGA-D5-6538-01,TCGA-D5-6538-01,2.1579073349930917
TCGA-D5-6539-01,TCGA-D5-6539-01,2.370022604933701
TCGA-D5-6540-01,TCGA-D5-6540-01,2.7927078573285464
TCGA-D5-6541-01,TCGA-D5-6541-01,2.7132544889476535
TCGA-D5-6898-01,TCGA-D5-6898-01,2.501048375444647
TCGA-D5-6920-01,TCGA-D5-6920-01,2.7161096187922698
TCGA-D5-6922-01,TCGA-D5-6922-01,2.3556920920437516
TCGA-D5-6923-01,TCGA-D5-6923-01,1.996719402862256
TCGA-D5-6924-01,TCGA-D5-6924-01,2.3570867464597463
TCGA-D5-6926-01,TCGA-D5-6926-01,2.116758590992922
TCGA-D5-6927-01,TCGA-D5-6927-01,2.489341669592258
TCGA-D5-6928-01,TCGA-D5-6928-01,2.1771226308823652
TCGA-D5-6929-01,TCGA-D5-6929-01,2.509155030865452
TCGA-D5-6930-01,TCGA-D5-6930-01,1.9515256966209134
TCGA-D5-6931-01,TCGA-D5-6931-01,2.2330585921811608
TCGA-D5-6932-01,TCGA-D5-6932-01,2.270704109766978
TCGA-D5-7000-01,TCGA-D5-7000-01,2.1149347549087985
TCGA-DM-A0X9-01,TCGA-DM-A0X9-01,2.5772072221866726
TCGA-DM-A0XD-01,TCGA-DM-A0XD-01,2.591716921786714
TCGA-DM-A0XF-01,TCGA-DM-A0XF-01,2.2935757022691377
TCGA-DM-A1D0-01,TCGA-DM-A1D0-01,2.1255535106282446
TCGA-DM-A1D4-01,TCGA-DM-A1D4-01,2.57633274057392
TCGA-DM-A1D6-01,TCGA-DM-A1D6-01,2.3725339348129575
TCGA-DM-A1D7-01,TCGA-DM-A1D7-01,2.285688677043533
TCGA-DM-A1D8-01,TCGA-DM-A1D8-01,2.320180978216871
TCGA-DM-A1D9-01,TCGA-DM-A1D9-01,2.321919919429938
TCGA-DM-A1DA-01,TCGA-DM-A1DA-01,2.0580796668273345
TCGA-DM-A1DB-01,TCGA-DM-A1DB-01,2.1013830277677656
TCGA-DM-A1HA-01,TCGA-DM-A1HA-01,2.309764352192902
TCGA-DM-A1HB-01,TCGA-DM-A1HB-01,2.8516039046970176
TCGA-DM-A280-01,TCGA-DM-A280-01,2.358422398140959
TCGA-DM-A282-01,TCGA-DM-A282-01,2.5656882248364554
TCGA-DM-A285-01,TCGA-DM-A285-01,2.202663373291809
TCGA-DM-A288-01,TCGA-DM-A288-01,2.3953895386600834
TCGA-DM-A28A-01,TCGA-DM-A28A-01,2.3081307051799276
TCGA-DM-A28C-01,TCGA-DM-A28C-01,2.5045235783221256
TCGA-DM-A28E-01,TCGA-DM-A28E-01,2.3141803795040623
TCGA-DM-A28F-01,TCGA-DM-A28F-01,2.1084037954776367
TCGA-DM-A28G-01,TCGA-DM-A28G-01,2.404458211685823
TCGA-DM-A28H-01,TCGA-DM-A28H-01,2.2947726320095576
TCGA-DM-A28K-01,TCGA-DM-A28K-01,2.550589507939967
TCGA-DM-A28M-01,TCGA-DM-A28M-01,2.2376546132174315
TCGA-F4-6459-01,TCGA-F4-6459-01,2.195739627038492
TCGA-F4-6460-01,TCGA-F4-6460-01,2.4297912923413945
TCGA-F4-6461-01,TCGA-F4-6461-01,2.092093093549085
TCGA-F4-6463-01,TCGA-F4-6463-01,2.596710810919045
TCGA-F4-6569-01,TCGA-F4-6569-01,2.1568793962025303
TCGA-F4-6570-01,TCGA-F4-6570-01,2.6630568679908415
TCGA-F4-6703-01,TCGA-F4-6703-01,3.0385434513421252
TCGA-F4-6704-01,TCGA-F4-6704-01,2.338806031950793
TCGA-F4-6704-11,TCGA-F4-6704-11,2.4618719761841077
TCGA-F4-6805-01,TCGA-F4-6805-01,2.222670509677317
TCGA-F4-6806-01,TCGA-F4-6806-01,2.3432159300040984
TCGA-F4-6807-01,TCGA-F4-6807-01,2.217629256162059
TCGA-F4-6808-01,TCGA-F4-6808-01,2.239463794695774
TCGA-F4-6809-01,TCGA-F4-6809-01,2.4453536543807037
TCGA-F4-6854-01,TCGA-F4-6854-01,2.295117993144868
TCGA-F4-6855-01,TCGA-F4-6855-01,2.7004280904198725
TCGA-F4-6856-01,TCGA-F4-6856-01,2.1443219665806508
TCGA-F4-6857-01,TCGA-F4-6857-01,2.119055994415356
TCGA-G4-6293-01,TCGA-G4-6293-01,2.481729683270859
TCGA-G4-6294-01,TCGA-G4-6294-01,2.278992004536841
TCGA-G4-6295-01,TCGA-G4-6295-01,2.1574814488954277
TCGA-G4-6297-01,TCGA-G4-6297-01,2.3662497647539547
TCGA-G4-6298-01,TCGA-G4-6298-01,2.4139398844527924
TCGA-G4-6299-01,TCGA-G4-6299-01,2.87675762466949
TCGA-G4-6302-01,TCGA-G4-6302-01,2.1154553923164032
TCGA-G4-6303-01,TCGA-G4-6303-01,1.9360252124452808
TCGA-G4-6304-01,TCGA-G4-6304-01,2.4482647615851167
TCGA-G4-6306-01,TCGA-G4-6306-01,2.000639895200557
TCGA-G4-6307-01,TCGA-G4-6307-01,2.6107240887165
TCGA-G4-6309-01,TCGA-G4-6309-01,2.4287403947384982
TCGA-G4-6310-01,TCGA-G4-6310-01,2.204526193934419
TCGA-G4-6311-01,TCGA-G4-6311-01,2.263288483994602
TCGA-G4-6314-01,TCGA-G4-6314-01,2.6308812882937413
TCGA-G4-6315-01,TCGA-G4-6315-01,2.5714980418635385
TCGA-G4-6317-01,TCGA-G4-6317-01,2.1665314959640454
TCGA-G4-6317-02,TCGA-G4-6317-02,2.3005924576182104
TCGA-G4-6320-01,TCGA-G4-6320-01,2.263906898403895
TCGA-G4-6321-01,TCGA-G4-6321-01,2.2599768429814096
TCGA-G4-6322-01,TCGA-G4-6322-01,2.1686452723075478
TCGA-G4-6323-01,TCGA-G4-6323-01,2.328409691602379
TCGA-G4-6586-01,TCGA-G4-6586-01,2.2162867974884666
TCGA-G4-6588-01,TCGA-G4-6588-01,2.5966529693094182
TCGA-G4-6625-01,TCGA-G4-6625-01,2.2143748830641306
TCGA-G4-6626-01,TCGA-G4-6626-01,2.5021733120393357
TCGA-G4-6627-01,TCGA-G4-6627-01,2.461856812768664
TCGA-G4-6628-01,TCGA-G4-6628-01,2.4028348509131146
TCGA-NH-A50T-01,TCGA-NH-A50T-01,2.351236186014047
TCGA-NH-A50U-01,TCGA-NH-A50U-01,2.0683050098997064
TCGA-NH-A50V-01,TCGA-NH-A50V-01,2.270132038084263
TCGA-NH-A5IV-01,TCGA-NH-A5IV-01,2.294095353788579
TCGA-NH-A6GA-01,TCGA-NH-A6GA-01,2.31646914491267
TCGA-NH-A6GB-01,TCGA-NH-A6GB-01,2.14125846097162
TCGA-NH-A6GC-01,TCGA-NH-A6GC-01,2.057580318052637
TCGA-NH-A8F7-01,TCGA-NH-A8F7-01,2.3331648669802685
TCGA-NH-A8F7-06,TCGA-NH-A8F7-06,2.30165051853021
TCGA-NH-A8F8-01,TCGA-NH-A8F8-01,2.1890797057432394
TCGA-QG-A5YV-01,TCGA-QG-A5YV-01,2.6210273635105934
TCGA-QG-A5YW-01,TCGA-QG-A5YW-01,2.299637516791355
TCGA-QG-A5YX-01,TCGA-QG-A5YX-01,2.6863697727718296
TCGA-QG-A5Z1-01,TCGA-QG-A5Z1-01,2.269408107901323
TCGA-QG-A5Z2-01,TCGA-QG-A5Z2-01,2.222066532416815
TCGA-QL-A97D-01,TCGA-QL-A97D-01,2.401635104256423
TCGA-RU-A8FL-01,TCGA-RU-A8FL-01,1.9349608363493718
TCGA-SS-A7HO-01,TCGA-SS-A7HO-01,2.3980027996295528
TCGA-T9-A92H-01,TCGA-T9-A92H-01,2.2599794648377585
TCGA-WS-AB45-01,TCGA-WS-AB45-01,2.049156603184421
TCGA-18-3406-01,TCGA-18-3406-01,2.662917854266538
TCGA-18-3407-01,TCGA-18-3407-01,3.133119663885087
TCGA-18-3408-01,TCGA-18-3408-01,3.433124096393753
TCGA-18-3409-01,TCGA-18-3409-01,3.181783299898438
TCGA-18-3410-01,TCGA-18-3410-01,3.0981453355508854
TCGA-18-3411-01,TCGA-18-3411-01,3.117731448131681
TCGA-18-3412-01,TCGA-18-3412-01,3.0517057378939136
TCGA-18-3414-01,TCGA-18-3414-01,2.824497948714755
TCGA-18-3415-01,TCGA-18-3415-01,2.9413383697004356
TCGA-18-3416-01,TCGA-18-3416-01,3.1297626906378877
TCGA-18-3417-01,TCGA-18-3417-01,3.2585683550158517
TCGA-18-3419-01,TCGA-18-3419-01,2.9820828355404605
TCGA-18-3421-01,TCGA-18-3421-01,3.267774434021609
TCGA-18-4083-01,TCGA-18-4083-01,2.387006600815475
TCGA-18-4086-01,TCGA-18-4086-01,2.7036311311001278
TCGA-18-4721-01,TCGA-18-4721-01,2.681545109763876
TCGA-18-5592-01,TCGA-18-5592-01,2.9317501486052473
TCGA-18-5595-01,TCGA-18-5595-01,3.04531873740696
TCGA-21-1070-01,TCGA-21-1070-01,3.260167175440833
TCGA-21-1071-01,TCGA-21-1071-01,2.623597348496375
TCGA-21-1072-01,TCGA-21-1072-01,2.7535020726907273
TCGA-21-1075-01,TCGA-21-1075-01,3.3517637644860403
TCGA-21-1076-01,TCGA-21-1076-01,3.10154956839611
TCGA-21-1076-01.1,TCGA-21-1076-01.1,3.1375435593710064
TCGA-21-1077-01,TCGA-21-1077-01,3.068150007895135
TCGA-21-1078-01,TCGA-21-1078-01,3.1589222428595036
TCGA-21-1079-01,TCGA-21-1079-01,2.9070971675740043
TCGA-21-1080-01,TCGA-21-1080-01,3.0660299320539472
TCGA-21-1081-01,TCGA-21-1081-01,2.727741616509799
TCGA-21-1082-01,TCGA-21-1082-01,3.219653502097054
TCGA-21-1083-01,TCGA-21-1083-01,2.8784426304989914
TCGA-21-5782-01,TCGA-21-5782-01,2.534536737861804
TCGA-21-5783-01,TCGA-21-5783-01,3.0023610385724906
TCGA-21-5784-01,TCGA-21-5784-01,2.7326870826791865
TCGA-21-5786-01,TCGA-21-5786-01,2.7900125960514734
TCGA-21-5787-01,TCGA-21-5787-01,2.8795648001497076
TCGA-21-A5DI-01,TCGA-21-A5DI-01,3.0593746442006573
TCGA-22-0940-01,TCGA-22-0940-01,3.346245350953151
TCGA-22-0944-01,TCGA-22-0944-01,3.1142611650413046
TCGA-22-1000-01,TCGA-22-1000-01,2.9021308049120194
TCGA-22-1002-01,TCGA-22-1002-01,2.838950907476594
TCGA-22-1005-01,TCGA-22-1005-01,2.6074352903231075
TCGA-22-1011-01,TCGA-22-1011-01,3.163438025107948
TCGA-22-1012-01,TCGA-22-1012-01,2.743873330470919
TCGA-22-1016-01,TCGA-22-1016-01,3.1688410794914383
TCGA-22-1017-01,TCGA-22-1017-01,2.8877941491503982
TCGA-22-4591-01,TCGA-22-4591-01,2.8886281767757636
TCGA-22-4593-01,TCGA-22-4593-01,2.8990857175326283
TCGA-22-4593-11,TCGA-22-4593-11,3.025628721244712
TCGA-22-4594-01,TCGA-22-4594-01,2.7254693413332207
TCGA-22-4595-01,TCGA-22-4595-01,2.764772660953489
TCGA-22-4596-01,TCGA-22-4596-01,2.3446667199621682
TCGA-22-4599-01,TCGA-22-4599-01,2.2047048649669376
TCGA-22-4601-01,TCGA-22-4601-01,3.2643340694082976
TCGA-22-4604-01,TCGA-22-4604-01,3.0890273312489076
TCGA-22-4605-01,TCGA-22-4605-01,2.8462261019066095
TCGA-22-4607-01,TCGA-22-4607-01,2.857274240508045
TCGA-22-4609-01,TCGA-22-4609-01,3.2370726815700976
TCGA-22-4609-11,TCGA-22-4609-11,2.9123941433552725
TCGA-22-4613-01,TCGA-22-4613-01,3.05757324711111
TCGA-22-5471-01,TCGA-22-5471-01,3.2043632684924663
TCGA-22-5471-11,TCGA-22-5471-11,2.536507947550416
TCGA-22-5472-01,TCGA-22-5472-01,2.914267363839095
TCGA-22-5472-11,TCGA-22-5472-11,3.004706485521347
TCGA-22-5473-01,TCGA-22-5473-01,2.744864154770421
TCGA-22-5474-01,TCGA-22-5474-01,3.2582265581981096
TCGA-22-5477-01,TCGA-22-5477-01,3.289711563764077
TCGA-22-5478-01,TCGA-22-5478-01,3.08761864024068
TCGA-22-5478-11,TCGA-22-5478-11,2.927975860902449
TCGA-22-5479-01,TCGA-22-5479-01,2.3709711345313753
TCGA-22-5480-01,TCGA-22-5480-01,3.1615844019510844
TCGA-22-5481-01,TCGA-22-5481-01,2.9428388677594484
TCGA-22-5481-11,TCGA-22-5481-11,2.905421441101568
TCGA-22-5482-01,TCGA-22-5482-01,2.954435218755903
TCGA-22-5482-11,TCGA-22-5482-11,2.5715820224510035
TCGA-22-5483-01,TCGA-22-5483-01,2.771000979554388
TCGA-22-5483-11,TCGA-22-5483-11,3.0298930800676223
TCGA-22-5485-01,TCGA-22-5485-01,2.7802610240786305
TCGA-22-5489-01,TCGA-22-5489-01,2.9559331212067175
TCGA-22-5489-11,TCGA-22-5489-11,2.6716422915416405
TCGA-22-5491-01,TCGA-22-5491-01,2.663063354091364
TCGA-22-5491-11,TCGA-22-5491-11,2.815225021272253
TCGA-22-5492-01,TCGA-22-5492-01,3.32655766193772
TCGA-22-A5C4-01,TCGA-22-A5C4-01,3.011821043391687
TCGA-33-4532-01,TCGA-33-4532-01,3.124689042632498
TCGA-33-4533-01,TCGA-33-4533-01,3.1084620255105526
TCGA-33-4538-01,TCGA-33-4538-01,2.7760175812137837
TCGA-33-4547-01,TCGA-33-4547-01,2.8773692654533507
TCGA-33-4566-01,TCGA-33-4566-01,3.225515470139449
TCGA-33-4579-01,TCGA-33-4579-01,3.3926870105501257
TCGA-33-4582-01,TCGA-33-4582-01,3.508086897407463
TCGA-33-4583-01,TCGA-33-4583-01,3.2415842235629104
TCGA-33-4586-01,TCGA-33-4586-01,2.7835398248638517
TCGA-33-4587-01,TCGA-33-4587-01,3.096442436632972
TCGA-33-4587-11,TCGA-33-4587-11,2.9048386785567866
TCGA-33-4589-01,TCGA-33-4589-01,2.884682097429212
TCGA-33-6737-01,TCGA-33-6737-01,3.1459516489006285
TCGA-33-6737-11,TCGA-33-6737-11,2.6066236176893876
TCGA-33-6738-01,TCGA-33-6738-01,2.2454422493395
TCGA-33-A4WN-01,TCGA-33-A4WN-01,2.926341713873173
TCGA-33-A5GW-01,TCGA-33-A5GW-01,2.851915603185786
TCGA-33-AAS8-01,TCGA-33-AAS8-01,3.115940406375901
TCGA-33-AASB-01,TCGA-33-AASB-01,2.673815159540105
TCGA-33-AASD-01,TCGA-33-AASD-01,3.0871704416278702
TCGA-33-AASI-01,TCGA-33-AASI-01,3.32544724225073
TCGA-33-AASJ-01,TCGA-33-AASJ-01,2.7987802531534847
TCGA-33-AASL-01,TCGA-33-AASL-01,3.051580035125903
TCGA-34-2596-01,TCGA-34-2596-01,2.704358397001827
TCGA-34-2600-01,TCGA-34-2600-01,2.6711408531462335
TCGA-34-2608-01,TCGA-34-2608-01,2.764198452016011
TCGA-34-5231-01,TCGA-34-5231-01,2.861533348216744
TCGA-34-5232-01,TCGA-34-5232-01,2.799388873155303
TCGA-34-5234-01,TCGA-34-5234-01,2.831705653198484
TCGA-34-5236-01,TCGA-34-5236-01,2.5111699250334505
TCGA-34-5239-01,TCGA-34-5239-01,3.0294408248920037
TCGA-34-5240-01,TCGA-34-5240-01,3.0739630514128655
TCGA-34-5241-01,TCGA-34-5241-01,3.136942848489612
TCGA-34-5927-01,TCGA-34-5927-01,2.870980016761595
TCGA-34-5928-01,TCGA-34-5928-01,2.971005997978746
TCGA-34-5929-01,TCGA-34-5929-01,2.6441435472841683
TCGA-34-7107-01,TCGA-34-7107-01,2.3709137549670025
TCGA-34-7107-11,TCGA-34-7107-11,2.8907798093775336
TCGA-34-8454-01,TCGA-34-8454-01,2.9081782835221643
TCGA-34-8454-11,TCGA-34-8454-11,2.746044543299633
TCGA-34-8455-01,TCGA-34-8455-01,2.8342898345900442
TCGA-34-8456-01,TCGA-34-8456-01,3.3147891465121364
TCGA-34-A5IX-01,TCGA-34-A5IX-01,2.982178578705433
TCGA-37-3783-01,TCGA-37-3783-01,3.117832758528423
TCGA-37-3789-01,TCGA-37-3789-01,2.993243131861674
TCGA-37-3792-01,TCGA-37-3792-01,2.831405052814961
TCGA-37-4129-01,TCGA-37-4129-01,3.306107813623857
TCGA-37-4130-01,TCGA-37-4130-01,2.6286665420455937
TCGA-37-4132-01,TCGA-37-4132-01,3.087034983012336
TCGA-37-4133-01,TCGA-37-4133-01,3.017111671279771
TCGA-37-4135-01,TCGA-37-4135-01,2.6890053922279
TCGA-37-4141-01,TCGA-37-4141-01,2.379378132389539
TCGA-37-5819-01,TCGA-37-5819-01,2.395242937303618
TCGA-37-A5EL-01,TCGA-37-A5EL-01,2.922702230909198
TCGA-37-A5EM-01,TCGA-37-A5EM-01,2.9317648021003127
TCGA-37-A5EN-01,TCGA-37-A5EN-01,2.9015624225880634
TCGA-39-5011-01,TCGA-39-5011-01,3.027206159069127
TCGA-39-5016-01,TCGA-39-5016-01,2.7657201804297835
TCGA-39-5019-01,TCGA-39-5019-01,2.674375846269207
TCGA-39-5021-01,TCGA-39-5021-01,2.8098844199507993
TCGA-39-5022-01,TCGA-39-5022-01,2.756945287469439
TCGA-39-5024-01,TCGA-39-5024-01,3.148663671187193
TCGA-39-5027-01,TCGA-39-5027-01,2.9461887200493306
TCGA-39-5028-01,TCGA-39-5028-01,2.903000764969602
TCGA-39-5029-01,TCGA-39-5029-01,2.934060542048531
TCGA-39-5030-01,TCGA-39-5030-01,3.1586683045278297
TCGA-39-5031-01,TCGA-39-5031-01,2.8001683541748204
TCGA-39-5034-01,TCGA-39-5034-01,2.961082932560535
TCGA-39-5035-01,TCGA-39-5035-01,3.2727838513179828
TCGA-39-5036-01,TCGA-39-5036-01,2.8847691381628398
TCGA-39-5037-01,TCGA-39-5037-01,2.8005328359125654
TCGA-39-5039-01,TCGA-39-5039-01,3.2282146714148796
TCGA-39-5040-01,TCGA-39-5040-01,3.4248568243203135
TCGA-39-5040-11,TCGA-39-5040-11,3.019960963746096
TCGA-43-2576-01,TCGA-43-2576-01,2.961233775642536
TCGA-43-2578-01,TCGA-43-2578-01,2.8694305806393565
TCGA-43-2581-01,TCGA-43-2581-01,2.482088844925149
TCGA-43-3394-01,TCGA-43-3394-01,2.894254941146615
TCGA-43-3394-11,TCGA-43-3394-11,2.813536165844017
TCGA-43-3920-01,TCGA-43-3920-01,3.125078260297805
TCGA-43-5668-01,TCGA-43-5668-01,3.475561008756674
TCGA-43-5670-01,TCGA-43-5670-01,3.306874589218791
TCGA-43-5670-11,TCGA-43-5670-11,1.9942530264371583
TCGA-43-6143-01,TCGA-43-6143-01,2.9812566162181593
TCGA-43-6143-11,TCGA-43-6143-11,3.0397498213828715
TCGA-43-6647-01,TCGA-43-6647-01,3.148558214657179
TCGA-43-6647-11,TCGA-43-6647-11,2.8211561694175105
TCGA-43-6770-01,TCGA-43-6770-01,3.0447482440485856
TCGA-43-6771-01,TCGA-43-6771-01,2.9736042863128374
TCGA-43-6771-11,TCGA-43-6771-11,2.9770621265146557
TCGA-43-6773-01,TCGA-43-6773-01,2.8745791533383036
TCGA-43-6773-11,TCGA-43-6773-11,2.282450149343862
TCGA-43-7656-01,TCGA-43-7656-01,3.069485423359552
TCGA-43-7657-01,TCGA-43-7657-01,2.9201081817241743
TCGA-43-7657-11,TCGA-43-7657-11,2.53593181846852
TCGA-43-7658-01,TCGA-43-7658-01,2.9129745952202533
TCGA-43-7658-11,TCGA-43-7658-11,2.551121454747242
TCGA-43-8115-01,TCGA-43-8115-01,3.2236612958156323
TCGA-43-8116-01,TCGA-43-8116-01,2.70261136559133
TCGA-43-8118-01,TCGA-43-8118-01,3.0590364140587605
TCGA-43-A474-01,TCGA-43-A474-01,3.000639775051605
TCGA-43-A475-01,TCGA-43-A475-01,3.0443746524371784
TCGA-43-A56U-01,TCGA-43-A56U-01,2.7707004324315974
TCGA-43-A56V-01,TCGA-43-A56V-01,3.2721731541945958
TCGA-46-3765-01,TCGA-46-3765-01,2.9397372485651374
TCGA-46-3766-01,TCGA-46-3766-01,3.1024371713628196
TCGA-46-3767-01,TCGA-46-3767-01,3.2421100906236404
TCGA-46-3768-01,TCGA-46-3768-01,2.62724575219038
TCGA-46-3769-01,TCGA-46-3769-01,3.2558622953641017
TCGA-46-6025-01,TCGA-46-6025-01,2.7324885169393207
TCGA-46-6026-01,TCGA-46-6026-01,2.5923135709783263
TCGA-51-4079-01,TCGA-51-4079-01,3.103580667221958
TCGA-51-4079-11,TCGA-51-4079-11,2.8881973873929034
TCGA-51-4080-01,TCGA-51-4080-01,3.327545352620792
TCGA-51-4080-11,TCGA-51-4080-11,2.7510826181406824
TCGA-51-4081-01,TCGA-51-4081-01,3.3643662958944667
TCGA-51-4081-11,TCGA-51-4081-11,2.975312595914886
TCGA-51-6867-01,TCGA-51-6867-01,3.1722596974698796
TCGA-52-7622-01,TCGA-52-7622-01,3.0565461570553403
TCGA-52-7809-01,TCGA-52-7809-01,3.2163035846346935
TCGA-52-7810-01,TCGA-52-7810-01,2.9123095744199636
TCGA-52-7811-01,TCGA-52-7811-01,3.0983417596015044
TCGA-52-7812-01,TCGA-52-7812-01,3.348175548785972
TCGA-56-1622-01,TCGA-56-1622-01,3.057654617369039
TCGA-56-5897-01,TCGA-56-5897-01,3.0089153591590554
TCGA-56-5898-01,TCGA-56-5898-01,3.0123246831226056
TCGA-56-6545-01,TCGA-56-6545-01,3.0577124681005388
TCGA-56-6546-01,TCGA-56-6546-01,3.179466390496587
TCGA-56-7221-01,TCGA-56-7221-01,2.728921305996153
TCGA-56-7222-01,TCGA-56-7222-01,3.2686026799949848
TCGA-56-7222-11,TCGA-56-7222-11,2.9694036352978115
TCGA-56-7223-01,TCGA-56-7223-01,2.9797826923119697
TCGA-56-7579-01,TCGA-56-7579-01,3.27235536137177
TCGA-56-7579-11,TCGA-56-7579-11,2.6690244707499375
TCGA-56-7580-01,TCGA-56-7580-01,2.9008207168276554
TCGA-56-7580-11,TCGA-56-7580-11,3.125873674522679
TCGA-56-7582-01,TCGA-56-7582-01,2.70829736210535
TCGA-56-7582-11,TCGA-56-7582-11,2.8613398868716784
TCGA-56-7730-01,TCGA-56-7730-01,3.1360921838816482
TCGA-56-7730-11,TCGA-56-7730-11,2.6514114533234854
TCGA-56-7731-01,TCGA-56-7731-01,2.7191114284742364
TCGA-56-7731-11,TCGA-56-7731-11,2.7795894718697443
TCGA-56-7822-01,TCGA-56-7822-01,3.2341686415516757
TCGA-56-7823-01,TCGA-56-7823-01,3.0576194990053582
TCGA-56-7823-11,TCGA-56-7823-11,2.6279986959657267
TCGA-56-8082-01,TCGA-56-8082-01,3.31604688101458
TCGA-56-8082-11,TCGA-56-8082-11,2.919791970007242
TCGA-56-8083-01,TCGA-56-8083-01,2.2718894698444645
TCGA-56-8083-11,TCGA-56-8083-11,2.925832154680103
TCGA-56-8201-01,TCGA-56-8201-01,3.2147150450899025
TCGA-56-8201-11,TCGA-56-8201-11,2.881634386561074
TCGA-56-8304-01,TCGA-56-8304-01,2.944042575852425
TCGA-56-8305-01,TCGA-56-8305-01,2.81185098202129
TCGA-56-8307-01,TCGA-56-8307-01,3.0581940998234303
TCGA-56-8308-01,TCGA-56-8308-01,2.8029609867009695
TCGA-56-8309-01,TCGA-56-8309-01,3.05820657981793
TCGA-56-8309-11,TCGA-56-8309-11,2.5782256153032077
TCGA-56-8503-01,TCGA-56-8503-01,3.3020048744312165
TCGA-56-8504-01,TCGA-56-8504-01,3.2812643693954238
TCGA-56-8622-01,TCGA-56-8622-01,2.9680835550182048
TCGA-56-8623-01,TCGA-56-8623-01,2.136360762975371
TCGA-56-8623-11,TCGA-56-8623-11,2.4064742138138375
TCGA-56-8624-01,TCGA-56-8624-01,2.687400840106344
TCGA-56-8625-01,TCGA-56-8625-01,3.3754319598619595
TCGA-56-8626-01,TCGA-56-8626-01,3.1647541021109906
TCGA-56-8628-01,TCGA-56-8628-01,3.135347895112239
TCGA-56-8629-01,TCGA-56-8629-01,3.108369505008064
TCGA-56-A49D-01,TCGA-56-A49D-01,2.712330342011036
TCGA-56-A4BW-01,TCGA-56-A4BW-01,3.0583651636977995
TCGA-56-A4BX-01,TCGA-56-A4BX-01,2.9590364089486365
TCGA-56-A4BY-01,TCGA-56-A4BY-01,2.7057176816132285
TCGA-56-A4ZJ-01,TCGA-56-A4ZJ-01,2.9171529641305516
TCGA-56-A4ZK-01,TCGA-56-A4ZK-01,2.9767233448519597
TCGA-56-A5DR-01,TCGA-56-A5DR-01,2.8928342308988837
TCGA-56-A5DS-01,TCGA-56-A5DS-01,2.914165071795109
TCGA-56-A62T-01,TCGA-56-A62T-01,2.9887541611686714
TCGA-58-8386-01,TCGA-58-8386-01,2.665756992703328
TCGA-58-8386-11,TCGA-58-8386-11,2.7124374011461327
TCGA-58-8387-01,TCGA-58-8387-01,3.3629807435444787
TCGA-58-8388-01,TCGA-58-8388-01,3.2169018050599876
TCGA-58-8390-01,TCGA-58-8390-01,3.1794826560302947
TCGA-58-8391-01,TCGA-58-8391-01,2.74292131432364
TCGA-58-8392-01,TCGA-58-8392-01,2.8079436818971795
TCGA-58-8393-01,TCGA-58-8393-01,2.9259118822872163
TCGA-58-A46J-01,TCGA-58-A46J-01,2.9757192544312883
TCGA-58-A46K-01,TCGA-58-A46K-01,2.785072114327529
TCGA-58-A46L-01,TCGA-58-A46L-01,2.90546757527844
TCGA-58-A46M-01,TCGA-58-A46M-01,3.0199384076526092
TCGA-58-A46N-01,TCGA-58-A46N-01,3.202238031444676
TCGA-60-2695-01,TCGA-60-2695-01,2.6362410475205964
TCGA-60-2696-01,TCGA-60-2696-01,3.230236377060616
TCGA-60-2697-01,TCGA-60-2697-01,2.724382509767221
TCGA-60-2698-01,TCGA-60-2698-01,2.7201551697653925
TCGA-60-2703-01,TCGA-60-2703-01,3.0782835993087616
TCGA-60-2704-01,TCGA-60-2704-01,3.372840737561922
TCGA-60-2706-01,TCGA-60-2706-01,3.2818578699334857
TCGA-60-2707-01,TCGA-60-2707-01,3.1124921703640114
TCGA-60-2708-01,TCGA-60-2708-01,2.8702698855943725
TCGA-60-2709-01,TCGA-60-2709-01,3.147137911479029
TCGA-60-2709-11,TCGA-60-2709-11,2.8520281480078435
TCGA-60-2710-01,TCGA-60-2710-01,3.1299812764345454
TCGA-60-2711-01,TCGA-60-2711-01,3.3861109915016723
TCGA-60-2712-01,TCGA-60-2712-01,2.9720504251255164
TCGA-60-2713-01,TCGA-60-2713-01,3.169021405175098
TCGA-60-2714-01,TCGA-60-2714-01,3.0341146685520473
TCGA-60-2715-01,TCGA-60-2715-01,2.5775229275777787
TCGA-60-2716-01,TCGA-60-2716-01,3.415124710351993
TCGA-60-2719-01,TCGA-60-2719-01,2.9386476876145053
TCGA-60-2720-01,TCGA-60-2720-01,2.8491028847818103
TCGA-60-2721-01,TCGA-60-2721-01,2.9261380944229933
TCGA-60-2722-01,TCGA-60-2722-01,2.893957142819403
TCGA-60-2723-01,TCGA-60-2723-01,2.986027057267414
TCGA-60-2724-01,TCGA-60-2724-01,2.970274957232685
TCGA-60-2725-01,TCGA-60-2725-01,2.803699701414924
TCGA-60-2726-01,TCGA-60-2726-01,2.751345299283197
TCGA-63-5128-01,TCGA-63-5128-01,2.9836000254935753
TCGA-63-5131-01,TCGA-63-5131-01,2.5186387908271977
TCGA-63-6202-01,TCGA-63-6202-01,2.742005990212745
TCGA-63-7020-01,TCGA-63-7020-01,3.1140072864420176
TCGA-63-7021-01,TCGA-63-7021-01,2.846814960873976
TCGA-63-7022-01,TCGA-63-7022-01,2.6290648232283442
TCGA-63-7023-01,TCGA-63-7023-01,3.0539262398461617
TCGA-63-A5M9-01,TCGA-63-A5M9-01,3.0523304278751864
TCGA-63-A5MB-01,TCGA-63-A5MB-01,2.688934121202805
TCGA-63-A5MG-01,TCGA-63-A5MG-01,3.460200019993632
TCGA-63-A5MH-01,TCGA-63-A5MH-01,2.782763550893873
TCGA-63-A5MI-01,TCGA-63-A5MI-01,3.0424190616629145
TCGA-63-A5MJ-01,TCGA-63-A5MJ-01,3.088163717551432
TCGA-63-A5ML-01,TCGA-63-A5ML-01,3.0046353225255293
TCGA-63-A5MM-01,TCGA-63-A5MM-01,3.0761928498419326
TCGA-63-A5MN-01,TCGA-63-A5MN-01,3.069406472091453
TCGA-63-A5MP-01,TCGA-63-A5MP-01,3.085861953510409
TCGA-63-A5MR-01,TCGA-63-A5MR-01,3.029250908570341
TCGA-63-A5MS-01,TCGA-63-A5MS-01,3.2170783557483844
TCGA-63-A5MT-01,TCGA-63-A5MT-01,3.3290881246432797
TCGA-63-A5MU-01,TCGA-63-A5MU-01,2.3545727964578673
TCGA-63-A5MV-01,TCGA-63-A5MV-01,3.077284188420023
TCGA-63-A5MW-01,TCGA-63-A5MW-01,3.1165377924655018
TCGA-63-A5MY-01,TCGA-63-A5MY-01,3.4453986973819806
TCGA-66-2727-01,TCGA-66-2727-01,2.861053015112309
TCGA-66-2734-01,TCGA-66-2734-01,3.431150650403479
TCGA-66-2737-01,TCGA-66-2737-01,2.9128523205172616
TCGA-66-2742-01,TCGA-66-2742-01,2.9873103134514434
TCGA-66-2744-01,TCGA-66-2744-01,2.992343832434776
TCGA-66-2753-01,TCGA-66-2753-01,3.3582370973488844
TCGA-66-2754-01,TCGA-66-2754-01,2.60704231827595
TCGA-66-2755-01,TCGA-66-2755-01,2.9375600207666777
TCGA-66-2756-01,TCGA-66-2756-01,2.7870316730393196
TCGA-66-2757-01,TCGA-66-2757-01,2.9675716573052924
TCGA-66-2758-01,TCGA-66-2758-01,3.1522772103704013
TCGA-66-2759-01,TCGA-66-2759-01,2.800024103281192
TCGA-66-2763-01,TCGA-66-2763-01,2.8582913540101123
TCGA-66-2765-01,TCGA-66-2765-01,3.2465791086634104
TCGA-66-2766-01,TCGA-66-2766-01,2.6146849590693177
TCGA-66-2767-01,TCGA-66-2767-01,2.88742754764018
TCGA-66-2768-01,TCGA-66-2768-01,2.7115109534069823
TCGA-66-2769-01,TCGA-66-2769-01,3.3043089637439236
TCGA-66-2770-01,TCGA-66-2770-01,2.9750525143664968
TCGA-66-2771-01,TCGA-66-2771-01,2.8482710222889205
TCGA-66-2773-01,TCGA-66-2773-01,2.7299540408609526
TCGA-66-2777-01,TCGA-66-2777-01,2.7038312245142166
TCGA-66-2778-01,TCGA-66-2778-01,2.9587315448807296
TCGA-66-2780-01,TCGA-66-2780-01,3.4054547759341016
TCGA-66-2781-01,TCGA-66-2781-01,3.2017101159025563
TCGA-66-2782-01,TCGA-66-2782-01,3.241768245952977
TCGA-66-2783-01,TCGA-66-2783-01,2.670127154918523
TCGA-66-2785-01,TCGA-66-2785-01,3.1742487192427373
TCGA-66-2786-01,TCGA-66-2786-01,2.901589990991085
TCGA-66-2787-01,TCGA-66-2787-01,2.8283361301832817
TCGA-66-2788-01,TCGA-66-2788-01,3.034329114119691
TCGA-66-2789-01,TCGA-66-2789-01,3.1308033939826267
TCGA-66-2790-01,TCGA-66-2790-01,2.956125992362834
TCGA-66-2791-01,TCGA-66-2791-01,2.6984284830714245
TCGA-66-2792-01,TCGA-66-2792-01,3.209078361222586
TCGA-66-2793-01,TCGA-66-2793-01,3.2588951517880074
TCGA-66-2794-01,TCGA-66-2794-01,3.151385428120016
TCGA-66-2795-01,TCGA-66-2795-01,2.582637291735288
TCGA-66-2800-01,TCGA-66-2800-01,2.986274171272121
TCGA-68-7755-01,TCGA-68-7755-01,2.8952227612197183
TCGA-68-7756-01,TCGA-68-7756-01,3.278516775772315
TCGA-68-7757-01,TCGA-68-7757-01,3.3450968123782374
TCGA-68-8250-01,TCGA-68-8250-01,2.2902338517615273
TCGA-68-8251-01,TCGA-68-8251-01,2.8322794367523345
TCGA-68-A59I-01,TCGA-68-A59I-01,2.7176263570960084
TCGA-68-A59J-01,TCGA-68-A59J-01,2.9070769425521528
TCGA-6A-AB49-01,TCGA-6A-AB49-01,3.2412296729113965
TCGA-70-6722-01,TCGA-70-6722-01,3.0074012434793023
TCGA-70-6723-01,TCGA-70-6723-01,2.6670676302185496
TCGA-77-6842-01,TCGA-77-6842-01,3.134642243266716
TCGA-77-6843-01,TCGA-77-6843-01,3.2538280715173733
TCGA-77-6844-01,TCGA-77-6844-01,2.868436302431484
TCGA-77-6845-01,TCGA-77-6845-01,2.9121112065904646
TCGA-77-7138-01,TCGA-77-7138-01,2.921354076265419
TCGA-77-7138-11,TCGA-77-7138-11,2.901161065223376
TCGA-77-7139-01,TCGA-77-7139-01,3.001898823607894
TCGA-77-7140-01,TCGA-77-7140-01,3.0790478446404896
TCGA-77-7141-01,TCGA-77-7141-01,3.0823822153878533
TCGA-77-7142-01,TCGA-77-7142-01,3.0756508052977902
TCGA-77-7142-11,TCGA-77-7142-11,2.924917687659841
TCGA-77-7335-01,TCGA-77-7335-01,3.0808147452353176
TCGA-77-7335-11,TCGA-77-7335-11,2.7340801087064888
TCGA-77-7337-01,TCGA-77-7337-01,3.0708245290510128
TCGA-77-7337-11,TCGA-77-7337-11,2.7265791730615523
TCGA-77-7338-01,TCGA-77-7338-01,2.951571893191349
TCGA-77-7338-11,TCGA-77-7338-11,2.737562929452997
TCGA-77-7463-01,TCGA-77-7463-01,3.0349952723161087
TCGA-77-7465-01,TCGA-77-7465-01,2.9734873917692104
TCGA-77-8007-01,TCGA-77-8007-01,3.514673580181844
TCGA-77-8007-11,TCGA-77-8007-11,2.855504373965234
TCGA-77-8008-01,TCGA-77-8008-01,2.742177475891285
TCGA-77-8008-11,TCGA-77-8008-11,2.9267361242663323
TCGA-77-8009-01,TCGA-77-8009-01,2.836591679954264
TCGA-77-8128-01,TCGA-77-8128-01,3.3780708472534227
TCGA-77-8130-01,TCGA-77-8130-01,2.978515528817009
TCGA-77-8131-01,TCGA-77-8131-01,2.83973522067919
TCGA-77-8133-01,TCGA-77-8133-01,2.97253446154
TCGA-77-8136-01,TCGA-77-8136-01,2.8268714243916517
TCGA-77-8138-01,TCGA-77-8138-01,2.947923214133622
TCGA-77-8139-01,TCGA-77-8139-01,3.330799488465337
TCGA-77-8140-01,TCGA-77-8140-01,2.889804695748085
TCGA-77-8143-01,TCGA-77-8143-01,3.25444194490139
TCGA-77-8144-01,TCGA-77-8144-01,3.179440208528735
TCGA-77-8145-01,TCGA-77-8145-01,2.545326159164115
TCGA-77-8146-01,TCGA-77-8146-01,3.2535487593104704
TCGA-77-8148-01,TCGA-77-8148-01,2.9535657824868427
TCGA-77-8150-01,TCGA-77-8150-01,2.8494281016356595
TCGA-77-8153-01,TCGA-77-8153-01,2.9760525176290265
TCGA-77-8154-01,TCGA-77-8154-01,3.103371585014963
TCGA-77-8156-01,TCGA-77-8156-01,3.039091233190914
TCGA-77-A5FZ-01,TCGA-77-A5FZ-01,2.8969664776056763
TCGA-77-A5G1-01,TCGA-77-A5G1-01,2.908646131502742
TCGA-77-A5G3-01,TCGA-77-A5G3-01,3.3152664609553906
TCGA-77-A5G6-01,TCGA-77-A5G6-01,2.8884536107877414
TCGA-77-A5G7-01,TCGA-77-A5G7-01,2.7177598402172314
TCGA-77-A5G8-01,TCGA-77-A5G8-01,2.687384961544611
TCGA-77-A5GA-01,TCGA-77-A5GA-01,2.9530012032027217
TCGA-77-A5GB-01,TCGA-77-A5GB-01,2.556757628692032
TCGA-77-A5GF-01,TCGA-77-A5GF-01,3.273406546921403
TCGA-77-A5GH-01,TCGA-77-A5GH-01,3.134460359883472
TCGA-79-5596-01,TCGA-79-5596-01,3.060105242887271
TCGA-85-6175-01,TCGA-85-6175-01,3.1318105945348087
TCGA-85-6560-01,TCGA-85-6560-01,2.9619447405670054
TCGA-85-6561-01,TCGA-85-6561-01,2.8237013529195685
TCGA-85-6798-01,TCGA-85-6798-01,3.108326246334345
TCGA-85-7696-01,TCGA-85-7696-01,3.216375295078545
TCGA-85-7697-01,TCGA-85-7697-01,3.1470059692199106
TCGA-85-7698-01,TCGA-85-7698-01,3.130145469769924
TCGA-85-7699-01,TCGA-85-7699-01,2.9322291934494213
TCGA-85-7710-01,TCGA-85-7710-01,3.30241684527498
TCGA-85-7710-11,TCGA-85-7710-11,2.7168237249369107
TCGA-85-7843-01,TCGA-85-7843-01,3.235497807045764
TCGA-85-7844-01,TCGA-85-7844-01,2.7659772108658602
TCGA-85-7950-01,TCGA-85-7950-01,2.98090909961091
TCGA-85-8048-01,TCGA-85-8048-01,3.110477263057696
TCGA-85-8049-01,TCGA-85-8049-01,2.7777226732242566
TCGA-85-8052-01,TCGA-85-8052-01,2.2747568657594486
TCGA-85-8070-01,TCGA-85-8070-01,3.3861688684973594
TCGA-85-8071-01,TCGA-85-8071-01,2.703647390635707
TCGA-85-8072-01,TCGA-85-8072-01,2.6555612904910473
TCGA-85-8276-01,TCGA-85-8276-01,2.7107450024306305
TCGA-85-8277-01,TCGA-85-8277-01,2.6259644946176115
TCGA-85-8287-01,TCGA-85-8287-01,3.1907333678972734
TCGA-85-8288-01,TCGA-85-8288-01,2.984307710019549
TCGA-85-8350-01,TCGA-85-8350-01,2.8348803041769393
TCGA-85-8351-01,TCGA-85-8351-01,3.2671304347170507
TCGA-85-8352-01,TCGA-85-8352-01,3.2781484978071234
TCGA-85-8353-01,TCGA-85-8353-01,3.10283961874592
TCGA-85-8354-01,TCGA-85-8354-01,2.5079195321339967
TCGA-85-8355-01,TCGA-85-8355-01,2.9717624575722215
TCGA-85-8479-01,TCGA-85-8479-01,3.044814972600313
TCGA-85-8481-01,TCGA-85-8481-01,3.056564788930588
TCGA-85-8580-01,TCGA-85-8580-01,3.176499172399039
TCGA-85-8582-01,TCGA-85-8582-01,3.059033783787019
TCGA-85-8584-01,TCGA-85-8584-01,2.9414499646957806
TCGA-85-8664-01,TCGA-85-8664-01,3.235840574013486
TCGA-85-8666-01,TCGA-85-8666-01,2.846303653905735
TCGA-85-A4CL-01,TCGA-85-A4CL-01,2.904069816954822
TCGA-85-A4CN-01,TCGA-85-A4CN-01,3.122501211192452
TCGA-85-A4JB-01,TCGA-85-A4JB-01,2.9159829136912334
TCGA-85-A4JC-01,TCGA-85-A4JC-01,2.5776807808113844
TCGA-85-A4PA-01,TCGA-85-A4PA-01,2.6288507676457034
TCGA-85-A4QQ-01,TCGA-85-A4QQ-01,2.91471489488074
TCGA-85-A4QR-01,TCGA-85-A4QR-01,3.1147986921700634
TCGA-85-A50M-01,TCGA-85-A50M-01,2.9598131971014445
TCGA-85-A50Z-01,TCGA-85-A50Z-01,2.8955937754642087
TCGA-85-A510-01,TCGA-85-A510-01,2.9200351072561794
TCGA-85-A511-01,TCGA-85-A511-01,2.5998585333862345
TCGA-85-A512-01,TCGA-85-A512-01,2.888812121871626
TCGA-85-A513-01,TCGA-85-A513-01,2.7430599629119286
TCGA-85-A53L-01,TCGA-85-A53L-01,3.1717482853054455
TCGA-85-A5B5-01,TCGA-85-A5B5-01,3.247840983510923
TCGA-90-6837-01,TCGA-90-6837-01,3.0433309741910906
TCGA-90-6837-11,TCGA-90-6837-11,2.945606168597121
TCGA-90-7766-01,TCGA-90-7766-01,2.724614689992117
TCGA-90-7767-01,TCGA-90-7767-01,2.975980078834204
TCGA-90-7767-11,TCGA-90-7767-11,2.6485596795136255
TCGA-90-7769-01,TCGA-90-7769-01,2.9972067566405984
TCGA-90-7964-01,TCGA-90-7964-01,3.2884736789615054
TCGA-90-A4ED-01,TCGA-90-A4ED-01,3.088629072199545
TCGA-90-A4EE-01,TCGA-90-A4EE-01,2.923149139872073
TCGA-90-A59Q-01,TCGA-90-A59Q-01,2.6379311459334964
TCGA-92-7340-01,TCGA-92-7340-01,2.6971608660471533
TCGA-92-7340-11,TCGA-92-7340-11,2.7928530220318004
TCGA-92-7341-01,TCGA-92-7341-01,2.58557853100296
TCGA-92-8063-01,TCGA-92-8063-01,2.897301470754194
TCGA-92-8064-01,TCGA-92-8064-01,2.7974516961165414
TCGA-92-8065-01,TCGA-92-8065-01,2.640257771104452
TCGA-94-7033-01,TCGA-94-7033-01,2.395413935825092
TCGA-94-7557-01,TCGA-94-7557-01,2.7936954025408154
TCGA-94-7943-01,TCGA-94-7943-01,3.0614816084375645
TCGA-94-8035-01,TCGA-94-8035-01,2.790708344155173
TCGA-94-8490-01,TCGA-94-8490-01,3.1316096642841322
TCGA-94-8491-01,TCGA-94-8491-01,3.045170480861479
TCGA-94-A4VJ-01,TCGA-94-A4VJ-01,3.1098306432675846
TCGA-94-A5I4-01,TCGA-94-A5I4-01,2.78012602649998
TCGA-94-A5I6-01,TCGA-94-A5I6-01,2.8140339108770305
TCGA-96-7544-01,TCGA-96-7544-01,3.120082636185567
TCGA-96-7545-01,TCGA-96-7545-01,3.1934315868043903
TCGA-96-8169-01,TCGA-96-8169-01,3.170718043495576
TCGA-96-8170-01,TCGA-96-8170-01,2.868991216561805
TCGA-96-A4JK-01,TCGA-96-A4JK-01,2.870202027409069
TCGA-96-A4JL-01,TCGA-96-A4JL-01,2.7095189326780122
TCGA-98-7454-01,TCGA-98-7454-01,3.2678461811592157
TCGA-98-8020-01,TCGA-98-8020-01,2.9953078798546082
TCGA-98-8021-01,TCGA-98-8021-01,2.9908054786608727
TCGA-98-8022-01,TCGA-98-8022-01,2.959532303705033
TCGA-98-8023-01,TCGA-98-8023-01,2.9489926524011376
TCGA-98-A538-01,TCGA-98-A538-01,2.814817164497992
TCGA-98-A539-01,TCGA-98-A539-01,2.871372023071349
TCGA-98-A53A-01,TCGA-98-A53A-01,3.28413670016403
TCGA-98-A53B-01,TCGA-98-A53B-01,3.220604427303423
TCGA-98-A53C-01,TCGA-98-A53C-01,2.8530549801128213
TCGA-98-A53D-01,TCGA-98-A53D-01,3.1541733268318746
TCGA-98-A53H-01,TCGA-98-A53H-01,2.546921648990149
TCGA-98-A53I-01,TCGA-98-A53I-01,2.8568319852167336
TCGA-98-A53J-01,TCGA-98-A53J-01,3.289865843926402
TCGA-J1-A4AH-01,TCGA-J1-A4AH-01,3.1651499017651856
TCGA-L3-A4E7-01,TCGA-L3-A4E7-01,3.404068207219585
TCGA-L3-A524-01,TCGA-L3-A524-01,2.8838666751264457
TCGA-LA-A446-01,TCGA-LA-A446-01,2.914537235523693
TCGA-LA-A7SW-01,TCGA-LA-A7SW-01,2.8443010864477665
TCGA-MF-A522-01,TCGA-MF-A522-01,2.8604538669993733
TCGA-NC-A5HD-01,TCGA-NC-A5HD-01,3.096927624781257
TCGA-NC-A5HE-01,TCGA-NC-A5HE-01,3.0450349377190102
TCGA-NC-A5HF-01,TCGA-NC-A5HF-01,2.547515534733419
TCGA-NC-A5HG-01,TCGA-NC-A5HG-01,2.9773449605390376
TCGA-NC-A5HH-01,TCGA-NC-A5HH-01,3.343755746706823
TCGA-NC-A5HI-01,TCGA-NC-A5HI-01,2.95602197766189
TCGA-NC-A5HJ-01,TCGA-NC-A5HJ-01,2.5464850555515746
TCGA-NC-A5HK-01,TCGA-NC-A5HK-01,2.990081659617836
TCGA-NC-A5HL-01,TCGA-NC-A5HL-01,2.520388581551532
TCGA-NC-A5HM-01,TCGA-NC-A5HM-01,3.101944738358376
TCGA-NC-A5HN-01,TCGA-NC-A5HN-01,3.0731778423624285
TCGA-NC-A5HO-01,TCGA-NC-A5HO-01,3.036050866264088
TCGA-NC-A5HP-01,TCGA-NC-A5HP-01,3.19588090397728
TCGA-NC-A5HQ-01,TCGA-NC-A5HQ-01,3.0179355919069626
TCGA-NC-A5HR-01,TCGA-NC-A5HR-01,2.986421017264593
TCGA-NC-A5HT-01,TCGA-NC-A5HT-01,2.9308251737413027
TCGA-NK-A5CR-01,TCGA-NK-A5CR-01,2.962320412186936
TCGA-NK-A5CT-01,TCGA-NK-A5CT-01,2.8793452479355004
TCGA-NK-A5CX-01,TCGA-NK-A5CX-01,3.102776212841259
TCGA-NK-A5D1-01,TCGA-NK-A5D1-01,2.9930706339915543
TCGA-NK-A7XE-01,TCGA-NK-A7XE-01,3.0081878960071524
TCGA-O2-A52N-01,TCGA-O2-A52N-01,2.553505956543584
TCGA-O2-A52Q-01,TCGA-O2-A52Q-01,2.9550752682522607
TCGA-O2-A52S-01,TCGA-O2-A52S-01,3.0150278006621156
TCGA-O2-A52V-01,TCGA-O2-A52V-01,2.9939003568834255
TCGA-O2-A52W-01,TCGA-O2-A52W-01,2.9561631412355243
TCGA-O2-A5IB-01,TCGA-O2-A5IB-01,3.0396036709709557
TCGA-XC-AA0X-01,TCGA-XC-AA0X-01,2.8879991512290744
TCGA-AF-2687-01,TCGA-AF-2687-01,2.4033690522575566
TCGA-AF-2689-11,TCGA-AF-2689-11,2.498468469140872
TCGA-AF-2690-01,TCGA-AF-2690-01,1.9805753388981695
TCGA-AF-2691-11,TCGA-AF-2691-11,2.7393937386256306
TCGA-AF-2692-11,TCGA-AF-2692-11,2.5942484249663487
TCGA-AF-2693-01,TCGA-AF-2693-01,2.543649190654712
TCGA-AF-3400-11,TCGA-AF-3400-11,2.5897509173790603
TCGA-AF-3911-01,TCGA-AF-3911-01,2.372265170518216
TCGA-AF-4110-01,TCGA-AF-4110-01,2.434182494951792
TCGA-AF-5654-01,TCGA-AF-5654-01,2.4159194311195105
TCGA-AF-5654-11,TCGA-AF-5654-11,2.6114345214323356
TCGA-AF-6136-01,TCGA-AF-6136-01,2.455377202781125
TCGA-AF-6655-01,TCGA-AF-6655-01,2.4018165111168637
TCGA-AF-6672-01,TCGA-AF-6672-01,2.195563279352772
TCGA-AF-A56K-01,TCGA-AF-A56K-01,2.2210106462818056
TCGA-AF-A56L-01,TCGA-AF-A56L-01,2.2573447148150394
TCGA-AF-A56N-01,TCGA-AF-A56N-01,2.1921287272795045
TCGA-AG-3591-01,TCGA-AG-3591-01,2.1421991348704212
TCGA-AG-3592-01,TCGA-AG-3592-01,2.5836707900666998
TCGA-AG-3725-01,TCGA-AG-3725-01,2.5550293291192503
TCGA-AG-3725-11,TCGA-AG-3725-11,2.379904488928064
TCGA-AG-3731-01,TCGA-AG-3731-01,2.2255577680767793
TCGA-AG-3731-11,TCGA-AG-3731-11,2.5677113196291685
TCGA-AG-3732-01,TCGA-AG-3732-01,2.421415555207972
TCGA-AG-3732-11,TCGA-AG-3732-11,2.3693752309336316
TCGA-AG-3742-01,TCGA-AG-3742-01,2.40284167494363
TCGA-AG-3742-11,TCGA-AG-3742-11,2.494436258605114
TCGA-AG-3902-01,TCGA-AG-3902-01,2.1475012282187675
TCGA-AG-4021-01,TCGA-AG-4021-01,1.9551025856967996
TCGA-AG-4022-01,TCGA-AG-4022-01,2.3447142042598497
TCGA-AH-6544-01,TCGA-AH-6544-01,2.0160242563182544
TCGA-AH-6547-01,TCGA-AH-6547-01,2.449168664788807
TCGA-AH-6549-01,TCGA-AH-6549-01,2.362792411704929
TCGA-AH-6643-01,TCGA-AH-6643-01,2.1734346219604905
TCGA-AH-6643-11,TCGA-AH-6643-11,2.5711111008801044
TCGA-AH-6644-01,TCGA-AH-6644-01,2.3535583531963136
TCGA-AH-6897-01,TCGA-AH-6897-01,2.5709870448717886
TCGA-AH-6903-01,TCGA-AH-6903-01,2.5812498887629913
TCGA-BM-6198-01,TCGA-BM-6198-01,2.5226361400971995
TCGA-CI-6619-01,TCGA-CI-6619-01,2.513358901996874
TCGA-CI-6620-01,TCGA-CI-6620-01,2.290976508348097
TCGA-CI-6621-01,TCGA-CI-6621-01,2.6610325420704717
TCGA-CI-6622-01,TCGA-CI-6622-01,2.56573099215269
TCGA-CI-6623-01,TCGA-CI-6623-01,2.607951008116759
TCGA-CI-6624-01,TCGA-CI-6624-01,2.5409811741587647
TCGA-CL-4957-01,TCGA-CL-4957-01,2.466267226808896
TCGA-CL-5917-01,TCGA-CL-5917-01,2.2470498963842718
TCGA-CL-5918-01,TCGA-CL-5918-01,2.4370647485045263
TCGA-DC-4745-01,TCGA-DC-4745-01,2.2841901631121173
TCGA-DC-4749-01,TCGA-DC-4749-01,2.5928498927684975
TCGA-DC-5337-01,TCGA-DC-5337-01,2.4048963863270267
TCGA-DC-5869-01,TCGA-DC-5869-01,2.37450479850319
TCGA-DC-6154-01,TCGA-DC-6154-01,2.0636169539369678
TCGA-DC-6155-01,TCGA-DC-6155-01,2.3311775265454777
TCGA-DC-6156-01,TCGA-DC-6156-01,2.3800019803817776
TCGA-DC-6157-01,TCGA-DC-6157-01,2.4190903818971106
TCGA-DC-6158-01,TCGA-DC-6158-01,2.4450049402632743
TCGA-DC-6160-01,TCGA-DC-6160-01,2.580858928913317
TCGA-DC-6681-01,TCGA-DC-6681-01,2.366086204163003
TCGA-DC-6682-01,TCGA-DC-6682-01,1.9845024557151758
TCGA-DC-6683-01,TCGA-DC-6683-01,2.338666488467103
TCGA-DT-5265-01,TCGA-DT-5265-01,2.4685603687732556
TCGA-DY-A0XA-01,TCGA-DY-A0XA-01,1.9853677427627003
TCGA-DY-A1DC-01,TCGA-DY-A1DC-01,2.506998535275872
TCGA-DY-A1DD-01,TCGA-DY-A1DD-01,2.2362856657958616
TCGA-DY-A1DE-01,TCGA-DY-A1DE-01,2.5503210186081575
TCGA-DY-A1DF-01,TCGA-DY-A1DF-01,1.9441517913237827
TCGA-DY-A1DG-01,TCGA-DY-A1DG-01,2.3063886596827667
TCGA-DY-A1H8-01,TCGA-DY-A1H8-01,2.251957026406258
TCGA-EF-5830-01,TCGA-EF-5830-01,2.092102550214439
TCGA-EF-5831-01,TCGA-EF-5831-01,2.4982914049017606
TCGA-EI-6506-01,TCGA-EI-6506-01,2.4729127520753282
TCGA-EI-6507-01,TCGA-EI-6507-01,2.1667023165348884
TCGA-EI-6508-01,TCGA-EI-6508-01,2.6039834272485667
TCGA-EI-6509-01,TCGA-EI-6509-01,2.2641099790187704
TCGA-EI-6510-01,TCGA-EI-6510-01,2.5483288707578065
TCGA-EI-6511-01,TCGA-EI-6511-01,2.1325333741996086
TCGA-EI-6512-01,TCGA-EI-6512-01,2.2360958266878135
TCGA-EI-6513-01,TCGA-EI-6513-01,1.982275758950613
TCGA-EI-6514-01,TCGA-EI-6514-01,2.026182970778204
TCGA-EI-6881-01,TCGA-EI-6881-01,2.6280744671177914
TCGA-EI-6882-01,TCGA-EI-6882-01,2.1619983742923177
TCGA-EI-6883-01,TCGA-EI-6883-01,2.4591037087499816
TCGA-EI-6884-01,TCGA-EI-6884-01,2.4296401992664345
TCGA-EI-6885-01,TCGA-EI-6885-01,2.3581731540179556
TCGA-EI-6917-01,TCGA-EI-6917-01,2.1811927501077575
TCGA-EI-7002-01,TCGA-EI-7002-01,2.495245053119695
TCGA-EI-7004-01,TCGA-EI-7004-01,2.3243580658488097
TCGA-F5-6464-01,TCGA-F5-6464-01,2.5962005023190198
TCGA-F5-6465-01,TCGA-F5-6465-01,2.1966873162953
TCGA-F5-6571-01,TCGA-F5-6571-01,2.096605468946117
TCGA-F5-6702-01,TCGA-F5-6702-01,2.381071848567918
TCGA-F5-6810-01,TCGA-F5-6810-01,2.199737456554131
TCGA-F5-6811-01,TCGA-F5-6811-01,2.339615520770487
TCGA-F5-6812-01,TCGA-F5-6812-01,2.2973697877461783
TCGA-F5-6813-01,TCGA-F5-6813-01,2.008061896572353
TCGA-F5-6814-01,TCGA-F5-6814-01,2.315545657091893
TCGA-F5-6861-01,TCGA-F5-6861-01,2.634745012776005
TCGA-F5-6863-01,TCGA-F5-6863-01,2.401331822731455
TCGA-F5-6864-01,TCGA-F5-6864-01,2.256337445130512
TCGA-G5-6233-01,TCGA-G5-6233-01,2.157091264943439
TCGA-G5-6235-01,TCGA-G5-6235-01,2.387672418978743
TCGA-G5-6572-01,TCGA-G5-6572-01,2.262812971881713
TCGA-G5-6572-02,TCGA-G5-6572-02,2.4260779779780863
TCGA-G5-6641-01,TCGA-G5-6641-01,2.0056445165722354
TCGA-3Z-A93Z-01,TCGA-3Z-A93Z-01,3.301128429426196
TCGA-6D-AA2E-01,TCGA-6D-AA2E-01,3.1612506775402265
TCGA-A3-3306-01,TCGA-A3-3306-01,3.3346315484299924
TCGA-A3-3307-01,TCGA-A3-3307-01,3.1488499282899305
TCGA-A3-3308-01,TCGA-A3-3308-01,3.3068180109847036
TCGA-A3-3311-01,TCGA-A3-3311-01,3.46723617221665
TCGA-A3-3313-01,TCGA-A3-3313-01,3.4062137712404725
TCGA-A3-3316-01,TCGA-A3-3316-01,3.2210695145586943
TCGA-A3-3317-01,TCGA-A3-3317-01,3.103185584209811
TCGA-A3-3319-01,TCGA-A3-3319-01,3.0776443972328087
TCGA-A3-3320-01,TCGA-A3-3320-01,3.3113341188302887
TCGA-A3-3322-01,TCGA-A3-3322-01,3.227743985643702
TCGA-A3-3323-01,TCGA-A3-3323-01,3.24601756122428
TCGA-A3-3324-01,TCGA-A3-3324-01,3.4078331423594124
TCGA-A3-3325-01,TCGA-A3-3325-01,3.360048181166806
TCGA-A3-3326-01,TCGA-A3-3326-01,3.1210949326935515
TCGA-A3-3328-01,TCGA-A3-3328-01,3.088957376452062
TCGA-A3-3329-01,TCGA-A3-3329-01,3.3171871757555462
TCGA-A3-3331-01,TCGA-A3-3331-01,3.3496972878070914
TCGA-A3-3335-01,TCGA-A3-3335-01,3.0511890636976697
TCGA-A3-3343-01,TCGA-A3-3343-01,3.2814969241333
TCGA-A3-3346-01,TCGA-A3-3346-01,2.9624575610246926
TCGA-A3-3347-01,TCGA-A3-3347-01,3.146875286651203
TCGA-A3-3349-01,TCGA-A3-3349-01,3.4352955640540266
TCGA-A3-3351-01,TCGA-A3-3351-01,3.412248366702296
TCGA-A3-3352-01,TCGA-A3-3352-01,3.4166588214374283
TCGA-A3-3357-01,TCGA-A3-3357-01,3.098994309234213
TCGA-A3-3358-01,TCGA-A3-3358-01,2.9825194625935825
TCGA-A3-3358-11,TCGA-A3-3358-11,2.855220981043454
TCGA-A3-3359-01,TCGA-A3-3359-01,3.257026801436536
TCGA-A3-3362-01,TCGA-A3-3362-01,3.1072020951490495
TCGA-A3-3363-01,TCGA-A3-3363-01,3.0459854568025237
TCGA-A3-3365-01,TCGA-A3-3365-01,3.212807730717227
TCGA-A3-3367-01,TCGA-A3-3367-01,3.2659925186953287
TCGA-A3-3370-01,TCGA-A3-3370-01,3.2575532298362373
TCGA-A3-3372-01,TCGA-A3-3372-01,3.3247710616962207
TCGA-A3-3373-01,TCGA-A3-3373-01,3.145534601257215
TCGA-A3-3374-01,TCGA-A3-3374-01,2.5897612909825045
TCGA-A3-3376-01,TCGA-A3-3376-01,3.248642102284621
TCGA-A3-3378-01,TCGA-A3-3378-01,3.232021698808163
TCGA-A3-3380-01,TCGA-A3-3380-01,3.26854081994086
TCGA-A3-3382-01,TCGA-A3-3382-01,3.035812344561577
TCGA-A3-3383-01,TCGA-A3-3383-01,3.189402270354898
TCGA-A3-3385-01,TCGA-A3-3385-01,3.3040019854340703
TCGA-A3-3387-01,TCGA-A3-3387-01,3.10236719697576
TCGA-A3-3387-11,TCGA-A3-3387-11,2.898825923214661
TCGA-A3-A6NI-01,TCGA-A3-A6NI-01,3.3316766959400357
TCGA-A3-A6NJ-01,TCGA-A3-A6NJ-01,3.3112029696127356
TCGA-A3-A6NL-01,TCGA-A3-A6NL-01,3.2356683489806604
TCGA-A3-A6NN-01,TCGA-A3-A6NN-01,3.2550128621184102
TCGA-A3-A8CQ-01,TCGA-A3-A8CQ-01,3.358793368107259
TCGA-A3-A8OU-01,TCGA-A3-A8OU-01,3.1200024121037413
TCGA-A3-A8OV-01,TCGA-A3-A8OV-01,3.1934386102996637
TCGA-A3-A8OW-01,TCGA-A3-A8OW-01,3.304821026815528
TCGA-A3-A8OX-01,TCGA-A3-A8OX-01,2.930641183905135
TCGA-AK-3425-01,TCGA-AK-3425-01,3.1947438321689736
TCGA-AK-3426-01,TCGA-AK-3426-01,2.8982674851343155
TCGA-AK-3427-01,TCGA-AK-3427-01,3.263835801727274
TCGA-AK-3428-01,TCGA-AK-3428-01,2.5260800278900475
TCGA-AK-3429-01,TCGA-AK-3429-01,3.3029526378450074
TCGA-AK-3431-01,TCGA-AK-3431-01,2.839779131039933
TCGA-AK-3433-01,TCGA-AK-3433-01,3.0589059401838057
TCGA-AK-3434-01,TCGA-AK-3434-01,2.6316140009264433
TCGA-AK-3436-01,TCGA-AK-3436-01,3.091009551396609
TCGA-AK-3440-01,TCGA-AK-3440-01,2.869631072690263
TCGA-AK-3443-01,TCGA-AK-3443-01,3.2237114438672396
TCGA-AK-3444-01,TCGA-AK-3444-01,3.3638404082116082
TCGA-AK-3445-01,TCGA-AK-3445-01,3.010908084333317
TCGA-AK-3447-01,TCGA-AK-3447-01,3.143710409682023
TCGA-AK-3450-01,TCGA-AK-3450-01,3.3101439922618723
TCGA-AK-3451-01,TCGA-AK-3451-01,3.3135737361646225
TCGA-AK-3453-01,TCGA-AK-3453-01,3.3960263838749007
TCGA-AK-3454-01,TCGA-AK-3454-01,3.2453361448862674
TCGA-AK-3455-01,TCGA-AK-3455-01,3.2823124722419594
TCGA-AK-3456-01,TCGA-AK-3456-01,3.2553481546062595
TCGA-AK-3458-01,TCGA-AK-3458-01,3.10537916710054
TCGA-AK-3460-01,TCGA-AK-3460-01,2.7208734558597425
TCGA-AK-3461-01,TCGA-AK-3461-01,2.3546718379048666
TCGA-AK-3465-01,TCGA-AK-3465-01,3.2962021167920965
TCGA-AS-3777-01,TCGA-AS-3777-01,2.84915601841211
TCGA-AS-3778-01,TCGA-AS-3778-01,3.234321231424308
TCGA-B0-4688-01,TCGA-B0-4688-01,2.7765494267544715
TCGA-B0-4690-01,TCGA-B0-4690-01,2.6397544972353533
TCGA-B0-4691-01,TCGA-B0-4691-01,3.0884254723283924
TCGA-B0-4693-01,TCGA-B0-4693-01,3.0922007813686756
TCGA-B0-4694-01,TCGA-B0-4694-01,2.775341589006195
TCGA-B0-4696-01,TCGA-B0-4696-01,2.9680448948872127
TCGA-B0-4697-01,TCGA-B0-4697-01,1.9825729062590782
TCGA-B0-4698-01,TCGA-B0-4698-01,3.017513541504922
TCGA-B0-4699-01,TCGA-B0-4699-01,3.0442475408976923
TCGA-B0-4700-01,TCGA-B0-4700-01,2.7548050814973957
TCGA-B0-4700-11,TCGA-B0-4700-11,3.12745336665202
TCGA-B0-4701-01,TCGA-B0-4701-01,2.62744990234654
TCGA-B0-4703-01,TCGA-B0-4703-01,3.208694408676759
TCGA-B0-4706-01,TCGA-B0-4706-01,3.044774667626353
TCGA-B0-4707-01,TCGA-B0-4707-01,2.5287944410807115
TCGA-B0-4710-01,TCGA-B0-4710-01,3.3067239287748924
TCGA-B0-4712-01,TCGA-B0-4712-01,2.84300543356252
TCGA-B0-4712-11,TCGA-B0-4712-11,3.0720476313746126
TCGA-B0-4713-01,TCGA-B0-4713-01,2.6548086681138865
TCGA-B0-4714-01,TCGA-B0-4714-01,2.96165145282357
TCGA-B0-4718-01,TCGA-B0-4718-01,2.9021048290494296
TCGA-B0-4810-01,TCGA-B0-4810-01,3.2934922674710463
TCGA-B0-4811-01,TCGA-B0-4811-01,2.7213921503816376
TCGA-B0-4813-01,TCGA-B0-4813-01,2.6701383076202974
TCGA-B0-4814-01,TCGA-B0-4814-01,3.145991442695791
TCGA-B0-4815-01,TCGA-B0-4815-01,2.9522341973028134
TCGA-B0-4816-01,TCGA-B0-4816-01,3.356824590289004
TCGA-B0-4817-01,TCGA-B0-4817-01,2.6915574487814564
TCGA-B0-4818-01,TCGA-B0-4818-01,3.1479208596915207
TCGA-B0-4819-01,TCGA-B0-4819-01,2.4899959337886277
TCGA-B0-4821-01,TCGA-B0-4821-01,2.7754475676494965
TCGA-B0-4822-01,TCGA-B0-4822-01,3.142079993732206
TCGA-B0-4823-01,TCGA-B0-4823-01,3.048779018934026
TCGA-B0-4824-01,TCGA-B0-4824-01,2.932156084675022
TCGA-B0-4827-01,TCGA-B0-4827-01,3.3086703228860106
TCGA-B0-4828-01,TCGA-B0-4828-01,2.65285236929392
TCGA-B0-4833-01,TCGA-B0-4833-01,3.031085757024336
TCGA-B0-4834-01,TCGA-B0-4834-01,3.3993705460398354
TCGA-B0-4836-01,TCGA-B0-4836-01,2.8962368163790315
TCGA-B0-4837-01,TCGA-B0-4837-01,3.1756801988174477
TCGA-B0-4838-01,TCGA-B0-4838-01,3.3756924915857285
TCGA-B0-4839-01,TCGA-B0-4839-01,3.161750403791817
TCGA-B0-4841-01,TCGA-B0-4841-01,3.044269165974882
TCGA-B0-4842-01,TCGA-B0-4842-01,3.333311956621632
TCGA-B0-4843-01,TCGA-B0-4843-01,2.880701090299448
TCGA-B0-4844-01,TCGA-B0-4844-01,2.7907649730377675
TCGA-B0-4845-01,TCGA-B0-4845-01,3.1380907191134453
TCGA-B0-4846-01,TCGA-B0-4846-01,3.128163952448408
TCGA-B0-4847-01,TCGA-B0-4847-01,3.213348446964324
TCGA-B0-4848-01,TCGA-B0-4848-01,2.7212826635691525
TCGA-B0-4849-01,TCGA-B0-4849-01,2.788842860618737
TCGA-B0-4852-01,TCGA-B0-4852-01,3.226557943521078
TCGA-B0-4945-01,TCGA-B0-4945-01,3.142929251115442
TCGA-B0-5075-01,TCGA-B0-5075-01,3.1634005275293475
TCGA-B0-5077-01,TCGA-B0-5077-01,3.273553115100481
TCGA-B0-5080-01,TCGA-B0-5080-01,3.159195316544243
TCGA-B0-5081-01,TCGA-B0-5081-01,3.2551259899458085
TCGA-B0-5083-01,TCGA-B0-5083-01,2.981510662399704
TCGA-B0-5084-01,TCGA-B0-5084-01,2.8825397222802116
TCGA-B0-5085-01,TCGA-B0-5085-01,3.0145501383492586
TCGA-B0-5088-01,TCGA-B0-5088-01,3.1106072156326485
TCGA-B0-5092-01,TCGA-B0-5092-01,3.026532150946407
TCGA-B0-5094-01,TCGA-B0-5094-01,3.29998422177675
TCGA-B0-5095-01,TCGA-B0-5095-01,3.0713688825298813
TCGA-B0-5096-01,TCGA-B0-5096-01,3.235349069550105
TCGA-B0-5097-01,TCGA-B0-5097-01,3.0455523312465975
TCGA-B0-5098-01,TCGA-B0-5098-01,3.2379248890074646
TCGA-B0-5099-01,TCGA-B0-5099-01,3.2789882357525837
TCGA-B0-5100-01,TCGA-B0-5100-01,3.3103498791946926
TCGA-B0-5102-01,TCGA-B0-5102-01,3.4361547724876953
TCGA-B0-5104-01,TCGA-B0-5104-01,3.126074833525836
TCGA-B0-5106-01,TCGA-B0-5106-01,3.2693982624896707
TCGA-B0-5107-01,TCGA-B0-5107-01,3.02812988427035
TCGA-B0-5108-01,TCGA-B0-5108-01,3.0740262734306767
TCGA-B0-5109-01,TCGA-B0-5109-01,2.718662806408108
TCGA-B0-5110-01,TCGA-B0-5110-01,3.3985169737208962
TCGA-B0-5113-01,TCGA-B0-5113-01,3.2454988111607213
TCGA-B0-5115-01,TCGA-B0-5115-01,3.2505342307104668
TCGA-B0-5116-01,TCGA-B0-5116-01,3.1683140220345924
TCGA-B0-5117-01,TCGA-B0-5117-01,3.1501919705574553
TCGA-B0-5119-01,TCGA-B0-5119-01,3.1545293477191056
TCGA-B0-5120-01,TCGA-B0-5120-01,3.210759019704514
TCGA-B0-5121-01,TCGA-B0-5121-01,3.210508974952061
TCGA-B0-5399-01,TCGA-B0-5399-01,3.208534122465527
TCGA-B0-5400-01,TCGA-B0-5400-01,3.3296507698468787
TCGA-B0-5402-01,TCGA-B0-5402-01,3.309840987418516
TCGA-B0-5402-11,TCGA-B0-5402-11,2.4997938718536683
TCGA-B0-5690-01,TCGA-B0-5690-01,3.3135701764271444
TCGA-B0-5690-11,TCGA-B0-5690-11,3.075277265549912
TCGA-B0-5691-01,TCGA-B0-5691-01,3.0844925886926298
TCGA-B0-5691-11,TCGA-B0-5691-11,2.9362182350565487
TCGA-B0-5692-01,TCGA-B0-5692-01,3.194212568011391
TCGA-B0-5693-01,TCGA-B0-5693-01,3.3815144623529734
TCGA-B0-5694-01,TCGA-B0-5694-01,3.1521590169143807
TCGA-B0-5694-11,TCGA-B0-5694-11,2.717557477878264
TCGA-B0-5695-01,TCGA-B0-5695-01,3.179323002278294
TCGA-B0-5696-01,TCGA-B0-5696-01,3.1929632955939344
TCGA-B0-5696-11,TCGA-B0-5696-11,3.085769668998709
TCGA-B0-5697-01,TCGA-B0-5697-01,3.0866219304493496
TCGA-B0-5697-11,TCGA-B0-5697-11,3.1911364474649435
TCGA-B0-5698-01,TCGA-B0-5698-01,3.0000769946085857
TCGA-B0-5699-01,TCGA-B0-5699-01,3.2636147256686288
TCGA-B0-5699-11,TCGA-B0-5699-11,3.1956036975891635
TCGA-B0-5700-01,TCGA-B0-5700-01,3.194611835473065
TCGA-B0-5701-01,TCGA-B0-5701-01,3.4483813583399323
TCGA-B0-5701-11,TCGA-B0-5701-11,2.8592923237773507
TCGA-B0-5702-01,TCGA-B0-5702-01,2.926922436983154
TCGA-B0-5703-01,TCGA-B0-5703-01,3.2376415271575265
TCGA-B0-5703-11,TCGA-B0-5703-11,2.9091854119210288
TCGA-B0-5705-01,TCGA-B0-5705-01,3.171956631238292
TCGA-B0-5705-11,TCGA-B0-5705-11,2.973287153047361
TCGA-B0-5706-01,TCGA-B0-5706-01,3.042928778134069
TCGA-B0-5706-11,TCGA-B0-5706-11,2.990525920815598
TCGA-B0-5707-01,TCGA-B0-5707-01,3.0329941612140345
TCGA-B0-5709-01,TCGA-B0-5709-01,3.1004716250143947
TCGA-B0-5709-11,TCGA-B0-5709-11,2.856172899713587
TCGA-B0-5710-01,TCGA-B0-5710-01,3.1485285304987234
TCGA-B0-5711-01,TCGA-B0-5711-01,3.3085477820795672
TCGA-B0-5711-11,TCGA-B0-5711-11,3.0788063565813157
TCGA-B0-5712-01,TCGA-B0-5712-01,3.2464771386508007
TCGA-B0-5712-11,TCGA-B0-5712-11,2.9899375006708695
TCGA-B0-5713-01,TCGA-B0-5713-01,3.2045716211500985
TCGA-B0-5812-01,TCGA-B0-5812-01,3.287430851876762
TCGA-B2-3923-01,TCGA-B2-3923-01,2.7917177085001668
TCGA-B2-3924-01,TCGA-B2-3924-01,3.2151693121637663
TCGA-B2-4098-01,TCGA-B2-4098-01,2.9834142415179628
TCGA-B2-4099-01,TCGA-B2-4099-01,3.3167103938606988
TCGA-B2-4101-01,TCGA-B2-4101-01,3.1606341967856504
TCGA-B2-4102-01,TCGA-B2-4102-01,3.1999780249275624
TCGA-B2-5633-01,TCGA-B2-5633-01,3.218537302106034
TCGA-B2-5635-01,TCGA-B2-5635-01,3.3181323892419066
TCGA-B2-5636-01,TCGA-B2-5636-01,2.8875496118253148
TCGA-B2-5636-11,TCGA-B2-5636-11,2.866033143822616
TCGA-B2-5639-01,TCGA-B2-5639-01,3.340068581689161
TCGA-B2-5641-01,TCGA-B2-5641-01,2.974764002485012
TCGA-B2-5641-11,TCGA-B2-5641-11,2.9907365422447687
TCGA-B2-A4SR-01,TCGA-B2-A4SR-01,3.2908360624457353
TCGA-B4-5377-01,TCGA-B4-5377-01,3.2345853907376183
TCGA-B4-5378-01,TCGA-B4-5378-01,3.1719713975732566
TCGA-B4-5832-01,TCGA-B4-5832-01,2.9528236595943316
TCGA-B4-5834-01,TCGA-B4-5834-01,3.2797123646607256
TCGA-B4-5835-01,TCGA-B4-5835-01,3.3634106095568543
TCGA-B4-5836-01,TCGA-B4-5836-01,3.30126517424127
TCGA-B4-5838-01,TCGA-B4-5838-01,3.034234602838823
TCGA-B4-5843-01,TCGA-B4-5843-01,3.3307802628626315
TCGA-B4-5844-01,TCGA-B4-5844-01,3.3225641427191888
TCGA-B8-4143-01,TCGA-B8-4143-01,2.8380150936214923
TCGA-B8-4146-01,TCGA-B8-4146-01,3.299525116553397
TCGA-B8-4148-01,TCGA-B8-4148-01,2.9533560422387284
TCGA-B8-4151-01,TCGA-B8-4151-01,3.338394690621228
TCGA-B8-4153-01,TCGA-B8-4153-01,3.097394434749696
TCGA-B8-4154-01,TCGA-B8-4154-01,3.1783017043163824
TCGA-B8-4619-01,TCGA-B8-4619-01,3.1269155378338125
TCGA-B8-4619-11,TCGA-B8-4619-11,2.764709726882679
TCGA-B8-4620-01,TCGA-B8-4620-01,3.333646915993477
TCGA-B8-4620-11,TCGA-B8-4620-11,2.361105281469392
TCGA-B8-4621-01,TCGA-B8-4621-01,3.2480008931123696
TCGA-B8-4622-01,TCGA-B8-4622-01,3.0093406253545627
TCGA-B8-4622-11,TCGA-B8-4622-11,2.789063925878976
TCGA-B8-5158-01,TCGA-B8-5158-01,2.8466864772136438
TCGA-B8-5159-01,TCGA-B8-5159-01,3.3369726853819417
TCGA-B8-5162-01,TCGA-B8-5162-01,3.2427843957468987
TCGA-B8-5163-01,TCGA-B8-5163-01,3.065374574673955
TCGA-B8-5164-01,TCGA-B8-5164-01,3.213533873783458
TCGA-B8-5165-01,TCGA-B8-5165-01,3.202872564628265
TCGA-B8-5545-01,TCGA-B8-5545-01,3.2999872287927627
TCGA-B8-5546-01,TCGA-B8-5546-01,3.2183304688700067
TCGA-B8-5549-01,TCGA-B8-5549-01,3.2803938996669455
TCGA-B8-5549-11,TCGA-B8-5549-11,3.083593367213166
TCGA-B8-5550-01,TCGA-B8-5550-01,3.17369491868095
TCGA-B8-5551-01,TCGA-B8-5551-01,3.3069299302960093
TCGA-B8-5552-01,TCGA-B8-5552-01,3.283241908011571
TCGA-B8-5552-11,TCGA-B8-5552-11,3.011599410281199
TCGA-B8-5553-01,TCGA-B8-5553-01,3.3531799090424235
TCGA-B8-A54D-01,TCGA-B8-A54D-01,3.1095718473571443
TCGA-B8-A54E-01,TCGA-B8-A54E-01,3.210141403733306
TCGA-B8-A54F-01,TCGA-B8-A54F-01,3.0205870867973834
TCGA-B8-A54G-01,TCGA-B8-A54G-01,3.3068969240664474
TCGA-B8-A54H-01,TCGA-B8-A54H-01,2.8120844136507075
TCGA-B8-A54I-01,TCGA-B8-A54I-01,2.9024514891722983
TCGA-B8-A54J-01,TCGA-B8-A54J-01,3.137596857878201
TCGA-B8-A54K-01,TCGA-B8-A54K-01,2.9271879571446457
TCGA-B8-A7U6-01,TCGA-B8-A7U6-01,3.33998069774655
TCGA-B8-A8YJ-01,TCGA-B8-A8YJ-01,3.180943260256472
TCGA-BP-4158-01,TCGA-BP-4158-01,3.076667069717087
TCGA-BP-4159-01,TCGA-BP-4159-01,2.9415357711561647
TCGA-BP-4160-01,TCGA-BP-4160-01,3.246470739992398
TCGA-BP-4161-01,TCGA-BP-4161-01,3.06030492493683
TCGA-BP-4162-01,TCGA-BP-4162-01,3.2229123187821065
TCGA-BP-4163-01,TCGA-BP-4163-01,3.076638334000437
TCGA-BP-4164-01,TCGA-BP-4164-01,3.274309784279519
TCGA-BP-4165-01,TCGA-BP-4165-01,2.761996590552133
TCGA-BP-4166-01,TCGA-BP-4166-01,3.0887480790454784
TCGA-BP-4167-01,TCGA-BP-4167-01,3.0786074747506214
TCGA-BP-4169-01,TCGA-BP-4169-01,2.777712553251207
TCGA-BP-4170-01,TCGA-BP-4170-01,3.2007979978457612
TCGA-BP-4173-01,TCGA-BP-4173-01,3.213816073808888
TCGA-BP-4174-01,TCGA-BP-4174-01,3.130436747326324
TCGA-BP-4176-01,TCGA-BP-4176-01,3.1821182577830904
TCGA-BP-4177-01,TCGA-BP-4177-01,3.0872877150139004
TCGA-BP-4325-01,TCGA-BP-4325-01,3.0934710653832256
TCGA-BP-4326-01,TCGA-BP-4326-01,2.796069388004632
TCGA-BP-4327-01,TCGA-BP-4327-01,3.314528510932802
TCGA-BP-4329-01,TCGA-BP-4329-01,2.7562991314595124
TCGA-BP-4330-01,TCGA-BP-4330-01,3.1076364464817043
TCGA-BP-4331-01,TCGA-BP-4331-01,3.1091878264049035
TCGA-BP-4332-01,TCGA-BP-4332-01,2.9542379956676443
TCGA-BP-4334-01,TCGA-BP-4334-01,3.0673287239793194
TCGA-BP-4335-01,TCGA-BP-4335-01,2.815313461340801
TCGA-BP-4337-01,TCGA-BP-4337-01,2.61959367536613
TCGA-BP-4338-01,TCGA-BP-4338-01,3.2012629543579814
TCGA-BP-4340-01,TCGA-BP-4340-01,3.311933523186827
TCGA-BP-4341-01,TCGA-BP-4341-01,3.077388025779197
TCGA-BP-4342-01,TCGA-BP-4342-01,2.892674669014729
TCGA-BP-4343-01,TCGA-BP-4343-01,2.7328790209796536
TCGA-BP-4344-01,TCGA-BP-4344-01,3.21333369850698
TCGA-BP-4345-01,TCGA-BP-4345-01,3.102270713612582
TCGA-BP-4346-01,TCGA-BP-4346-01,3.263483151980281
TCGA-BP-4347-01,TCGA-BP-4347-01,3.2095825204639654
TCGA-BP-4349-01,TCGA-BP-4349-01,2.92451876315341
TCGA-BP-4351-01,TCGA-BP-4351-01,2.74434306103831
TCGA-BP-4352-01,TCGA-BP-4352-01,3.004112394849549
TCGA-BP-4353-01,TCGA-BP-4353-01,2.7780628002899888
TCGA-BP-4354-01,TCGA-BP-4354-01,3.2368850814748753
TCGA-BP-4355-01,TCGA-BP-4355-01,3.0691029712151283
TCGA-BP-4756-01,TCGA-BP-4756-01,3.198082212076906
TCGA-BP-4758-01,TCGA-BP-4758-01,3.153030031155537
TCGA-BP-4759-01,TCGA-BP-4759-01,2.9433862296102924
TCGA-BP-4760-01,TCGA-BP-4760-01,3.018752832033635
TCGA-BP-4761-01,TCGA-BP-4761-01,2.443007257770712
TCGA-BP-4762-01,TCGA-BP-4762-01,3.092692163210878
TCGA-BP-4763-01,TCGA-BP-4763-01,2.4380777350993523
TCGA-BP-4765-01,TCGA-BP-4765-01,3.2304173721182137
TCGA-BP-4766-01,TCGA-BP-4766-01,3.2213636872036924
TCGA-BP-4768-01,TCGA-BP-4768-01,3.1463628587281427
TCGA-BP-4769-01,TCGA-BP-4769-01,2.836594588002609
TCGA-BP-4770-01,TCGA-BP-4770-01,3.169100692378276
TCGA-BP-4771-01,TCGA-BP-4771-01,3.0040788154013107
TCGA-BP-4774-01,TCGA-BP-4774-01,3.286285018498621
TCGA-BP-4775-01,TCGA-BP-4775-01,3.2222746182394255
TCGA-BP-4776-01,TCGA-BP-4776-01,3.087484448239742
TCGA-BP-4777-01,TCGA-BP-4777-01,3.2311529798644694
TCGA-BP-4781-01,TCGA-BP-4781-01,3.105795019480759
TCGA-BP-4782-01,TCGA-BP-4782-01,3.359188488232746
TCGA-BP-4784-01,TCGA-BP-4784-01,3.1083834377008133
TCGA-BP-4787-01,TCGA-BP-4787-01,3.0981308327613
TCGA-BP-4789-01,TCGA-BP-4789-01,3.281941060081836
TCGA-BP-4790-01,TCGA-BP-4790-01,2.64396972814956
TCGA-BP-4795-01,TCGA-BP-4795-01,2.885265712591454
TCGA-BP-4797-01,TCGA-BP-4797-01,3.202061861351687
TCGA-BP-4798-01,TCGA-BP-4798-01,2.9201897823822422
TCGA-BP-4799-01,TCGA-BP-4799-01,2.690334966153502
TCGA-BP-4801-01,TCGA-BP-4801-01,3.248168467271515
TCGA-BP-4803-01,TCGA-BP-4803-01,3.139704342071158
TCGA-BP-4804-01,TCGA-BP-4804-01,2.9449123406255224
TCGA-BP-4807-01,TCGA-BP-4807-01,3.3486552191100016
TCGA-BP-4959-01,TCGA-BP-4959-01,3.1922122350729176
TCGA-BP-4960-01,TCGA-BP-4960-01,3.190434693411411
TCGA-BP-4961-01,TCGA-BP-4961-01,3.1277885882853362
TCGA-BP-4962-01,TCGA-BP-4962-01,3.1802417861790717
TCGA-BP-4963-01,TCGA-BP-4963-01,3.1540738047122443
TCGA-BP-4964-01,TCGA-BP-4964-01,3.411084231227667
TCGA-BP-4965-01,TCGA-BP-4965-01,3.186968962925068
TCGA-BP-4967-01,TCGA-BP-4967-01,3.2746162796938876
TCGA-BP-4968-01,TCGA-BP-4968-01,3.185058124327963
TCGA-BP-4969-01,TCGA-BP-4969-01,3.2331903660051053
TCGA-BP-4970-01,TCGA-BP-4970-01,3.297930943544266
TCGA-BP-4971-01,TCGA-BP-4971-01,3.109165231259509
TCGA-BP-4972-01,TCGA-BP-4972-01,3.146258840850268
TCGA-BP-4973-01,TCGA-BP-4973-01,3.2699337546227616
TCGA-BP-4974-01,TCGA-BP-4974-01,3.2680823945717594
TCGA-BP-4975-01,TCGA-BP-4975-01,3.132860136646383
TCGA-BP-4976-01,TCGA-BP-4976-01,3.2455956230019987
TCGA-BP-4977-01,TCGA-BP-4977-01,3.2670237977757104
TCGA-BP-4981-01,TCGA-BP-4981-01,3.1224982685005975
TCGA-BP-4982-01,TCGA-BP-4982-01,3.043854344547403
TCGA-BP-4983-01,TCGA-BP-4983-01,2.7348783114413195
TCGA-BP-4985-01,TCGA-BP-4985-01,3.0054861866882976
TCGA-BP-4986-01,TCGA-BP-4986-01,3.268812459963804
TCGA-BP-4987-01,TCGA-BP-4987-01,3.2458575473628573
TCGA-BP-4988-01,TCGA-BP-4988-01,3.083041739084627
TCGA-BP-4989-01,TCGA-BP-4989-01,2.9560970339904373
TCGA-BP-4991-01,TCGA-BP-4991-01,3.199381800990401
TCGA-BP-4992-01,TCGA-BP-4992-01,3.0458502253410007
TCGA-BP-4993-01,TCGA-BP-4993-01,3.2953112375594347
TCGA-BP-4994-01,TCGA-BP-4994-01,3.1098001041616805
TCGA-BP-4995-01,TCGA-BP-4995-01,2.9243080469063956
TCGA-BP-4998-01,TCGA-BP-4998-01,3.055549573364324
TCGA-BP-4999-01,TCGA-BP-4999-01,3.299092618303016
TCGA-BP-5000-01,TCGA-BP-5000-01,3.215657521561204
TCGA-BP-5001-01,TCGA-BP-5001-01,3.380515709247639
TCGA-BP-5004-01,TCGA-BP-5004-01,3.3286753956070623
TCGA-BP-5006-01,TCGA-BP-5006-01,3.2533841902336356
TCGA-BP-5007-01,TCGA-BP-5007-01,3.1708012657423676
TCGA-BP-5008-01,TCGA-BP-5008-01,3.0217932668534
TCGA-BP-5009-01,TCGA-BP-5009-01,3.3689170849897394
TCGA-BP-5010-01,TCGA-BP-5010-01,3.1050609918883576
TCGA-BP-5168-01,TCGA-BP-5168-01,3.4220411800142876
TCGA-BP-5169-01,TCGA-BP-5169-01,2.4326991401732694
TCGA-BP-5170-01,TCGA-BP-5170-01,3.305979645243098
TCGA-BP-5173-01,TCGA-BP-5173-01,3.2437728711140505
TCGA-BP-5174-01,TCGA-BP-5174-01,3.2467779936336156
TCGA-BP-5175-01,TCGA-BP-5175-01,2.8185863729999925
TCGA-BP-5176-01,TCGA-BP-5176-01,2.8416223864764056
TCGA-BP-5177-01,TCGA-BP-5177-01,3.2993372828802245
TCGA-BP-5178-01,TCGA-BP-5178-01,2.588528546592914
TCGA-BP-5180-01,TCGA-BP-5180-01,3.1612629762361575
TCGA-BP-5181-01,TCGA-BP-5181-01,3.379231659031762
TCGA-BP-5182-01,TCGA-BP-5182-01,3.2063969094903464
TCGA-BP-5183-01,TCGA-BP-5183-01,3.0615808012291494
TCGA-BP-5184-01,TCGA-BP-5184-01,3.200052017954824
TCGA-BP-5185-01,TCGA-BP-5185-01,3.083289406403742
TCGA-BP-5186-01,TCGA-BP-5186-01,3.2047516234216094
TCGA-BP-5187-01,TCGA-BP-5187-01,3.1115367685955677
TCGA-BP-5189-01,TCGA-BP-5189-01,3.3691653734512688
TCGA-BP-5190-01,TCGA-BP-5190-01,3.1940019898981555
TCGA-BP-5191-01,TCGA-BP-5191-01,3.124801862072042
TCGA-BP-5192-01,TCGA-BP-5192-01,3.327112514942483
TCGA-BP-5194-01,TCGA-BP-5194-01,3.1855624270094935
TCGA-BP-5195-01,TCGA-BP-5195-01,3.2441277301918485
TCGA-BP-5196-01,TCGA-BP-5196-01,2.9156242979458917
TCGA-BP-5198-01,TCGA-BP-5198-01,3.1730486386869043
TCGA-BP-5199-01,TCGA-BP-5199-01,3.1484343589008863
TCGA-BP-5200-01,TCGA-BP-5200-01,3.096879331107611
TCGA-BP-5201-01,TCGA-BP-5201-01,3.083292655807787
TCGA-BP-5202-01,TCGA-BP-5202-01,3.3272460251348592
TCGA-CJ-4634-01,TCGA-CJ-4634-01,3.1596274372438415
TCGA-CJ-4635-01,TCGA-CJ-4635-01,3.142762950838081
TCGA-CJ-4636-01,TCGA-CJ-4636-01,3.154951999706347
TCGA-CJ-4637-01,TCGA-CJ-4637-01,3.0378749800225595
TCGA-CJ-4638-01,TCGA-CJ-4638-01,3.1278474489519037
TCGA-CJ-4639-01,TCGA-CJ-4639-01,3.242501485434869
TCGA-CJ-4640-01,TCGA-CJ-4640-01,3.4535058494862008
TCGA-CJ-4641-01,TCGA-CJ-4641-01,3.000070817715185
TCGA-CJ-4642-01,TCGA-CJ-4642-01,3.163755173310995
TCGA-CJ-4643-01,TCGA-CJ-4643-01,3.3695503472055646
TCGA-CJ-4644-01,TCGA-CJ-4644-01,3.392339398620676
TCGA-CJ-4868-01,TCGA-CJ-4868-01,2.5834177249226116
TCGA-CJ-4869-01,TCGA-CJ-4869-01,3.1343168748819594
TCGA-CJ-4870-01,TCGA-CJ-4870-01,3.1318487841552605
TCGA-CJ-4871-01,TCGA-CJ-4871-01,2.8345327262854934
TCGA-CJ-4872-01,TCGA-CJ-4872-01,2.547316006009419
TCGA-CJ-4873-01,TCGA-CJ-4873-01,2.7804536521914844
TCGA-CJ-4874-01,TCGA-CJ-4874-01,3.2024606575914563
TCGA-CJ-4875-01,TCGA-CJ-4875-01,2.8392931132330013
TCGA-CJ-4876-01,TCGA-CJ-4876-01,3.2379861976149127
TCGA-CJ-4878-01,TCGA-CJ-4878-01,2.770707978227278
TCGA-CJ-4881-01,TCGA-CJ-4881-01,3.168670550438467
TCGA-CJ-4882-01,TCGA-CJ-4882-01,2.3389749912451796
TCGA-CJ-4884-01,TCGA-CJ-4884-01,3.270119948101182
TCGA-CJ-4885-01,TCGA-CJ-4885-01,3.0518094609791895
TCGA-CJ-4886-01,TCGA-CJ-4886-01,3.0333989660522542
TCGA-CJ-4887-01,TCGA-CJ-4887-01,2.939496235229998
TCGA-CJ-4888-01,TCGA-CJ-4888-01,2.9594452395133
TCGA-CJ-4889-01,TCGA-CJ-4889-01,3.265550467017355
TCGA-CJ-4890-01,TCGA-CJ-4890-01,3.085999505571536
TCGA-CJ-4891-01,TCGA-CJ-4891-01,2.871272064604384
TCGA-CJ-4892-01,TCGA-CJ-4892-01,3.0270906519171885
TCGA-CJ-4893-01,TCGA-CJ-4893-01,3.204454585473985
TCGA-CJ-4894-01,TCGA-CJ-4894-01,3.380395933716281
TCGA-CJ-4895-01,TCGA-CJ-4895-01,3.1242662653150965
TCGA-CJ-4897-01,TCGA-CJ-4897-01,3.2037371652733184
TCGA-CJ-4899-01,TCGA-CJ-4899-01,3.1222442309868788
TCGA-CJ-4900-01,TCGA-CJ-4900-01,3.0428839801843752
TCGA-CJ-4901-01,TCGA-CJ-4901-01,3.206847567314462
TCGA-CJ-4902-01,TCGA-CJ-4902-01,3.133026399834875
TCGA-CJ-4903-01,TCGA-CJ-4903-01,2.9891211109408657
TCGA-CJ-4904-01,TCGA-CJ-4904-01,3.2124149097184764
TCGA-CJ-4905-01,TCGA-CJ-4905-01,3.308685489627666
TCGA-CJ-4907-01,TCGA-CJ-4907-01,3.1567910493997102
TCGA-CJ-4908-01,TCGA-CJ-4908-01,3.2692763449490663
TCGA-CJ-4912-01,TCGA-CJ-4912-01,3.300966308701237
TCGA-CJ-4916-01,TCGA-CJ-4916-01,3.2433672907559714
TCGA-CJ-4918-01,TCGA-CJ-4918-01,3.2170001073668204
TCGA-CJ-4920-01,TCGA-CJ-4920-01,3.4445183265002384
TCGA-CJ-4923-01,TCGA-CJ-4923-01,2.928028510890523
TCGA-CJ-5671-01,TCGA-CJ-5671-01,2.9732279796839203
TCGA-CJ-5672-01,TCGA-CJ-5672-01,3.327668256917063
TCGA-CJ-5672-11,TCGA-CJ-5672-11,2.9241374011652717
TCGA-CJ-5675-01,TCGA-CJ-5675-01,3.1394649007617073
TCGA-CJ-5676-01,TCGA-CJ-5676-01,2.7035203334457063
TCGA-CJ-5676-11,TCGA-CJ-5676-11,2.7584275835162844
TCGA-CJ-5677-01,TCGA-CJ-5677-01,3.1305155905385176
TCGA-CJ-5677-11,TCGA-CJ-5677-11,3.140684510614114
TCGA-CJ-5678-01,TCGA-CJ-5678-01,3.2297195250690285
TCGA-CJ-5678-11,TCGA-CJ-5678-11,3.001011466045448
TCGA-CJ-5679-01,TCGA-CJ-5679-01,3.039764377082011
TCGA-CJ-5679-11,TCGA-CJ-5679-11,2.7964429249299165
TCGA-CJ-5680-01,TCGA-CJ-5680-01,3.3426070742114264
TCGA-CJ-5680-11,TCGA-CJ-5680-11,2.516417947607482
TCGA-CJ-5681-01,TCGA-CJ-5681-01,3.0506463786517215
TCGA-CJ-5681-11,TCGA-CJ-5681-11,3.032515259338354
TCGA-CJ-5682-01,TCGA-CJ-5682-01,3.0241452368925703
TCGA-CJ-5683-01,TCGA-CJ-5683-01,2.5773476225855747
TCGA-CJ-5684-01,TCGA-CJ-5684-01,3.17278707344852
TCGA-CJ-5686-01,TCGA-CJ-5686-01,3.2800415111161243
TCGA-CJ-5689-01,TCGA-CJ-5689-01,3.141520296045029
TCGA-CJ-5689-11,TCGA-CJ-5689-11,2.9210385095720826
TCGA-CJ-6027-01,TCGA-CJ-6027-01,2.6605155253746813
TCGA-CJ-6028-01,TCGA-CJ-6028-01,2.916678540651455
TCGA-CJ-6030-01,TCGA-CJ-6030-01,3.1553270808531733
TCGA-CJ-6030-11,TCGA-CJ-6030-11,2.9562423084852925
TCGA-CJ-6031-01,TCGA-CJ-6031-01,3.209543885007326
TCGA-CJ-6032-01,TCGA-CJ-6032-01,3.238271831061798
TCGA-CJ-6033-01,TCGA-CJ-6033-01,2.5584239475478
TCGA-CJ-6033-11,TCGA-CJ-6033-11,2.801179694922834
TCGA-CW-5580-01,TCGA-CW-5580-01,3.266263203495369
TCGA-CW-5580-11,TCGA-CW-5580-11,2.7874832559807903
TCGA-CW-5581-01,TCGA-CW-5581-01,3.268412592211755
TCGA-CW-5581-11,TCGA-CW-5581-11,3.169175219779287
TCGA-CW-5583-01,TCGA-CW-5583-01,3.162643879666763
TCGA-CW-5584-01,TCGA-CW-5584-01,3.4963189985018364
TCGA-CW-5584-11,TCGA-CW-5584-11,2.7229958608238856
TCGA-CW-5585-01,TCGA-CW-5585-01,3.2255387691571866
TCGA-CW-5585-11,TCGA-CW-5585-11,3.0426774197999453
TCGA-CW-5587-01,TCGA-CW-5587-01,3.3145309534512655
TCGA-CW-5587-11,TCGA-CW-5587-11,3.171502380104609
TCGA-CW-5588-01,TCGA-CW-5588-01,3.089239584085924
TCGA-CW-5589-01,TCGA-CW-5589-01,3.2078061010446395
TCGA-CW-5589-11,TCGA-CW-5589-11,3.0658940375249832
TCGA-CW-5590-01,TCGA-CW-5590-01,2.7779632294721024
TCGA-CW-5591-01,TCGA-CW-5591-01,2.672639411533067
TCGA-CW-5591-11,TCGA-CW-5591-11,3.0075016533085037
TCGA-CW-6087-01,TCGA-CW-6087-01,3.086853113579801
TCGA-CW-6087-11,TCGA-CW-6087-11,3.0681086948439855
TCGA-CW-6088-01,TCGA-CW-6088-01,3.0842706911068762
TCGA-CW-6088-11,TCGA-CW-6088-11,3.156672066404204
TCGA-CW-6090-01,TCGA-CW-6090-01,2.9762650368120367
TCGA-CW-6090-11,TCGA-CW-6090-11,3.120602299416452
TCGA-CW-6093-01,TCGA-CW-6093-01,3.158475798689185
TCGA-CW-6097-01,TCGA-CW-6097-01,3.122792437476235
TCGA-CZ-4853-01,TCGA-CZ-4853-01,3.236745607624687
TCGA-CZ-4854-01,TCGA-CZ-4854-01,3.140490782036603
TCGA-CZ-4856-01,TCGA-CZ-4856-01,3.123378921427562
TCGA-CZ-4857-01,TCGA-CZ-4857-01,3.0752534860564316
TCGA-CZ-4858-01,TCGA-CZ-4858-01,2.6656669027342614
TCGA-CZ-4859-01,TCGA-CZ-4859-01,3.3627342826820694
TCGA-CZ-4860-01,TCGA-CZ-4860-01,3.343927824197371
TCGA-CZ-4861-01,TCGA-CZ-4861-01,3.0372628698971416
TCGA-CZ-4862-01,TCGA-CZ-4862-01,2.9930026559666194
TCGA-CZ-4863-01,TCGA-CZ-4863-01,3.348846108843899
TCGA-CZ-4863-11,TCGA-CZ-4863-11,3.1505639103396215
TCGA-CZ-4864-01,TCGA-CZ-4864-01,3.2390081509105104
TCGA-CZ-4864-11,TCGA-CZ-4864-11,2.671029475143227
TCGA-CZ-4865-01,TCGA-CZ-4865-01,3.355764310775958
TCGA-CZ-4865-11,TCGA-CZ-4865-11,2.684442442955917
TCGA-CZ-4866-01,TCGA-CZ-4866-01,3.2263792533922917
TCGA-CZ-5451-01,TCGA-CZ-5451-01,3.335900262976603
TCGA-CZ-5451-11,TCGA-CZ-5451-11,3.0314810436623514
TCGA-CZ-5452-01,TCGA-CZ-5452-01,3.1579531931437046
TCGA-CZ-5452-11,TCGA-CZ-5452-11,2.946342560191075
TCGA-CZ-5453-01,TCGA-CZ-5453-01,3.3601246976089936
TCGA-CZ-5453-11,TCGA-CZ-5453-11,3.1358817299025947
TCGA-CZ-5454-01,TCGA-CZ-5454-01,3.349434253334617
TCGA-CZ-5454-11,TCGA-CZ-5454-11,3.0453179552419747
TCGA-CZ-5455-01,TCGA-CZ-5455-01,3.3052526970982785
TCGA-CZ-5455-11,TCGA-CZ-5455-11,2.733613200805609
TCGA-CZ-5456-01,TCGA-CZ-5456-01,3.2331962079287417
TCGA-CZ-5456-11,TCGA-CZ-5456-11,2.8297816599807897
TCGA-CZ-5457-01,TCGA-CZ-5457-01,3.2078487702320473
TCGA-CZ-5457-11,TCGA-CZ-5457-11,2.822217427603232
TCGA-CZ-5458-01,TCGA-CZ-5458-01,3.3001229472060514
TCGA-CZ-5458-11,TCGA-CZ-5458-11,2.9155899061633077
TCGA-CZ-5459-01,TCGA-CZ-5459-01,3.244158767864682
TCGA-CZ-5460-01,TCGA-CZ-5460-01,3.124145040106858
TCGA-CZ-5461-01,TCGA-CZ-5461-01,3.143574423246092
TCGA-CZ-5461-11,TCGA-CZ-5461-11,2.8631279283811235
TCGA-CZ-5462-01,TCGA-CZ-5462-01,3.4121441011131295
TCGA-CZ-5462-11,TCGA-CZ-5462-11,2.9250706068869436
TCGA-CZ-5463-01,TCGA-CZ-5463-01,3.371966350723881
TCGA-CZ-5463-11,TCGA-CZ-5463-11,3.103201594776074
TCGA-CZ-5464-01,TCGA-CZ-5464-01,3.0137582962441645
TCGA-CZ-5465-01,TCGA-CZ-5465-01,3.4513434804039718
TCGA-CZ-5465-11,TCGA-CZ-5465-11,3.0132982150170986
TCGA-CZ-5466-01,TCGA-CZ-5466-01,2.9693097208086057
TCGA-CZ-5466-11,TCGA-CZ-5466-11,2.9838882036795518
TCGA-CZ-5467-01,TCGA-CZ-5467-01,3.334203650152326
TCGA-CZ-5467-11,TCGA-CZ-5467-11,2.559035238945162
TCGA-CZ-5468-01,TCGA-CZ-5468-01,3.3455681952949163
TCGA-CZ-5468-11,TCGA-CZ-5468-11,2.735672521576993
TCGA-CZ-5469-01,TCGA-CZ-5469-01,2.9561469657066435
TCGA-CZ-5469-11,TCGA-CZ-5469-11,2.8397957611567315
TCGA-CZ-5470-01,TCGA-CZ-5470-01,3.277924363961668
TCGA-CZ-5470-11,TCGA-CZ-5470-11,2.694985594157043
TCGA-CZ-5982-01,TCGA-CZ-5982-01,3.146601958627556
TCGA-CZ-5982-11,TCGA-CZ-5982-11,3.217462799697176
TCGA-CZ-5984-01,TCGA-CZ-5984-01,3.090316794348073
TCGA-CZ-5984-11,TCGA-CZ-5984-11,2.8617052483859635
TCGA-CZ-5985-01,TCGA-CZ-5985-01,3.0947701246378436
TCGA-CZ-5985-11,TCGA-CZ-5985-11,2.9358932847402506
TCGA-CZ-5986-01,TCGA-CZ-5986-01,3.310536265046835
TCGA-CZ-5986-11,TCGA-CZ-5986-11,3.249117885900207
TCGA-CZ-5987-01,TCGA-CZ-5987-01,3.309204340505972
TCGA-CZ-5987-11,TCGA-CZ-5987-11,2.5876462570574956
TCGA-CZ-5988-01,TCGA-CZ-5988-01,3.06563689629491
TCGA-CZ-5988-11,TCGA-CZ-5988-11,3.14941545219885
TCGA-CZ-5989-01,TCGA-CZ-5989-01,3.229190221409288
TCGA-CZ-5989-11,TCGA-CZ-5989-11,2.8266991965675046
TCGA-DV-5565-01,TCGA-DV-5565-01,3.144261483326642
TCGA-DV-5566-01,TCGA-DV-5566-01,3.17081422149285
TCGA-DV-5567-01,TCGA-DV-5567-01,3.4229866928960515
TCGA-DV-5568-01,TCGA-DV-5568-01,3.3713340881357574
TCGA-DV-5569-01,TCGA-DV-5569-01,3.1629420508856247
TCGA-DV-5573-01,TCGA-DV-5573-01,2.715571076065663
TCGA-DV-5574-01,TCGA-DV-5574-01,3.244744851399428
TCGA-DV-5575-01,TCGA-DV-5575-01,3.3401893368791766
TCGA-DV-5576-01,TCGA-DV-5576-01,3.144431516705042
TCGA-DV-A4VX-01,TCGA-DV-A4VX-01,2.73635285178655
TCGA-DV-A4VZ-01,TCGA-DV-A4VZ-01,2.999263800412315
TCGA-DV-A4W0-01,TCGA-DV-A4W0-01,3.1359957044790185
TCGA-DV-A4W0-05,TCGA-DV-A4W0-05,2.9594604818976125
TCGA-EU-5904-01,TCGA-EU-5904-01,3.377751128555963
TCGA-EU-5905-01,TCGA-EU-5905-01,3.068246779617475
TCGA-EU-5906-01,TCGA-EU-5906-01,3.2978860866941946
TCGA-EU-5907-01,TCGA-EU-5907-01,3.336999711138079
TCGA-G6-A5PC-01,TCGA-G6-A5PC-01,3.2611148976376088
TCGA-G6-A8L6-01,TCGA-G6-A8L6-01,3.325105922073908
TCGA-G6-A8L7-01,TCGA-G6-A8L7-01,3.064585164243552
TCGA-G6-A8L8-01,TCGA-G6-A8L8-01,3.208775452954044
TCGA-GK-A6C7-01,TCGA-GK-A6C7-01,3.167894567762493
TCGA-MM-A563-01,TCGA-MM-A563-01,3.203188749934732
TCGA-MM-A564-01,TCGA-MM-A564-01,3.310004857660771
TCGA-MM-A84U-01,TCGA-MM-A84U-01,3.134986367730166
TCGA-MW-A4EC-01,TCGA-MW-A4EC-01,3.28670167319928
TCGA-T7-A92I-01,TCGA-T7-A92I-01,3.1097975056452505
TCGA-2V-A95S-01,TCGA-2V-A95S-01,3.077159478845163
TCGA-2Y-A9GS-01,TCGA-2Y-A9GS-01,3.0593161982760373
TCGA-2Y-A9GT-01,TCGA-2Y-A9GT-01,2.8954157617648386
TCGA-2Y-A9GU-01,TCGA-2Y-A9GU-01,3.0757494898973508
TCGA-2Y-A9GV-01,TCGA-2Y-A9GV-01,3.307335300967385
TCGA-2Y-A9GW-01,TCGA-2Y-A9GW-01,2.830845873531281
TCGA-2Y-A9GX-01,TCGA-2Y-A9GX-01,3.4088777173746445
TCGA-2Y-A9GY-01,TCGA-2Y-A9GY-01,3.0538240403852326
TCGA-2Y-A9GZ-01,TCGA-2Y-A9GZ-01,3.100272828405723
TCGA-2Y-A9H0-01,TCGA-2Y-A9H0-01,2.7177713216304284
TCGA-2Y-A9H1-01,TCGA-2Y-A9H1-01,2.901983089030588
TCGA-2Y-A9H2-01,TCGA-2Y-A9H2-01,3.134476517507387
TCGA-2Y-A9H3-01,TCGA-2Y-A9H3-01,3.067912661308487
TCGA-2Y-A9H4-01,TCGA-2Y-A9H4-01,3.013619638540722
TCGA-2Y-A9H5-01,TCGA-2Y-A9H5-01,2.80000797168704
TCGA-2Y-A9H6-01,TCGA-2Y-A9H6-01,3.0640110860147023
TCGA-2Y-A9H7-01,TCGA-2Y-A9H7-01,3.2691464512881954
TCGA-2Y-A9H8-01,TCGA-2Y-A9H8-01,3.4083044428371863
TCGA-2Y-A9H9-01,TCGA-2Y-A9H9-01,3.187933340727634
TCGA-2Y-A9HA-01,TCGA-2Y-A9HA-01,2.964823328349439
TCGA-2Y-A9HB-01,TCGA-2Y-A9HB-01,3.206950795582565
TCGA-3K-AAZ8-01,TCGA-3K-AAZ8-01,3.232435923261467
TCGA-4R-AA8I-01,TCGA-4R-AA8I-01,3.0045145449736133
TCGA-5C-A9VG-01,TCGA-5C-A9VG-01,3.3747353832967892
TCGA-5C-A9VH-01,TCGA-5C-A9VH-01,2.658852094400606
TCGA-5C-AAPD-01,TCGA-5C-AAPD-01,2.806204846727378
TCGA-5R-AA1C-01,TCGA-5R-AA1C-01,3.221423370843616
TCGA-5R-AA1D-01,TCGA-5R-AA1D-01,3.3304346381049283
TCGA-5R-AAAM-01,TCGA-5R-AAAM-01,3.0802066854450936
TCGA-BC-4072-01,TCGA-BC-4072-01,3.154629922411868
TCGA-BC-4073-01,TCGA-BC-4073-01,2.7357578967985576
TCGA-BC-A10Q-01,TCGA-BC-A10Q-01,3.2560075654329994
TCGA-BC-A10Q-11,TCGA-BC-A10Q-11,3.3658366390598373
TCGA-BC-A10R-01,TCGA-BC-A10R-01,3.041080830425661
TCGA-BC-A10R-11,TCGA-BC-A10R-11,3.3943965183244003
TCGA-BC-A10S-01,TCGA-BC-A10S-01,2.486094833586195
TCGA-BC-A10T-01,TCGA-BC-A10T-01,2.982807308059377
TCGA-BC-A10T-11,TCGA-BC-A10T-11,3.189179766990741
TCGA-BC-A10U-01,TCGA-BC-A10U-01,3.0129912205533
TCGA-BC-A10U-11,TCGA-BC-A10U-11,3.0547747621794885
TCGA-BC-A10W-01,TCGA-BC-A10W-01,2.9747518883807174
TCGA-BC-A10W-11,TCGA-BC-A10W-11,3.2712589738545663
TCGA-BC-A10X-01,TCGA-BC-A10X-01,3.1850376358947696
TCGA-BC-A10X-11,TCGA-BC-A10X-11,2.967432813179342
TCGA-BC-A10Y-01,TCGA-BC-A10Y-01,2.9385095724952146
TCGA-BC-A10Y-11,TCGA-BC-A10Y-11,3.0280949507436916
TCGA-BC-A10Z-01,TCGA-BC-A10Z-01,3.017185130830768
TCGA-BC-A10Z-11,TCGA-BC-A10Z-11,3.1839763419069307
TCGA-BC-A110-01,TCGA-BC-A110-01,3.2507572674333876
TCGA-BC-A110-11,TCGA-BC-A110-11,3.17661130056332
TCGA-BC-A112-01,TCGA-BC-A112-01,2.912829326469331
TCGA-BC-A216-01,TCGA-BC-A216-01,2.5513418710512163
TCGA-BC-A216-11,TCGA-BC-A216-11,2.9426341327186702
TCGA-BC-A217-01,TCGA-BC-A217-01,3.024517981897428
TCGA-BC-A3KF-01,TCGA-BC-A3KF-01,3.1471213574894885
TCGA-BC-A3KG-01,TCGA-BC-A3KG-01,3.0345717533413703
TCGA-BC-A5W4-01,TCGA-BC-A5W4-01,3.1123962298082164
TCGA-BC-A69H-01,TCGA-BC-A69H-01,2.8750727685122546
TCGA-BC-A69I-01,TCGA-BC-A69I-01,2.9827288271501677
TCGA-BC-A8YO-01,TCGA-BC-A8YO-01,3.1575165771810583
TCGA-BD-A2L6-01,TCGA-BD-A2L6-01,3.3343605716976703
TCGA-BD-A2L6-11,TCGA-BD-A2L6-11,3.164251215287713
TCGA-BD-A3EP-01,TCGA-BD-A3EP-01,3.2067163357495616
TCGA-BD-A3EP-11,TCGA-BD-A3EP-11,3.0109734512590434
TCGA-BD-A3ER-01,TCGA-BD-A3ER-01,3.109482281366137
TCGA-BW-A5NO-01,TCGA-BW-A5NO-01,2.864503034371745
TCGA-BW-A5NP-01,TCGA-BW-A5NP-01,3.3938987808202543
TCGA-BW-A5NQ-01,TCGA-BW-A5NQ-01,3.2368045274640935
TCGA-CC-5258-01,TCGA-CC-5258-01,3.134522605522425
TCGA-CC-5259-01,TCGA-CC-5259-01,3.3039647916835886
TCGA-CC-5260-01,TCGA-CC-5260-01,3.3847424364398337
TCGA-CC-5261-01,TCGA-CC-5261-01,3.0475318421695543
TCGA-CC-5262-01,TCGA-CC-5262-01,3.198294994103301
TCGA-CC-5263-01,TCGA-CC-5263-01,3.0707340847957134
TCGA-CC-5264-01,TCGA-CC-5264-01,2.718825309722815
TCGA-CC-A123-01,TCGA-CC-A123-01,2.93774738234274
TCGA-CC-A1HT-01,TCGA-CC-A1HT-01,3.202506208742723
TCGA-CC-A3M9-01,TCGA-CC-A3M9-01,3.008780856486129
TCGA-CC-A3MA-01,TCGA-CC-A3MA-01,3.261478947746782
TCGA-CC-A3MB-01,TCGA-CC-A3MB-01,3.026922191120077
TCGA-CC-A3MC-01,TCGA-CC-A3MC-01,3.076853603503776
TCGA-CC-A5UC-01,TCGA-CC-A5UC-01,2.9052085109791728
TCGA-CC-A5UD-01,TCGA-CC-A5UD-01,3.0802697599625866
TCGA-CC-A5UE-01,TCGA-CC-A5UE-01,2.7969618523071493
TCGA-CC-A7IE-01,TCGA-CC-A7IE-01,2.718901847607594
TCGA-CC-A7IF-01,TCGA-CC-A7IF-01,2.827156696411364
TCGA-CC-A7IG-01,TCGA-CC-A7IG-01,2.459782688130551
TCGA-CC-A7IH-01,TCGA-CC-A7IH-01,3.0959619655308934
TCGA-CC-A7II-01,TCGA-CC-A7II-01,3.1967831660946304
TCGA-CC-A7IJ-01,TCGA-CC-A7IJ-01,3.3265944045734908
TCGA-CC-A7IK-01,TCGA-CC-A7IK-01,2.979961611254046
TCGA-CC-A7IL-01,TCGA-CC-A7IL-01,3.1456869319587373
TCGA-CC-A8HS-01,TCGA-CC-A8HS-01,3.178299257125101
TCGA-CC-A8HT-01,TCGA-CC-A8HT-01,2.695315343201854
TCGA-CC-A8HU-01,TCGA-CC-A8HU-01,3.043049040399115
TCGA-CC-A8HV-01,TCGA-CC-A8HV-01,2.846316178389979
TCGA-CC-A9FS-01,TCGA-CC-A9FS-01,2.763775616521876
TCGA-CC-A9FU-01,TCGA-CC-A9FU-01,3.45134301838681
TCGA-CC-A9FV-01,TCGA-CC-A9FV-01,3.2256384512054694
TCGA-CC-A9FW-01,TCGA-CC-A9FW-01,3.306750981343845
TCGA-DD-A113-01,TCGA-DD-A113-01,2.97415291844642
TCGA-DD-A113-11,TCGA-DD-A113-11,3.196008902951334
TCGA-DD-A114-01,TCGA-DD-A114-01,2.682516415482448
TCGA-DD-A114-11,TCGA-DD-A114-11,3.19973962315009
TCGA-DD-A115-01,TCGA-DD-A115-01,3.0638635098740354
TCGA-DD-A116-01,TCGA-DD-A116-01,3.114114134845007
TCGA-DD-A116-11,TCGA-DD-A116-11,3.2982852944085788
TCGA-DD-A118-01,TCGA-DD-A118-01,3.412892121152784
TCGA-DD-A118-11,TCGA-DD-A118-11,3.2378100175668876
TCGA-DD-A119-01,TCGA-DD-A119-01,3.2608584643786425
TCGA-DD-A119-11,TCGA-DD-A119-11,3.280683522120298
TCGA-DD-A11A-01,TCGA-DD-A11A-01,3.3039911715119685
TCGA-DD-A11A-11,TCGA-DD-A11A-11,3.180463039788063
TCGA-DD-A11B-01,TCGA-DD-A11B-01,3.0315503256211582
TCGA-DD-A11B-11,TCGA-DD-A11B-11,3.0376724436589218
TCGA-DD-A11C-01,TCGA-DD-A11C-01,2.994355138444416
TCGA-DD-A11C-11,TCGA-DD-A11C-11,3.001223658287686
TCGA-DD-A11D-01,TCGA-DD-A11D-01,3.17382734869768
TCGA-DD-A11D-11,TCGA-DD-A11D-11,3.0653623145319067
TCGA-DD-A1EA-01,TCGA-DD-A1EA-01,2.9271543378335525
TCGA-DD-A1EB-01,TCGA-DD-A1EB-01,3.168864359618429
TCGA-DD-A1EB-11,TCGA-DD-A1EB-11,3.2654189024591824
TCGA-DD-A1EC-01,TCGA-DD-A1EC-01,3.0884760551243926
TCGA-DD-A1EC-11,TCGA-DD-A1EC-11,3.2377178189787656
TCGA-DD-A1ED-01,TCGA-DD-A1ED-01,2.9325724239373754
TCGA-DD-A1EE-01,TCGA-DD-A1EE-01,3.128993787019588
TCGA-DD-A1EE-11,TCGA-DD-A1EE-11,3.257127355060974
TCGA-DD-A1EF-01,TCGA-DD-A1EF-01,3.1638105702660093
TCGA-DD-A1EG-01,TCGA-DD-A1EG-01,2.9001905082903363
TCGA-DD-A1EG-11,TCGA-DD-A1EG-11,3.0217546501143575
TCGA-DD-A1EH-01,TCGA-DD-A1EH-01,3.3281007963478277
TCGA-DD-A1EH-11,TCGA-DD-A1EH-11,3.2598966767754933
TCGA-DD-A1EI-01,TCGA-DD-A1EI-01,3.394153820924318
TCGA-DD-A1EI-11,TCGA-DD-A1EI-11,3.2146473196658802
TCGA-DD-A1EJ-01,TCGA-DD-A1EJ-01,3.004856761297878
TCGA-DD-A1EJ-11,TCGA-DD-A1EJ-11,3.195881831927207
TCGA-DD-A1EK-01,TCGA-DD-A1EK-01,3.2135450863145256
TCGA-DD-A1EL-01,TCGA-DD-A1EL-01,2.735178315668509
TCGA-DD-A1EL-11,TCGA-DD-A1EL-11,3.318489428493362
TCGA-DD-A39V-01,TCGA-DD-A39V-01,2.927954017403406
TCGA-DD-A39V-11,TCGA-DD-A39V-11,3.2191245068771464
TCGA-DD-A39W-01,TCGA-DD-A39W-01,3.1699163855628454
TCGA-DD-A39W-11,TCGA-DD-A39W-11,3.289499228528923
TCGA-DD-A39X-01,TCGA-DD-A39X-01,2.84923634527316
TCGA-DD-A39X-11,TCGA-DD-A39X-11,3.2451463162508887
TCGA-DD-A39Y-01,TCGA-DD-A39Y-01,2.90253087392984
TCGA-DD-A39Z-01,TCGA-DD-A39Z-01,3.1460104952228454
TCGA-DD-A39Z-11,TCGA-DD-A39Z-11,3.377976599551963
TCGA-DD-A3A1-01,TCGA-DD-A3A1-01,2.9237141678268146
TCGA-DD-A3A1-11,TCGA-DD-A3A1-11,2.939627998969744
TCGA-DD-A3A2-01,TCGA-DD-A3A2-01,3.0760563978749675
TCGA-DD-A3A2-11,TCGA-DD-A3A2-11,3.125685888122903
TCGA-DD-A3A3-01,TCGA-DD-A3A3-01,3.0401205262339013
TCGA-DD-A3A3-11,TCGA-DD-A3A3-11,3.353791201335507
TCGA-DD-A3A4-01,TCGA-DD-A3A4-01,3.1729338533383653
TCGA-DD-A3A4-11,TCGA-DD-A3A4-11,3.1870273569370227
TCGA-DD-A3A5-01,TCGA-DD-A3A5-01,3.2912776748132466
TCGA-DD-A3A5-11,TCGA-DD-A3A5-11,3.2830478516052155
TCGA-DD-A3A6-01,TCGA-DD-A3A6-01,2.9162581076328813
TCGA-DD-A3A6-11,TCGA-DD-A3A6-11,3.3714534571127435
TCGA-DD-A3A7-01,TCGA-DD-A3A7-01,2.898723892150563
TCGA-DD-A3A8-01,TCGA-DD-A3A8-01,2.754815619878575
TCGA-DD-A3A8-11,TCGA-DD-A3A8-11,3.064339100638259
TCGA-DD-A3A9-01,TCGA-DD-A3A9-01,3.140304783591167
TCGA-DD-A4NA-01,TCGA-DD-A4NA-01,3.336295046063113
TCGA-DD-A4NB-01,TCGA-DD-A4NB-01,2.8390259063094843
TCGA-DD-A4ND-01,TCGA-DD-A4ND-01,3.2618981500111244
TCGA-DD-A4NE-01,TCGA-DD-A4NE-01,3.3379683629118837
TCGA-DD-A4NF-01,TCGA-DD-A4NF-01,3.4140039195404164
TCGA-DD-A4NG-01,TCGA-DD-A4NG-01,3.090588633512733
TCGA-DD-A4NH-01,TCGA-DD-A4NH-01,3.061126846316699
TCGA-DD-A4NI-01,TCGA-DD-A4NI-01,3.165958433876
TCGA-DD-A4NJ-01,TCGA-DD-A4NJ-01,3.2769313136671396
TCGA-DD-A4NK-01,TCGA-DD-A4NK-01,3.285045283967902
TCGA-DD-A4NL-01,TCGA-DD-A4NL-01,3.2117557077444054
TCGA-DD-A4NN-01,TCGA-DD-A4NN-01,3.148298161958113
TCGA-DD-A4NO-01,TCGA-DD-A4NO-01,2.9641182573760707
TCGA-DD-A4NP-01,TCGA-DD-A4NP-01,2.958497797299596
TCGA-DD-A4NQ-01,TCGA-DD-A4NQ-01,3.1409552391067024
TCGA-DD-A4NR-01,TCGA-DD-A4NR-01,3.23477037650562
TCGA-DD-A4NS-01,TCGA-DD-A4NS-01,3.161030242607342
TCGA-DD-A4NV-01,TCGA-DD-A4NV-01,3.1456184460039527
TCGA-DD-A73A-01,TCGA-DD-A73A-01,3.1468278886803986
TCGA-DD-A73B-01,TCGA-DD-A73B-01,3.0261700308276853
TCGA-DD-A73C-01,TCGA-DD-A73C-01,3.0310195035502865
TCGA-DD-A73D-01,TCGA-DD-A73D-01,3.1368927810272607
TCGA-DD-A73E-01,TCGA-DD-A73E-01,3.077448743075959
TCGA-DD-A73F-01,TCGA-DD-A73F-01,3.052934940998837
TCGA-DD-A73G-01,TCGA-DD-A73G-01,3.0224403544223954
TCGA-DD-AA3A-01,TCGA-DD-AA3A-01,2.7619548754316514
TCGA-DD-AAC8-01,TCGA-DD-AAC8-01,3.246371138655485
TCGA-DD-AAC9-01,TCGA-DD-AAC9-01,3.0355974018050533
TCGA-DD-AACA-01,TCGA-DD-AACA-01,3.4168981750240683
TCGA-DD-AACA-02,TCGA-DD-AACA-02,3.2778732649441746
TCGA-DD-AACA-02.1,TCGA-DD-AACA-02.1,3.551376607820978
TCGA-DD-AACB-01,TCGA-DD-AACB-01,3.001529920409626
TCGA-DD-AACC-01,TCGA-DD-AACC-01,2.905972936440731
TCGA-DD-AACD-01,TCGA-DD-AACD-01,3.0113194572605866
TCGA-DD-AACE-01,TCGA-DD-AACE-01,3.28201156402385
TCGA-DD-AACF-01,TCGA-DD-AACF-01,3.460181968275196
TCGA-DD-AACG-01,TCGA-DD-AACG-01,2.656392110955454
TCGA-DD-AACH-01,TCGA-DD-AACH-01,3.3216948025299815
TCGA-DD-AACI-01,TCGA-DD-AACI-01,2.8654803861298515
TCGA-DD-AACJ-01,TCGA-DD-AACJ-01,2.9871883741309846
TCGA-DD-AACK-01,TCGA-DD-AACK-01,2.9621389046762587
TCGA-DD-AACL-01,TCGA-DD-AACL-01,3.035371914016727
TCGA-DD-AACN-01,TCGA-DD-AACN-01,3.264335086941194
TCGA-DD-AACO-01,TCGA-DD-AACO-01,2.7173672681426706
TCGA-DD-AACP-01,TCGA-DD-AACP-01,2.612882589655315
TCGA-DD-AACQ-01,TCGA-DD-AACQ-01,3.017663523365242
TCGA-DD-AACS-01,TCGA-DD-AACS-01,3.074386523893754
TCGA-DD-AACT-01,TCGA-DD-AACT-01,2.9189427404163077
TCGA-DD-AACU-01,TCGA-DD-AACU-01,3.180861155001298
TCGA-DD-AACV-01,TCGA-DD-AACV-01,3.0790570558293133
TCGA-DD-AACW-01,TCGA-DD-AACW-01,3.2688897774939036
TCGA-DD-AACX-01,TCGA-DD-AACX-01,3.3344608710975554
TCGA-DD-AACY-01,TCGA-DD-AACY-01,3.063051519931051
TCGA-DD-AACZ-01,TCGA-DD-AACZ-01,3.0813083493173976
TCGA-DD-AAD0-01,TCGA-DD-AAD0-01,3.07429370340158
TCGA-DD-AAD1-01,TCGA-DD-AAD1-01,3.4290618260956904
TCGA-DD-AAD2-01,TCGA-DD-AAD2-01,3.185691346713411
TCGA-DD-AAD3-01,TCGA-DD-AAD3-01,3.2313173255251253
TCGA-DD-AAD5-01,TCGA-DD-AAD5-01,2.822990345496099
TCGA-DD-AAD6-01,TCGA-DD-AAD6-01,3.056642002761709
TCGA-DD-AAD8-01,TCGA-DD-AAD8-01,3.0910314731702964
TCGA-DD-AADA-01,TCGA-DD-AADA-01,3.3038107272252897
TCGA-DD-AADB-01,TCGA-DD-AADB-01,3.109799630132465
TCGA-DD-AADC-01,TCGA-DD-AADC-01,3.067019795412119
TCGA-DD-AADD-01,TCGA-DD-AADD-01,3.0636785920028
TCGA-DD-AADF-01,TCGA-DD-AADF-01,3.104860788180558
TCGA-DD-AADG-01,TCGA-DD-AADG-01,2.8638606542212743
TCGA-DD-AADI-01,TCGA-DD-AADI-01,3.2591130917134845
TCGA-DD-AADJ-01,TCGA-DD-AADJ-01,2.921798562134093
TCGA-DD-AADK-01,TCGA-DD-AADK-01,2.5542056235564745
TCGA-DD-AADL-01,TCGA-DD-AADL-01,3.2465190337487027
TCGA-DD-AADM-01,TCGA-DD-AADM-01,2.887224672170102
TCGA-DD-AADN-01,TCGA-DD-AADN-01,2.917394668167195
TCGA-DD-AADO-01,TCGA-DD-AADO-01,3.1186276159803286
TCGA-DD-AADP-01,TCGA-DD-AADP-01,3.161668113935688
TCGA-DD-AADQ-01,TCGA-DD-AADQ-01,2.92142711231733
TCGA-DD-AADR-01,TCGA-DD-AADR-01,2.689760212683
TCGA-DD-AADS-01,TCGA-DD-AADS-01,3.45116502670793
TCGA-DD-AADU-01,TCGA-DD-AADU-01,3.223052407948032
TCGA-DD-AADV-01,TCGA-DD-AADV-01,3.356815505545422
TCGA-DD-AADW-01,TCGA-DD-AADW-01,2.999234242268567
TCGA-DD-AADY-01,TCGA-DD-AADY-01,2.967913338283174
TCGA-DD-AAE0-01,TCGA-DD-AAE0-01,3.106787923830088
TCGA-DD-AAE1-01,TCGA-DD-AAE1-01,3.26363025640283
TCGA-DD-AAE2-01,TCGA-DD-AAE2-01,3.0893454679835464
TCGA-DD-AAE3-01,TCGA-DD-AAE3-01,3.205849710789032
TCGA-DD-AAE4-01,TCGA-DD-AAE4-01,3.091776828372251
TCGA-DD-AAE6-01,TCGA-DD-AAE6-01,3.1873571841294748
TCGA-DD-AAE7-01,TCGA-DD-AAE7-01,3.2812613625697273
TCGA-DD-AAE9-01,TCGA-DD-AAE9-01,3.1734801211077137
TCGA-DD-AAEA-01,TCGA-DD-AAEA-01,3.1305415544272353
TCGA-DD-AAEB-01,TCGA-DD-AAEB-01,2.9971608417823257
TCGA-DD-AAED-01,TCGA-DD-AAED-01,2.9588016795023444
TCGA-DD-AAEE-01,TCGA-DD-AAEE-01,3.140734634913186
TCGA-DD-AAEG-01,TCGA-DD-AAEG-01,3.0964243722972875
TCGA-DD-AAEH-01,TCGA-DD-AAEH-01,3.269277736044095
TCGA-DD-AAEI-01,TCGA-DD-AAEI-01,3.2720759911793595
TCGA-DD-AAEK-01,TCGA-DD-AAEK-01,3.1745302190103235
TCGA-DD-AAVP-01,TCGA-DD-AAVP-01,3.147457103869108
TCGA-DD-AAVQ-01,TCGA-DD-AAVQ-01,3.000128650775694
TCGA-DD-AAVR-01,TCGA-DD-AAVR-01,3.4613517350424945
TCGA-DD-AAVS-01,TCGA-DD-AAVS-01,3.261127245451175
TCGA-DD-AAVU-01,TCGA-DD-AAVU-01,2.782116544450524
TCGA-DD-AAVV-01,TCGA-DD-AAVV-01,2.8864155541746115
TCGA-DD-AAVW-01,TCGA-DD-AAVW-01,2.7914990716353714
TCGA-DD-AAVX-01,TCGA-DD-AAVX-01,3.040888931867562
TCGA-DD-AAVY-01,TCGA-DD-AAVY-01,3.0927324137965657
TCGA-DD-AAVZ-01,TCGA-DD-AAVZ-01,3.2893437564501418
TCGA-DD-AAW0-01,TCGA-DD-AAW0-01,2.8678760373634766
TCGA-DD-AAW1-01,TCGA-DD-AAW1-01,3.2330417124602775
TCGA-DD-AAW2-01,TCGA-DD-AAW2-01,2.8099459431440255
TCGA-DD-AAW3-01,TCGA-DD-AAW3-01,3.2379632209814613
TCGA-ED-A459-01,TCGA-ED-A459-01,2.7829473928473254
TCGA-ED-A4XI-01,TCGA-ED-A4XI-01,3.287504008893168
TCGA-ED-A5KG-01,TCGA-ED-A5KG-01,2.3487424026505925
TCGA-ED-A627-01,TCGA-ED-A627-01,3.355217110554753
TCGA-ED-A66X-01,TCGA-ED-A66X-01,3.2349188485701545
TCGA-ED-A66Y-01,TCGA-ED-A66Y-01,3.498284228878476
TCGA-ED-A7PX-01,TCGA-ED-A7PX-01,2.7416895708238487
TCGA-ED-A7PY-01,TCGA-ED-A7PY-01,3.0269643394573356
TCGA-ED-A7PZ-01,TCGA-ED-A7PZ-01,3.2792662488902415
TCGA-ED-A7XO-01,TCGA-ED-A7XO-01,3.151908874709404
TCGA-ED-A7XP-01,TCGA-ED-A7XP-01,3.043746492818035
TCGA-ED-A82E-01,TCGA-ED-A82E-01,2.9545514430704345
TCGA-ED-A8O5-01,TCGA-ED-A8O5-01,3.5842542363388974
TCGA-ED-A8O6-01,TCGA-ED-A8O6-01,2.9973025403935547
TCGA-ED-A97K-01,TCGA-ED-A97K-01,2.9929967349555047
TCGA-EP-A12J-01,TCGA-EP-A12J-01,3.0345175387316408
TCGA-EP-A12J-11,TCGA-EP-A12J-11,3.192164049956512
TCGA-EP-A26S-01,TCGA-EP-A26S-01,3.1712443627518203
TCGA-EP-A26S-11,TCGA-EP-A26S-11,3.352858691042962
TCGA-EP-A2KA-01,TCGA-EP-A2KA-01,2.900614523894899
TCGA-EP-A2KB-01,TCGA-EP-A2KB-01,3.0632434330037666
TCGA-EP-A2KC-01,TCGA-EP-A2KC-01,3.073255708239818
TCGA-EP-A3JL-01,TCGA-EP-A3JL-01,2.847655087803254
TCGA-EP-A3RK-01,TCGA-EP-A3RK-01,3.330895868105579
TCGA-EP-A3RK-11,TCGA-EP-A3RK-11,2.9847092068197045
TCGA-ES-A2HS-01,TCGA-ES-A2HS-01,3.0976530696985947
TCGA-ES-A2HT-01,TCGA-ES-A2HT-01,2.8464781635478094
TCGA-ES-A2HT-11,TCGA-ES-A2HT-11,3.053929057744392
TCGA-FV-A23B-01,TCGA-FV-A23B-01,3.2792503272246467
TCGA-FV-A23B-11,TCGA-FV-A23B-11,3.3588387072730903
TCGA-FV-A2QQ-01,TCGA-FV-A2QQ-01,2.8448807049875255
TCGA-FV-A2QR-01,TCGA-FV-A2QR-01,3.3147168585690925
TCGA-FV-A2QR-11,TCGA-FV-A2QR-11,3.202682718282188
TCGA-FV-A3I0-01,TCGA-FV-A3I0-01,3.1118107250777918
TCGA-FV-A3I0-11,TCGA-FV-A3I0-11,3.270883561495615
TCGA-FV-A3I1-01,TCGA-FV-A3I1-01,3.213620046005151
TCGA-FV-A3I1-11,TCGA-FV-A3I1-11,3.0043675700860097
TCGA-FV-A3R2-01,TCGA-FV-A3R2-01,3.1532026581540515
TCGA-FV-A3R2-11,TCGA-FV-A3R2-11,3.1642969731367137
TCGA-FV-A3R3-01,TCGA-FV-A3R3-01,3.1493154506404255
TCGA-FV-A495-01,TCGA-FV-A495-01,3.1698406888942063
TCGA-FV-A496-01,TCGA-FV-A496-01,2.9619388977674785
TCGA-FV-A4ZP-01,TCGA-FV-A4ZP-01,3.585959549656965
TCGA-FV-A4ZQ-01,TCGA-FV-A4ZQ-01,3.1336554578095805
TCGA-G3-A25S-01,TCGA-G3-A25S-01,2.9271708832289014
TCGA-G3-A25T-01,TCGA-G3-A25T-01,2.873247602044585
TCGA-G3-A25U-01,TCGA-G3-A25U-01,3.148231648074135
TCGA-G3-A25V-01,TCGA-G3-A25V-01,2.862422670261241
TCGA-G3-A25X-01,TCGA-G3-A25X-01,3.3383785410754863
TCGA-G3-A25Y-01,TCGA-G3-A25Y-01,3.2805268187319
TCGA-G3-A25Z-01,TCGA-G3-A25Z-01,2.9433432329927323
TCGA-G3-A3CG-01,TCGA-G3-A3CG-01,3.309033996515314
TCGA-G3-A3CH-01,TCGA-G3-A3CH-01,2.9995713529763943
TCGA-G3-A3CH-11,TCGA-G3-A3CH-11,3.080622650732497
TCGA-G3-A3CI-01,TCGA-G3-A3CI-01,3.0684915564876474
TCGA-G3-A3CJ-01,TCGA-G3-A3CJ-01,3.2333804122546086
TCGA-G3-A3CK-01,TCGA-G3-A3CK-01,2.9886405346828315
TCGA-G3-A5SI-01,TCGA-G3-A5SI-01,3.3810823887459187
TCGA-G3-A5SJ-01,TCGA-G3-A5SJ-01,3.123213605632797
TCGA-G3-A5SK-01,TCGA-G3-A5SK-01,3.0823958475896815
TCGA-G3-A5SL-01,TCGA-G3-A5SL-01,3.2314460717197804
TCGA-G3-A5SM-01,TCGA-G3-A5SM-01,2.825414610464553
TCGA-G3-A6UC-01,TCGA-G3-A6UC-01,3.2575095991734493
TCGA-G3-A7M5-01,TCGA-G3-A7M5-01,3.2485156488039513
TCGA-G3-A7M6-01,TCGA-G3-A7M6-01,2.64819328530237
TCGA-G3-A7M7-01,TCGA-G3-A7M7-01,2.8773776504932966
TCGA-G3-A7M8-01,TCGA-G3-A7M8-01,3.066345329344072
TCGA-G3-A7M9-01,TCGA-G3-A7M9-01,2.499043574185508
TCGA-G3-AAUZ-01,TCGA-G3-AAUZ-01,3.3030552061758787
TCGA-G3-AAV0-01,TCGA-G3-AAV0-01,3.17536025395342
TCGA-G3-AAV1-01,TCGA-G3-AAV1-01,3.3635132214004577
TCGA-G3-AAV2-01,TCGA-G3-AAV2-01,2.9407763455053946
TCGA-G3-AAV3-01,TCGA-G3-AAV3-01,2.810725506772562
TCGA-G3-AAV4-01,TCGA-G3-AAV4-01,2.906866907380949
TCGA-G3-AAV5-01,TCGA-G3-AAV5-01,3.1032449149342534
TCGA-G3-AAV6-01,TCGA-G3-AAV6-01,3.0510457349031395
TCGA-G3-AAV7-01,TCGA-G3-AAV7-01,3.1904102163305676
TCGA-GJ-A3OU-01,TCGA-GJ-A3OU-01,2.98779016602048
TCGA-GJ-A6C0-01,TCGA-GJ-A6C0-01,2.8720171311833473
TCGA-GJ-A9DB-01,TCGA-GJ-A9DB-01,3.043045376305792
TCGA-HP-A5MZ-01,TCGA-HP-A5MZ-01,2.9555524131476814
TCGA-HP-A5N0-01,TCGA-HP-A5N0-01,2.9421710457361114
TCGA-K7-A5RF-01,TCGA-K7-A5RF-01,3.0587313426546863
TCGA-K7-A5RG-01,TCGA-K7-A5RG-01,3.321794315971254
TCGA-K7-A6G5-01,TCGA-K7-A6G5-01,2.8730610994712444
TCGA-K7-AAU7-01,TCGA-K7-AAU7-01,3.1587255406498485
TCGA-KR-A7K0-01,TCGA-KR-A7K0-01,2.8683463989933338
TCGA-KR-A7K2-01,TCGA-KR-A7K2-01,3.0730157193528718
TCGA-KR-A7K7-01,TCGA-KR-A7K7-01,3.250343765983418
TCGA-KR-A7K8-01,TCGA-KR-A7K8-01,3.2641468407496195
TCGA-LG-A6GG-01,TCGA-LG-A6GG-01,3.2283927474401404
TCGA-LG-A9QC-01,TCGA-LG-A9QC-01,3.210956348120509
TCGA-LG-A9QD-01,TCGA-LG-A9QD-01,2.9409808517203775
TCGA-MI-A75C-01,TCGA-MI-A75C-01,2.933209743253545
TCGA-MI-A75E-01,TCGA-MI-A75E-01,3.259063295756378
TCGA-MI-A75G-01,TCGA-MI-A75G-01,2.879829669660823
TCGA-MI-A75H-01,TCGA-MI-A75H-01,2.6745125784812385
TCGA-MI-A75I-01,TCGA-MI-A75I-01,3.053090664213804
TCGA-MR-A520-01,TCGA-MR-A520-01,2.736670861301545
TCGA-MR-A8JO-01,TCGA-MR-A8JO-01,2.7422484056837684
TCGA-NI-A4U2-01,TCGA-NI-A4U2-01,3.1620072303364366
TCGA-NI-A8LF-01,TCGA-NI-A8LF-01,2.9061026219563924
TCGA-O8-A75V-01,TCGA-O8-A75V-01,3.0845111787910757
TCGA-PD-A5DF-01,TCGA-PD-A5DF-01,3.0455564847098877
TCGA-QA-A7B7-01,TCGA-QA-A7B7-01,3.0847838470207924
TCGA-RC-A6M3-01,TCGA-RC-A6M3-01,3.0837272766061736
TCGA-RC-A6M4-01,TCGA-RC-A6M4-01,3.1094880841111263
TCGA-RC-A6M5-01,TCGA-RC-A6M5-01,2.9475411909106866
TCGA-RC-A6M6-01,TCGA-RC-A6M6-01,2.5555143041970485
TCGA-RC-A7S9-01,TCGA-RC-A7S9-01,3.213761304089592
TCGA-RC-A7SB-01,TCGA-RC-A7SB-01,3.117838124404552
TCGA-RC-A7SF-01,TCGA-RC-A7SF-01,3.1080778091720456
TCGA-RC-A7SH-01,TCGA-RC-A7SH-01,3.398202464194344
TCGA-RC-A7SK-01,TCGA-RC-A7SK-01,3.113125452674705
TCGA-RG-A7D4-01,TCGA-RG-A7D4-01,3.2557622269003597
TCGA-T1-A6J8-01,TCGA-T1-A6J8-01,3.052128579313128
TCGA-UB-A7MA-01,TCGA-UB-A7MA-01,2.907038424099287
TCGA-UB-A7MB-01,TCGA-UB-A7MB-01,3.02141220335541
TCGA-UB-A7MC-01,TCGA-UB-A7MC-01,3.106263260847846
TCGA-UB-A7MD-01,TCGA-UB-A7MD-01,2.7214727873625106
TCGA-UB-A7ME-01,TCGA-UB-A7ME-01,2.772951544045554
TCGA-UB-A7MF-01,TCGA-UB-A7MF-01,3.4623375490488155
TCGA-UB-AA0U-01,TCGA-UB-AA0U-01,3.1135131133374205
TCGA-UB-AA0V-01,TCGA-UB-AA0V-01,3.341537190203797
TCGA-WJ-A86L-01,TCGA-WJ-A86L-01,3.3674870646639046
TCGA-WQ-A9G7-01,TCGA-WQ-A9G7-01,2.075071494560193
TCGA-WQ-AB4B-01,TCGA-WQ-AB4B-01,2.8978011379225483
TCGA-WX-AA44-01,TCGA-WX-AA44-01,2.3903489378476186
TCGA-WX-AA46-01,TCGA-WX-AA46-01,3.148778284344037
TCGA-WX-AA47-01,TCGA-WX-AA47-01,3.0911341413322657
TCGA-XR-A8TC-01,TCGA-XR-A8TC-01,2.959299522442987
TCGA-XR-A8TD-01,TCGA-XR-A8TD-01,3.119657942915201
TCGA-XR-A8TE-01,TCGA-XR-A8TE-01,3.281415304936291
TCGA-XR-A8TF-01,TCGA-XR-A8TF-01,3.344227482883815
TCGA-XR-A8TG-01,TCGA-XR-A8TG-01,3.439237940329514
TCGA-YA-A8S7-01,TCGA-YA-A8S7-01,2.8096105044114292
TCGA-ZP-A9CV-01,TCGA-ZP-A9CV-01,3.100416663709939
TCGA-ZP-A9CY-01,TCGA-ZP-A9CY-01,3.175145338133811
TCGA-ZP-A9CZ-01,TCGA-ZP-A9CZ-01,2.9516466619563797
TCGA-ZP-A9D0-01,TCGA-ZP-A9D0-01,2.871680455982774
TCGA-ZP-A9D1-01,TCGA-ZP-A9D1-01,2.9817237351966193
TCGA-ZP-A9D2-01,TCGA-ZP-A9D2-01,2.357969947951711
TCGA-ZP-A9D4-01,TCGA-ZP-A9D4-01,2.5918516975374226
TCGA-ZS-A9CD-01,TCGA-ZS-A9CD-01,2.996747311034164
TCGA-ZS-A9CE-01,TCGA-ZS-A9CE-01,3.166914825309691
TCGA-ZS-A9CF-01,TCGA-ZS-A9CF-01,2.7803587314194305
TCGA-ZS-A9CF-02,TCGA-ZS-A9CF-02,3.083167846564587
TCGA-ZS-A9CG-01,TCGA-ZS-A9CG-01,2.9152997884906284
TCGA-3C-AAAU-01,TCGA-3C-AAAU-01,3.314985794991
TCGA-3C-AALI-01,TCGA-3C-AALI-01,2.853720658521752
TCGA-3C-AALJ-01,TCGA-3C-AALJ-01,3.2955053928720144
TCGA-3C-AALK-01,TCGA-3C-AALK-01,3.062798018032517
TCGA-4H-AAAK-01,TCGA-4H-AAAK-01,3.073710966951822
TCGA-5L-AAT0-01,TCGA-5L-AAT0-01,3.2726653783531594
TCGA-5L-AAT1-01,TCGA-5L-AAT1-01,2.627600518007444
TCGA-5T-A9QA-01,TCGA-5T-A9QA-01,3.1775367985488323
TCGA-A1-A0SB-01,TCGA-A1-A0SB-01,3.0107421166304187
TCGA-A1-A0SD-01,TCGA-A1-A0SD-01,2.9216945321099734
TCGA-A1-A0SE-01,TCGA-A1-A0SE-01,3.3863577998998786
TCGA-A1-A0SF-01,TCGA-A1-A0SF-01,3.169229933912716
TCGA-A1-A0SG-01,TCGA-A1-A0SG-01,2.876584105018874
TCGA-A1-A0SH-01,TCGA-A1-A0SH-01,2.8826223790698817
TCGA-A1-A0SI-01,TCGA-A1-A0SI-01,3.175391429958921
TCGA-A1-A0SJ-01,TCGA-A1-A0SJ-01,3.0990034768154993
TCGA-A1-A0SK-01,TCGA-A1-A0SK-01,2.7893350925492078
TCGA-A1-A0SM-01,TCGA-A1-A0SM-01,2.8933987357695785
TCGA-A1-A0SN-01,TCGA-A1-A0SN-01,3.1148743213214285
TCGA-A1-A0SO-01,TCGA-A1-A0SO-01,2.7274058121872105
TCGA-A1-A0SP-01,TCGA-A1-A0SP-01,2.659161636173099
TCGA-A1-A0SQ-01,TCGA-A1-A0SQ-01,3.0915970185913064
TCGA-A2-A04N-01,TCGA-A2-A04N-01,2.806691021373148
TCGA-A2-A04P-01,TCGA-A2-A04P-01,2.6827423193042774
TCGA-A2-A04Q-01,TCGA-A2-A04Q-01,2.718116742973406
TCGA-A2-A04R-01,TCGA-A2-A04R-01,3.006210232636143
TCGA-A2-A04T-01,TCGA-A2-A04T-01,2.7772741083563193
TCGA-A2-A04U-01,TCGA-A2-A04U-01,3.1542136648449697
TCGA-A2-A04V-01,TCGA-A2-A04V-01,2.892916367186384
TCGA-A2-A04W-01,TCGA-A2-A04W-01,3.1660085872974473
TCGA-A2-A04X-01,TCGA-A2-A04X-01,3.220726526601948
TCGA-A2-A04Y-01,TCGA-A2-A04Y-01,3.02715538485549
TCGA-A2-A0CK-01,TCGA-A2-A0CK-01,3.196780320728034
TCGA-A2-A0CL-01,TCGA-A2-A0CL-01,3.174961020542085
TCGA-A2-A0CM-01,TCGA-A2-A0CM-01,3.0176190162992915
TCGA-A2-A0CO-01,TCGA-A2-A0CO-01,3.358138874958497
TCGA-A2-A0CP-01,TCGA-A2-A0CP-01,3.3364186111150596
TCGA-A2-A0CQ-01,TCGA-A2-A0CQ-01,3.022656982168892
TCGA-A2-A0CR-01,TCGA-A2-A0CR-01,3.1457905639906554
TCGA-A2-A0CS-01,TCGA-A2-A0CS-01,3.05729873887656
TCGA-A2-A0CT-01,TCGA-A2-A0CT-01,2.9828522251893785
TCGA-A2-A0CU-01,TCGA-A2-A0CU-01,3.104106028227789
TCGA-A2-A0CV-01,TCGA-A2-A0CV-01,3.0624747209602643
TCGA-A2-A0CW-01,TCGA-A2-A0CW-01,3.3902714983145463
TCGA-A2-A0CX-01,TCGA-A2-A0CX-01,2.919178878165303
TCGA-A2-A0CY-01,TCGA-A2-A0CY-01,2.9997914060683017
TCGA-A2-A0CZ-01,TCGA-A2-A0CZ-01,3.279571664487343
TCGA-A2-A0D0-01,TCGA-A2-A0D0-01,3.2624219491821904
TCGA-A2-A0D1-01,TCGA-A2-A0D1-01,2.723948704534834
TCGA-A2-A0D2-01,TCGA-A2-A0D2-01,2.835197938758513
TCGA-A2-A0D3-01,TCGA-A2-A0D3-01,3.442668028923276
TCGA-A2-A0D4-01,TCGA-A2-A0D4-01,3.091461492476014
TCGA-A2-A0EM-01,TCGA-A2-A0EM-01,3.0250907878321565
TCGA-A2-A0EN-01,TCGA-A2-A0EN-01,2.920000512451066
TCGA-A2-A0EO-01,TCGA-A2-A0EO-01,3.373133256667022
TCGA-A2-A0EP-01,TCGA-A2-A0EP-01,3.1192249579429285
TCGA-A2-A0EQ-01,TCGA-A2-A0EQ-01,3.1214595949697905
TCGA-A2-A0ER-01,TCGA-A2-A0ER-01,3.3696170618849117
TCGA-A2-A0ES-01,TCGA-A2-A0ES-01,3.149248550772617
TCGA-A2-A0ET-01,TCGA-A2-A0ET-01,2.792593490322754
TCGA-A2-A0EU-01,TCGA-A2-A0EU-01,3.0210751994621243
TCGA-A2-A0EV-01,TCGA-A2-A0EV-01,3.300872354087326
TCGA-A2-A0EW-01,TCGA-A2-A0EW-01,3.4470341672530465
TCGA-A2-A0EX-01,TCGA-A2-A0EX-01,3.2560444197546285
TCGA-A2-A0EY-01,TCGA-A2-A0EY-01,3.2242056949531404
TCGA-A2-A0ST-01,TCGA-A2-A0ST-01,2.4062905336343787
TCGA-A2-A0SU-01,TCGA-A2-A0SU-01,2.849221837663881
TCGA-A2-A0SV-01,TCGA-A2-A0SV-01,2.715620113277718
TCGA-A2-A0SW-01,TCGA-A2-A0SW-01,3.2779282568294326
TCGA-A2-A0SX-01,TCGA-A2-A0SX-01,3.006616393354125
TCGA-A2-A0SY-01,TCGA-A2-A0SY-01,3.3976969968070896
TCGA-A2-A0T0-01,TCGA-A2-A0T0-01,3.0751020549830264
TCGA-A2-A0T1-01,TCGA-A2-A0T1-01,3.3717785324575926
TCGA-A2-A0T2-01,TCGA-A2-A0T2-01,2.9876284542452023
TCGA-A2-A0T3-01,TCGA-A2-A0T3-01,2.9039936561131046
TCGA-A2-A0T4-01,TCGA-A2-A0T4-01,3.1821891748656452
TCGA-A2-A0T5-01,TCGA-A2-A0T5-01,3.2739653524115413
TCGA-A2-A0T6-01,TCGA-A2-A0T6-01,3.032617013886942
TCGA-A2-A0T7-01,TCGA-A2-A0T7-01,3.1832329391889553
TCGA-A2-A0YC-01,TCGA-A2-A0YC-01,3.056348093442344
TCGA-A2-A0YD-01,TCGA-A2-A0YD-01,3.25712452974052
TCGA-A2-A0YE-01,TCGA-A2-A0YE-01,2.4448301454407773
TCGA-A2-A0YF-01,TCGA-A2-A0YF-01,3.056273324807574
TCGA-A2-A0YG-01,TCGA-A2-A0YG-01,3.124074041518466
TCGA-A2-A0YH-01,TCGA-A2-A0YH-01,2.9862243886599074
TCGA-A2-A0YI-01,TCGA-A2-A0YI-01,3.0279095853339433
TCGA-A2-A0YJ-01,TCGA-A2-A0YJ-01,2.513167000280702
TCGA-A2-A0YK-01,TCGA-A2-A0YK-01,2.976217696402056
TCGA-A2-A0YL-01,TCGA-A2-A0YL-01,3.4864448171734534
TCGA-A2-A0YM-01,TCGA-A2-A0YM-01,2.8217526821651955
TCGA-A2-A0YT-01,TCGA-A2-A0YT-01,3.1687670995462107
TCGA-A2-A1FV-01,TCGA-A2-A1FV-01,3.096954966331697
TCGA-A2-A1FW-01,TCGA-A2-A1FW-01,2.727071062624179
TCGA-A2-A1FX-01,TCGA-A2-A1FX-01,3.1626601810354176
TCGA-A2-A1FZ-01,TCGA-A2-A1FZ-01,2.8978387507494783
TCGA-A2-A1G0-01,TCGA-A2-A1G0-01,3.373912335017883
TCGA-A2-A1G1-01,TCGA-A2-A1G1-01,2.4136475666910817
TCGA-A2-A1G4-01,TCGA-A2-A1G4-01,3.0582473012505815
TCGA-A2-A1G6-01,TCGA-A2-A1G6-01,3.2402535341579806
TCGA-A2-A259-01,TCGA-A2-A259-01,3.1127813774824196
TCGA-A2-A25A-01,TCGA-A2-A25A-01,3.430727892336051
TCGA-A2-A25B-01,TCGA-A2-A25B-01,3.485090512045766
TCGA-A2-A25C-01,TCGA-A2-A25C-01,3.195240656932125
TCGA-A2-A25D-01,TCGA-A2-A25D-01,3.189803615404167
TCGA-A2-A25E-01,TCGA-A2-A25E-01,3.4135479655475836
TCGA-A2-A25F-01,TCGA-A2-A25F-01,2.7672612198741264
TCGA-A2-A3KC-01,TCGA-A2-A3KC-01,3.1546149794475946
TCGA-A2-A3KD-01,TCGA-A2-A3KD-01,3.0828704331040226
TCGA-A2-A3XS-01,TCGA-A2-A3XS-01,2.9224957558149987
TCGA-A2-A3XT-01,TCGA-A2-A3XT-01,3.1185586740779745
TCGA-A2-A3XU-01,TCGA-A2-A3XU-01,2.775912155733331
TCGA-A2-A3XV-01,TCGA-A2-A3XV-01,3.614648942771083
TCGA-A2-A3XW-01,TCGA-A2-A3XW-01,3.27578503111009
TCGA-A2-A3XX-01,TCGA-A2-A3XX-01,2.955765904078507
TCGA-A2-A3XY-01,TCGA-A2-A3XY-01,2.5490415431520654
TCGA-A2-A3XZ-01,TCGA-A2-A3XZ-01,3.208032499888839
TCGA-A2-A3Y0-01,TCGA-A2-A3Y0-01,3.0671406404884762
TCGA-A2-A4RW-01,TCGA-A2-A4RW-01,2.730998280958528
TCGA-A2-A4RX-01,TCGA-A2-A4RX-01,3.07041652182848
TCGA-A2-A4RY-01,TCGA-A2-A4RY-01,3.5029421594731245
TCGA-A2-A4S0-01,TCGA-A2-A4S0-01,3.4994505829608706
TCGA-A2-A4S1-01,TCGA-A2-A4S1-01,2.6835848205610127
TCGA-A2-A4S2-01,TCGA-A2-A4S2-01,3.116518445038572
TCGA-A2-A4S3-01,TCGA-A2-A4S3-01,3.020380218766369
TCGA-A7-A0CD-01,TCGA-A7-A0CD-01,3.2186906272722573
TCGA-A7-A0CE-01,TCGA-A7-A0CE-01,2.882433096355148
TCGA-A7-A0CE-11,TCGA-A7-A0CE-11,3.2414788672443997
TCGA-A7-A0CG-01,TCGA-A7-A0CG-01,2.946345601888214
TCGA-A7-A0CH-01,TCGA-A7-A0CH-01,2.7286560759290124
TCGA-A7-A0CH-11,TCGA-A7-A0CH-11,3.1698059366703952
TCGA-A7-A0CJ-01,TCGA-A7-A0CJ-01,3.2020519861535166
TCGA-A7-A0D9-01,TCGA-A7-A0D9-01,2.8841610242147007
TCGA-A7-A0D9-11,TCGA-A7-A0D9-11,3.1929679246610005
TCGA-A7-A0DA-01,TCGA-A7-A0DA-01,2.5565993415552413
TCGA-A7-A0DB-01,TCGA-A7-A0DB-01,2.852437259369098
TCGA-A7-A0DB-11,TCGA-A7-A0DB-11,2.848654991816522
TCGA-A7-A0DC-01,TCGA-A7-A0DC-01,2.7343069590836393
TCGA-A7-A0DC-11,TCGA-A7-A0DC-11,2.746349938692247
TCGA-A7-A13D-01,TCGA-A7-A13D-01,2.9217316782135923
TCGA-A7-A13E-01,TCGA-A7-A13E-01,3.195976288671018
TCGA-A7-A13E-11,TCGA-A7-A13E-11,3.332831586960836
TCGA-A7-A13F-01,TCGA-A7-A13F-01,3.3528762704215738
TCGA-A7-A13F-11,TCGA-A7-A13F-11,2.945189733677118
TCGA-A7-A13G-01,TCGA-A7-A13G-01,2.8994331314415405
TCGA-A7-A13G-11,TCGA-A7-A13G-11,2.9278804359593913
TCGA-A7-A13H-01,TCGA-A7-A13H-01,3.4245872087043714
TCGA-A7-A26E-01,TCGA-A7-A26E-01,2.8782161841694225
TCGA-A7-A26F-01,TCGA-A7-A26F-01,2.6859773122161337
TCGA-A7-A26G-01,TCGA-A7-A26G-01,2.739549961702097
TCGA-A7-A26H-01,TCGA-A7-A26H-01,3.1207522154800733
TCGA-A7-A26I-01,TCGA-A7-A26I-01,3.0649628948692302
TCGA-A7-A26J-01,TCGA-A7-A26J-01,3.110168673180799
TCGA-A7-A2KD-01,TCGA-A7-A2KD-01,3.162457888629777
TCGA-A7-A3IY-01,TCGA-A7-A3IY-01,3.15470658324232
TCGA-A7-A3IZ-01,TCGA-A7-A3IZ-01,2.875934572517431
TCGA-A7-A3J0-01,TCGA-A7-A3J0-01,3.1832569442101413
TCGA-A7-A3J1-01,TCGA-A7-A3J1-01,3.2595149204007585
TCGA-A7-A3RF-01,TCGA-A7-A3RF-01,3.3342934805023723
TCGA-A7-A425-01,TCGA-A7-A425-01,3.227339909909553
TCGA-A7-A426-01,TCGA-A7-A426-01,3.3397094768554934
TCGA-A7-A4SA-01,TCGA-A7-A4SA-01,3.388796365555889
TCGA-A7-A4SB-01,TCGA-A7-A4SB-01,3.0656539330535404
TCGA-A7-A4SC-01,TCGA-A7-A4SC-01,3.2085249388141124
TCGA-A7-A4SD-01,TCGA-A7-A4SD-01,3.3044880463424087
TCGA-A7-A4SE-01,TCGA-A7-A4SE-01,2.5747372676684237
TCGA-A7-A4SF-01,TCGA-A7-A4SF-01,3.1688892813880996
TCGA-A7-A56D-01,TCGA-A7-A56D-01,3.0597237957913266
TCGA-A7-A5ZV-01,TCGA-A7-A5ZV-01,2.5187973947749103
TCGA-A7-A5ZW-01,TCGA-A7-A5ZW-01,3.365627591917361
TCGA-A7-A5ZX-01,TCGA-A7-A5ZX-01,3.122556557643026
TCGA-A7-A6VV-01,TCGA-A7-A6VV-01,3.1045450426022905
TCGA-A7-A6VW-01,TCGA-A7-A6VW-01,2.845480323932742
TCGA-A7-A6VX-01,TCGA-A7-A6VX-01,3.14612761257282
TCGA-A7-A6VY-01,TCGA-A7-A6VY-01,3.052820103817021
TCGA-A8-A06N-01,TCGA-A8-A06N-01,2.912192041257292
TCGA-A8-A06O-01,TCGA-A8-A06O-01,3.268930529977101
TCGA-A8-A06P-01,TCGA-A8-A06P-01,3.219856549835168
TCGA-A8-A06Q-01,TCGA-A8-A06Q-01,3.3894614540251826
TCGA-A8-A06R-01,TCGA-A8-A06R-01,3.2870388138439286
TCGA-A8-A06T-01,TCGA-A8-A06T-01,3.190964605154365
TCGA-A8-A06U-01,TCGA-A8-A06U-01,2.9878079071501085
TCGA-A8-A06X-01,TCGA-A8-A06X-01,3.0075943998027483
TCGA-A8-A06Y-01,TCGA-A8-A06Y-01,2.901195263523673
TCGA-A8-A06Z-01,TCGA-A8-A06Z-01,3.363540058674511
TCGA-A8-A075-01,TCGA-A8-A075-01,3.036215929339102
TCGA-A8-A076-01,TCGA-A8-A076-01,3.3192061517620517
TCGA-A8-A079-01,TCGA-A8-A079-01,2.7467622258832303
TCGA-A8-A07B-01,TCGA-A8-A07B-01,3.2738682914301283
TCGA-A8-A07C-01,TCGA-A8-A07C-01,2.903794698035288
TCGA-A8-A07E-01,TCGA-A8-A07E-01,3.3020362503924794
TCGA-A8-A07F-01,TCGA-A8-A07F-01,3.138025391838728
TCGA-A8-A07G-01,TCGA-A8-A07G-01,2.9321468789608227
TCGA-A8-A07I-01,TCGA-A8-A07I-01,3.0599131943507905
TCGA-A8-A07J-01,TCGA-A8-A07J-01,3.411100283373208
TCGA-A8-A07L-01,TCGA-A8-A07L-01,2.946733403955813
TCGA-A8-A07O-01,TCGA-A8-A07O-01,2.864611776090281
TCGA-A8-A07P-01,TCGA-A8-A07P-01,3.3115163400220844
TCGA-A8-A07R-01,TCGA-A8-A07R-01,2.8625089107647246
TCGA-A8-A07S-01,TCGA-A8-A07S-01,3.1294329882289245
TCGA-A8-A07U-01,TCGA-A8-A07U-01,2.4766729457807317
TCGA-A8-A07W-01,TCGA-A8-A07W-01,3.0150308381454094
TCGA-A8-A07Z-01,TCGA-A8-A07Z-01,3.144279297395018
TCGA-A8-A081-01,TCGA-A8-A081-01,3.1321903203547214
TCGA-A8-A082-01,TCGA-A8-A082-01,3.2349495573385236
TCGA-A8-A083-01,TCGA-A8-A083-01,2.8533186703546023
TCGA-A8-A084-01,TCGA-A8-A084-01,3.1104098237540123
TCGA-A8-A085-01,TCGA-A8-A085-01,2.930416177825883
TCGA-A8-A086-01,TCGA-A8-A086-01,2.9718978547577244
TCGA-A8-A08A-01,TCGA-A8-A08A-01,3.0643273313766017
TCGA-A8-A08B-01,TCGA-A8-A08B-01,3.318094323045775
TCGA-A8-A08C-01,TCGA-A8-A08C-01,3.240498578327596
TCGA-A8-A08F-01,TCGA-A8-A08F-01,3.1393954435215767
TCGA-A8-A08G-01,TCGA-A8-A08G-01,3.0077328847928295
TCGA-A8-A08H-01,TCGA-A8-A08H-01,2.5967147482497683
TCGA-A8-A08I-01,TCGA-A8-A08I-01,2.916020230673915
TCGA-A8-A08J-01,TCGA-A8-A08J-01,3.2643479564024287
TCGA-A8-A08L-01,TCGA-A8-A08L-01,3.265446892311817
TCGA-A8-A08O-01,TCGA-A8-A08O-01,3.075921035947796
TCGA-A8-A08P-01,TCGA-A8-A08P-01,3.203051706969951
TCGA-A8-A08R-01,TCGA-A8-A08R-01,3.4714351294050023
TCGA-A8-A08S-01,TCGA-A8-A08S-01,3.1719666156835316
TCGA-A8-A08T-01,TCGA-A8-A08T-01,2.9050024483646273
TCGA-A8-A08X-01,TCGA-A8-A08X-01,2.7519058960812264
TCGA-A8-A08Z-01,TCGA-A8-A08Z-01,2.8524188838817963
TCGA-A8-A090-01,TCGA-A8-A090-01,3.3235075139395645
TCGA-A8-A091-01,TCGA-A8-A091-01,2.802587330645641
TCGA-A8-A092-01,TCGA-A8-A092-01,3.362559099643884
TCGA-A8-A093-01,TCGA-A8-A093-01,3.3436702051709606
TCGA-A8-A094-01,TCGA-A8-A094-01,3.186725202122235
TCGA-A8-A095-01,TCGA-A8-A095-01,2.9352110362592794
TCGA-A8-A096-01,TCGA-A8-A096-01,3.142618090602185
TCGA-A8-A097-01,TCGA-A8-A097-01,2.7733283385509697
TCGA-A8-A099-01,TCGA-A8-A099-01,3.375464061616134
TCGA-A8-A09A-01,TCGA-A8-A09A-01,2.9683890636614425
TCGA-A8-A09B-01,TCGA-A8-A09B-01,2.9319842493180626
TCGA-A8-A09C-01,TCGA-A8-A09C-01,3.1526652922059757
TCGA-A8-A09D-01,TCGA-A8-A09D-01,2.904047164763111
TCGA-A8-A09E-01,TCGA-A8-A09E-01,3.201959425499128
TCGA-A8-A09G-01,TCGA-A8-A09G-01,3.2307893978921918
TCGA-A8-A09I-01,TCGA-A8-A09I-01,3.132208598365339
TCGA-A8-A09K-01,TCGA-A8-A09K-01,3.1759092672150193
TCGA-A8-A09M-01,TCGA-A8-A09M-01,3.2474900461862894
TCGA-A8-A09N-01,TCGA-A8-A09N-01,2.9942110043491104
TCGA-A8-A09Q-01,TCGA-A8-A09Q-01,3.0882165215722077
TCGA-A8-A09R-01,TCGA-A8-A09R-01,3.0854992129637906
TCGA-A8-A09T-01,TCGA-A8-A09T-01,3.0092591407563702
TCGA-A8-A09V-01,TCGA-A8-A09V-01,3.026954804848438
TCGA-A8-A09W-01,TCGA-A8-A09W-01,3.2430810072837177
TCGA-A8-A09X-01,TCGA-A8-A09X-01,3.571939314153784
TCGA-A8-A09Z-01,TCGA-A8-A09Z-01,3.311934101406951
TCGA-A8-A0A1-01,TCGA-A8-A0A1-01,3.1419591190829834
TCGA-A8-A0A2-01,TCGA-A8-A0A2-01,2.9710994172596186
TCGA-A8-A0A4-01,TCGA-A8-A0A4-01,3.356270145343568
TCGA-A8-A0A6-01,TCGA-A8-A0A6-01,3.4608313510772026
TCGA-A8-A0A7-01,TCGA-A8-A0A7-01,3.2251154641864295
TCGA-A8-A0A9-01,TCGA-A8-A0A9-01,3.367179614928717
TCGA-A8-A0AB-01,TCGA-A8-A0AB-01,3.263537240597806
TCGA-A8-A0AD-01,TCGA-A8-A0AD-01,3.3438378108075497
TCGA-AC-A23C-01,TCGA-AC-A23C-01,3.049067921495963
TCGA-AC-A23E-01,TCGA-AC-A23E-01,2.8964732165254627
TCGA-AC-A23G-01,TCGA-AC-A23G-01,2.8108165400809084
TCGA-AC-A23H-01,TCGA-AC-A23H-01,3.2572712112311515
TCGA-AC-A23H-11,TCGA-AC-A23H-11,2.897636937193319
TCGA-AC-A2B8-01,TCGA-AC-A2B8-01,3.150188583061011
TCGA-AC-A2BK-01,TCGA-AC-A2BK-01,2.9893566344868177
TCGA-AC-A2BM-01,TCGA-AC-A2BM-01,3.1285811823311835
TCGA-AC-A2FB-01,TCGA-AC-A2FB-01,3.331619467979256
TCGA-AC-A2FB-11,TCGA-AC-A2FB-11,3.087737680282322
TCGA-AC-A2FE-01,TCGA-AC-A2FE-01,3.1935577777420177
TCGA-AC-A2FF-01,TCGA-AC-A2FF-01,2.999126281134891
TCGA-AC-A2FF-11,TCGA-AC-A2FF-11,3.0996669391264997
TCGA-AC-A2FG-01,TCGA-AC-A2FG-01,3.2861023864186065
TCGA-AC-A2FK-01,TCGA-AC-A2FK-01,3.3378988414760116
TCGA-AC-A2FM-01,TCGA-AC-A2FM-01,2.9126282047434495
TCGA-AC-A2FM-11,TCGA-AC-A2FM-11,3.399708587335478
TCGA-AC-A2FO-01,TCGA-AC-A2FO-01,3.155398569943178
TCGA-AC-A2QH-01,TCGA-AC-A2QH-01,3.0886170824981565
TCGA-AC-A2QI-01,TCGA-AC-A2QI-01,2.96140306604437
TCGA-AC-A2QJ-01,TCGA-AC-A2QJ-01,2.092495191773812
TCGA-AC-A3BB-01,TCGA-AC-A3BB-01,3.1406264997561335
TCGA-AC-A3EH-01,TCGA-AC-A3EH-01,2.865561460406867
TCGA-AC-A3HN-01,TCGA-AC-A3HN-01,3.0590953231569893
TCGA-AC-A3OD-01,TCGA-AC-A3OD-01,2.913847040083444
TCGA-AC-A3QP-01,TCGA-AC-A3QP-01,3.5142997751358345
TCGA-AC-A3QQ-01,TCGA-AC-A3QQ-01,2.828400566081807
TCGA-AC-A3TM-01,TCGA-AC-A3TM-01,3.385568823860662
TCGA-AC-A3TN-01,TCGA-AC-A3TN-01,3.003225642381681
TCGA-AC-A3W5-01,TCGA-AC-A3W5-01,3.149074428001779
TCGA-AC-A3W6-01,TCGA-AC-A3W6-01,3.078725786144469
TCGA-AC-A3W7-01,TCGA-AC-A3W7-01,3.079768435006218
TCGA-AC-A3YI-01,TCGA-AC-A3YI-01,3.1887128975470818
TCGA-AC-A3YJ-01,TCGA-AC-A3YJ-01,3.1309986118659974
TCGA-AC-A4ZE-01,TCGA-AC-A4ZE-01,3.043373028627775
TCGA-AC-A5EH-01,TCGA-AC-A5EH-01,2.999365154996448
TCGA-AC-A5XS-01,TCGA-AC-A5XS-01,3.2042379741268054
TCGA-AC-A5XU-01,TCGA-AC-A5XU-01,2.8056261884607148
TCGA-AC-A62V-01,TCGA-AC-A62V-01,2.8917243262843746
TCGA-AC-A62X-01,TCGA-AC-A62X-01,2.8947220988645217
TCGA-AC-A62Y-01,TCGA-AC-A62Y-01,3.1776613228895156
TCGA-AC-A6IV-01,TCGA-AC-A6IV-01,2.634738651277352
TCGA-AC-A6IW-01,TCGA-AC-A6IW-01,2.6246382417735665
TCGA-AC-A6IX-01,TCGA-AC-A6IX-01,3.125060041770974
TCGA-AC-A6IX-06,TCGA-AC-A6IX-06,3.3125053462910197
TCGA-AC-A6NO-01,TCGA-AC-A6NO-01,2.754654578157923
TCGA-AC-A7VB-01,TCGA-AC-A7VB-01,3.122866452184703
TCGA-AC-A7VC-01,TCGA-AC-A7VC-01,2.918417250081053
TCGA-AC-A8OP-01,TCGA-AC-A8OP-01,2.9348858834437657
TCGA-AC-A8OQ-01,TCGA-AC-A8OQ-01,2.4995477516595033
TCGA-AC-A8OR-01,TCGA-AC-A8OR-01,3.4268024315156174
TCGA-AC-A8OS-01,TCGA-AC-A8OS-01,3.092309808914026
TCGA-AN-A03X-01,TCGA-AN-A03X-01,3.219687982552454
TCGA-AN-A03Y-01,TCGA-AN-A03Y-01,2.882695870693394
TCGA-AN-A041-01,TCGA-AN-A041-01,2.7172221440966124
TCGA-AN-A046-01,TCGA-AN-A046-01,3.17813166766914
TCGA-AN-A049-01,TCGA-AN-A049-01,2.901100544006767
TCGA-AN-A04A-01,TCGA-AN-A04A-01,2.9572835787685015
TCGA-AN-A04C-01,TCGA-AN-A04C-01,2.761089571228125
TCGA-AN-A04D-01,TCGA-AN-A04D-01,3.3619723112646467
TCGA-AN-A0AJ-01,TCGA-AN-A0AJ-01,2.895742633300221
TCGA-AN-A0AK-01,TCGA-AN-A0AK-01,3.41638096991489
TCGA-AN-A0AL-01,TCGA-AN-A0AL-01,2.6905551831201597
TCGA-AN-A0AM-01,TCGA-AN-A0AM-01,3.3968574158023586
TCGA-AN-A0AR-01,TCGA-AN-A0AR-01,3.1090562891253026
TCGA-AN-A0AS-01,TCGA-AN-A0AS-01,2.998505119560697
TCGA-AN-A0AT-01,TCGA-AN-A0AT-01,2.8297955994943775
TCGA-AN-A0FD-01,TCGA-AN-A0FD-01,3.264154139076635
TCGA-AN-A0FF-01,TCGA-AN-A0FF-01,2.794700705270673
TCGA-AN-A0FJ-01,TCGA-AN-A0FJ-01,3.08436009146705
TCGA-AN-A0FK-01,TCGA-AN-A0FK-01,3.1126781985000256
TCGA-AN-A0FL-01,TCGA-AN-A0FL-01,2.901179608043792
TCGA-AN-A0FN-01,TCGA-AN-A0FN-01,3.188966869327433
TCGA-AN-A0FS-01,TCGA-AN-A0FS-01,2.9260128918744743
TCGA-AN-A0FT-01,TCGA-AN-A0FT-01,3.2254034828777525
TCGA-AN-A0FV-01,TCGA-AN-A0FV-01,2.485209774747857
TCGA-AN-A0FW-01,TCGA-AN-A0FW-01,3.2861190259768978
TCGA-AN-A0FX-01,TCGA-AN-A0FX-01,2.2836272286164503
TCGA-AN-A0FY-01,TCGA-AN-A0FY-01,3.222039541706453
TCGA-AN-A0FZ-01,TCGA-AN-A0FZ-01,2.950628823448038
TCGA-AN-A0G0-01,TCGA-AN-A0G0-01,2.4041839661669897
TCGA-AN-A0XL-01,TCGA-AN-A0XL-01,3.0590106332798843
TCGA-AN-A0XN-01,TCGA-AN-A0XN-01,3.101978829704131
TCGA-AN-A0XO-01,TCGA-AN-A0XO-01,3.2363381227973838
TCGA-AN-A0XP-01,TCGA-AN-A0XP-01,3.2631500903621715
TCGA-AN-A0XR-01,TCGA-AN-A0XR-01,3.3181332548845957
TCGA-AN-A0XS-01,TCGA-AN-A0XS-01,3.037000300282938
TCGA-AN-A0XT-01,TCGA-AN-A0XT-01,3.0840179892774815
TCGA-AN-A0XU-01,TCGA-AN-A0XU-01,3.341894710247682
TCGA-AN-A0XV-01,TCGA-AN-A0XV-01,2.841104312884009
TCGA-AN-A0XW-01,TCGA-AN-A0XW-01,3.044124924055826
TCGA-AO-A03L-01,TCGA-AO-A03L-01,3.150931196454276
TCGA-AO-A03M-01,TCGA-AO-A03M-01,3.347217474179281
TCGA-AO-A03N-01,TCGA-AO-A03N-01,2.765940350989719
TCGA-AO-A03O-01,TCGA-AO-A03O-01,3.2561510699363656
TCGA-AO-A03P-01,TCGA-AO-A03P-01,3.1314922426925436
TCGA-AO-A03R-01,TCGA-AO-A03R-01,3.3431812505058867
TCGA-AO-A03T-01,TCGA-AO-A03T-01,3.380105782113539
TCGA-AO-A03U-01,TCGA-AO-A03U-01,3.1603416488335303
TCGA-AO-A03V-01,TCGA-AO-A03V-01,3.3894598109654854
TCGA-AO-A0J2-01,TCGA-AO-A0J2-01,3.207910455763406
TCGA-AO-A0J3-01,TCGA-AO-A0J3-01,3.0449443361333595
TCGA-AO-A0J4-01,TCGA-AO-A0J4-01,2.3848631605919723
TCGA-AO-A0J5-01,TCGA-AO-A0J5-01,2.9074604282552787
TCGA-AO-A0J6-01,TCGA-AO-A0J6-01,3.1047993635287408
TCGA-AO-A0J7-01,TCGA-AO-A0J7-01,2.8436253372727256
TCGA-AO-A0J8-01,TCGA-AO-A0J8-01,3.4215327678010223
TCGA-AO-A0J9-01,TCGA-AO-A0J9-01,2.915809352490876
TCGA-AO-A0JA-01,TCGA-AO-A0JA-01,3.1741996704341635
TCGA-AO-A0JB-01,TCGA-AO-A0JB-01,3.291230678893558
TCGA-AO-A0JC-01,TCGA-AO-A0JC-01,3.1441091711073623
TCGA-AO-A0JD-01,TCGA-AO-A0JD-01,3.0696201984229665
TCGA-AO-A0JE-01,TCGA-AO-A0JE-01,2.821967605500669
TCGA-AO-A0JF-01,TCGA-AO-A0JF-01,3.332208860617791
TCGA-AO-A0JG-01,TCGA-AO-A0JG-01,3.181535662699441
TCGA-AO-A0JI-01,TCGA-AO-A0JI-01,3.088626423365339
TCGA-AO-A0JJ-01,TCGA-AO-A0JJ-01,3.4752908514167453
TCGA-AO-A0JL-01,TCGA-AO-A0JL-01,2.817959770181881
TCGA-AO-A0JM-01,TCGA-AO-A0JM-01,3.074620493400832
TCGA-AO-A124-01,TCGA-AO-A124-01,2.607088415910033
TCGA-AO-A125-01,TCGA-AO-A125-01,3.1343108773509014
TCGA-AO-A126-01,TCGA-AO-A126-01,3.101682678575503
TCGA-AO-A128-01,TCGA-AO-A128-01,2.7704529808115392
TCGA-AO-A129-01,TCGA-AO-A129-01,2.663145210359473
TCGA-AO-A12A-01,TCGA-AO-A12A-01,3.1123873278189356
TCGA-AO-A12B-01,TCGA-AO-A12B-01,3.3755854162132293
TCGA-AO-A12C-01,TCGA-AO-A12C-01,2.8869469486368984
TCGA-AO-A12D-01,TCGA-AO-A12D-01,2.7413716834406303
TCGA-AO-A12E-01,TCGA-AO-A12E-01,3.1859514475807598
TCGA-AO-A12F-01,TCGA-AO-A12F-01,3.038064456682384
TCGA-AO-A12G-01,TCGA-AO-A12G-01,3.2688802482573243
TCGA-AO-A12H-01,TCGA-AO-A12H-01,3.271462644809115
TCGA-AO-A1KO-01,TCGA-AO-A1KO-01,2.7961569899876446
TCGA-AO-A1KP-01,TCGA-AO-A1KP-01,3.0514155983390925
TCGA-AO-A1KQ-01,TCGA-AO-A1KQ-01,3.146034012032313
TCGA-AO-A1KR-01,TCGA-AO-A1KR-01,2.8381305950185904
TCGA-AO-A1KS-01,TCGA-AO-A1KS-01,3.195116074000504
TCGA-AO-A1KT-01,TCGA-AO-A1KT-01,3.130871208738477
TCGA-AQ-A04H-01,TCGA-AQ-A04H-01,3.0773159425726204
TCGA-AQ-A04J-01,TCGA-AQ-A04J-01,3.247288277017418
TCGA-AQ-A04L-01,TCGA-AQ-A04L-01,3.256530615853891
TCGA-AQ-A0Y5-01,TCGA-AQ-A0Y5-01,3.0803085974444233
TCGA-AQ-A1H2-01,TCGA-AQ-A1H2-01,2.7841377289264946
TCGA-AQ-A1H3-01,TCGA-AQ-A1H3-01,3.353348198129974
TCGA-AQ-A54N-01,TCGA-AQ-A54N-01,2.9148461219524755
TCGA-AQ-A54O-01,TCGA-AQ-A54O-01,3.0603001987115666
TCGA-AQ-A7U7-01,TCGA-AQ-A7U7-01,3.169288690983603
TCGA-AR-A0TP-01,TCGA-AR-A0TP-01,2.6626865636419463
TCGA-AR-A0TQ-01,TCGA-AR-A0TQ-01,3.3257582205458514
TCGA-AR-A0TR-01,TCGA-AR-A0TR-01,3.1747037693273175
TCGA-AR-A0TS-01,TCGA-AR-A0TS-01,3.1087868801170364
TCGA-AR-A0TT-01,TCGA-AR-A0TT-01,3.039491188924852
TCGA-AR-A0TU-01,TCGA-AR-A0TU-01,3.0375609811527013
TCGA-AR-A0TV-01,TCGA-AR-A0TV-01,3.221816509323571
TCGA-AR-A0TW-01,TCGA-AR-A0TW-01,3.419204985600991
TCGA-AR-A0TX-01,TCGA-AR-A0TX-01,3.3595483153013492
TCGA-AR-A0TY-01,TCGA-AR-A0TY-01,3.1327247486948613
TCGA-AR-A0TZ-01,TCGA-AR-A0TZ-01,3.2276426323272918
TCGA-AR-A0U0-01,TCGA-AR-A0U0-01,2.9364517152689924
TCGA-AR-A0U1-01,TCGA-AR-A0U1-01,2.848943831573702
TCGA-AR-A0U2-01,TCGA-AR-A0U2-01,3.4548568681238474
TCGA-AR-A0U3-01,TCGA-AR-A0U3-01,3.021246330235372
TCGA-AR-A0U4-01,TCGA-AR-A0U4-01,2.7357745066670183
TCGA-AR-A1AH-01,TCGA-AR-A1AH-01,3.089175324630592
TCGA-AR-A1AI-01,TCGA-AR-A1AI-01,3.3794980381799395
TCGA-AR-A1AJ-01,TCGA-AR-A1AJ-01,2.74512339644326
TCGA-AR-A1AK-01,TCGA-AR-A1AK-01,3.1602821829987806
TCGA-AR-A1AL-01,TCGA-AR-A1AL-01,3.1696558660223726
TCGA-AR-A1AM-01,TCGA-AR-A1AM-01,3.3245684809466582
TCGA-AR-A1AN-01,TCGA-AR-A1AN-01,3.276853176978924
TCGA-AR-A1AO-01,TCGA-AR-A1AO-01,2.7510985529684318
TCGA-AR-A1AP-01,TCGA-AR-A1AP-01,3.0744510665547886
TCGA-AR-A1AQ-01,TCGA-AR-A1AQ-01,2.8495912598570206
TCGA-AR-A1AR-01,TCGA-AR-A1AR-01,3.0830162712591904
TCGA-AR-A1AS-01,TCGA-AR-A1AS-01,3.263246119730408
TCGA-AR-A1AT-01,TCGA-AR-A1AT-01,3.3810024409265846
TCGA-AR-A1AU-01,TCGA-AR-A1AU-01,3.053593892842481
TCGA-AR-A1AV-01,TCGA-AR-A1AV-01,3.325617280422674
TCGA-AR-A1AW-01,TCGA-AR-A1AW-01,3.0583821044335773
TCGA-AR-A1AX-01,TCGA-AR-A1AX-01,3.171345252249181
TCGA-AR-A1AY-01,TCGA-AR-A1AY-01,2.6229476746206073
TCGA-AR-A24H-01,TCGA-AR-A24H-01,3.307420934415677
TCGA-AR-A24K-01,TCGA-AR-A24K-01,3.0273484521209255
TCGA-AR-A24L-01,TCGA-AR-A24L-01,2.9870194603408673
TCGA-AR-A24M-01,TCGA-AR-A24M-01,3.1375728550598496
TCGA-AR-A24N-01,TCGA-AR-A24N-01,2.9920862385538434
TCGA-AR-A24O-01,TCGA-AR-A24O-01,3.342856761833323
TCGA-AR-A24P-01,TCGA-AR-A24P-01,2.898076599219122
TCGA-AR-A24Q-01,TCGA-AR-A24Q-01,2.4745880201271366
TCGA-AR-A24R-01,TCGA-AR-A24R-01,3.055288483702684
TCGA-AR-A24S-01,TCGA-AR-A24S-01,3.0724808010237545
TCGA-AR-A24T-01,TCGA-AR-A24T-01,2.975490923778261
TCGA-AR-A24U-01,TCGA-AR-A24U-01,3.4465250332258774
TCGA-AR-A24V-01,TCGA-AR-A24V-01,3.00917550206564
TCGA-AR-A24W-01,TCGA-AR-A24W-01,3.405898553323011
TCGA-AR-A24X-01,TCGA-AR-A24X-01,2.7397475335127224
TCGA-AR-A24Z-01,TCGA-AR-A24Z-01,3.38685431566683
TCGA-AR-A250-01,TCGA-AR-A250-01,2.713254365976803
TCGA-AR-A251-01,TCGA-AR-A251-01,2.943104102686865
TCGA-AR-A252-01,TCGA-AR-A252-01,3.1158500368773554
TCGA-AR-A254-01,TCGA-AR-A254-01,2.9382173458826157
TCGA-AR-A255-01,TCGA-AR-A255-01,2.8607354442984003
TCGA-AR-A256-01,TCGA-AR-A256-01,2.91217958697023
TCGA-AR-A2LE-01,TCGA-AR-A2LE-01,2.9294411987296973
TCGA-AR-A2LH-01,TCGA-AR-A2LH-01,3.3705397094140364
TCGA-AR-A2LJ-01,TCGA-AR-A2LJ-01,3.1354393074540123
TCGA-AR-A2LK-01,TCGA-AR-A2LK-01,2.9972421304039343
TCGA-AR-A2LL-01,TCGA-AR-A2LL-01,3.237120718997323
TCGA-AR-A2LM-01,TCGA-AR-A2LM-01,3.289745123567612
TCGA-AR-A2LN-01,TCGA-AR-A2LN-01,3.1599730360257574
TCGA-AR-A2LO-01,TCGA-AR-A2LO-01,3.0613087810886146
TCGA-AR-A2LQ-01,TCGA-AR-A2LQ-01,2.940056725099867
TCGA-AR-A2LR-01,TCGA-AR-A2LR-01,2.7329301924802363
TCGA-AR-A5QM-01,TCGA-AR-A5QM-01,3.163312330322403
TCGA-AR-A5QN-01,TCGA-AR-A5QN-01,3.3220140073724425
TCGA-AR-A5QP-01,TCGA-AR-A5QP-01,2.938053034735934
TCGA-AR-A5QQ-01,TCGA-AR-A5QQ-01,2.7404375393645077
TCGA-B6-A0I1-01,TCGA-B6-A0I1-01,2.2293999583710606
TCGA-B6-A0I2-01,TCGA-B6-A0I2-01,3.0339948601645217
TCGA-B6-A0I5-01,TCGA-B6-A0I5-01,3.0813601031727718
TCGA-B6-A0I6-01,TCGA-B6-A0I6-01,3.1111506855540347
TCGA-B6-A0I8-01,TCGA-B6-A0I8-01,3.342886011875815
TCGA-B6-A0I9-01,TCGA-B6-A0I9-01,2.813798773995617
TCGA-B6-A0IA-01,TCGA-B6-A0IA-01,2.9411606245972672
TCGA-B6-A0IB-01,TCGA-B6-A0IB-01,3.2057363599525805
TCGA-B6-A0IC-01,TCGA-B6-A0IC-01,3.342171300113616
TCGA-B6-A0IE-01,TCGA-B6-A0IE-01,3.2185518261184827
TCGA-B6-A0IG-01,TCGA-B6-A0IG-01,2.9592596565716183
TCGA-B6-A0IH-01,TCGA-B6-A0IH-01,3.340384053222617
TCGA-B6-A0IJ-01,TCGA-B6-A0IJ-01,2.600515360691803
TCGA-B6-A0IK-01,TCGA-B6-A0IK-01,3.2080578715799812
TCGA-B6-A0IM-01,TCGA-B6-A0IM-01,3.1007776235396567
TCGA-B6-A0IN-01,TCGA-B6-A0IN-01,3.2632105283433948
TCGA-B6-A0IO-01,TCGA-B6-A0IO-01,3.1841664870403674
TCGA-B6-A0IP-01,TCGA-B6-A0IP-01,3.1254274728341676
TCGA-B6-A0IQ-01,TCGA-B6-A0IQ-01,3.086581610887343
TCGA-B6-A0RE-01,TCGA-B6-A0RE-01,2.764900740808387
TCGA-B6-A0RG-01,TCGA-B6-A0RG-01,2.8138218140717037
TCGA-B6-A0RH-01,TCGA-B6-A0RH-01,2.9331402043845847
TCGA-B6-A0RI-01,TCGA-B6-A0RI-01,3.08773073393695
TCGA-B6-A0RL-01,TCGA-B6-A0RL-01,2.99128876316889
TCGA-B6-A0RM-01,TCGA-B6-A0RM-01,3.146915909356217
TCGA-B6-A0RN-01,TCGA-B6-A0RN-01,3.1170572419529154
TCGA-B6-A0RO-01,TCGA-B6-A0RO-01,3.224492704507776
TCGA-B6-A0RP-01,TCGA-B6-A0RP-01,3.0094556727976407
TCGA-B6-A0RQ-01,TCGA-B6-A0RQ-01,3.2182148482423214
TCGA-B6-A0RS-01,TCGA-B6-A0RS-01,3.1923076891628437
TCGA-B6-A0RT-01,TCGA-B6-A0RT-01,3.1832387126124573
TCGA-B6-A0RU-01,TCGA-B6-A0RU-01,2.5445494183125517
TCGA-B6-A0RV-01,TCGA-B6-A0RV-01,3.2824421772521055
TCGA-B6-A0WS-01,TCGA-B6-A0WS-01,3.093310257698432
TCGA-B6-A0WT-01,TCGA-B6-A0WT-01,3.1885528074959346
TCGA-B6-A0WV-01,TCGA-B6-A0WV-01,3.0141589046588444
TCGA-B6-A0WW-01,TCGA-B6-A0WW-01,2.916305676763831
TCGA-B6-A0WX-01,TCGA-B6-A0WX-01,3.0479998779562716
TCGA-B6-A0WY-01,TCGA-B6-A0WY-01,3.223344150366327
TCGA-B6-A0WZ-01,TCGA-B6-A0WZ-01,3.057900325666243
TCGA-B6-A0X0-01,TCGA-B6-A0X0-01,2.9227566523922586
TCGA-B6-A0X1-01,TCGA-B6-A0X1-01,2.6687031697718404
TCGA-B6-A0X4-01,TCGA-B6-A0X4-01,3.126999398674527
TCGA-B6-A0X5-01,TCGA-B6-A0X5-01,3.4465764431226287
TCGA-B6-A0X7-01,TCGA-B6-A0X7-01,2.695037241426175
TCGA-B6-A1KC-01,TCGA-B6-A1KC-01,3.0746056854864223
TCGA-B6-A1KF-01,TCGA-B6-A1KF-01,2.997748034184755
TCGA-B6-A1KI-01,TCGA-B6-A1KI-01,2.959695048040961
TCGA-B6-A1KN-01,TCGA-B6-A1KN-01,3.0637647277467592
TCGA-B6-A2IU-01,TCGA-B6-A2IU-01,2.8009517371047212
TCGA-B6-A3ZX-01,TCGA-B6-A3ZX-01,2.555611127304362
TCGA-B6-A400-01,TCGA-B6-A400-01,2.2785807706390986
TCGA-B6-A401-01,TCGA-B6-A401-01,2.7504549250896604
TCGA-B6-A402-01,TCGA-B6-A402-01,2.9661553106614624
TCGA-B6-A408-01,TCGA-B6-A408-01,2.904087615331526
TCGA-B6-A409-01,TCGA-B6-A409-01,3.1827000881463547
TCGA-B6-A40B-01,TCGA-B6-A40B-01,2.7057377867187986
TCGA-B6-A40C-01,TCGA-B6-A40C-01,2.9915020929776457
TCGA-BH-A0AU-01,TCGA-BH-A0AU-01,3.077182531255536
TCGA-BH-A0AU-11,TCGA-BH-A0AU-11,2.9939745451636997
TCGA-BH-A0AV-01,TCGA-BH-A0AV-01,2.759160608192591
TCGA-BH-A0AW-01,TCGA-BH-A0AW-01,2.9491717114711253
TCGA-BH-A0AY-01,TCGA-BH-A0AY-01,3.4424762155536452
TCGA-BH-A0AY-11,TCGA-BH-A0AY-11,3.1865117174747164
TCGA-BH-A0AZ-01,TCGA-BH-A0AZ-01,3.1429550340265093
TCGA-BH-A0AZ-11,TCGA-BH-A0AZ-11,3.1465166693164317
TCGA-BH-A0B0-01,TCGA-BH-A0B0-01,3.09067189773122
TCGA-BH-A0B1-01,TCGA-BH-A0B1-01,2.6951955652373556
TCGA-BH-A0B2-01,TCGA-BH-A0B2-01,2.9786080812032023
TCGA-BH-A0B2-11,TCGA-BH-A0B2-11,2.997277051651903
TCGA-BH-A0B3-01,TCGA-BH-A0B3-01,3.0394764535661176
TCGA-BH-A0B3-11,TCGA-BH-A0B3-11,3.2744076448663018
TCGA-BH-A0B4-01,TCGA-BH-A0B4-01,3.203039167529046
TCGA-BH-A0B5-01,TCGA-BH-A0B5-01,2.7793680863823544
TCGA-BH-A0B5-11,TCGA-BH-A0B5-11,2.9132525809362444
TCGA-BH-A0B6-01,TCGA-BH-A0B6-01,3.301887245211638
TCGA-BH-A0B7-01,TCGA-BH-A0B7-01,3.0170432328395504
TCGA-BH-A0B7-11,TCGA-BH-A0B7-11,3.1291331764602095
TCGA-BH-A0B8-01,TCGA-BH-A0B8-01,3.081754300778704
TCGA-BH-A0B8-11,TCGA-BH-A0B8-11,3.3139064645918794
TCGA-BH-A0B9-01,TCGA-BH-A0B9-01,3.328826902873894
TCGA-BH-A0BA-01,TCGA-BH-A0BA-01,3.2534180836940867
TCGA-BH-A0BA-11,TCGA-BH-A0BA-11,3.1869366282367313
TCGA-BH-A0BC-01,TCGA-BH-A0BC-01,3.182508222944771
TCGA-BH-A0BC-11,TCGA-BH-A0BC-11,2.900417277083333
TCGA-BH-A0BD-01,TCGA-BH-A0BD-01,3.2355946339492814
TCGA-BH-A0BF-01,TCGA-BH-A0BF-01,3.0408696709633976
TCGA-BH-A0BG-01,TCGA-BH-A0BG-01,2.0178147975612166
TCGA-BH-A0BJ-01,TCGA-BH-A0BJ-01,3.120730207489556
TCGA-BH-A0BJ-11,TCGA-BH-A0BJ-11,3.140017928195397
TCGA-BH-A0BL-01,TCGA-BH-A0BL-01,2.874394745234315
TCGA-BH-A0BM-01,TCGA-BH-A0BM-01,3.129780288084479
TCGA-BH-A0BM-11,TCGA-BH-A0BM-11,3.1723012679955187
TCGA-BH-A0BO-01,TCGA-BH-A0BO-01,3.4116212207850722
TCGA-BH-A0BP-01,TCGA-BH-A0BP-01,3.124950930175556
TCGA-BH-A0BQ-01,TCGA-BH-A0BQ-01,2.9288564809765836
TCGA-BH-A0BQ-11,TCGA-BH-A0BQ-11,3.0960272960712762
TCGA-BH-A0BR-01,TCGA-BH-A0BR-01,3.209975789146351
TCGA-BH-A0BS-01,TCGA-BH-A0BS-01,3.2391882050220673
TCGA-BH-A0BS-11,TCGA-BH-A0BS-11,3.236784106327706
TCGA-BH-A0BT-01,TCGA-BH-A0BT-01,3.0830480116627026
TCGA-BH-A0BT-11,TCGA-BH-A0BT-11,3.233470065141196
TCGA-BH-A0BV-01,TCGA-BH-A0BV-01,3.3602601890587245
TCGA-BH-A0BV-11,TCGA-BH-A0BV-11,3.054441065749068
TCGA-BH-A0BW-01,TCGA-BH-A0BW-01,2.7444032204387225
TCGA-BH-A0BW-11,TCGA-BH-A0BW-11,3.0068745616186985
TCGA-BH-A0BZ-01,TCGA-BH-A0BZ-01,3.340456875491464
TCGA-BH-A0BZ-11,TCGA-BH-A0BZ-11,3.3077373313500944
TCGA-BH-A0C0-01,TCGA-BH-A0C0-01,2.929514270477546
TCGA-BH-A0C0-11,TCGA-BH-A0C0-11,3.1928839261646123
TCGA-BH-A0C1-01,TCGA-BH-A0C1-01,2.9810707789557904
TCGA-BH-A0C3-01,TCGA-BH-A0C3-01,3.1079594129424404
TCGA-BH-A0C3-11,TCGA-BH-A0C3-11,2.8398655511836877
TCGA-BH-A0C7-01,TCGA-BH-A0C7-01,3.1721907175106248
TCGA-BH-A0DD-01,TCGA-BH-A0DD-01,3.133842756757466
TCGA-BH-A0DD-11,TCGA-BH-A0DD-11,3.170858486620943
TCGA-BH-A0DE-01,TCGA-BH-A0DE-01,2.646420682487548
TCGA-BH-A0DG-01,TCGA-BH-A0DG-01,3.217743064927523
TCGA-BH-A0DG-11,TCGA-BH-A0DG-11,3.0870473559055913
TCGA-BH-A0DH-01,TCGA-BH-A0DH-01,3.2067168751654833
TCGA-BH-A0DH-11,TCGA-BH-A0DH-11,2.9978491317266216
TCGA-BH-A0DI-01,TCGA-BH-A0DI-01,3.2558009173106175
TCGA-BH-A0DK-01,TCGA-BH-A0DK-01,3.016187074990237
TCGA-BH-A0DK-11,TCGA-BH-A0DK-11,2.885138101060635
TCGA-BH-A0DL-01,TCGA-BH-A0DL-01,3.0026262804354764
TCGA-BH-A0DL-11,TCGA-BH-A0DL-11,3.2919061315078637
TCGA-BH-A0DO-01,TCGA-BH-A0DO-01,3.0842637613180917
TCGA-BH-A0DO-11,TCGA-BH-A0DO-11,3.0444506909818747
TCGA-BH-A0DP-01,TCGA-BH-A0DP-01,3.126515743619167
TCGA-BH-A0DP-11,TCGA-BH-A0DP-11,3.1749174177330244
TCGA-BH-A0DQ-01,TCGA-BH-A0DQ-01,3.1211300050600173
TCGA-BH-A0DQ-11,TCGA-BH-A0DQ-11,3.218579040051293
TCGA-BH-A0DS-01,TCGA-BH-A0DS-01,3.0471137919472917
TCGA-BH-A0DT-01,TCGA-BH-A0DT-01,3.1260295212457554
TCGA-BH-A0DT-11,TCGA-BH-A0DT-11,3.0565116960268908
TCGA-BH-A0DV-01,TCGA-BH-A0DV-01,3.371526111026614
TCGA-BH-A0DV-11,TCGA-BH-A0DV-11,3.2981733710670476
TCGA-BH-A0DX-01,TCGA-BH-A0DX-01,3.025059856292689
TCGA-BH-A0DZ-01,TCGA-BH-A0DZ-01,3.0035380003310617
TCGA-BH-A0DZ-11,TCGA-BH-A0DZ-11,3.2992253776470064
TCGA-BH-A0E0-01,TCGA-BH-A0E0-01,2.9495822406395087
TCGA-BH-A0E0-11,TCGA-BH-A0E0-11,3.3153658926401293
TCGA-BH-A0E1-01,TCGA-BH-A0E1-01,3.456998875812545
TCGA-BH-A0E1-11,TCGA-BH-A0E1-11,3.071615844642086
TCGA-BH-A0E2-01,TCGA-BH-A0E2-01,3.0089826235724844
TCGA-BH-A0E6-01,TCGA-BH-A0E6-01,2.7922545066990185
TCGA-BH-A0E7-01,TCGA-BH-A0E7-01,3.2042478362038467
TCGA-BH-A0E9-01,TCGA-BH-A0E9-01,3.333816938718441
TCGA-BH-A0EA-01,TCGA-BH-A0EA-01,3.1924998218087146
TCGA-BH-A0EB-01,TCGA-BH-A0EB-01,2.9001566850312033
TCGA-BH-A0EE-01,TCGA-BH-A0EE-01,3.382718407996487
TCGA-BH-A0EI-01,TCGA-BH-A0EI-01,3.0445221891453
TCGA-BH-A0GY-01,TCGA-BH-A0GY-01,2.5575941010024605
TCGA-BH-A0GZ-01,TCGA-BH-A0GZ-01,3.049508286423505
TCGA-BH-A0H0-01,TCGA-BH-A0H0-01,3.3896586801221598
TCGA-BH-A0H3-01,TCGA-BH-A0H3-01,2.9877503809886203
TCGA-BH-A0H5-01,TCGA-BH-A0H5-01,3.3935561783064045
TCGA-BH-A0H5-11,TCGA-BH-A0H5-11,3.158725646213323
TCGA-BH-A0H6-01,TCGA-BH-A0H6-01,3.2306278634515238
TCGA-BH-A0H7-01,TCGA-BH-A0H7-01,2.9907566119206797
TCGA-BH-A0H7-11,TCGA-BH-A0H7-11,3.2153631013395794
TCGA-BH-A0H9-01,TCGA-BH-A0H9-01,3.2243228515196583
TCGA-BH-A0H9-11,TCGA-BH-A0H9-11,3.3512366175966215
TCGA-BH-A0HA-01,TCGA-BH-A0HA-01,2.968669472554041
TCGA-BH-A0HA-11,TCGA-BH-A0HA-11,2.9324448530547023
TCGA-BH-A0HB-01,TCGA-BH-A0HB-01,2.796133286953133
TCGA-BH-A0HF-01,TCGA-BH-A0HF-01,3.0865765500953133
TCGA-BH-A0HI-01,TCGA-BH-A0HI-01,3.215139248600678
TCGA-BH-A0HK-01,TCGA-BH-A0HK-01,2.8321045902312294
TCGA-BH-A0HK-11,TCGA-BH-A0HK-11,3.4216631912546904
TCGA-BH-A0HL-01,TCGA-BH-A0HL-01,3.3272268456686964
TCGA-BH-A0HN-01,TCGA-BH-A0HN-01,2.933063733382828
TCGA-BH-A0HO-01,TCGA-BH-A0HO-01,3.260271991778162
TCGA-BH-A0HP-01,TCGA-BH-A0HP-01,3.2992859641233516
TCGA-BH-A0HQ-01,TCGA-BH-A0HQ-01,3.0979971932028008
TCGA-BH-A0HU-01,TCGA-BH-A0HU-01,3.318142597654072
TCGA-BH-A0HW-01,TCGA-BH-A0HW-01,2.9882747635979032
TCGA-BH-A0HX-01,TCGA-BH-A0HX-01,2.848218183196324
TCGA-BH-A0HY-01,TCGA-BH-A0HY-01,3.3265997757983814
TCGA-BH-A0RX-01,TCGA-BH-A0RX-01,2.7044770740675528
TCGA-BH-A0W3-01,TCGA-BH-A0W3-01,3.0675359343230038
TCGA-BH-A0W4-01,TCGA-BH-A0W4-01,3.139766959528669
TCGA-BH-A0W5-01,TCGA-BH-A0W5-01,3.118660545488214
TCGA-BH-A0W7-01,TCGA-BH-A0W7-01,2.7927458348597654
TCGA-BH-A0WA-01,TCGA-BH-A0WA-01,2.6026523748485504
TCGA-BH-A18F-01,TCGA-BH-A18F-01,2.9445914287187214
TCGA-BH-A18G-01,TCGA-BH-A18G-01,3.0360196654683946
TCGA-BH-A18H-01,TCGA-BH-A18H-01,3.186016824595315
TCGA-BH-A18I-01,TCGA-BH-A18I-01,3.066569924641072
TCGA-BH-A18J-01,TCGA-BH-A18J-01,3.0743022781419036
TCGA-BH-A18J-11,TCGA-BH-A18J-11,3.3265540116024135
TCGA-BH-A18K-01,TCGA-BH-A18K-01,3.0265096168115058
TCGA-BH-A18K-11,TCGA-BH-A18K-11,2.9079896183416407
TCGA-BH-A18L-01,TCGA-BH-A18L-01,3.263166101219811
TCGA-BH-A18L-11,TCGA-BH-A18L-11,3.153415532532763
TCGA-BH-A18M-01,TCGA-BH-A18M-01,3.3842665711888
TCGA-BH-A18M-11,TCGA-BH-A18M-11,3.2895424126471786
TCGA-BH-A18N-01,TCGA-BH-A18N-01,2.935510621493914
TCGA-BH-A18N-11,TCGA-BH-A18N-11,3.3851052465414764
TCGA-BH-A18P-01,TCGA-BH-A18P-01,3.286416098516166
TCGA-BH-A18P-11,TCGA-BH-A18P-11,3.016157494896218
TCGA-BH-A18Q-01,TCGA-BH-A18Q-01,2.3875083108306376
TCGA-BH-A18Q-11,TCGA-BH-A18Q-11,3.212100565169395
TCGA-BH-A18R-01,TCGA-BH-A18R-01,2.947103671055013
TCGA-BH-A18R-11,TCGA-BH-A18R-11,3.291750843827734
TCGA-BH-A18S-01,TCGA-BH-A18S-01,3.209120649809754
TCGA-BH-A18S-11,TCGA-BH-A18S-11,3.2131974137539894
TCGA-BH-A18T-01,TCGA-BH-A18T-01,2.9689311262980627
TCGA-BH-A18U-01,TCGA-BH-A18U-01,3.3999345182416034
TCGA-BH-A18U-11,TCGA-BH-A18U-11,3.100878564161587
TCGA-BH-A18V-01,TCGA-BH-A18V-01,3.256571888656694
TCGA-BH-A18V-06,TCGA-BH-A18V-06,2.8276744733578627
TCGA-BH-A18V-11,TCGA-BH-A18V-11,3.0808791458060996
TCGA-BH-A1EN-01,TCGA-BH-A1EN-01,3.189547818068946
TCGA-BH-A1EN-11,TCGA-BH-A1EN-11,2.990577757952081
TCGA-BH-A1EO-01,TCGA-BH-A1EO-01,3.0793164011560283
TCGA-BH-A1EO-11,TCGA-BH-A1EO-11,2.789357788210896
TCGA-BH-A1ES-01,TCGA-BH-A1ES-01,3.1350620273530208
TCGA-BH-A1ES-06,TCGA-BH-A1ES-06,3.2690284675609576
TCGA-BH-A1ET-01,TCGA-BH-A1ET-01,3.3100429282030226
TCGA-BH-A1ET-11,TCGA-BH-A1ET-11,3.2449727589885775
TCGA-BH-A1EU-01,TCGA-BH-A1EU-01,2.9868527782660967
TCGA-BH-A1EU-11,TCGA-BH-A1EU-11,2.994324257236498
TCGA-BH-A1EV-01,TCGA-BH-A1EV-01,2.7454972720586106
TCGA-BH-A1EV-11,TCGA-BH-A1EV-11,3.1882765754810967
TCGA-BH-A1EW-01,TCGA-BH-A1EW-01,3.2750338734142983
TCGA-BH-A1EW-11,TCGA-BH-A1EW-11,3.3908231676097373
TCGA-BH-A1EX-01,TCGA-BH-A1EX-01,3.3738777729902996
TCGA-BH-A1EY-01,TCGA-BH-A1EY-01,2.9599423052603893
TCGA-BH-A1F0-01,TCGA-BH-A1F0-01,3.124951103465493
TCGA-BH-A1F0-11,TCGA-BH-A1F0-11,3.3913456673741793
TCGA-BH-A1F2-01,TCGA-BH-A1F2-01,3.054452261662529
TCGA-BH-A1F2-11,TCGA-BH-A1F2-11,3.291654073659165
TCGA-BH-A1F5-01,TCGA-BH-A1F5-01,3.030290775124233
TCGA-BH-A1F6-01,TCGA-BH-A1F6-01,3.1712287676735684
TCGA-BH-A1F6-11,TCGA-BH-A1F6-11,3.2710304644097588
TCGA-BH-A1F8-01,TCGA-BH-A1F8-01,2.9464687256729998
TCGA-BH-A1F8-11,TCGA-BH-A1F8-11,3.1423507831870556
TCGA-BH-A1FB-01,TCGA-BH-A1FB-01,3.308604672348239
TCGA-BH-A1FB-11,TCGA-BH-A1FB-11,3.4460185611541965
TCGA-BH-A1FC-01,TCGA-BH-A1FC-01,3.2182820674884693
TCGA-BH-A1FC-11,TCGA-BH-A1FC-11,3.116419902720879
TCGA-BH-A1FD-01,TCGA-BH-A1FD-01,3.2124362672922913
TCGA-BH-A1FD-11,TCGA-BH-A1FD-11,3.476379091727504
TCGA-BH-A1FE-01,TCGA-BH-A1FE-01,3.063724439524475
TCGA-BH-A1FE-06,TCGA-BH-A1FE-06,2.920393281501053
TCGA-BH-A1FE-11,TCGA-BH-A1FE-11,3.0746462873546134
TCGA-BH-A1FG-01,TCGA-BH-A1FG-01,3.0651019480523667
TCGA-BH-A1FG-11,TCGA-BH-A1FG-11,3.2777720070800838
TCGA-BH-A1FH-01,TCGA-BH-A1FH-01,3.2936345985889175
TCGA-BH-A1FH-11,TCGA-BH-A1FH-11,3.519576686741445
TCGA-BH-A1FJ-01,TCGA-BH-A1FJ-01,3.41467870483073
TCGA-BH-A1FJ-11,TCGA-BH-A1FJ-11,3.2374578754006365
TCGA-BH-A1FL-01,TCGA-BH-A1FL-01,3.1039986502307166
TCGA-BH-A1FM-01,TCGA-BH-A1FM-01,2.7791613824695256
TCGA-BH-A1FM-11,TCGA-BH-A1FM-11,3.1542781332961285
TCGA-BH-A1FN-01,TCGA-BH-A1FN-01,3.312212855315188
TCGA-BH-A1FN-11,TCGA-BH-A1FN-11,3.106308291461012
TCGA-BH-A1FR-01,TCGA-BH-A1FR-01,3.2925656906913945
TCGA-BH-A1FR-11,TCGA-BH-A1FR-11,3.058153045446076
TCGA-BH-A1FU-01,TCGA-BH-A1FU-01,2.934670396242825
TCGA-BH-A1FU-11,TCGA-BH-A1FU-11,3.216148073829965
TCGA-BH-A201-01,TCGA-BH-A201-01,3.293837928915665
TCGA-BH-A202-01,TCGA-BH-A202-01,3.2978136640045093
TCGA-BH-A203-01,TCGA-BH-A203-01,3.1463354978399334
TCGA-BH-A203-11,TCGA-BH-A203-11,3.1726501354048104
TCGA-BH-A204-01,TCGA-BH-A204-01,3.2475681726469254
TCGA-BH-A204-11,TCGA-BH-A204-11,3.2158555393714203
TCGA-BH-A208-01,TCGA-BH-A208-01,2.690738382613034
TCGA-BH-A208-11,TCGA-BH-A208-11,3.310083111580232
TCGA-BH-A209-01,TCGA-BH-A209-01,3.106775663134446
TCGA-BH-A209-11,TCGA-BH-A209-11,2.9660214619811294
TCGA-BH-A28O-01,TCGA-BH-A28O-01,3.255446339367996
TCGA-BH-A28Q-01,TCGA-BH-A28Q-01,3.0533318320828022
TCGA-BH-A2L8-01,TCGA-BH-A2L8-01,2.308041287064818
TCGA-BH-A42T-01,TCGA-BH-A42T-01,3.0165848858030486
TCGA-BH-A42U-01,TCGA-BH-A42U-01,3.5111206450593664
TCGA-BH-A42V-01,TCGA-BH-A42V-01,3.162332117401356
TCGA-BH-A5IZ-01,TCGA-BH-A5IZ-01,3.2955257985829727
TCGA-BH-A5J0-01,TCGA-BH-A5J0-01,3.1587100945998206
TCGA-BH-A6R8-01,TCGA-BH-A6R8-01,3.1934500738640113
TCGA-BH-A6R9-01,TCGA-BH-A6R9-01,3.140897790946337
TCGA-BH-A8FY-01,TCGA-BH-A8FY-01,3.184328429491873
TCGA-BH-A8FZ-01,TCGA-BH-A8FZ-01,3.466857074539766
TCGA-BH-A8G0-01,TCGA-BH-A8G0-01,3.2275426197492183
TCGA-BH-AB28-01,TCGA-BH-AB28-01,3.288863013281982
TCGA-C8-A12K-01,TCGA-C8-A12K-01,3.3107439024224297
TCGA-C8-A12L-01,TCGA-C8-A12L-01,3.3176728469440433
TCGA-C8-A12M-01,TCGA-C8-A12M-01,3.1237489390348703
TCGA-C8-A12N-01,TCGA-C8-A12N-01,3.1639143625974473
TCGA-C8-A12O-01,TCGA-C8-A12O-01,3.3384997495001905
TCGA-C8-A12P-01,TCGA-C8-A12P-01,2.9169733776288638
TCGA-C8-A12Q-01,TCGA-C8-A12Q-01,3.0335074069242514
TCGA-C8-A12T-01,TCGA-C8-A12T-01,3.035152205668749
TCGA-C8-A12U-01,TCGA-C8-A12U-01,3.1474349896641507
TCGA-C8-A12V-01,TCGA-C8-A12V-01,3.0216782603143875
TCGA-C8-A12W-01,TCGA-C8-A12W-01,3.1939715633284056
TCGA-C8-A12X-01,TCGA-C8-A12X-01,3.436144168196906
TCGA-C8-A12Y-01,TCGA-C8-A12Y-01,3.329581385902654
TCGA-C8-A12Z-01,TCGA-C8-A12Z-01,3.4533313094859452
TCGA-C8-A130-01,TCGA-C8-A130-01,2.966267198849752
TCGA-C8-A131-01,TCGA-C8-A131-01,2.876497809252479
TCGA-C8-A132-01,TCGA-C8-A132-01,3.146633682804126
TCGA-C8-A133-01,TCGA-C8-A133-01,3.3657270790025264
TCGA-C8-A134-01,TCGA-C8-A134-01,3.106624591847267
TCGA-C8-A135-01,TCGA-C8-A135-01,3.038195445704466
TCGA-C8-A137-01,TCGA-C8-A137-01,3.1987026621005694
TCGA-C8-A138-01,TCGA-C8-A138-01,2.5986949581491925
TCGA-C8-A1HE-01,TCGA-C8-A1HE-01,3.037699220961326
TCGA-C8-A1HF-01,TCGA-C8-A1HF-01,3.3821457488256264
TCGA-C8-A1HG-01,TCGA-C8-A1HG-01,3.0852558394242275
TCGA-C8-A1HI-01,TCGA-C8-A1HI-01,3.2437135278288878
TCGA-C8-A1HJ-01,TCGA-C8-A1HJ-01,3.113440371771622
TCGA-C8-A1HK-01,TCGA-C8-A1HK-01,3.209312042773084
TCGA-C8-A1HL-01,TCGA-C8-A1HL-01,3.3546494054392766
TCGA-C8-A1HM-01,TCGA-C8-A1HM-01,3.4086695659430166
TCGA-C8-A1HN-01,TCGA-C8-A1HN-01,3.239334284461044
TCGA-C8-A1HO-01,TCGA-C8-A1HO-01,3.370514722414067
TCGA-C8-A26V-01,TCGA-C8-A26V-01,3.3108638464585103
TCGA-C8-A26W-01,TCGA-C8-A26W-01,3.0223563531579223
TCGA-C8-A26X-01,TCGA-C8-A26X-01,3.1389404522761275
TCGA-C8-A26Y-01,TCGA-C8-A26Y-01,2.663976890501442
TCGA-C8-A26Z-01,TCGA-C8-A26Z-01,3.0755894306746976
TCGA-C8-A273-01,TCGA-C8-A273-01,3.2507412012104235
TCGA-C8-A274-01,TCGA-C8-A274-01,3.385525047044209
TCGA-C8-A275-01,TCGA-C8-A275-01,3.2091211122437104
TCGA-C8-A278-01,TCGA-C8-A278-01,3.2028433904925926
TCGA-C8-A27A-01,TCGA-C8-A27A-01,3.1223790132357765
TCGA-C8-A27B-01,TCGA-C8-A27B-01,3.3845701663291377
TCGA-C8-A3M7-01,TCGA-C8-A3M7-01,3.0756707419678153
TCGA-C8-A3M8-01,TCGA-C8-A3M8-01,2.907607557822394
TCGA-C8-A8HP-01,TCGA-C8-A8HP-01,3.255302978583389
TCGA-C8-A8HQ-01,TCGA-C8-A8HQ-01,2.884473449314621
TCGA-C8-A8HR-01,TCGA-C8-A8HR-01,3.2698353758848233
TCGA-D8-A13Y-01,TCGA-D8-A13Y-01,2.898487411619602
TCGA-D8-A13Z-01,TCGA-D8-A13Z-01,3.2752049987395524
TCGA-D8-A140-01,TCGA-D8-A140-01,3.000846323162352
TCGA-D8-A141-01,TCGA-D8-A141-01,3.0204021262059353
TCGA-D8-A142-01,TCGA-D8-A142-01,2.919760784949995
TCGA-D8-A143-01,TCGA-D8-A143-01,3.127686483466182
TCGA-D8-A145-01,TCGA-D8-A145-01,3.282382435711132
TCGA-D8-A146-01,TCGA-D8-A146-01,2.968311337505041
TCGA-D8-A147-01,TCGA-D8-A147-01,2.836782531923375
TCGA-D8-A1J8-01,TCGA-D8-A1J8-01,2.9151761824250997
TCGA-D8-A1J9-01,TCGA-D8-A1J9-01,3.0878030975854225
TCGA-D8-A1JA-01,TCGA-D8-A1JA-01,3.2326395477967464
TCGA-D8-A1JB-01,TCGA-D8-A1JB-01,3.0067272446002935
TCGA-D8-A1JC-01,TCGA-D8-A1JC-01,3.055083965707201
TCGA-D8-A1JD-01,TCGA-D8-A1JD-01,3.379067590008681
TCGA-D8-A1JE-01,TCGA-D8-A1JE-01,3.298257434563043
TCGA-D8-A1JF-01,TCGA-D8-A1JF-01,2.836613727324324
TCGA-D8-A1JG-01,TCGA-D8-A1JG-01,2.8917515191841967
TCGA-D8-A1JH-01,TCGA-D8-A1JH-01,3.0823247882410114
TCGA-D8-A1JI-01,TCGA-D8-A1JI-01,3.083050581206452
TCGA-D8-A1JJ-01,TCGA-D8-A1JJ-01,3.2832978171318246
TCGA-D8-A1JK-01,TCGA-D8-A1JK-01,2.7296969942888887
TCGA-D8-A1JL-01,TCGA-D8-A1JL-01,2.8630942390319314
TCGA-D8-A1JM-01,TCGA-D8-A1JM-01,3.0678976799737216
TCGA-D8-A1JN-01,TCGA-D8-A1JN-01,3.1043709291882706
TCGA-D8-A1JP-01,TCGA-D8-A1JP-01,3.032644052639018
TCGA-D8-A1JS-01,TCGA-D8-A1JS-01,3.374879379555483
TCGA-D8-A1JT-01,TCGA-D8-A1JT-01,3.0871953205064098
TCGA-D8-A1JU-01,TCGA-D8-A1JU-01,3.2000029628886377
TCGA-D8-A1X5-01,TCGA-D8-A1X5-01,3.2842179007938297
TCGA-D8-A1X6-01,TCGA-D8-A1X6-01,3.226087867681972
TCGA-D8-A1X7-01,TCGA-D8-A1X7-01,3.351080375573691
TCGA-D8-A1X8-01,TCGA-D8-A1X8-01,3.0048425281889055
TCGA-D8-A1X9-01,TCGA-D8-A1X9-01,2.9570515470175023
TCGA-D8-A1XA-01,TCGA-D8-A1XA-01,3.2444172040480854
TCGA-D8-A1XB-01,TCGA-D8-A1XB-01,3.2581054089192296
TCGA-D8-A1XC-01,TCGA-D8-A1XC-01,3.364249751635618
TCGA-D8-A1XD-01,TCGA-D8-A1XD-01,3.019384686234364
TCGA-D8-A1XF-01,TCGA-D8-A1XF-01,2.952054983116072
TCGA-D8-A1XG-01,TCGA-D8-A1XG-01,2.830038845795964
TCGA-D8-A1XJ-01,TCGA-D8-A1XJ-01,3.408566369243502
TCGA-D8-A1XK-01,TCGA-D8-A1XK-01,3.2514051996853226
TCGA-D8-A1XL-01,TCGA-D8-A1XL-01,3.2059075077952475
TCGA-D8-A1XM-01,TCGA-D8-A1XM-01,3.033754486271139
TCGA-D8-A1XO-01,TCGA-D8-A1XO-01,2.819954995343121
TCGA-D8-A1XQ-01,TCGA-D8-A1XQ-01,2.8479275670894544
TCGA-D8-A1XR-01,TCGA-D8-A1XR-01,3.420086389532079
TCGA-D8-A1XS-01,TCGA-D8-A1XS-01,3.0880320348885393
TCGA-D8-A1XT-01,TCGA-D8-A1XT-01,3.30017508912564
TCGA-D8-A1XU-01,TCGA-D8-A1XU-01,2.6550949135652755
TCGA-D8-A1XV-01,TCGA-D8-A1XV-01,3.3448099527155906
TCGA-D8-A1XW-01,TCGA-D8-A1XW-01,2.8984102215712286
TCGA-D8-A1XY-01,TCGA-D8-A1XY-01,2.9104627406944523
TCGA-D8-A1XZ-01,TCGA-D8-A1XZ-01,3.1463101847791104
TCGA-D8-A1Y0-01,TCGA-D8-A1Y0-01,3.3941350579579437
TCGA-D8-A1Y1-01,TCGA-D8-A1Y1-01,3.0774674471849273
TCGA-D8-A1Y2-01,TCGA-D8-A1Y2-01,2.8518663449795256
TCGA-D8-A1Y3-01,TCGA-D8-A1Y3-01,2.886437718076721
TCGA-D8-A27E-01,TCGA-D8-A27E-01,3.25408853737758
TCGA-D8-A27F-01,TCGA-D8-A27F-01,3.317976151373312
TCGA-D8-A27G-01,TCGA-D8-A27G-01,3.084930515545146
TCGA-D8-A27H-01,TCGA-D8-A27H-01,2.6906428855549356
TCGA-D8-A27I-01,TCGA-D8-A27I-01,3.073773482499959
TCGA-D8-A27K-01,TCGA-D8-A27K-01,2.7905176145091857
TCGA-D8-A27L-01,TCGA-D8-A27L-01,2.6838491660833608
TCGA-D8-A27M-01,TCGA-D8-A27M-01,2.9082228624247044
TCGA-D8-A27N-01,TCGA-D8-A27N-01,3.076560296982821
TCGA-D8-A27P-01,TCGA-D8-A27P-01,3.359267234634396
TCGA-D8-A27R-01,TCGA-D8-A27R-01,3.3045318528967793
TCGA-D8-A27T-01,TCGA-D8-A27T-01,2.9956811132159924
TCGA-D8-A27V-01,TCGA-D8-A27V-01,3.1148331636700277
TCGA-D8-A27W-01,TCGA-D8-A27W-01,3.125784364596865
TCGA-D8-A3Z5-01,TCGA-D8-A3Z5-01,3.4068133460095633
TCGA-D8-A3Z6-01,TCGA-D8-A3Z6-01,3.2388483715348473
TCGA-D8-A4Z1-01,TCGA-D8-A4Z1-01,3.3037608484129684
TCGA-D8-A73U-01,TCGA-D8-A73U-01,2.938458239967034
TCGA-D8-A73W-01,TCGA-D8-A73W-01,3.0199844956257706
TCGA-D8-A73X-01,TCGA-D8-A73X-01,3.308968009181299
TCGA-E2-A105-01,TCGA-E2-A105-01,3.3250070233572764
TCGA-E2-A106-01,TCGA-E2-A106-01,3.302891438508324
TCGA-E2-A107-01,TCGA-E2-A107-01,3.191431702198587
TCGA-E2-A108-01,TCGA-E2-A108-01,3.1024762599199094
TCGA-E2-A109-01,TCGA-E2-A109-01,3.256288250494213
TCGA-E2-A10A-01,TCGA-E2-A10A-01,3.135638163308814
TCGA-E2-A10B-01,TCGA-E2-A10B-01,3.2489648425081734
TCGA-E2-A10C-01,TCGA-E2-A10C-01,3.319194958568108
TCGA-E2-A10E-01,TCGA-E2-A10E-01,2.8837090864660375
TCGA-E2-A10F-01,TCGA-E2-A10F-01,3.2838037400996196
TCGA-E2-A14N-01,TCGA-E2-A14N-01,3.1300640020610913
TCGA-E2-A14O-01,TCGA-E2-A14O-01,3.4766206129140476
TCGA-E2-A14P-01,TCGA-E2-A14P-01,3.3881310016905593
TCGA-E2-A14Q-01,TCGA-E2-A14Q-01,3.4233372694384103
TCGA-E2-A14R-01,TCGA-E2-A14R-01,3.381703344342796
TCGA-E2-A14S-01,TCGA-E2-A14S-01,3.3699094867854256
TCGA-E2-A14T-01,TCGA-E2-A14T-01,3.018100987267102
TCGA-E2-A14U-01,TCGA-E2-A14U-01,3.173923940089069
TCGA-E2-A14V-01,TCGA-E2-A14V-01,3.0391621739573744
TCGA-E2-A14W-01,TCGA-E2-A14W-01,3.2456707057219285
TCGA-E2-A14X-01,TCGA-E2-A14X-01,2.8385642461030267
TCGA-E2-A14Y-01,TCGA-E2-A14Y-01,3.063245327030517
TCGA-E2-A14Z-01,TCGA-E2-A14Z-01,3.1942894015649728
TCGA-E2-A150-01,TCGA-E2-A150-01,2.976011171220468
TCGA-E2-A152-01,TCGA-E2-A152-01,3.141917174672114
TCGA-E2-A153-01,TCGA-E2-A153-01,3.117403319327768
TCGA-E2-A153-11,TCGA-E2-A153-11,3.1775886202851136
TCGA-E2-A154-01,TCGA-E2-A154-01,3.0200577968834943
TCGA-E2-A155-01,TCGA-E2-A155-01,3.389114302013855
TCGA-E2-A156-01,TCGA-E2-A156-01,3.326170060538293
TCGA-E2-A158-01,TCGA-E2-A158-01,3.136372867620852
TCGA-E2-A158-11,TCGA-E2-A158-11,3.3014810101160212
TCGA-E2-A159-01,TCGA-E2-A159-01,3.210048979543944
TCGA-E2-A15A-01,TCGA-E2-A15A-01,3.1857574247612064
TCGA-E2-A15A-06,TCGA-E2-A15A-06,3.2351315931333797
TCGA-E2-A15C-01,TCGA-E2-A15C-01,3.321633393371322
TCGA-E2-A15D-01,TCGA-E2-A15D-01,2.3780567661956873
TCGA-E2-A15E-01,TCGA-E2-A15E-01,3.51056669464648
TCGA-E2-A15E-06,TCGA-E2-A15E-06,3.302122027954032
TCGA-E2-A15F-01,TCGA-E2-A15F-01,3.2604285181913135
TCGA-E2-A15G-01,TCGA-E2-A15G-01,3.1604458478519537
TCGA-E2-A15H-01,TCGA-E2-A15H-01,3.108296109456932
TCGA-E2-A15I-01,TCGA-E2-A15I-01,2.8682415630611455
TCGA-E2-A15I-11,TCGA-E2-A15I-11,2.9605948187348337
TCGA-E2-A15J-01,TCGA-E2-A15J-01,3.0672698430672174
TCGA-E2-A15K-01,TCGA-E2-A15K-01,3.440310571841957
TCGA-E2-A15K-06,TCGA-E2-A15K-06,3.3366673480332834
TCGA-E2-A15K-11,TCGA-E2-A15K-11,3.4776029611048416
TCGA-E2-A15L-01,TCGA-E2-A15L-01,3.3056335888056254
TCGA-E2-A15M-01,TCGA-E2-A15M-01,3.276974840295704
TCGA-E2-A15M-11,TCGA-E2-A15M-11,3.4751687775384412
TCGA-E2-A15O-01,TCGA-E2-A15O-01,3.2039005924585817
TCGA-E2-A15P-01,TCGA-E2-A15P-01,3.2118929198719983
TCGA-E2-A15R-01,TCGA-E2-A15R-01,2.807863555539832
TCGA-E2-A15S-01,TCGA-E2-A15S-01,3.0863410943687533
TCGA-E2-A15T-01,TCGA-E2-A15T-01,3.043593790365338
TCGA-E2-A1AZ-01,TCGA-E2-A1AZ-01,3.1111638730430093
TCGA-E2-A1B0-01,TCGA-E2-A1B0-01,3.127229350816618
TCGA-E2-A1B1-01,TCGA-E2-A1B1-01,3.249824371884544
TCGA-E2-A1B4-01,TCGA-E2-A1B4-01,3.17332724804282
TCGA-E2-A1B5-01,TCGA-E2-A1B5-01,2.9846597011494227
TCGA-E2-A1B6-01,TCGA-E2-A1B6-01,2.801520159913347
TCGA-E2-A1BC-01,TCGA-E2-A1BC-01,3.2178922303406776
TCGA-E2-A1BC-11,TCGA-E2-A1BC-11,3.0017972679803693
TCGA-E2-A1BD-01,TCGA-E2-A1BD-01,3.007451328289884
TCGA-E2-A1IE-01,TCGA-E2-A1IE-01,3.1672814762831702
TCGA-E2-A1IF-01,TCGA-E2-A1IF-01,2.968057071065492
TCGA-E2-A1IG-01,TCGA-E2-A1IG-01,3.099115295622996
TCGA-E2-A1IG-11,TCGA-E2-A1IG-11,3.2814536736070434
TCGA-E2-A1IH-01,TCGA-E2-A1IH-01,2.955687743934714
TCGA-E2-A1II-01,TCGA-E2-A1II-01,3.017512293792882
TCGA-E2-A1IJ-01,TCGA-E2-A1IJ-01,3.1859534824861884
TCGA-E2-A1IK-01,TCGA-E2-A1IK-01,3.1183594507331547
TCGA-E2-A1IL-01,TCGA-E2-A1IL-01,3.2618990357170636
TCGA-E2-A1IN-01,TCGA-E2-A1IN-01,3.1959344781295496
TCGA-E2-A1IO-01,TCGA-E2-A1IO-01,3.1880202362859644
TCGA-E2-A1IP-01,TCGA-E2-A1IP-01,2.7295209254202866
TCGA-E2-A1IU-01,TCGA-E2-A1IU-01,3.1268159743735984
TCGA-E2-A1L6-01,TCGA-E2-A1L6-01,3.1348031463393093
TCGA-E2-A1L7-01,TCGA-E2-A1L7-01,3.269808317202445
TCGA-E2-A1L7-11,TCGA-E2-A1L7-11,3.3863751455860394
TCGA-E2-A1L8-01,TCGA-E2-A1L8-01,3.1757897701386915
TCGA-E2-A1L9-01,TCGA-E2-A1L9-01,2.779789067491424
TCGA-E2-A1LA-01,TCGA-E2-A1LA-01,2.9764673310513707
TCGA-E2-A1LB-01,TCGA-E2-A1LB-01,3.3193557294807374
TCGA-E2-A1LB-11,TCGA-E2-A1LB-11,2.976720671958774
TCGA-E2-A1LE-01,TCGA-E2-A1LE-01,3.2361133991371833
TCGA-E2-A1LG-01,TCGA-E2-A1LG-01,3.3678930211773035
TCGA-E2-A1LH-01,TCGA-E2-A1LH-01,2.4407100670524136
TCGA-E2-A1LH-11,TCGA-E2-A1LH-11,3.1630056406852667
TCGA-E2-A1LI-01,TCGA-E2-A1LI-01,2.3953784346388596
TCGA-E2-A1LK-01,TCGA-E2-A1LK-01,2.742044128969072
TCGA-E2-A1LL-01,TCGA-E2-A1LL-01,3.063719951249903
TCGA-E2-A1LS-01,TCGA-E2-A1LS-01,3.109134311300659
TCGA-E2-A1LS-11,TCGA-E2-A1LS-11,3.2869144061838327
TCGA-E2-A2P5-01,TCGA-E2-A2P5-01,2.7131817257765922
TCGA-E2-A2P6-01,TCGA-E2-A2P6-01,3.172899824363276
TCGA-E2-A3DX-01,TCGA-E2-A3DX-01,3.0013650224779758
TCGA-E2-A56Z-01,TCGA-E2-A56Z-01,3.134922943908818
TCGA-E2-A570-01,TCGA-E2-A570-01,2.9790255791822373
TCGA-E2-A572-01,TCGA-E2-A572-01,3.2222818801457227
TCGA-E2-A573-01,TCGA-E2-A573-01,3.1685696670445385
TCGA-E2-A574-01,TCGA-E2-A574-01,2.6969693188410124
TCGA-E2-A576-01,TCGA-E2-A576-01,3.276780555461925
TCGA-E2-A9RU-01,TCGA-E2-A9RU-01,3.36338646201838
TCGA-E9-A1N3-01,TCGA-E9-A1N3-01,3.176852455023797
TCGA-E9-A1N4-01,TCGA-E9-A1N4-01,3.0818653888997996
TCGA-E9-A1N4-11,TCGA-E9-A1N4-11,3.115044298921797
TCGA-E9-A1N5-01,TCGA-E9-A1N5-01,3.37342846438722
TCGA-E9-A1N5-11,TCGA-E9-A1N5-11,3.108422978372798
TCGA-E9-A1N6-01,TCGA-E9-A1N6-01,3.334072471864408
TCGA-E9-A1N6-11,TCGA-E9-A1N6-11,3.3328829105345914
TCGA-E9-A1N8-01,TCGA-E9-A1N8-01,2.4472501584266397
TCGA-E9-A1N9-01,TCGA-E9-A1N9-01,3.169900618533703
TCGA-E9-A1N9-11,TCGA-E9-A1N9-11,3.0313665682557622
TCGA-E9-A1NA-01,TCGA-E9-A1NA-01,3.1047677860248695
TCGA-E9-A1NA-11,TCGA-E9-A1NA-11,3.3131297736283547
TCGA-E9-A1NC-01,TCGA-E9-A1NC-01,2.8498344558110054
TCGA-E9-A1ND-01,TCGA-E9-A1ND-01,2.927779032944505
TCGA-E9-A1ND-11,TCGA-E9-A1ND-11,3.014620492522117
TCGA-E9-A1NE-01,TCGA-E9-A1NE-01,3.368095072171374
TCGA-E9-A1NF-01,TCGA-E9-A1NF-01,3.1707035937763974
TCGA-E9-A1NF-11,TCGA-E9-A1NF-11,3.023447573644088
TCGA-E9-A1NG-01,TCGA-E9-A1NG-01,3.0584721368772434
TCGA-E9-A1NG-11,TCGA-E9-A1NG-11,3.0020869483444237
TCGA-E9-A1NH-01,TCGA-E9-A1NH-01,3.110262851496976
TCGA-E9-A1NI-01,TCGA-E9-A1NI-01,3.018113268597429
TCGA-E9-A1QZ-01,TCGA-E9-A1QZ-01,3.3243448782655123
TCGA-E9-A1R0-01,TCGA-E9-A1R0-01,3.0108416488725527
TCGA-E9-A1R2-01,TCGA-E9-A1R2-01,3.409944742428929
TCGA-E9-A1R3-01,TCGA-E9-A1R3-01,3.158577522927752
TCGA-E9-A1R4-01,TCGA-E9-A1R4-01,2.7758917501569678
TCGA-E9-A1R5-01,TCGA-E9-A1R5-01,3.2866942112955524
TCGA-E9-A1R6-01,TCGA-E9-A1R6-01,3.1803774800449314
TCGA-E9-A1R7-01,TCGA-E9-A1R7-01,3.1496782533431746
TCGA-E9-A1R7-11,TCGA-E9-A1R7-11,3.0610953626025768
TCGA-E9-A1RA-01,TCGA-E9-A1RA-01,3.2153444007574112
TCGA-E9-A1RB-01,TCGA-E9-A1RB-01,3.190085578821316
TCGA-E9-A1RB-11,TCGA-E9-A1RB-11,3.3440392077265635
TCGA-E9-A1RC-01,TCGA-E9-A1RC-01,2.9261178116836697
TCGA-E9-A1RC-11,TCGA-E9-A1RC-11,3.082474993040859
TCGA-E9-A1RD-01,TCGA-E9-A1RD-01,3.2036125278682466
TCGA-E9-A1RD-11,TCGA-E9-A1RD-11,3.007803273652865
TCGA-E9-A1RE-01,TCGA-E9-A1RE-01,3.213674245191085
TCGA-E9-A1RF-01,TCGA-E9-A1RF-01,3.2533892048971973
TCGA-E9-A1RF-11,TCGA-E9-A1RF-11,2.991783496442884
TCGA-E9-A1RG-01,TCGA-E9-A1RG-01,3.120147125269694
TCGA-E9-A1RH-01,TCGA-E9-A1RH-01,2.717945428837841
TCGA-E9-A1RH-11,TCGA-E9-A1RH-11,2.9687451531956124
TCGA-E9-A1RI-01,TCGA-E9-A1RI-01,3.0149311059809154
TCGA-E9-A1RI-11,TCGA-E9-A1RI-11,2.820555703445134
TCGA-E9-A226-01,TCGA-E9-A226-01,3.2749779006354087
TCGA-E9-A227-01,TCGA-E9-A227-01,3.3415174493960507
TCGA-E9-A228-01,TCGA-E9-A228-01,2.7936868577276863
TCGA-E9-A229-01,TCGA-E9-A229-01,3.1220720994901825
TCGA-E9-A22A-01,TCGA-E9-A22A-01,3.0862356673569447
TCGA-E9-A22B-01,TCGA-E9-A22B-01,2.731242775929202
TCGA-E9-A22D-01,TCGA-E9-A22D-01,3.147592755016961
TCGA-E9-A22E-01,TCGA-E9-A22E-01,3.115510071944573
TCGA-E9-A22G-01,TCGA-E9-A22G-01,3.384164136495249
TCGA-E9-A22H-01,TCGA-E9-A22H-01,3.239154971812295
TCGA-E9-A243-01,TCGA-E9-A243-01,2.904798600305721
TCGA-E9-A244-01,TCGA-E9-A244-01,2.877478074895377
TCGA-E9-A245-01,TCGA-E9-A245-01,2.539962560835252
TCGA-E9-A247-01,TCGA-E9-A247-01,2.9825596125668277
TCGA-E9-A248-01,TCGA-E9-A248-01,2.9506297101321364
TCGA-E9-A249-01,TCGA-E9-A249-01,3.2894639110047423
TCGA-E9-A24A-01,TCGA-E9-A24A-01,2.9208926399897273
TCGA-E9-A295-01,TCGA-E9-A295-01,3.0823451589272075
TCGA-E9-A2JS-01,TCGA-E9-A2JS-01,2.941896099911756
TCGA-E9-A2JT-01,TCGA-E9-A2JT-01,3.116413037150494
TCGA-E9-A3HO-01,TCGA-E9-A3HO-01,2.8856146094886896
TCGA-E9-A3Q9-01,TCGA-E9-A3Q9-01,3.4461705806642504
TCGA-E9-A3QA-01,TCGA-E9-A3QA-01,3.0627743572141797
TCGA-E9-A3X8-01,TCGA-E9-A3X8-01,3.1103588764912913
TCGA-E9-A54X-01,TCGA-E9-A54X-01,3.213170098579079
TCGA-E9-A54Y-01,TCGA-E9-A54Y-01,3.1768330784178054
TCGA-E9-A5FK-01,TCGA-E9-A5FK-01,3.1534264438694284
TCGA-E9-A5FL-01,TCGA-E9-A5FL-01,2.772702142175412
TCGA-E9-A5UO-01,TCGA-E9-A5UO-01,3.220618603258811
TCGA-E9-A5UP-01,TCGA-E9-A5UP-01,3.061294772298855
TCGA-E9-A6HE-01,TCGA-E9-A6HE-01,2.9207225533407164
TCGA-EW-A1IW-01,TCGA-EW-A1IW-01,2.839280041686332
TCGA-EW-A1IX-01,TCGA-EW-A1IX-01,3.119898296260464
TCGA-EW-A1IY-01,TCGA-EW-A1IY-01,2.892813771330219
TCGA-EW-A1IZ-01,TCGA-EW-A1IZ-01,3.030138891859546
TCGA-EW-A1J1-01,TCGA-EW-A1J1-01,3.301623484132512
TCGA-EW-A1J2-01,TCGA-EW-A1J2-01,3.1319375219586214
TCGA-EW-A1J3-01,TCGA-EW-A1J3-01,3.1440957820153344
TCGA-EW-A1J5-01,TCGA-EW-A1J5-01,3.3237144107244108
TCGA-EW-A1J6-01,TCGA-EW-A1J6-01,3.1277920741357885
TCGA-EW-A1OV-01,TCGA-EW-A1OV-01,2.73141420000402
TCGA-EW-A1OW-01,TCGA-EW-A1OW-01,2.8089171253135388
TCGA-EW-A1OX-01,TCGA-EW-A1OX-01,3.0501191458673906
TCGA-EW-A1OY-01,TCGA-EW-A1OY-01,3.159375976284143
TCGA-EW-A1OZ-01,TCGA-EW-A1OZ-01,3.1979833530828126
TCGA-EW-A1P0-01,TCGA-EW-A1P0-01,3.301862953104873
TCGA-EW-A1P1-01,TCGA-EW-A1P1-01,3.146749757046913
TCGA-EW-A1P3-01,TCGA-EW-A1P3-01,3.2624688186614987
TCGA-EW-A1P4-01,TCGA-EW-A1P4-01,3.013019557866557
TCGA-EW-A1P5-01,TCGA-EW-A1P5-01,3.365573158095547
TCGA-EW-A1P6-01,TCGA-EW-A1P6-01,3.1591054653988966
TCGA-EW-A1P7-01,TCGA-EW-A1P7-01,3.2020392681610126
TCGA-EW-A1P8-01,TCGA-EW-A1P8-01,2.758514701610873
TCGA-EW-A1PA-01,TCGA-EW-A1PA-01,2.8678549133453823
TCGA-EW-A1PB-01,TCGA-EW-A1PB-01,3.005955533839431
TCGA-EW-A1PC-01,TCGA-EW-A1PC-01,3.1597844846844994
TCGA-EW-A1PD-01,TCGA-EW-A1PD-01,3.0596808668889963
TCGA-EW-A1PE-01,TCGA-EW-A1PE-01,3.0990049201301764
TCGA-EW-A1PF-01,TCGA-EW-A1PF-01,2.852306179924626
TCGA-EW-A1PG-01,TCGA-EW-A1PG-01,3.4667904887778627
TCGA-EW-A1PH-01,TCGA-EW-A1PH-01,2.2553292620645258
TCGA-EW-A2FR-01,TCGA-EW-A2FR-01,3.0982299668587543
TCGA-EW-A2FS-01,TCGA-EW-A2FS-01,2.7079812428567385
TCGA-EW-A2FV-01,TCGA-EW-A2FV-01,3.416950112415905
TCGA-EW-A2FW-01,TCGA-EW-A2FW-01,3.1184462603024783
TCGA-EW-A3E8-01,TCGA-EW-A3E8-01,3.182712292739405
TCGA-EW-A3U0-01,TCGA-EW-A3U0-01,2.3850711260309363
TCGA-EW-A423-01,TCGA-EW-A423-01,3.2666292429660846
TCGA-EW-A424-01,TCGA-EW-A424-01,3.3855788259018107
TCGA-EW-A6S9-01,TCGA-EW-A6S9-01,3.3772136720855714
TCGA-EW-A6SA-01,TCGA-EW-A6SA-01,3.004724132515952
TCGA-EW-A6SB-01,TCGA-EW-A6SB-01,2.6277301503411126
TCGA-EW-A6SC-01,TCGA-EW-A6SC-01,2.7981352472563668
TCGA-EW-A6SD-01,TCGA-EW-A6SD-01,2.872616577123733
TCGA-GI-A2C8-01,TCGA-GI-A2C8-01,3.0405817694948616
TCGA-GI-A2C8-11,TCGA-GI-A2C8-11,3.2051494412792634
TCGA-GI-A2C9-01,TCGA-GI-A2C9-01,2.41666248411493
TCGA-GI-A2C9-11,TCGA-GI-A2C9-11,3.3541235356347143
TCGA-GM-A2D9-01,TCGA-GM-A2D9-01,2.85736348112497
TCGA-GM-A2DA-01,TCGA-GM-A2DA-01,3.059795630794392
TCGA-GM-A2DB-01,TCGA-GM-A2DB-01,3.161007237617586
TCGA-GM-A2DC-01,TCGA-GM-A2DC-01,2.831813050733236
TCGA-GM-A2DD-01,TCGA-GM-A2DD-01,2.9568192582239945
TCGA-GM-A2DF-01,TCGA-GM-A2DF-01,2.7186340879566577
TCGA-GM-A2DH-01,TCGA-GM-A2DH-01,3.1541723972823568
TCGA-GM-A2DI-01,TCGA-GM-A2DI-01,3.2544474695803807
TCGA-GM-A2DK-01,TCGA-GM-A2DK-01,2.9518265993448374
TCGA-GM-A2DL-01,TCGA-GM-A2DL-01,3.111387104704272
TCGA-GM-A2DM-01,TCGA-GM-A2DM-01,3.0630248632744745
TCGA-GM-A2DN-01,TCGA-GM-A2DN-01,3.3119428330394354
TCGA-GM-A2DO-01,TCGA-GM-A2DO-01,3.1366270121843742
TCGA-GM-A3NW-01,TCGA-GM-A3NW-01,3.005999582870741
TCGA-GM-A3NY-01,TCGA-GM-A3NY-01,2.917762900814475
TCGA-GM-A3XG-01,TCGA-GM-A3XG-01,3.3002510153272917
TCGA-GM-A3XL-01,TCGA-GM-A3XL-01,3.017831041959589
TCGA-GM-A3XN-01,TCGA-GM-A3XN-01,3.2297538982013956
TCGA-GM-A4E0-01,TCGA-GM-A4E0-01,2.621750361148141
TCGA-GM-A5PV-01,TCGA-GM-A5PV-01,3.1458109529099314
TCGA-GM-A5PX-01,TCGA-GM-A5PX-01,3.2501846030966406
TCGA-HN-A2NL-01,TCGA-HN-A2NL-01,3.148584969018497
TCGA-HN-A2OB-01,TCGA-HN-A2OB-01,3.1403984824264
TCGA-JL-A3YW-01,TCGA-JL-A3YW-01,3.1893637405411823
TCGA-JL-A3YX-01,TCGA-JL-A3YX-01,3.125889999406707
TCGA-LD-A66U-01,TCGA-LD-A66U-01,3.0610504346385263
TCGA-LD-A74U-01,TCGA-LD-A74U-01,3.375591757463828
TCGA-LD-A7W5-01,TCGA-LD-A7W5-01,3.0369539644899666
TCGA-LD-A7W6-01,TCGA-LD-A7W6-01,2.963625229077046
TCGA-LD-A9QF-01,TCGA-LD-A9QF-01,3.1812025918903943
TCGA-LL-A440-01,TCGA-LL-A440-01,3.0736661514127053
TCGA-LL-A441-01,TCGA-LL-A441-01,2.3692980149280274
TCGA-LL-A442-01,TCGA-LL-A442-01,3.4427874616834293
TCGA-LL-A50Y-01,TCGA-LL-A50Y-01,3.268061263878513
TCGA-LL-A5YL-01,TCGA-LL-A5YL-01,2.608828913613664
TCGA-LL-A5YM-01,TCGA-LL-A5YM-01,3.4538128880378345
TCGA-LL-A5YN-01,TCGA-LL-A5YN-01,2.9664489436998065
TCGA-LL-A5YO-01,TCGA-LL-A5YO-01,3.2468705417245793
TCGA-LL-A5YP-01,TCGA-LL-A5YP-01,3.0546588686032417
TCGA-LL-A6FP-01,TCGA-LL-A6FP-01,3.163085430022207
TCGA-LL-A6FQ-01,TCGA-LL-A6FQ-01,3.327452642386548
TCGA-LL-A6FR-01,TCGA-LL-A6FR-01,2.8270865716704288
TCGA-LL-A73Y-01,TCGA-LL-A73Y-01,2.2628896655545234
TCGA-LL-A73Z-01,TCGA-LL-A73Z-01,3.033151210777967
TCGA-LL-A740-01,TCGA-LL-A740-01,2.9067976821431927
TCGA-LL-A7SZ-01,TCGA-LL-A7SZ-01,3.0913774441127715
TCGA-LL-A7T0-01,TCGA-LL-A7T0-01,2.9981199387426085
TCGA-LL-A8F5-01,TCGA-LL-A8F5-01,3.3705877942845235
TCGA-LL-A9Q3-01,TCGA-LL-A9Q3-01,3.0848489592700337
TCGA-LQ-A4E4-01,TCGA-LQ-A4E4-01,3.2968685485424767
TCGA-MS-A51U-01,TCGA-MS-A51U-01,2.8982348322937725
TCGA-OK-A5Q2-01,TCGA-OK-A5Q2-01,3.1215769483637037
TCGA-OL-A5D6-01,TCGA-OL-A5D6-01,3.1680325261299314
TCGA-OL-A5D7-01,TCGA-OL-A5D7-01,3.285147916098188
TCGA-OL-A5D8-01,TCGA-OL-A5D8-01,2.97207450814795
TCGA-OL-A5DA-01,TCGA-OL-A5DA-01,2.915230132828582
TCGA-OL-A5RU-01,TCGA-OL-A5RU-01,3.110167977232445
TCGA-OL-A5RV-01,TCGA-OL-A5RV-01,3.1443236667734706
TCGA-OL-A5RW-01,TCGA-OL-A5RW-01,3.2284355269229232
TCGA-OL-A5RX-01,TCGA-OL-A5RX-01,3.2016373052054607
TCGA-OL-A5RY-01,TCGA-OL-A5RY-01,3.0367671508749887
TCGA-OL-A5RZ-01,TCGA-OL-A5RZ-01,2.993450394822765
TCGA-OL-A5S0-01,TCGA-OL-A5S0-01,2.721272353426135
TCGA-OL-A66H-01,TCGA-OL-A66H-01,3.215619573808362
TCGA-OL-A66I-01,TCGA-OL-A66I-01,2.9206695831970273
TCGA-OL-A66J-01,TCGA-OL-A66J-01,2.9995532871637636
TCGA-OL-A66K-01,TCGA-OL-A66K-01,3.124014382397051
TCGA-OL-A66L-01,TCGA-OL-A66L-01,2.791259834966081
TCGA-OL-A66N-01,TCGA-OL-A66N-01,3.3048030707140676
TCGA-OL-A66O-01,TCGA-OL-A66O-01,3.261156645650372
TCGA-OL-A66P-01,TCGA-OL-A66P-01,3.0210779991836123
TCGA-OL-A6VO-01,TCGA-OL-A6VO-01,3.023036877004172
TCGA-OL-A6VQ-01,TCGA-OL-A6VQ-01,3.394291214975883
TCGA-OL-A6VR-01,TCGA-OL-A6VR-01,2.983856548482613
TCGA-OL-A97C-01,TCGA-OL-A97C-01,3.1509117559519844
TCGA-PE-A5DC-01,TCGA-PE-A5DC-01,3.3920509688071894
TCGA-PE-A5DD-01,TCGA-PE-A5DD-01,3.1986816487736864
TCGA-PE-A5DE-01,TCGA-PE-A5DE-01,3.2333990685647684
TCGA-PL-A8LV-01,TCGA-PL-A8LV-01,3.0977810007487614
TCGA-PL-A8LX-01,TCGA-PL-A8LX-01,3.3659266835402857
TCGA-PL-A8LY-01,TCGA-PL-A8LY-01,3.14404874903886
TCGA-PL-A8LZ-01,TCGA-PL-A8LZ-01,3.0336298210413264
TCGA-S3-A6ZF-01,TCGA-S3-A6ZF-01,2.992421746766009
TCGA-S3-A6ZG-01,TCGA-S3-A6ZG-01,3.0780896818737373
TCGA-S3-A6ZH-01,TCGA-S3-A6ZH-01,2.991050038434113
TCGA-S3-AA0Z-01,TCGA-S3-AA0Z-01,3.047875282613692
TCGA-S3-AA10-01,TCGA-S3-AA10-01,2.596122007715235
TCGA-S3-AA11-01,TCGA-S3-AA11-01,3.1228562461888574
TCGA-S3-AA12-01,TCGA-S3-AA12-01,2.9763101674777204
TCGA-S3-AA14-01,TCGA-S3-AA14-01,2.889942860712362
TCGA-S3-AA15-01,TCGA-S3-AA15-01,2.7293111072858647
TCGA-S3-AA17-01,TCGA-S3-AA17-01,2.928322977979918
TCGA-UL-AAZ6-01,TCGA-UL-AAZ6-01,3.0444345768591194
TCGA-UU-A93S-01,TCGA-UU-A93S-01,3.32335287383746
TCGA-V7-A7HQ-01,TCGA-V7-A7HQ-01,2.904548551910444
TCGA-W8-A86G-01,TCGA-W8-A86G-01,3.3840922581772057
TCGA-WT-AB41-01,TCGA-WT-AB41-01,3.072437312048847
TCGA-WT-AB44-01,TCGA-WT-AB44-01,2.9961463196690885
TCGA-XX-A899-01,TCGA-XX-A899-01,3.094303967833996
TCGA-XX-A89A-01,TCGA-XX-A89A-01,2.8653037238723202
TCGA-Z7-A8R5-01,TCGA-Z7-A8R5-01,3.1279824770902573
TCGA-Z7-A8R6-01,TCGA-Z7-A8R6-01,3.1524556891733218
TCGA-09-2056-01,TCGA-09-2056-01,3.0995703554648735
TCGA-24-2036-01,TCGA-24-2036-01,2.273755829513876
TCGA-N5-A4R8-01,TCGA-N5-A4R8-01,3.0074181681370056
TCGA-N5-A4RA-01,TCGA-N5-A4RA-01,2.607459521035529
TCGA-N5-A4RD-01,TCGA-N5-A4RD-01,2.7386088609948684
TCGA-N5-A4RF-01,TCGA-N5-A4RF-01,2.694225037899238
TCGA-N5-A4RJ-01,TCGA-N5-A4RJ-01,2.505805949738048
TCGA-N5-A4RM-01,TCGA-N5-A4RM-01,3.219996895004194
TCGA-N5-A4RN-01,TCGA-N5-A4RN-01,3.117063090317864
TCGA-N5-A4RO-01,TCGA-N5-A4RO-01,3.0021988993226505
TCGA-N5-A4RS-01,TCGA-N5-A4RS-01,2.6939542822795994
TCGA-N5-A4RT-01,TCGA-N5-A4RT-01,2.8407476258591364
TCGA-N5-A4RU-01,TCGA-N5-A4RU-01,3.2983310055204536
TCGA-N5-A4RV-01,TCGA-N5-A4RV-01,2.9346255673136277
TCGA-N5-A59E-01,TCGA-N5-A59E-01,2.380106675735965
TCGA-N5-A59F-01,TCGA-N5-A59F-01,2.9372351170919604
TCGA-N6-A4V9-01,TCGA-N6-A4V9-01,3.2204307866459256
TCGA-N6-A4VC-01,TCGA-N6-A4VC-01,3.0093066446733667
TCGA-N6-A4VD-01,TCGA-N6-A4VD-01,2.7427772062563345
TCGA-N6-A4VE-01,TCGA-N6-A4VE-01,2.4997986840769473
TCGA-N6-A4VF-01,TCGA-N6-A4VF-01,2.287482971535507
TCGA-N6-A4VG-01,TCGA-N6-A4VG-01,3.2755811738444063
TCGA-N7-A4Y0-01,TCGA-N7-A4Y0-01,3.2127506412874425
TCGA-N7-A4Y5-01,TCGA-N7-A4Y5-01,3.4931026262189864
TCGA-N7-A4Y8-01,TCGA-N7-A4Y8-01,2.9511821926246804
TCGA-N7-A59B-01,TCGA-N7-A59B-01,3.0025182596782436
TCGA-N8-A4PI-01,TCGA-N8-A4PI-01,3.146332088540701
TCGA-N8-A4PL-01,TCGA-N8-A4PL-01,2.8678142646714484
TCGA-N8-A4PM-01,TCGA-N8-A4PM-01,2.4188603033649496
TCGA-N8-A4PN-01,TCGA-N8-A4PN-01,2.8556825155167678
TCGA-N8-A4PO-01,TCGA-N8-A4PO-01,2.9253897234888777
TCGA-N8-A4PP-01,TCGA-N8-A4PP-01,3.0123272982325755
TCGA-N8-A4PQ-01,TCGA-N8-A4PQ-01,2.711367154617025
TCGA-N8-A56S-01,TCGA-N8-A56S-01,2.7094253228179888
TCGA-N9-A4PZ-01,TCGA-N9-A4PZ-01,2.922468621861715
TCGA-N9-A4Q1-01,TCGA-N9-A4Q1-01,2.9860852132499476
TCGA-N9-A4Q3-01,TCGA-N9-A4Q3-01,2.957090338413872
TCGA-N9-A4Q4-01,TCGA-N9-A4Q4-01,3.3736164762200693
TCGA-N9-A4Q7-01,TCGA-N9-A4Q7-01,3.2180000420832675
TCGA-N9-A4Q8-01,TCGA-N9-A4Q8-01,3.057612486160586
TCGA-NA-A4QV-01,TCGA-NA-A4QV-01,2.995069922816798
TCGA-NA-A4QW-01,TCGA-NA-A4QW-01,3.017593102198087
TCGA-NA-A4QX-01,TCGA-NA-A4QX-01,2.6904916506157104
TCGA-NA-A4QY-01,TCGA-NA-A4QY-01,3.185367260047217
TCGA-NA-A4R0-01,TCGA-NA-A4R0-01,2.364659104210138
TCGA-NA-A4R1-01,TCGA-NA-A4R1-01,3.247802191935612
TCGA-NA-A5I1-01,TCGA-NA-A5I1-01,2.92821197631742
TCGA-ND-A4W6-01,TCGA-ND-A4W6-01,2.7435196236383352
TCGA-ND-A4WA-01,TCGA-ND-A4WA-01,3.052026364717017
TCGA-ND-A4WC-01,TCGA-ND-A4WC-01,2.572807449499484
TCGA-ND-A4WF-01,TCGA-ND-A4WF-01,2.566310290393452
TCGA-NF-A4WU-01,TCGA-NF-A4WU-01,2.977425475540318
TCGA-NF-A4WX-01,TCGA-NF-A4WX-01,2.6978981015703574
TCGA-NF-A4X2-01,TCGA-NF-A4X2-01,3.180326664508051
TCGA-NF-A5CP-01,TCGA-NF-A5CP-01,2.730325567440358
TCGA-NG-A4VU-01,TCGA-NG-A4VU-01,2.7155630725588518
TCGA-NG-A4VW-01,TCGA-NG-A4VW-01,2.7231119204973897
TCGA-QM-A5NM-01,TCGA-QM-A5NM-01,3.264848628395868
TCGA-QN-A5NN-01,TCGA-QN-A5NN-01,3.1194559254939644
TCGA-02-0047-01,TCGA-02-0047-01,2.1456431519976364
TCGA-02-0055-01,TCGA-02-0055-01,3.0639474013680332
TCGA-02-2483-01,TCGA-02-2483-01,2.9328419896689186
TCGA-02-2485-01,TCGA-02-2485-01,2.616048219111023
TCGA-02-2486-01,TCGA-02-2486-01,2.8540425911729606
TCGA-06-0125-01,TCGA-06-0125-01,3.1167417351367543
TCGA-06-0125-02,TCGA-06-0125-02,2.951035088900057
TCGA-06-0129-01,TCGA-06-0129-01,2.32542242672834
TCGA-06-0130-01,TCGA-06-0130-01,3.5424970885223463
TCGA-06-0132-01,TCGA-06-0132-01,2.4753322570622984
TCGA-06-0138-01,TCGA-06-0138-01,2.479481436763683
TCGA-06-0141-01,TCGA-06-0141-01,2.809686639665797
TCGA-06-0152-02,TCGA-06-0152-02,2.6174341572020428
TCGA-06-0156-01,TCGA-06-0156-01,2.487006680589313
TCGA-06-0156-01.1,TCGA-06-0156-01.1,2.4358983063158295
TCGA-06-0157-01,TCGA-06-0157-01,2.503293369868387
TCGA-06-0158-01,TCGA-06-0158-01,2.6554951577451624
TCGA-06-0168-01,TCGA-06-0168-01,2.419888190609706
TCGA-06-0171-02,TCGA-06-0171-02,2.7579397671388324
TCGA-06-0174-01,TCGA-06-0174-01,2.778215111923728
TCGA-06-0178-01,TCGA-06-0178-01,2.5819491113963204
TCGA-06-0184-01,TCGA-06-0184-01,2.67604632986391
TCGA-06-0187-01,TCGA-06-0187-01,2.0962108190634217
TCGA-06-0190-01,TCGA-06-0190-01,2.6799160519362974
TCGA-06-0190-02,TCGA-06-0190-02,3.1175997135127793
TCGA-06-0210-01,TCGA-06-0210-01,2.735517352989548
TCGA-06-0210-02,TCGA-06-0210-02,2.736758447717533
TCGA-06-0211-01,TCGA-06-0211-01,2.749731911807082
TCGA-06-0211-01.1,TCGA-06-0211-01.1,2.7347435150137462
TCGA-06-0211-02,TCGA-06-0211-02,2.3728564284595453
TCGA-06-0219-01,TCGA-06-0219-01,2.1508081506134413
TCGA-06-0221-02,TCGA-06-0221-02,2.6710330062989334
TCGA-06-0238-01,TCGA-06-0238-01,2.3995493736888296
TCGA-06-0644-01,TCGA-06-0644-01,3.181767500622633
TCGA-06-0645-01,TCGA-06-0645-01,2.7670871457371047
TCGA-06-0646-01,TCGA-06-0646-01,2.05931839060241
TCGA-06-0649-01,TCGA-06-0649-01,2.0915032984121575
TCGA-06-0675-11,TCGA-06-0675-11,2.7488759698244216
TCGA-06-0678-11,TCGA-06-0678-11,2.621710580850193
TCGA-06-0680-11,TCGA-06-0680-11,2.9142877916403394
TCGA-06-0681-11,TCGA-06-0681-11,3.109526528542568
TCGA-06-0686-01,TCGA-06-0686-01,2.4791109057779703
TCGA-06-0743-01,TCGA-06-0743-01,2.346816257919563
TCGA-06-0744-01,TCGA-06-0744-01,2.9197875905984962
TCGA-06-0745-01,TCGA-06-0745-01,2.448787021821855
TCGA-06-0747-01,TCGA-06-0747-01,2.97808248558987
TCGA-06-0749-01,TCGA-06-0749-01,2.549736620583059
TCGA-06-0750-01,TCGA-06-0750-01,1.863422348905481
TCGA-06-0878-01,TCGA-06-0878-01,2.8866515466575193
TCGA-06-0882-01,TCGA-06-0882-01,2.7867765970708316
TCGA-06-1804-01,TCGA-06-1804-01,2.0687575938767258
TCGA-06-2557-01,TCGA-06-2557-01,3.1663460885161645
TCGA-06-2558-01,TCGA-06-2558-01,2.740407678068
TCGA-06-2559-01,TCGA-06-2559-01,2.8544036053947774
TCGA-06-2561-01,TCGA-06-2561-01,2.7721644293959393
TCGA-06-2562-01,TCGA-06-2562-01,2.4332577392499872
TCGA-06-2563-01,TCGA-06-2563-01,3.3087248277001433
TCGA-06-2564-01,TCGA-06-2564-01,3.0495308460729733
TCGA-06-2565-01,TCGA-06-2565-01,2.6474998400615153
TCGA-06-2567-01,TCGA-06-2567-01,2.8356263015235257
TCGA-06-2569-01,TCGA-06-2569-01,2.681797456027696
TCGA-06-2570-01,TCGA-06-2570-01,2.58483458295659
TCGA-06-5408-01,TCGA-06-5408-01,2.7817949009499534
TCGA-06-5410-01,TCGA-06-5410-01,2.7470716317397597
TCGA-06-5411-01,TCGA-06-5411-01,1.9759289498907786
TCGA-06-5412-01,TCGA-06-5412-01,2.610064179169537
TCGA-06-5413-01,TCGA-06-5413-01,2.451667002966022
TCGA-06-5414-01,TCGA-06-5414-01,2.3078839063022647
TCGA-06-5415-01,TCGA-06-5415-01,2.9447071099338253
TCGA-06-5416-01,TCGA-06-5416-01,3.009556911832574
TCGA-06-5417-01,TCGA-06-5417-01,2.8402297763507973
TCGA-06-5418-01,TCGA-06-5418-01,2.9435882660610155
TCGA-06-5856-01,TCGA-06-5856-01,2.6153334446539107
TCGA-06-5858-01,TCGA-06-5858-01,2.9103376683958873
TCGA-06-5859-01,TCGA-06-5859-01,2.2419603877908916
TCGA-06-AABW-11,TCGA-06-AABW-11,3.0844256162376813
TCGA-08-0386-01,TCGA-08-0386-01,2.2807289249646723
TCGA-12-0616-01,TCGA-12-0616-01,2.7496653340759325
TCGA-12-0618-01,TCGA-12-0618-01,2.9605178720713736
TCGA-12-0619-01,TCGA-12-0619-01,2.580117612145122
TCGA-12-0821-01,TCGA-12-0821-01,2.6306991384319645
TCGA-12-1597-01,TCGA-12-1597-01,3.0420453049717358
TCGA-12-3650-01,TCGA-12-3650-01,3.009838683465373
TCGA-12-3652-01,TCGA-12-3652-01,2.480976936293293
TCGA-12-3653-01,TCGA-12-3653-01,3.0588228521285483
TCGA-12-5295-01,TCGA-12-5295-01,2.936231288874721
TCGA-12-5299-01,TCGA-12-5299-01,3.0539662763205566
TCGA-14-0736-02,TCGA-14-0736-02,2.4911920160063517
TCGA-14-0781-01,TCGA-14-0781-01,2.123637029889262
TCGA-14-0787-01,TCGA-14-0787-01,2.362542531858466
TCGA-14-0789-01,TCGA-14-0789-01,2.8051394950243522
TCGA-14-0790-01,TCGA-14-0790-01,2.498041975440766
TCGA-14-0817-01,TCGA-14-0817-01,2.8614737783598105
TCGA-14-0871-01,TCGA-14-0871-01,3.387115975479298
TCGA-14-1034-01,TCGA-14-1034-01,2.8578864139389495
TCGA-14-1034-02,TCGA-14-1034-02,3.1442456664972114
TCGA-14-1402-02,TCGA-14-1402-02,2.1114683122686686
TCGA-14-1823-01,TCGA-14-1823-01,2.7712342476410665
TCGA-14-1825-01,TCGA-14-1825-01,2.8120255280028776
TCGA-14-1829-01,TCGA-14-1829-01,2.371605774690521
TCGA-14-2554-01,TCGA-14-2554-01,2.6071409615840393
TCGA-15-0742-01,TCGA-15-0742-01,2.9765956554274458
TCGA-15-1444-01,TCGA-15-1444-01,3.019342373847307
TCGA-16-0846-01,TCGA-16-0846-01,2.176904213009886
TCGA-16-1045-01,TCGA-16-1045-01,2.684379540879021
TCGA-19-0957-02,TCGA-19-0957-02,2.7332399179022815
TCGA-19-1389-02,TCGA-19-1389-02,3.138387733363985
TCGA-19-1390-01,TCGA-19-1390-01,2.885815052405679
TCGA-19-1787-01,TCGA-19-1787-01,2.9502804865851817
TCGA-19-2619-01,TCGA-19-2619-01,3.0577466063769054
TCGA-19-2620-01,TCGA-19-2620-01,2.3112346860234094
TCGA-19-2624-01,TCGA-19-2624-01,2.977121854905572
TCGA-19-2625-01,TCGA-19-2625-01,2.2271510171320656
TCGA-19-2629-01,TCGA-19-2629-01,2.313922176133858
TCGA-19-4065-01,TCGA-19-4065-01,2.7460007702757188
TCGA-19-4065-02,TCGA-19-4065-02,2.563865333686267
TCGA-19-5960-01,TCGA-19-5960-01,2.6197315047088146
TCGA-26-1442-01,TCGA-26-1442-01,2.887409888255002
TCGA-26-5132-01,TCGA-26-5132-01,3.0402833781627074
TCGA-26-5133-01,TCGA-26-5133-01,2.6016028571731726
TCGA-26-5134-01,TCGA-26-5134-01,2.6579443395773437
TCGA-26-5135-01,TCGA-26-5135-01,2.4571472810143202
TCGA-26-5136-01,TCGA-26-5136-01,2.1254381126211923
TCGA-26-5139-01,TCGA-26-5139-01,2.6069309127682345
TCGA-27-1830-01,TCGA-27-1830-01,2.5020026989613715
TCGA-27-1831-01,TCGA-27-1831-01,2.911759102438894
TCGA-27-1832-01,TCGA-27-1832-01,2.5997490467195354
TCGA-27-1834-01,TCGA-27-1834-01,2.0963760994586464
TCGA-27-1835-01,TCGA-27-1835-01,2.9330980562368203
TCGA-27-1837-01,TCGA-27-1837-01,2.8136932559585377
TCGA-27-2519-01,TCGA-27-2519-01,2.2131323298988033
TCGA-27-2521-01,TCGA-27-2521-01,2.7304170285621203
TCGA-27-2523-01,TCGA-27-2523-01,2.7421376854589132
TCGA-27-2524-01,TCGA-27-2524-01,2.7176896766601857
TCGA-27-2526-01,TCGA-27-2526-01,3.197179397629386
TCGA-27-2528-01,TCGA-27-2528-01,2.7111930550413073
TCGA-28-1747-01,TCGA-28-1747-01,2.574602760757307
TCGA-28-1753-01,TCGA-28-1753-01,2.1917112640835272
TCGA-28-2499-01,TCGA-28-2499-01,2.5067453831848714
TCGA-28-2509-01,TCGA-28-2509-01,2.852279082741171
TCGA-28-2510-01,TCGA-28-2510-01,2.363927085340143
TCGA-28-2513-01,TCGA-28-2513-01,2.7749744805831527
TCGA-28-2514-01,TCGA-28-2514-01,2.1774075741221908
TCGA-28-5204-01,TCGA-28-5204-01,2.417207785464428
TCGA-28-5207-01,TCGA-28-5207-01,2.6895824450716983
TCGA-28-5208-01,TCGA-28-5208-01,2.6689492168720084
TCGA-28-5209-01,TCGA-28-5209-01,3.121655814120741
TCGA-28-5213-01,TCGA-28-5213-01,2.7634050241671737
TCGA-28-5215-01,TCGA-28-5215-01,2.083804039475864
TCGA-28-5216-01,TCGA-28-5216-01,2.343768825543835
TCGA-28-5218-01,TCGA-28-5218-01,3.322889941375171
TCGA-28-5220-01,TCGA-28-5220-01,2.3047515207153726
TCGA-32-1970-01,TCGA-32-1970-01,2.84745390521839
TCGA-32-1980-01,TCGA-32-1980-01,2.438762226411723
TCGA-32-1982-01,TCGA-32-1982-01,2.9311984267133377
TCGA-32-2615-01,TCGA-32-2615-01,2.681782641492958
TCGA-32-2616-01,TCGA-32-2616-01,2.907528111612332
TCGA-32-2632-01,TCGA-32-2632-01,2.8883545036966716
TCGA-32-2634-01,TCGA-32-2634-01,2.825042018614483
TCGA-32-2638-01,TCGA-32-2638-01,2.54056621826663
TCGA-32-4213-01,TCGA-32-4213-01,2.2893275491066762
TCGA-32-5222-01,TCGA-32-5222-01,2.708667912740706
TCGA-41-2571-01,TCGA-41-2571-01,2.601775254188796
TCGA-41-2572-01,TCGA-41-2572-01,3.0607515504378373
TCGA-41-3915-01,TCGA-41-3915-01,2.166346365837601
TCGA-41-4097-01,TCGA-41-4097-01,2.2613946487227494
TCGA-41-5651-01,TCGA-41-5651-01,2.68457257899067
TCGA-76-4925-01,TCGA-76-4925-01,2.7718170045942814
TCGA-76-4926-01,TCGA-76-4926-01,2.3335929665129482
TCGA-76-4927-01,TCGA-76-4927-01,2.6061820795826915
TCGA-76-4928-01,TCGA-76-4928-01,2.6285929394504386
TCGA-76-4929-01,TCGA-76-4929-01,2.4778282087443966
TCGA-76-4931-01,TCGA-76-4931-01,2.2060785906371057
TCGA-76-4932-01,TCGA-76-4932-01,2.758818827492587
TCGA-KL-8323-01,TCGA-KL-8323-01,3.0746574978217653
TCGA-KL-8324-01,TCGA-KL-8324-01,3.114869764306574
TCGA-KL-8324-11,TCGA-KL-8324-11,2.598772072420062
TCGA-KL-8325-01,TCGA-KL-8325-01,3.076635151069666
TCGA-KL-8326-01,TCGA-KL-8326-01,3.1329062253537687
TCGA-KL-8326-11,TCGA-KL-8326-11,3.0175241275536697
TCGA-KL-8327-01,TCGA-KL-8327-01,3.260949663007693
TCGA-KL-8328-01,TCGA-KL-8328-01,3.0336855620332384
TCGA-KL-8329-01,TCGA-KL-8329-01,3.1798831764758133
TCGA-KL-8329-11,TCGA-KL-8329-11,2.819030990299697
TCGA-KL-8330-01,TCGA-KL-8330-01,3.2553938400787947
TCGA-KL-8331-01,TCGA-KL-8331-01,2.908315144995094
TCGA-KL-8332-01,TCGA-KL-8332-01,3.0882271401481645
TCGA-KL-8332-11,TCGA-KL-8332-11,2.782949211609372
TCGA-KL-8333-01,TCGA-KL-8333-01,3.042749374148019
TCGA-KL-8334-01,TCGA-KL-8334-01,3.205964393339395
TCGA-KL-8335-01,TCGA-KL-8335-01,2.988537556111959
TCGA-KL-8336-01,TCGA-KL-8336-01,3.0354843453067457
TCGA-KL-8336-11,TCGA-KL-8336-11,2.422685624519029
TCGA-KL-8337-01,TCGA-KL-8337-01,3.176310990384316
TCGA-KL-8338-01,TCGA-KL-8338-01,3.316737376394229
TCGA-KL-8339-01,TCGA-KL-8339-01,3.335253405457886
TCGA-KL-8339-11,TCGA-KL-8339-11,2.9084564677572713
TCGA-KL-8340-01,TCGA-KL-8340-01,3.015702886794181
TCGA-KL-8341-01,TCGA-KL-8341-01,3.159558387743871
TCGA-KL-8342-01,TCGA-KL-8342-01,3.0439573662889416
TCGA-KL-8343-01,TCGA-KL-8343-01,3.330052210906214
TCGA-KL-8344-01,TCGA-KL-8344-01,3.4824573787073088
TCGA-KL-8345-01,TCGA-KL-8345-01,3.149177336983194
TCGA-KL-8346-01,TCGA-KL-8346-01,3.3275117618393413
TCGA-KM-8438-01,TCGA-KM-8438-01,3.0925614217703705
TCGA-KM-8439-01,TCGA-KM-8439-01,3.5823894643375342
TCGA-KM-8440-01,TCGA-KM-8440-01,3.2706041150638305
TCGA-KM-8441-01,TCGA-KM-8441-01,3.37359398383779
TCGA-KM-8442-01,TCGA-KM-8442-01,3.1136685480976256
TCGA-KM-8443-01,TCGA-KM-8443-01,3.1608180764958362
TCGA-KM-8476-01,TCGA-KM-8476-01,2.9846732798306186
TCGA-KM-8477-01,TCGA-KM-8477-01,3.3211193500559832
TCGA-KM-8639-01,TCGA-KM-8639-01,3.4063236367352436
TCGA-KN-8418-01,TCGA-KN-8418-01,3.0216485048944133
TCGA-KN-8419-01,TCGA-KN-8419-01,3.1798215002644827
TCGA-KN-8419-11,TCGA-KN-8419-11,2.9416383825191454
TCGA-KN-8421-01,TCGA-KN-8421-01,3.1746824577153827
TCGA-KN-8422-01,TCGA-KN-8422-01,3.145194713047203
TCGA-KN-8422-11,TCGA-KN-8422-11,2.9430555759228816
TCGA-KN-8423-01,TCGA-KN-8423-01,3.142278571453408
TCGA-KN-8423-11,TCGA-KN-8423-11,2.6360598596440483
TCGA-KN-8424-01,TCGA-KN-8424-01,2.9626456643105414
TCGA-KN-8424-11,TCGA-KN-8424-11,3.0448543886700334
TCGA-KN-8425-01,TCGA-KN-8425-01,3.246141901646598
TCGA-KN-8425-11,TCGA-KN-8425-11,2.923126344211453
TCGA-KN-8426-01,TCGA-KN-8426-01,3.082776083341471
TCGA-KN-8426-11,TCGA-KN-8426-11,2.882825291371057
TCGA-KN-8427-01,TCGA-KN-8427-01,3.2615477303532896
TCGA-KN-8427-11,TCGA-KN-8427-11,2.780342993969766
TCGA-KN-8428-01,TCGA-KN-8428-01,3.3838281971972246
TCGA-KN-8428-11,TCGA-KN-8428-11,3.0464558850854937
TCGA-KN-8429-01,TCGA-KN-8429-01,3.164148608443186
TCGA-KN-8429-11,TCGA-KN-8429-11,2.855804456843201
TCGA-KN-8430-01,TCGA-KN-8430-01,3.0334898857046886
TCGA-KN-8430-11,TCGA-KN-8430-11,2.8056783226803033
TCGA-KN-8431-01,TCGA-KN-8431-01,3.2319669651212335
TCGA-KN-8431-11,TCGA-KN-8431-11,3.104818780268954
TCGA-KN-8432-01,TCGA-KN-8432-01,2.9995354607291747
TCGA-KN-8432-11,TCGA-KN-8432-11,2.72117932707362
TCGA-KN-8433-01,TCGA-KN-8433-01,2.935087550413127
TCGA-KN-8433-11,TCGA-KN-8433-11,2.97411990566504
TCGA-KN-8434-01,TCGA-KN-8434-01,2.973399173921335
TCGA-KN-8434-11,TCGA-KN-8434-11,3.027621398779263
TCGA-KN-8435-01,TCGA-KN-8435-01,2.877350993574384
TCGA-KN-8435-11,TCGA-KN-8435-11,2.7427602669966165
TCGA-KN-8436-01,TCGA-KN-8436-01,3.367860627776374
TCGA-KN-8436-11,TCGA-KN-8436-11,2.774796816210965
TCGA-KN-8437-01,TCGA-KN-8437-01,3.5044295477205556
TCGA-KN-8437-11,TCGA-KN-8437-11,2.8614347246126957
TCGA-KO-8403-01,TCGA-KO-8403-01,3.210310788331122
TCGA-KO-8403-11,TCGA-KO-8403-11,2.7043685921503786
TCGA-KO-8404-01,TCGA-KO-8404-01,3.2261057848539347
TCGA-KO-8405-01,TCGA-KO-8405-01,3.0543460879100044
TCGA-KO-8406-01,TCGA-KO-8406-01,3.195662591009454
TCGA-KO-8407-01,TCGA-KO-8407-01,2.9607099071928626
TCGA-KO-8408-01,TCGA-KO-8408-01,2.890838448510557
TCGA-KO-8409-01,TCGA-KO-8409-01,3.173066984128237
TCGA-KO-8410-01,TCGA-KO-8410-01,3.1385087753422836
TCGA-KO-8411-01,TCGA-KO-8411-01,3.114116233076616
TCGA-KO-8413-01,TCGA-KO-8413-01,3.0655253005237997
TCGA-KO-8414-01,TCGA-KO-8414-01,3.3551686644072145
TCGA-KO-8415-01,TCGA-KO-8415-01,2.9920431493473343
TCGA-KO-8415-11,TCGA-KO-8415-11,2.8942256227212875
TCGA-KO-8416-01,TCGA-KO-8416-01,3.3107554949790488
TCGA-KO-8417-01,TCGA-KO-8417-01,3.1883611267401766
TCGA-4C-A93U-01,TCGA-4C-A93U-01,2.4661236015487824
TCGA-BJ-A0YZ-01,TCGA-BJ-A0YZ-01,3.052623501317952
TCGA-BJ-A0Z0-01,TCGA-BJ-A0Z0-01,2.9017003372367087
TCGA-BJ-A0Z2-01,TCGA-BJ-A0Z2-01,2.579085645864928
TCGA-BJ-A0Z3-01,TCGA-BJ-A0Z3-01,2.543107389126747
TCGA-BJ-A0Z5-01,TCGA-BJ-A0Z5-01,2.8413931740926723
TCGA-BJ-A0Z9-01,TCGA-BJ-A0Z9-01,2.7392997602330205
TCGA-BJ-A0ZA-01,TCGA-BJ-A0ZA-01,2.8145181924671534
TCGA-BJ-A0ZB-01,TCGA-BJ-A0ZB-01,2.752158335337019
TCGA-BJ-A0ZC-01,TCGA-BJ-A0ZC-01,2.828757059677052
TCGA-BJ-A0ZE-01,TCGA-BJ-A0ZE-01,3.132390620063903
TCGA-BJ-A0ZF-01,TCGA-BJ-A0ZF-01,3.0257475129836484
TCGA-BJ-A0ZG-01,TCGA-BJ-A0ZG-01,2.495415777145362
TCGA-BJ-A0ZH-01,TCGA-BJ-A0ZH-01,2.7240696440182166
TCGA-BJ-A0ZJ-01,TCGA-BJ-A0ZJ-01,2.4874595011650604
TCGA-BJ-A18Y-01,TCGA-BJ-A18Y-01,2.5663002669684696
TCGA-BJ-A18Z-01,TCGA-BJ-A18Z-01,2.654771441003916
TCGA-BJ-A190-01,TCGA-BJ-A190-01,2.8675145932606214
TCGA-BJ-A191-01,TCGA-BJ-A191-01,2.675711842289621
TCGA-BJ-A192-01,TCGA-BJ-A192-01,2.895048696813479
TCGA-BJ-A28R-01,TCGA-BJ-A28R-01,2.7568337453418286
TCGA-BJ-A28R-11,TCGA-BJ-A28R-11,2.479193651202479
TCGA-BJ-A28S-01,TCGA-BJ-A28S-01,2.8482959013282407
TCGA-BJ-A28T-01,TCGA-BJ-A28T-01,2.663194365453732
TCGA-BJ-A28V-01,TCGA-BJ-A28V-01,2.7196204735002127
TCGA-BJ-A28W-01,TCGA-BJ-A28W-01,2.5072628803087196
TCGA-BJ-A28W-11,TCGA-BJ-A28W-11,2.7720496200113605
TCGA-BJ-A28X-01,TCGA-BJ-A28X-01,2.7271409952805916
TCGA-BJ-A28X-11,TCGA-BJ-A28X-11,2.342639443320224
TCGA-BJ-A28Z-01,TCGA-BJ-A28Z-01,2.935840156123743
TCGA-BJ-A290-01,TCGA-BJ-A290-01,2.85635191868724
TCGA-BJ-A290-11,TCGA-BJ-A290-11,2.457925019480174
TCGA-BJ-A291-01,TCGA-BJ-A291-01,2.6283104721896264
TCGA-BJ-A2N7-01,TCGA-BJ-A2N7-01,2.5771989815947873
TCGA-BJ-A2N7-11,TCGA-BJ-A2N7-11,2.552458187316195
TCGA-BJ-A2N8-01,TCGA-BJ-A2N8-01,2.854978669313462
TCGA-BJ-A2N8-11,TCGA-BJ-A2N8-11,2.6469349883525015
TCGA-BJ-A2N9-01,TCGA-BJ-A2N9-01,2.7254982591504
TCGA-BJ-A2N9-11,TCGA-BJ-A2N9-11,2.077551951568278
TCGA-BJ-A2NA-01,TCGA-BJ-A2NA-01,2.47509934938479
TCGA-BJ-A2NA-11,TCGA-BJ-A2NA-11,2.446235876458664
TCGA-BJ-A2P4-01,TCGA-BJ-A2P4-01,2.7737780465426383
TCGA-BJ-A3EZ-01,TCGA-BJ-A3EZ-01,2.7176216172107037
TCGA-BJ-A3F0-01,TCGA-BJ-A3F0-01,2.8714762786166226
TCGA-BJ-A3PR-01,TCGA-BJ-A3PR-01,2.538170671286812
TCGA-BJ-A3PR-11,TCGA-BJ-A3PR-11,2.5330133734755336
TCGA-BJ-A3PT-01,TCGA-BJ-A3PT-01,2.491700225194286
TCGA-BJ-A3PU-01,TCGA-BJ-A3PU-01,2.803486853453407
TCGA-BJ-A3PU-11,TCGA-BJ-A3PU-11,2.5945339667384726
TCGA-BJ-A45C-01,TCGA-BJ-A45C-01,2.8253436361031965
TCGA-BJ-A45D-01,TCGA-BJ-A45D-01,2.6689043464666415
TCGA-BJ-A45E-01,TCGA-BJ-A45E-01,2.5866463941986315
TCGA-BJ-A45F-01,TCGA-BJ-A45F-01,2.605611290737531
TCGA-BJ-A45G-01,TCGA-BJ-A45G-01,2.612439951061253
TCGA-BJ-A45H-01,TCGA-BJ-A45H-01,2.5051628592430992
TCGA-BJ-A45I-01,TCGA-BJ-A45I-01,2.6014660534027376
TCGA-BJ-A45J-01,TCGA-BJ-A45J-01,2.68752912918819
TCGA-BJ-A45K-01,TCGA-BJ-A45K-01,2.412337632424719
TCGA-BJ-A4O8-01,TCGA-BJ-A4O8-01,2.6940208944891726
TCGA-BJ-A4O9-01,TCGA-BJ-A4O9-01,2.9118957942833372
TCGA-CE-A13K-01,TCGA-CE-A13K-01,2.655785300768504
TCGA-CE-A27D-01,TCGA-CE-A27D-01,2.7023049862093425
TCGA-CE-A3MD-01,TCGA-CE-A3MD-01,2.8556206853320267
TCGA-CE-A3ME-01,TCGA-CE-A3ME-01,3.0183176242101264
TCGA-CE-A481-01,TCGA-CE-A481-01,2.7299058214206626
TCGA-CE-A482-01,TCGA-CE-A482-01,2.743431705263081
TCGA-CE-A483-01,TCGA-CE-A483-01,2.656320099995768
TCGA-CE-A484-01,TCGA-CE-A484-01,2.4323542769292485
TCGA-CE-A485-01,TCGA-CE-A485-01,2.8171109221054573
TCGA-DE-A0XZ-01,TCGA-DE-A0XZ-01,2.6052067061335955
TCGA-DE-A0Y2-01,TCGA-DE-A0Y2-01,2.8560950672392145
TCGA-DE-A0Y3-01,TCGA-DE-A0Y3-01,2.7336979515822786
TCGA-DE-A2OL-01,TCGA-DE-A2OL-01,2.339478756284952
TCGA-DE-A3KN-01,TCGA-DE-A3KN-01,2.8144222968374346
TCGA-DE-A4M8-01,TCGA-DE-A4M8-01,2.611101341516459
TCGA-DE-A4M9-01,TCGA-DE-A4M9-01,2.9431544853385594
TCGA-DE-A4MA-01,TCGA-DE-A4MA-01,2.9603319705721063
TCGA-DE-A4MB-01,TCGA-DE-A4MB-01,2.7096401503403977
TCGA-DE-A4MC-01,TCGA-DE-A4MC-01,2.898578573549245
TCGA-DE-A4MD-01,TCGA-DE-A4MD-01,2.9610569637670325
TCGA-DE-A4MD-06,TCGA-DE-A4MD-06,2.895738669671565
TCGA-DE-A69J-01,TCGA-DE-A69J-01,2.967813162910665
TCGA-DE-A69K-01,TCGA-DE-A69K-01,3.0182030431554816
TCGA-DE-A7U5-01,TCGA-DE-A7U5-01,2.7934545594041924
TCGA-DJ-A13L-01,TCGA-DJ-A13L-01,2.7938173058500224
TCGA-DJ-A13M-01,TCGA-DJ-A13M-01,2.9737264107877786
TCGA-DJ-A13O-01,TCGA-DJ-A13O-01,2.5899924640674183
TCGA-DJ-A13P-01,TCGA-DJ-A13P-01,2.79012576414493
TCGA-DJ-A13R-01,TCGA-DJ-A13R-01,2.716788631885388
TCGA-DJ-A13S-01,TCGA-DJ-A13S-01,2.7223302721180804
TCGA-DJ-A13T-01,TCGA-DJ-A13T-01,2.797754133572256
TCGA-DJ-A13U-01,TCGA-DJ-A13U-01,2.862278610654759
TCGA-DJ-A13V-01,TCGA-DJ-A13V-01,2.6964611552448203
TCGA-DJ-A13W-01,TCGA-DJ-A13W-01,2.380901762713391
TCGA-DJ-A13X-01,TCGA-DJ-A13X-01,2.751594058971188
TCGA-DJ-A1QD-01,TCGA-DJ-A1QD-01,2.7716776826303
TCGA-DJ-A1QE-01,TCGA-DJ-A1QE-01,2.7807264551634603
TCGA-DJ-A1QF-01,TCGA-DJ-A1QF-01,2.903282951239245
TCGA-DJ-A1QG-01,TCGA-DJ-A1QG-01,3.1060897155141727
TCGA-DJ-A1QH-01,TCGA-DJ-A1QH-01,3.0342851832182727
TCGA-DJ-A1QI-01,TCGA-DJ-A1QI-01,2.9113466178830842
TCGA-DJ-A1QL-01,TCGA-DJ-A1QL-01,2.6241126746122068
TCGA-DJ-A1QM-01,TCGA-DJ-A1QM-01,2.6801812513485705
TCGA-DJ-A1QN-01,TCGA-DJ-A1QN-01,2.8218398156262854
TCGA-DJ-A1QO-01,TCGA-DJ-A1QO-01,2.736696407269783
TCGA-DJ-A1QQ-01,TCGA-DJ-A1QQ-01,2.8155813393109113
TCGA-DJ-A2PN-01,TCGA-DJ-A2PN-01,2.6382947505216334
TCGA-DJ-A2PO-01,TCGA-DJ-A2PO-01,2.571134118641117
TCGA-DJ-A2PP-01,TCGA-DJ-A2PP-01,2.9599822643566567
TCGA-DJ-A2PQ-01,TCGA-DJ-A2PQ-01,2.8780096915627302
TCGA-DJ-A2PR-01,TCGA-DJ-A2PR-01,3.1047998219240465
TCGA-DJ-A2PS-01,TCGA-DJ-A2PS-01,2.9064469234353267
TCGA-DJ-A2PT-01,TCGA-DJ-A2PT-01,2.802801853137726
TCGA-DJ-A2PU-01,TCGA-DJ-A2PU-01,2.6201594482569073
TCGA-DJ-A2PV-01,TCGA-DJ-A2PV-01,2.7167627588504653
TCGA-DJ-A2PW-01,TCGA-DJ-A2PW-01,2.8224535746063593
TCGA-DJ-A2PX-01,TCGA-DJ-A2PX-01,2.407245787754475
TCGA-DJ-A2PY-01,TCGA-DJ-A2PY-01,2.9664611367774527
TCGA-DJ-A2PZ-01,TCGA-DJ-A2PZ-01,2.9591240418153086
TCGA-DJ-A2Q0-01,TCGA-DJ-A2Q0-01,3.377645218133309
TCGA-DJ-A2Q1-01,TCGA-DJ-A2Q1-01,2.986172897951817
TCGA-DJ-A2Q2-01,TCGA-DJ-A2Q2-01,3.085874592078114
TCGA-DJ-A2Q3-01,TCGA-DJ-A2Q3-01,2.550573352572939
TCGA-DJ-A2Q4-01,TCGA-DJ-A2Q4-01,2.458890869685776
TCGA-DJ-A2Q5-01,TCGA-DJ-A2Q5-01,2.659538219784892
TCGA-DJ-A2Q6-01,TCGA-DJ-A2Q6-01,2.6889494827781144
TCGA-DJ-A2Q7-01,TCGA-DJ-A2Q7-01,2.4668637626648375
TCGA-DJ-A2Q9-01,TCGA-DJ-A2Q9-01,2.8746559286091347
TCGA-DJ-A2QA-01,TCGA-DJ-A2QA-01,2.6425398090270997
TCGA-DJ-A2QB-01,TCGA-DJ-A2QB-01,2.9469180042153464
TCGA-DJ-A2QC-01,TCGA-DJ-A2QC-01,2.7773674624760076
TCGA-DJ-A3UK-01,TCGA-DJ-A3UK-01,2.745000755846581
TCGA-DJ-A3UM-01,TCGA-DJ-A3UM-01,2.864341050852886
TCGA-DJ-A3UN-01,TCGA-DJ-A3UN-01,2.672627740631844
TCGA-DJ-A3UO-01,TCGA-DJ-A3UO-01,2.626866549139432
TCGA-DJ-A3UP-01,TCGA-DJ-A3UP-01,2.6424770426626236
TCGA-DJ-A3UQ-01,TCGA-DJ-A3UQ-01,2.8411633588566825
TCGA-DJ-A3UR-01,TCGA-DJ-A3UR-01,2.663116633555268
TCGA-DJ-A3US-01,TCGA-DJ-A3US-01,2.406951576473425
TCGA-DJ-A3UT-01,TCGA-DJ-A3UT-01,2.5983179567482737
TCGA-DJ-A3UU-01,TCGA-DJ-A3UU-01,2.9180232908371657
TCGA-DJ-A3UV-01,TCGA-DJ-A3UV-01,2.767232954045766
TCGA-DJ-A3UW-01,TCGA-DJ-A3UW-01,3.0074072139378485
TCGA-DJ-A3UX-01,TCGA-DJ-A3UX-01,2.6627713971969524
TCGA-DJ-A3UY-01,TCGA-DJ-A3UY-01,2.6111336245678514
TCGA-DJ-A3UZ-01,TCGA-DJ-A3UZ-01,2.419970850490986
TCGA-DJ-A3V0-01,TCGA-DJ-A3V0-01,2.5946463959942894
TCGA-DJ-A3V2-01,TCGA-DJ-A3V2-01,2.5152415927149763
TCGA-DJ-A3V3-01,TCGA-DJ-A3V3-01,2.659323558236457
TCGA-DJ-A3V4-01,TCGA-DJ-A3V4-01,2.6934032013037768
TCGA-DJ-A3V5-01,TCGA-DJ-A3V5-01,2.717772993477557
TCGA-DJ-A3V6-01,TCGA-DJ-A3V6-01,2.7895404298902813
TCGA-DJ-A3V7-01,TCGA-DJ-A3V7-01,2.8554611342184533
TCGA-DJ-A3V8-01,TCGA-DJ-A3V8-01,2.5723531916452886
TCGA-DJ-A3V9-01,TCGA-DJ-A3V9-01,2.8436462604253188
TCGA-DJ-A3VA-01,TCGA-DJ-A3VA-01,2.9675393791203892
TCGA-DJ-A3VB-01,TCGA-DJ-A3VB-01,2.9360711250662854
TCGA-DJ-A3VD-01,TCGA-DJ-A3VD-01,2.6807636192360347
TCGA-DJ-A3VE-01,TCGA-DJ-A3VE-01,2.8095276918603007
TCGA-DJ-A3VF-01,TCGA-DJ-A3VF-01,2.877321844310173
TCGA-DJ-A3VG-01,TCGA-DJ-A3VG-01,2.6278267482635873
TCGA-DJ-A3VI-01,TCGA-DJ-A3VI-01,2.8160531652847256
TCGA-DJ-A3VJ-01,TCGA-DJ-A3VJ-01,2.8213903980614403
TCGA-DJ-A3VK-01,TCGA-DJ-A3VK-01,2.6618590925363526
TCGA-DJ-A3VL-01,TCGA-DJ-A3VL-01,2.767524215951929
TCGA-DJ-A3VM-01,TCGA-DJ-A3VM-01,2.7454440551325963
TCGA-DJ-A4UL-01,TCGA-DJ-A4UL-01,2.733592037099661
TCGA-DJ-A4UP-01,TCGA-DJ-A4UP-01,2.7446444172758593
TCGA-DJ-A4UQ-01,TCGA-DJ-A4UQ-01,2.726771488375423
TCGA-DJ-A4UR-01,TCGA-DJ-A4UR-01,2.4532551255310198
TCGA-DJ-A4UT-01,TCGA-DJ-A4UT-01,2.600287256201705
TCGA-DJ-A4UW-01,TCGA-DJ-A4UW-01,2.6066234513509503
TCGA-DJ-A4V0-01,TCGA-DJ-A4V0-01,2.4510270553539697
TCGA-DJ-A4V2-01,TCGA-DJ-A4V2-01,2.5635303016968862
TCGA-DJ-A4V4-01,TCGA-DJ-A4V4-01,2.8533584390184252
TCGA-DJ-A4V5-01,TCGA-DJ-A4V5-01,2.2896267671505264
TCGA-DO-A1JZ-01,TCGA-DO-A1JZ-01,3.1501681825502565
TCGA-DO-A1JZ-11,TCGA-DO-A1JZ-11,2.6028376766707266
TCGA-DO-A1K0-01,TCGA-DO-A1K0-01,2.752307574492768
TCGA-DO-A2HM-01,TCGA-DO-A2HM-01,2.6946832292211167
TCGA-E3-A3DY-01,TCGA-E3-A3DY-01,2.6967069742426553
TCGA-E3-A3DZ-01,TCGA-E3-A3DZ-01,2.726156639989686
TCGA-E3-A3E0-01,TCGA-E3-A3E0-01,2.7749776211104438
TCGA-E3-A3E1-01,TCGA-E3-A3E1-01,2.8926244363722002
TCGA-E3-A3E2-01,TCGA-E3-A3E2-01,2.6217777276793233
TCGA-E3-A3E3-01,TCGA-E3-A3E3-01,2.7054182669707068
TCGA-E3-A3E5-01,TCGA-E3-A3E5-01,2.761425459887954
TCGA-E8-A242-01,TCGA-E8-A242-01,2.74510902840989
TCGA-E8-A2EA-01,TCGA-E8-A2EA-01,2.740783719403514
TCGA-E8-A2JQ-01,TCGA-E8-A2JQ-01,2.6600445572232676
TCGA-E8-A2JQ-11,TCGA-E8-A2JQ-11,2.39208825899142
TCGA-E8-A3X7-01,TCGA-E8-A3X7-01,2.6952533976266526
TCGA-E8-A413-01,TCGA-E8-A413-01,2.8679608758135022
TCGA-E8-A414-01,TCGA-E8-A414-01,2.6484877416937094
TCGA-E8-A415-01,TCGA-E8-A415-01,2.643726678535347
TCGA-E8-A416-01,TCGA-E8-A416-01,2.303473362221143
TCGA-E8-A417-01,TCGA-E8-A417-01,2.6733537844594157
TCGA-E8-A418-01,TCGA-E8-A418-01,2.9370889046968647
TCGA-E8-A419-01,TCGA-E8-A419-01,2.6576530758013277
TCGA-E8-A432-01,TCGA-E8-A432-01,2.849354934464178
TCGA-E8-A433-01,TCGA-E8-A433-01,2.9228543717112334
TCGA-E8-A434-01,TCGA-E8-A434-01,2.5682171605118906
TCGA-E8-A436-01,TCGA-E8-A436-01,2.8271637924751984
TCGA-E8-A437-01,TCGA-E8-A437-01,2.580407131784039
TCGA-E8-A438-01,TCGA-E8-A438-01,2.6192090072452716
TCGA-E8-A44K-01,TCGA-E8-A44K-01,2.8902951118565445
TCGA-E8-A44M-01,TCGA-E8-A44M-01,2.4503980691967957
TCGA-EL-A3CL-01,TCGA-EL-A3CL-01,2.6959553736058752
TCGA-EL-A3CM-01,TCGA-EL-A3CM-01,2.800635409471307
TCGA-EL-A3CN-01,TCGA-EL-A3CN-01,2.9466083207807694
TCGA-EL-A3CO-01,TCGA-EL-A3CO-01,2.3980635049397554
TCGA-EL-A3CP-01,TCGA-EL-A3CP-01,2.7761127537969488
TCGA-EL-A3CR-01,TCGA-EL-A3CR-01,2.70693601296064
TCGA-EL-A3CS-01,TCGA-EL-A3CS-01,2.7049269957946684
TCGA-EL-A3CT-01,TCGA-EL-A3CT-01,2.986588850786209
TCGA-EL-A3CU-01,TCGA-EL-A3CU-01,2.7187682807611164
TCGA-EL-A3CV-01,TCGA-EL-A3CV-01,2.727841666453805
TCGA-EL-A3CW-01,TCGA-EL-A3CW-01,2.3579303814588344
TCGA-EL-A3CX-01,TCGA-EL-A3CX-01,3.3332933302161436
TCGA-EL-A3CY-01,TCGA-EL-A3CY-01,2.6222801205832424
TCGA-EL-A3CZ-01,TCGA-EL-A3CZ-01,2.7757792615112566
TCGA-EL-A3D0-01,TCGA-EL-A3D0-01,2.6912652409857976
TCGA-EL-A3D1-01,TCGA-EL-A3D1-01,2.797518338410729
TCGA-EL-A3D4-01,TCGA-EL-A3D4-01,2.3558560273165994
TCGA-EL-A3D5-01,TCGA-EL-A3D5-01,2.849163691128498
TCGA-EL-A3D6-01,TCGA-EL-A3D6-01,2.8686636364808957
TCGA-EL-A3GO-01,TCGA-EL-A3GO-01,2.9764947823926278
TCGA-EL-A3GP-01,TCGA-EL-A3GP-01,2.832459969565033
TCGA-EL-A3GQ-01,TCGA-EL-A3GQ-01,2.7541842597461272
TCGA-EL-A3GR-01,TCGA-EL-A3GR-01,2.690801814553235
TCGA-EL-A3GS-01,TCGA-EL-A3GS-01,2.710993748625568
TCGA-EL-A3GU-01,TCGA-EL-A3GU-01,2.4209111266137295
TCGA-EL-A3GV-01,TCGA-EL-A3GV-01,2.635907243999359
TCGA-EL-A3GW-01,TCGA-EL-A3GW-01,2.921455495140663
TCGA-EL-A3GX-01,TCGA-EL-A3GX-01,2.861855925430915
TCGA-EL-A3GY-01,TCGA-EL-A3GY-01,2.8038984500170363
TCGA-EL-A3GZ-01,TCGA-EL-A3GZ-01,2.8588438597612296
TCGA-EL-A3GZ-11,TCGA-EL-A3GZ-11,2.669652829503844
TCGA-EL-A3H1-01,TCGA-EL-A3H1-01,2.8400787104341982
TCGA-EL-A3H1-11,TCGA-EL-A3H1-11,2.6844109270092087
TCGA-EL-A3H2-01,TCGA-EL-A3H2-01,2.964329790477987
TCGA-EL-A3H2-11,TCGA-EL-A3H2-11,2.7669068140046065
TCGA-EL-A3H3-01,TCGA-EL-A3H3-01,2.7083323050409147
TCGA-EL-A3H4-01,TCGA-EL-A3H4-01,2.711155404987137
TCGA-EL-A3H5-01,TCGA-EL-A3H5-01,2.774707717588431
TCGA-EL-A3H7-01,TCGA-EL-A3H7-01,2.800951043054825
TCGA-EL-A3H7-11,TCGA-EL-A3H7-11,2.3848564655544795
TCGA-EL-A3H8-01,TCGA-EL-A3H8-01,2.7599435335270286
TCGA-EL-A3MW-01,TCGA-EL-A3MW-01,2.776769411105123
TCGA-EL-A3MW-11,TCGA-EL-A3MW-11,2.5227832693054557
TCGA-EL-A3MX-01,TCGA-EL-A3MX-01,2.6964676091491784
TCGA-EL-A3MX-11,TCGA-EL-A3MX-11,2.259538972869749
TCGA-EL-A3MY-01,TCGA-EL-A3MY-01,2.6850091045789832
TCGA-EL-A3MY-11,TCGA-EL-A3MY-11,2.539048348422779
TCGA-EL-A3MZ-01,TCGA-EL-A3MZ-01,2.8578480783830065
TCGA-EL-A3N2-01,TCGA-EL-A3N2-01,2.955328108746332
TCGA-EL-A3N2-11,TCGA-EL-A3N2-11,2.621146028759819
TCGA-EL-A3N3-01,TCGA-EL-A3N3-01,2.890891874683676
TCGA-EL-A3N3-11,TCGA-EL-A3N3-11,2.6553515613384273
TCGA-EL-A3T0-01,TCGA-EL-A3T0-01,2.745765686909653
TCGA-EL-A3T0-11,TCGA-EL-A3T0-11,2.5848322022673114
TCGA-EL-A3T1-01,TCGA-EL-A3T1-01,2.82699957894521
TCGA-EL-A3T1-11,TCGA-EL-A3T1-11,2.4830994381449285
TCGA-EL-A3T2-01,TCGA-EL-A3T2-01,2.425243693345978
TCGA-EL-A3T2-11,TCGA-EL-A3T2-11,2.5945171691465028
TCGA-EL-A3T3-01,TCGA-EL-A3T3-01,2.7438154120691998
TCGA-EL-A3T3-11,TCGA-EL-A3T3-11,2.609393801893783
TCGA-EL-A3T6-01,TCGA-EL-A3T6-01,2.6883840780466826
TCGA-EL-A3T6-11,TCGA-EL-A3T6-11,2.49072186293558
TCGA-EL-A3T7-01,TCGA-EL-A3T7-01,2.9133574204621855
TCGA-EL-A3T7-11,TCGA-EL-A3T7-11,2.247108509084301
TCGA-EL-A3T8-01,TCGA-EL-A3T8-01,2.7647416518812205
TCGA-EL-A3T8-11,TCGA-EL-A3T8-11,2.2982211220703057
TCGA-EL-A3T9-01,TCGA-EL-A3T9-01,3.1035838712872645
TCGA-EL-A3TA-01,TCGA-EL-A3TA-01,2.610880450787241
TCGA-EL-A3TA-11,TCGA-EL-A3TA-11,2.586375088873007
TCGA-EL-A3TB-01,TCGA-EL-A3TB-01,2.855542264566851
TCGA-EL-A3TB-11,TCGA-EL-A3TB-11,2.691004435474473
TCGA-EL-A3ZG-01,TCGA-EL-A3ZG-01,2.9627798755718047
TCGA-EL-A3ZG-11,TCGA-EL-A3ZG-11,2.739350556840799
TCGA-EL-A3ZH-01,TCGA-EL-A3ZH-01,2.8246452852682036
TCGA-EL-A3ZH-11,TCGA-EL-A3ZH-11,2.47899977375433
TCGA-EL-A3ZK-01,TCGA-EL-A3ZK-01,2.5153105134836706
TCGA-EL-A3ZK-11,TCGA-EL-A3ZK-11,2.2940945029894846
TCGA-EL-A3ZL-01,TCGA-EL-A3ZL-01,2.7009833334200497
TCGA-EL-A3ZL-11,TCGA-EL-A3ZL-11,2.700006083480357
TCGA-EL-A3ZM-01,TCGA-EL-A3ZM-01,3.013438758513839
TCGA-EL-A3ZM-11,TCGA-EL-A3ZM-11,2.7548966740858223
TCGA-EL-A3ZN-01,TCGA-EL-A3ZN-01,2.7508393859509064
TCGA-EL-A3ZO-01,TCGA-EL-A3ZO-01,2.7123925265518025
TCGA-EL-A3ZO-11,TCGA-EL-A3ZO-11,2.5582568638846936
TCGA-EL-A3ZP-01,TCGA-EL-A3ZP-01,2.2721287199580495
TCGA-EL-A3ZP-11,TCGA-EL-A3ZP-11,2.336501004125512
TCGA-EL-A3ZQ-01,TCGA-EL-A3ZQ-01,3.120910638797068
TCGA-EL-A3ZQ-11,TCGA-EL-A3ZQ-11,2.2031709283608727
TCGA-EL-A3ZR-01,TCGA-EL-A3ZR-01,2.7366442748634263
TCGA-EL-A3ZR-11,TCGA-EL-A3ZR-11,2.3396525076690713
TCGA-EL-A3ZS-01,TCGA-EL-A3ZS-01,2.532567470266099
TCGA-EL-A3ZS-11,TCGA-EL-A3ZS-11,2.5993841423531965
TCGA-EL-A3ZT-01,TCGA-EL-A3ZT-01,2.6329853352946944
TCGA-EL-A3ZT-11,TCGA-EL-A3ZT-11,2.551570901967349
TCGA-EL-A4JV-01,TCGA-EL-A4JV-01,2.82866388189786
TCGA-EL-A4JW-01,TCGA-EL-A4JW-01,2.3116529046083514
TCGA-EL-A4JX-01,TCGA-EL-A4JX-01,2.7243644988014433
TCGA-EL-A4JZ-01,TCGA-EL-A4JZ-01,2.8682096952341185
TCGA-EL-A4K0-01,TCGA-EL-A4K0-01,2.830462943762274
TCGA-EL-A4K1-01,TCGA-EL-A4K1-01,2.9185507147479406
TCGA-EL-A4K2-01,TCGA-EL-A4K2-01,2.379138108204055
TCGA-EL-A4K4-01,TCGA-EL-A4K4-01,2.651168987740205
TCGA-EL-A4K6-01,TCGA-EL-A4K6-01,2.7136157938002965
TCGA-EL-A4K7-01,TCGA-EL-A4K7-01,2.7346226684547377
TCGA-EL-A4K9-01,TCGA-EL-A4K9-01,2.76872079620795
TCGA-EL-A4KD-01,TCGA-EL-A4KD-01,2.8235111530564216
TCGA-EL-A4KG-01,TCGA-EL-A4KG-01,2.9194182478185247
TCGA-EL-A4KH-01,TCGA-EL-A4KH-01,2.792373605396951
TCGA-EL-A4KI-01,TCGA-EL-A4KI-01,2.913705758712966
TCGA-EM-A1CS-01,TCGA-EM-A1CS-01,2.5157532153330457
TCGA-EM-A1CS-11,TCGA-EM-A1CS-11,2.4721242246812434
TCGA-EM-A1CT-01,TCGA-EM-A1CT-01,2.7113285012262662
TCGA-EM-A1CT-11,TCGA-EM-A1CT-11,2.787759059375663
TCGA-EM-A1CU-01,TCGA-EM-A1CU-01,2.8891821301518448
TCGA-EM-A1CU-11,TCGA-EM-A1CU-11,2.64391667694025
TCGA-EM-A1CV-01,TCGA-EM-A1CV-01,2.7343154093166673
TCGA-EM-A1CV-11,TCGA-EM-A1CV-11,2.6641147946391674
TCGA-EM-A1CW-01,TCGA-EM-A1CW-01,2.693640578246903
TCGA-EM-A1CW-11,TCGA-EM-A1CW-11,2.6336509405540465
TCGA-EM-A1YA-01,TCGA-EM-A1YA-01,3.105671938461026
TCGA-EM-A1YB-01,TCGA-EM-A1YB-01,3.087494768171018
TCGA-EM-A1YC-01,TCGA-EM-A1YC-01,3.0349086672842818
TCGA-EM-A1YC-11,TCGA-EM-A1YC-11,2.43019779301257
TCGA-EM-A1YD-01,TCGA-EM-A1YD-01,2.6091722354080287
TCGA-EM-A1YE-01,TCGA-EM-A1YE-01,2.529641095145087
TCGA-EM-A22I-01,TCGA-EM-A22I-01,2.92824787545628
TCGA-EM-A22J-01,TCGA-EM-A22J-01,2.924427171907171
TCGA-EM-A22K-01,TCGA-EM-A22K-01,2.750208871421989
TCGA-EM-A22L-01,TCGA-EM-A22L-01,2.9047974366462035
TCGA-EM-A22M-01,TCGA-EM-A22M-01,2.5063554282122644
TCGA-EM-A22N-01,TCGA-EM-A22N-01,2.8690816581210834
TCGA-EM-A22O-01,TCGA-EM-A22O-01,2.9987352294140335
TCGA-EM-A22P-01,TCGA-EM-A22P-01,2.5887508270256436
TCGA-EM-A22Q-01,TCGA-EM-A22Q-01,2.6743008666680055
TCGA-EM-A2CJ-01,TCGA-EM-A2CJ-01,2.859435696934297
TCGA-EM-A2CK-01,TCGA-EM-A2CK-01,2.8589432728876134
TCGA-EM-A2CL-01,TCGA-EM-A2CL-01,2.8465653649182947
TCGA-EM-A2CM-01,TCGA-EM-A2CM-01,2.6070645851395295
TCGA-EM-A2CN-01,TCGA-EM-A2CN-01,2.7166557066265007
TCGA-EM-A2CO-01,TCGA-EM-A2CO-01,3.1403707155238174
TCGA-EM-A2CP-01,TCGA-EM-A2CP-01,2.8566342625024363
TCGA-EM-A2CQ-01,TCGA-EM-A2CQ-01,2.8556375219065417
TCGA-EM-A2CR-01,TCGA-EM-A2CR-01,2.99244823915918
TCGA-EM-A2CS-01,TCGA-EM-A2CS-01,2.5161922162691743
TCGA-EM-A2CS-06,TCGA-EM-A2CS-06,2.531064474025131
TCGA-EM-A2CT-01,TCGA-EM-A2CT-01,2.9335378987075265
TCGA-EM-A2CU-01,TCGA-EM-A2CU-01,2.567677544413745
TCGA-EM-A2OV-01,TCGA-EM-A2OV-01,3.080811782728593
TCGA-EM-A2OW-01,TCGA-EM-A2OW-01,2.990141754247956
TCGA-EM-A2OX-01,TCGA-EM-A2OX-01,2.654332799207523
TCGA-EM-A2OY-01,TCGA-EM-A2OY-01,3.137072148219972
TCGA-EM-A2OZ-01,TCGA-EM-A2OZ-01,2.8088713283086264
TCGA-EM-A2P0-01,TCGA-EM-A2P0-01,2.545293059561315
TCGA-EM-A2P1-01,TCGA-EM-A2P1-01,2.9883960958685174
TCGA-EM-A2P1-06,TCGA-EM-A2P1-06,3.1255593538121764
TCGA-EM-A2P2-01,TCGA-EM-A2P2-01,2.7343506173005583
TCGA-EM-A2P3-01,TCGA-EM-A2P3-01,2.597567148191109
TCGA-EM-A3AI-01,TCGA-EM-A3AI-01,2.8924586562549957
TCGA-EM-A3AJ-01,TCGA-EM-A3AJ-01,3.0624438539454264
TCGA-EM-A3AK-01,TCGA-EM-A3AK-01,2.691398695949666
TCGA-EM-A3AL-01,TCGA-EM-A3AL-01,2.775487068348123
TCGA-EM-A3AN-01,TCGA-EM-A3AN-01,2.8899124808552807
TCGA-EM-A3AO-01,TCGA-EM-A3AO-01,2.97567019333355
TCGA-EM-A3AP-01,TCGA-EM-A3AP-01,2.8542918604231655
TCGA-EM-A3AQ-01,TCGA-EM-A3AQ-01,2.864254529733282
TCGA-EM-A3AR-01,TCGA-EM-A3AR-01,2.7564162681344815
TCGA-EM-A3FJ-01,TCGA-EM-A3FJ-01,2.830850613662309
TCGA-EM-A3FK-01,TCGA-EM-A3FK-01,2.9293348022455015
TCGA-EM-A3FL-01,TCGA-EM-A3FL-01,2.9162156625307056
TCGA-EM-A3FM-01,TCGA-EM-A3FM-01,2.9046572960360977
TCGA-EM-A3FN-01,TCGA-EM-A3FN-01,2.974315937939886
TCGA-EM-A3FO-01,TCGA-EM-A3FO-01,2.9044574595869452
TCGA-EM-A3FP-01,TCGA-EM-A3FP-01,2.6740847087819586
TCGA-EM-A3FQ-01,TCGA-EM-A3FQ-01,2.540056310740683
TCGA-EM-A3FQ-06,TCGA-EM-A3FQ-06,2.705685835488168
TCGA-EM-A3FR-01,TCGA-EM-A3FR-01,2.6905528267427283
TCGA-EM-A3O3-01,TCGA-EM-A3O3-01,2.9176028155572777
TCGA-EM-A3O6-01,TCGA-EM-A3O6-01,2.9906424772131412
TCGA-EM-A3O7-01,TCGA-EM-A3O7-01,2.8060827497444443
TCGA-EM-A3O8-01,TCGA-EM-A3O8-01,2.9215913407964402
TCGA-EM-A3O9-01,TCGA-EM-A3O9-01,3.2022411795909496
TCGA-EM-A3OA-01,TCGA-EM-A3OA-01,3.00185498182496
TCGA-EM-A3OB-01,TCGA-EM-A3OB-01,2.8320764574931765
TCGA-EM-A3ST-01,TCGA-EM-A3ST-01,2.9029611619501585
TCGA-EM-A3ST-11,TCGA-EM-A3ST-11,2.5749959303096244
TCGA-EM-A3SU-01,TCGA-EM-A3SU-01,2.864500685671028
TCGA-EM-A3SU-06,TCGA-EM-A3SU-06,2.6844191510754554
TCGA-EM-A3SX-01,TCGA-EM-A3SX-01,2.6853938904480974
TCGA-EM-A3SY-01,TCGA-EM-A3SY-01,3.1697193469871476
TCGA-EM-A3SZ-01,TCGA-EM-A3SZ-01,2.9469587661048315
TCGA-EM-A4FF-01,TCGA-EM-A4FF-01,2.7040674304279904
TCGA-EM-A4FH-01,TCGA-EM-A4FH-01,2.8646431616210837
TCGA-EM-A4FK-01,TCGA-EM-A4FK-01,3.0511558562325067
TCGA-EM-A4FM-01,TCGA-EM-A4FM-01,2.7836393668529498
TCGA-EM-A4FN-01,TCGA-EM-A4FN-01,2.8800913544952604
TCGA-EM-A4FO-01,TCGA-EM-A4FO-01,2.5103981288072252
TCGA-EM-A4FQ-01,TCGA-EM-A4FQ-01,2.862087878798076
TCGA-EM-A4FR-01,TCGA-EM-A4FR-01,2.5849949593169286
TCGA-EM-A4FU-01,TCGA-EM-A4FU-01,2.772012392789983
TCGA-EM-A4FV-01,TCGA-EM-A4FV-01,2.603836095036964
TCGA-EM-A4G1-01,TCGA-EM-A4G1-01,2.949567521964661
TCGA-ET-A25G-01,TCGA-ET-A25G-01,2.8863875998455133
TCGA-ET-A25I-01,TCGA-ET-A25I-01,2.7325067206453975
TCGA-ET-A25J-01,TCGA-ET-A25J-01,2.911508544787898
TCGA-ET-A25K-01,TCGA-ET-A25K-01,2.775709206223363
TCGA-ET-A25L-01,TCGA-ET-A25L-01,2.631963494596003
TCGA-ET-A25M-01,TCGA-ET-A25M-01,2.8522798702773406
TCGA-ET-A25N-01,TCGA-ET-A25N-01,2.8236576307250414
TCGA-ET-A25O-01,TCGA-ET-A25O-01,3.067045319481025
TCGA-ET-A25P-01,TCGA-ET-A25P-01,2.66577010514797
TCGA-ET-A25R-01,TCGA-ET-A25R-01,2.8554037224495916
TCGA-ET-A2MX-01,TCGA-ET-A2MX-01,3.058382788073818
TCGA-ET-A2MX-11,TCGA-ET-A2MX-11,2.5029122031361446
TCGA-ET-A2MY-01,TCGA-ET-A2MY-01,2.8464819783975686
TCGA-ET-A2MZ-01,TCGA-ET-A2MZ-01,2.6546764521591184
TCGA-ET-A2N0-01,TCGA-ET-A2N0-01,2.9413086860655966
TCGA-ET-A2N3-01,TCGA-ET-A2N3-01,2.461518903800081
TCGA-ET-A2N4-01,TCGA-ET-A2N4-01,2.881865418653342
TCGA-ET-A2N5-01,TCGA-ET-A2N5-01,3.0180705762853104
TCGA-ET-A2N5-11,TCGA-ET-A2N5-11,2.4425417444116837
TCGA-ET-A39I-01,TCGA-ET-A39I-01,2.813949423324144
TCGA-ET-A39J-01,TCGA-ET-A39J-01,2.803774583497356
TCGA-ET-A39K-01,TCGA-ET-A39K-01,2.774903050995823
TCGA-ET-A39L-01,TCGA-ET-A39L-01,2.923769732500849
TCGA-ET-A39M-01,TCGA-ET-A39M-01,2.6110391213007005
TCGA-ET-A39N-01,TCGA-ET-A39N-01,2.781688280869026
TCGA-ET-A39O-01,TCGA-ET-A39O-01,2.9461665966904325
TCGA-ET-A39P-01,TCGA-ET-A39P-01,2.8822790769740445
TCGA-ET-A39R-01,TCGA-ET-A39R-01,2.6940552295241913
TCGA-ET-A39S-01,TCGA-ET-A39S-01,2.557988736288841
TCGA-ET-A39T-01,TCGA-ET-A39T-01,2.8569854388695006
TCGA-ET-A3BN-01,TCGA-ET-A3BN-01,2.704763182545528
TCGA-ET-A3BO-01,TCGA-ET-A3BO-01,2.9274725961414885
TCGA-ET-A3BP-01,TCGA-ET-A3BP-01,2.8431389095153157
TCGA-ET-A3BQ-01,TCGA-ET-A3BQ-01,2.8430139659089173
TCGA-ET-A3BS-01,TCGA-ET-A3BS-01,2.935387338697166
TCGA-ET-A3BT-01,TCGA-ET-A3BT-01,2.9442307551531606
TCGA-ET-A3BU-01,TCGA-ET-A3BU-01,2.6621799240209483
TCGA-ET-A3BV-01,TCGA-ET-A3BV-01,2.553807492452151
TCGA-ET-A3BW-01,TCGA-ET-A3BW-01,2.9606768494190323
TCGA-ET-A3BX-01,TCGA-ET-A3BX-01,2.8609593373313906
TCGA-ET-A3DO-01,TCGA-ET-A3DO-01,3.0520955769798372
TCGA-ET-A3DP-01,TCGA-ET-A3DP-01,2.817258033556969
TCGA-ET-A3DP-11,TCGA-ET-A3DP-11,2.7621320370599793
TCGA-ET-A3DQ-01,TCGA-ET-A3DQ-01,2.5472431498972763
TCGA-ET-A3DR-01,TCGA-ET-A3DR-01,2.686401106723912
TCGA-ET-A3DS-01,TCGA-ET-A3DS-01,2.747079462519438
TCGA-ET-A3DT-01,TCGA-ET-A3DT-01,2.8126505453324064
TCGA-ET-A3DU-01,TCGA-ET-A3DU-01,2.826210199677359
TCGA-ET-A3DV-01,TCGA-ET-A3DV-01,2.8970361772999724
TCGA-ET-A3DW-01,TCGA-ET-A3DW-01,2.8595377202477827
TCGA-ET-A3DW-11,TCGA-ET-A3DW-11,2.743676835687719
TCGA-ET-A40P-01,TCGA-ET-A40P-01,2.61088834700475
TCGA-ET-A40Q-01,TCGA-ET-A40Q-01,3.0317121962172013
TCGA-ET-A40R-01,TCGA-ET-A40R-01,2.583015282083499
TCGA-ET-A40S-01,TCGA-ET-A40S-01,2.454257701540536
TCGA-ET-A40T-01,TCGA-ET-A40T-01,2.508853416315289
TCGA-ET-A4KN-01,TCGA-ET-A4KN-01,2.9458449255621195
TCGA-ET-A4KQ-01,TCGA-ET-A4KQ-01,2.632652489453578
TCGA-FE-A22Z-01,TCGA-FE-A22Z-01,2.9222455540873766
TCGA-FE-A230-01,TCGA-FE-A230-01,2.701091226966279
TCGA-FE-A231-01,TCGA-FE-A231-01,3.0219429918527343
TCGA-FE-A232-01,TCGA-FE-A232-01,2.730445418810175
TCGA-FE-A233-01,TCGA-FE-A233-01,2.9309766308112977
TCGA-FE-A234-01,TCGA-FE-A234-01,2.888878438563558
TCGA-FE-A235-01,TCGA-FE-A235-01,2.8701603766124446
TCGA-FE-A236-01,TCGA-FE-A236-01,2.7754005609311907
TCGA-FE-A237-01,TCGA-FE-A237-01,2.787778789041492
TCGA-FE-A238-01,TCGA-FE-A238-01,2.854298579958161
TCGA-FE-A239-01,TCGA-FE-A239-01,2.671025536317131
TCGA-FE-A23A-01,TCGA-FE-A23A-01,2.5281379660933343
TCGA-FE-A3PA-01,TCGA-FE-A3PA-01,2.641353502907226
TCGA-FE-A3PB-01,TCGA-FE-A3PB-01,2.825567737142476
TCGA-FE-A3PC-01,TCGA-FE-A3PC-01,2.6772634874244003
TCGA-FE-A3PD-01,TCGA-FE-A3PD-01,2.764376103731805
TCGA-FK-A3S3-01,TCGA-FK-A3S3-01,2.6332470012779163
TCGA-FK-A3SB-01,TCGA-FK-A3SB-01,2.6950080926168436
TCGA-FK-A3SD-01,TCGA-FK-A3SD-01,2.9259474735927826
TCGA-FK-A3SE-01,TCGA-FK-A3SE-01,2.943877377448836
TCGA-FK-A3SG-01,TCGA-FK-A3SG-01,2.8892448986378376
TCGA-FK-A3SH-01,TCGA-FK-A3SH-01,3.029785587475906
TCGA-FK-A4UB-01,TCGA-FK-A4UB-01,2.7482093983470715
TCGA-FY-A2QD-01,TCGA-FY-A2QD-01,2.982490543784718
TCGA-FY-A3BL-01,TCGA-FY-A3BL-01,2.8824264283403256
TCGA-FY-A3I4-01,TCGA-FY-A3I4-01,2.5788902400159
TCGA-FY-A3I5-01,TCGA-FY-A3I5-01,2.8223068160975777
TCGA-FY-A3NM-01,TCGA-FY-A3NM-01,2.7852921010196328
TCGA-FY-A3NN-01,TCGA-FY-A3NN-01,2.8922254105916796
TCGA-FY-A3NP-01,TCGA-FY-A3NP-01,2.8174091676578628
TCGA-FY-A3ON-01,TCGA-FY-A3ON-01,2.6876673986693698
TCGA-FY-A3R6-01,TCGA-FY-A3R6-01,2.8923288562146983
TCGA-FY-A3R7-01,TCGA-FY-A3R7-01,2.3526796530747585
TCGA-FY-A3R8-01,TCGA-FY-A3R8-01,2.8332072731451388
TCGA-FY-A3R9-01,TCGA-FY-A3R9-01,2.8701784249587177
TCGA-FY-A3RA-01,TCGA-FY-A3RA-01,3.0226466683259376
TCGA-FY-A3TY-01,TCGA-FY-A3TY-01,2.665959996185242
TCGA-FY-A3TY-11,TCGA-FY-A3TY-11,2.648498358315625
TCGA-FY-A3W9-01,TCGA-FY-A3W9-01,2.63243190660295
TCGA-FY-A3WA-01,TCGA-FY-A3WA-01,2.6129142670852925
TCGA-FY-A3YR-01,TCGA-FY-A3YR-01,2.876502001262917
TCGA-FY-A40K-01,TCGA-FY-A40K-01,2.4729786051784726
TCGA-FY-A40L-01,TCGA-FY-A40L-01,2.8335273325704406
TCGA-FY-A40M-01,TCGA-FY-A40M-01,2.7091136264875297
TCGA-FY-A40N-01,TCGA-FY-A40N-01,2.612067040343771
TCGA-FY-A4B0-01,TCGA-FY-A4B0-01,2.6592209295698095
TCGA-FY-A4B3-01,TCGA-FY-A4B3-01,2.723524243356677
TCGA-FY-A4B4-01,TCGA-FY-A4B4-01,2.702380324200692
TCGA-FY-A76V-01,TCGA-FY-A76V-01,3.0409897152876115
TCGA-GE-A2C6-01,TCGA-GE-A2C6-01,2.7049967243604387
TCGA-GE-A2C6-11,TCGA-GE-A2C6-11,2.5547827475298366
TCGA-H2-A26U-01,TCGA-H2-A26U-01,2.7472749585882914
TCGA-H2-A2K9-01,TCGA-H2-A2K9-01,2.7357605840694292
TCGA-H2-A2K9-11,TCGA-H2-A2K9-11,2.3572395982803576
TCGA-H2-A3RH-01,TCGA-H2-A3RH-01,2.7698558624272454
TCGA-H2-A3RI-01,TCGA-H2-A3RI-01,2.6375613404540106
TCGA-H2-A3RI-11,TCGA-H2-A3RI-11,2.3214487774748678
TCGA-H2-A421-01,TCGA-H2-A421-01,2.810602194719664
TCGA-H2-A422-01,TCGA-H2-A422-01,2.8314120146747865
TCGA-IM-A3EB-01,TCGA-IM-A3EB-01,2.922930825134917
TCGA-IM-A3ED-01,TCGA-IM-A3ED-01,2.664604730604011
TCGA-IM-A3U2-01,TCGA-IM-A3U2-01,2.8224986898089695
TCGA-IM-A3U3-01,TCGA-IM-A3U3-01,2.98094518951722
TCGA-IM-A41Y-01,TCGA-IM-A41Y-01,2.866274623197223
TCGA-IM-A41Z-01,TCGA-IM-A41Z-01,2.9856741289248223
TCGA-IM-A420-01,TCGA-IM-A420-01,2.5690842055412824
TCGA-IM-A4EB-01,TCGA-IM-A4EB-01,2.5891433366090046
TCGA-J8-A3NZ-01,TCGA-J8-A3NZ-01,2.8379637275536798
TCGA-J8-A3O0-01,TCGA-J8-A3O0-01,2.588658610526963
TCGA-J8-A3O1-01,TCGA-J8-A3O1-01,3.1301086974234313
TCGA-J8-A3O2-01,TCGA-J8-A3O2-01,2.9372481530119914
TCGA-J8-A3O2-06,TCGA-J8-A3O2-06,2.9170198416198816
TCGA-J8-A3YD-01,TCGA-J8-A3YD-01,2.548241077270094
TCGA-J8-A3YE-01,TCGA-J8-A3YE-01,3.072333374079474
TCGA-J8-A3YF-01,TCGA-J8-A3YF-01,2.5878592957561395
TCGA-J8-A3YG-01,TCGA-J8-A3YG-01,2.660653574825546
TCGA-J8-A3YH-01,TCGA-J8-A3YH-01,2.826125204368201
TCGA-J8-A3YH-06,TCGA-J8-A3YH-06,2.9058615967672248
TCGA-J8-A42S-01,TCGA-J8-A42S-01,2.825105189531686
TCGA-J8-A4HW-01,TCGA-J8-A4HW-01,2.820510839921349
TCGA-J8-A4HW-06,TCGA-J8-A4HW-06,2.409125228709857
TCGA-J8-A4HY-01,TCGA-J8-A4HY-01,2.8810277955717107
TCGA-KS-A41F-01,TCGA-KS-A41F-01,2.629713547224565
TCGA-KS-A41I-01,TCGA-KS-A41I-01,2.3906360072404427
TCGA-KS-A41I-11,TCGA-KS-A41I-11,2.4098311942713355
TCGA-KS-A41J-01,TCGA-KS-A41J-01,2.8427350867582595
TCGA-KS-A41J-11,TCGA-KS-A41J-11,2.3979224066154696
TCGA-KS-A41L-01,TCGA-KS-A41L-01,2.671418603213193
TCGA-KS-A41L-11,TCGA-KS-A41L-11,2.403992836735542
TCGA-KS-A4I1-01,TCGA-KS-A4I1-01,2.9339306449095854
TCGA-KS-A4I3-01,TCGA-KS-A4I3-01,2.613609523914311
TCGA-KS-A4I5-01,TCGA-KS-A4I5-01,2.8453198393899655
TCGA-KS-A4I7-01,TCGA-KS-A4I7-01,2.9774716121733746
TCGA-KS-A4I9-01,TCGA-KS-A4I9-01,2.7398209433634935
TCGA-KS-A4IB-01,TCGA-KS-A4IB-01,2.8998258364857907
TCGA-KS-A4IC-01,TCGA-KS-A4IC-01,2.968749439957806
TCGA-KS-A4ID-01,TCGA-KS-A4ID-01,2.652265989969171
TCGA-L6-A4EP-01,TCGA-L6-A4EP-01,2.9466003140971946
TCGA-L6-A4EQ-01,TCGA-L6-A4EQ-01,2.767608504424353
TCGA-L6-A4ET-01,TCGA-L6-A4ET-01,2.7436997900752464
TCGA-L6-A4EU-01,TCGA-L6-A4EU-01,2.802229348873127
TCGA-MK-A4N6-01,TCGA-MK-A4N6-01,2.9619278740809447
TCGA-MK-A4N7-01,TCGA-MK-A4N7-01,2.8530915213846173
TCGA-MK-A4N9-01,TCGA-MK-A4N9-01,2.5626151984431096
TCGA-MK-A84Z-01,TCGA-MK-A84Z-01,2.815715982280059
TCGA-QD-A8IV-01,TCGA-QD-A8IV-01,2.6965589231789324
TCGA-CS-4938-01,TCGA-CS-4938-01,2.9048825275898627
TCGA-CS-4941-01,TCGA-CS-4941-01,2.744129618679397
TCGA-CS-4942-01,TCGA-CS-4942-01,2.2674744445284873
TCGA-CS-4943-01,TCGA-CS-4943-01,2.609746592046349
TCGA-CS-4944-01,TCGA-CS-4944-01,2.892270619132892
TCGA-CS-5390-01,TCGA-CS-5390-01,2.81569206605502
TCGA-CS-5393-01,TCGA-CS-5393-01,2.742212033709704
TCGA-CS-5394-01,TCGA-CS-5394-01,3.333052907973154
TCGA-CS-5395-01,TCGA-CS-5395-01,2.8701686268668176
TCGA-CS-5396-01,TCGA-CS-5396-01,2.763566889048268
TCGA-CS-5397-01,TCGA-CS-5397-01,2.5927920978093835
TCGA-CS-6186-01,TCGA-CS-6186-01,3.203809058453132
TCGA-CS-6188-01,TCGA-CS-6188-01,2.5921076521639126
TCGA-CS-6290-01,TCGA-CS-6290-01,1.8914828294189387
TCGA-CS-6665-01,TCGA-CS-6665-01,2.7164757323579662
TCGA-CS-6666-01,TCGA-CS-6666-01,3.2005948172058085
TCGA-CS-6667-01,TCGA-CS-6667-01,2.7483088007236893
TCGA-CS-6668-01,TCGA-CS-6668-01,2.466926403562138
TCGA-CS-6669-01,TCGA-CS-6669-01,3.1442337293780316
TCGA-CS-6670-01,TCGA-CS-6670-01,2.5936169739783477
TCGA-DB-5270-01,TCGA-DB-5270-01,2.668099545437184
TCGA-DB-5273-01,TCGA-DB-5273-01,2.737889161801146
TCGA-DB-5274-01,TCGA-DB-5274-01,2.8169976314696403
TCGA-DB-5275-01,TCGA-DB-5275-01,2.511223360760724
TCGA-DB-5276-01,TCGA-DB-5276-01,2.6509780571599917
TCGA-DB-5277-01,TCGA-DB-5277-01,2.981802508107534
TCGA-DB-5278-01,TCGA-DB-5278-01,2.677388705525038
TCGA-DB-5279-01,TCGA-DB-5279-01,2.466637191524415
TCGA-DB-5280-01,TCGA-DB-5280-01,2.940614744038186
TCGA-DB-5281-01,TCGA-DB-5281-01,2.673988445357626
TCGA-DB-A4X9-01,TCGA-DB-A4X9-01,2.377044642357505
TCGA-DB-A4XA-01,TCGA-DB-A4XA-01,2.6142279548455343
TCGA-DB-A4XB-01,TCGA-DB-A4XB-01,2.6964796076313267
TCGA-DB-A4XC-01,TCGA-DB-A4XC-01,2.328821465915205
TCGA-DB-A4XD-01,TCGA-DB-A4XD-01,2.447037764872953
TCGA-DB-A4XE-01,TCGA-DB-A4XE-01,2.644867412488123
TCGA-DB-A4XF-01,TCGA-DB-A4XF-01,2.8211107982621013
TCGA-DB-A4XG-01,TCGA-DB-A4XG-01,2.490964720094288
TCGA-DB-A4XH-01,TCGA-DB-A4XH-01,2.5946568864745156
TCGA-DB-A64L-01,TCGA-DB-A64L-01,2.8442757342632845
TCGA-DB-A64O-01,TCGA-DB-A64O-01,2.652883436188049
TCGA-DB-A64P-01,TCGA-DB-A64P-01,2.9757846874279315
TCGA-DB-A64Q-01,TCGA-DB-A64Q-01,2.667851755890535
TCGA-DB-A64R-01,TCGA-DB-A64R-01,2.698415395913943
TCGA-DB-A64S-01,TCGA-DB-A64S-01,3.079574305653175
TCGA-DB-A64U-01,TCGA-DB-A64U-01,2.901010557047062
TCGA-DB-A64V-01,TCGA-DB-A64V-01,2.404181605541496
TCGA-DB-A64W-01,TCGA-DB-A64W-01,2.823266593605618
TCGA-DB-A64X-01,TCGA-DB-A64X-01,2.290690929110218
TCGA-DB-A75K-01,TCGA-DB-A75K-01,2.378362311149256
TCGA-DB-A75L-01,TCGA-DB-A75L-01,2.154815075636427
TCGA-DB-A75M-01,TCGA-DB-A75M-01,2.7952261322511083
TCGA-DB-A75O-01,TCGA-DB-A75O-01,2.6171232678706047
TCGA-DB-A75P-01,TCGA-DB-A75P-01,2.4423782698552765
TCGA-DH-5140-01,TCGA-DH-5140-01,2.957551163695772
TCGA-DH-5141-01,TCGA-DH-5141-01,3.0812940995702243
TCGA-DH-5142-01,TCGA-DH-5142-01,2.7948546482871843
TCGA-DH-5143-01,TCGA-DH-5143-01,2.9573546369076578
TCGA-DH-5144-01,TCGA-DH-5144-01,2.587867301453751
TCGA-DH-A669-01,TCGA-DH-A669-01,2.5089410594781065
TCGA-DH-A669-02,TCGA-DH-A669-02,2.3094392507912382
TCGA-DH-A66B-01,TCGA-DH-A66B-01,2.0281426089038073
TCGA-DH-A66D-01,TCGA-DH-A66D-01,2.3928285071292463
TCGA-DH-A66F-01,TCGA-DH-A66F-01,2.7126508349508645
TCGA-DH-A66G-01,TCGA-DH-A66G-01,2.3578821599158797
TCGA-DH-A7UR-01,TCGA-DH-A7UR-01,2.7732602061943163
TCGA-DH-A7US-01,TCGA-DH-A7US-01,2.395358795932341
TCGA-DH-A7UT-01,TCGA-DH-A7UT-01,2.1701451803596417
TCGA-DH-A7UU-01,TCGA-DH-A7UU-01,2.456672832221954
TCGA-DH-A7UV-01,TCGA-DH-A7UV-01,2.37895977598932
TCGA-DU-5847-01,TCGA-DU-5847-01,2.1636071325401165
TCGA-DU-5849-01,TCGA-DU-5849-01,2.634423230655364
TCGA-DU-5851-01,TCGA-DU-5851-01,2.7275137346721863
TCGA-DU-5852-01,TCGA-DU-5852-01,2.41432525701607
TCGA-DU-5853-01,TCGA-DU-5853-01,2.2092284732167125
TCGA-DU-5854-01,TCGA-DU-5854-01,2.68223694606198
TCGA-DU-5855-01,TCGA-DU-5855-01,2.5833038041978345
TCGA-DU-5870-01,TCGA-DU-5870-01,2.223732529191107
TCGA-DU-5870-02,TCGA-DU-5870-02,2.4516321518213684
TCGA-DU-5871-01,TCGA-DU-5871-01,2.865156661035695
TCGA-DU-5872-01,TCGA-DU-5872-01,2.6122980809069136
TCGA-DU-5872-02,TCGA-DU-5872-02,2.252050712463457
TCGA-DU-5874-01,TCGA-DU-5874-01,2.3260390065613255
TCGA-DU-6392-01,TCGA-DU-6392-01,2.7205364885450343
TCGA-DU-6393-01,TCGA-DU-6393-01,2.6742230329414687
TCGA-DU-6394-01,TCGA-DU-6394-01,2.479934718518151
TCGA-DU-6395-01,TCGA-DU-6395-01,2.868977537549092
TCGA-DU-6396-01,TCGA-DU-6396-01,2.88781574094762
TCGA-DU-6397-01,TCGA-DU-6397-01,2.9527643521184936
TCGA-DU-6397-02,TCGA-DU-6397-02,2.9660629638107436
TCGA-DU-6399-01,TCGA-DU-6399-01,2.5397442673458444
TCGA-DU-6400-01,TCGA-DU-6400-01,2.1468842076958112
TCGA-DU-6401-01,TCGA-DU-6401-01,2.9938216365068233
TCGA-DU-6402-01,TCGA-DU-6402-01,2.5497427912518758
TCGA-DU-6403-01,TCGA-DU-6403-01,2.7461765940227716
TCGA-DU-6404-01,TCGA-DU-6404-01,2.721173049391444
TCGA-DU-6404-02,TCGA-DU-6404-02,3.1346189807182214
TCGA-DU-6404-02.1,TCGA-DU-6404-02.1,3.2299739892969543
TCGA-DU-6405-01,TCGA-DU-6405-01,2.969711038064234
TCGA-DU-6406-01,TCGA-DU-6406-01,2.309358586646975
TCGA-DU-6407-01,TCGA-DU-6407-01,2.3686260138562645
TCGA-DU-6407-02,TCGA-DU-6407-02,2.472590514031614
TCGA-DU-6407-02.1,TCGA-DU-6407-02.1,2.710346235633127
TCGA-DU-6408-01,TCGA-DU-6408-01,2.682237308679742
TCGA-DU-6410-01,TCGA-DU-6410-01,2.754940271718481
TCGA-DU-6542-01,TCGA-DU-6542-01,2.4801376831908497
TCGA-DU-7006-01,TCGA-DU-7006-01,2.397681466003929
TCGA-DU-7007-01,TCGA-DU-7007-01,2.278628403712941
TCGA-DU-7008-01,TCGA-DU-7008-01,2.5245755806081207
TCGA-DU-7009-01,TCGA-DU-7009-01,3.0112231680312957
TCGA-DU-7010-01,TCGA-DU-7010-01,2.3861051355789846
TCGA-DU-7011-01,TCGA-DU-7011-01,2.951216523643452
TCGA-DU-7012-01,TCGA-DU-7012-01,2.556996441549124
TCGA-DU-7013-01,TCGA-DU-7013-01,2.75180433803979
TCGA-DU-7014-01,TCGA-DU-7014-01,2.55272253198107
TCGA-DU-7015-01,TCGA-DU-7015-01,2.6224369629280444
TCGA-DU-7018-01,TCGA-DU-7018-01,2.3350459327695483
TCGA-DU-7019-01,TCGA-DU-7019-01,2.5259030351101592
TCGA-DU-7290-01,TCGA-DU-7290-01,2.077821289048354
TCGA-DU-7292-01,TCGA-DU-7292-01,2.1609463253564423
TCGA-DU-7294-01,TCGA-DU-7294-01,2.727362438849609
TCGA-DU-7298-01,TCGA-DU-7298-01,2.803441432491975
TCGA-DU-7299-01,TCGA-DU-7299-01,2.6143593037906974
TCGA-DU-7300-01,TCGA-DU-7300-01,2.7328280736374073
TCGA-DU-7301-01,TCGA-DU-7301-01,2.9415374071888585
TCGA-DU-7302-01,TCGA-DU-7302-01,2.588986860434428
TCGA-DU-7304-01,TCGA-DU-7304-01,2.4801973169488893
TCGA-DU-7304-02,TCGA-DU-7304-02,2.4839544195958867
TCGA-DU-7306-01,TCGA-DU-7306-01,2.7645124750877446
TCGA-DU-7309-01,TCGA-DU-7309-01,2.82523973054086
TCGA-DU-8158-01,TCGA-DU-8158-01,2.566998800518193
TCGA-DU-8161-01,TCGA-DU-8161-01,2.9652098822354453
TCGA-DU-8162-01,TCGA-DU-8162-01,2.9549280705465746
TCGA-DU-8163-01,TCGA-DU-8163-01,2.82482447183137
TCGA-DU-8164-01,TCGA-DU-8164-01,2.9537681359086614
TCGA-DU-8165-01,TCGA-DU-8165-01,2.804281486479508
TCGA-DU-8166-01,TCGA-DU-8166-01,2.68314962984981
TCGA-DU-8167-01,TCGA-DU-8167-01,2.399681582948461
TCGA-DU-8168-01,TCGA-DU-8168-01,2.7620693491132786
TCGA-DU-A5TP-01,TCGA-DU-A5TP-01,2.562492020557252
TCGA-DU-A5TR-01,TCGA-DU-A5TR-01,2.389873050069304
TCGA-DU-A5TS-01,TCGA-DU-A5TS-01,2.2713698301478327
TCGA-DU-A5TT-01,TCGA-DU-A5TT-01,2.1860421179586207
TCGA-DU-A5TU-01,TCGA-DU-A5TU-01,1.795718822042522
TCGA-DU-A5TW-01,TCGA-DU-A5TW-01,2.5313246379635808
TCGA-DU-A5TY-01,TCGA-DU-A5TY-01,2.9625365320104375
TCGA-DU-A6S2-01,TCGA-DU-A6S2-01,2.639721985586888
TCGA-DU-A6S3-01,TCGA-DU-A6S3-01,2.6248962905696347
TCGA-DU-A6S6-01,TCGA-DU-A6S6-01,2.534592482533373
TCGA-DU-A6S7-01,TCGA-DU-A6S7-01,2.9113990358932647
TCGA-DU-A6S8-01,TCGA-DU-A6S8-01,3.218848836976811
TCGA-DU-A76K-01,TCGA-DU-A76K-01,1.9585197783210249
TCGA-DU-A76L-01,TCGA-DU-A76L-01,2.60649124567215
TCGA-DU-A76O-01,TCGA-DU-A76O-01,2.189079915187314
TCGA-DU-A76R-01,TCGA-DU-A76R-01,2.5899358063938647
TCGA-DU-A7T6-01,TCGA-DU-A7T6-01,2.283456126791383
TCGA-DU-A7T8-01,TCGA-DU-A7T8-01,1.9484919201696707
TCGA-DU-A7TA-01,TCGA-DU-A7TA-01,2.44642016761361
TCGA-DU-A7TB-01,TCGA-DU-A7TB-01,2.5194252770718992
TCGA-DU-A7TC-01,TCGA-DU-A7TC-01,2.553711625453936
TCGA-DU-A7TD-01,TCGA-DU-A7TD-01,2.3333301738953045
TCGA-DU-A7TG-01,TCGA-DU-A7TG-01,2.914044951819249
TCGA-DU-A7TI-01,TCGA-DU-A7TI-01,2.405846723597791
TCGA-DU-A7TJ-01,TCGA-DU-A7TJ-01,2.574256558377794
TCGA-E1-5302-01,TCGA-E1-5302-01,2.8118628633511626
TCGA-E1-5303-01,TCGA-E1-5303-01,2.498722901986108
TCGA-E1-5304-01,TCGA-E1-5304-01,3.385403390659085
TCGA-E1-5305-01,TCGA-E1-5305-01,2.86952899929067
TCGA-E1-5307-01,TCGA-E1-5307-01,2.7421328353050582
TCGA-E1-5311-01,TCGA-E1-5311-01,2.3941864932054795
TCGA-E1-5318-01,TCGA-E1-5318-01,3.0874426316176025
TCGA-E1-5319-01,TCGA-E1-5319-01,2.580503416940928
TCGA-E1-5322-01,TCGA-E1-5322-01,2.8030058165829255
TCGA-E1-A7YD-01,TCGA-E1-A7YD-01,1.9480331591383109
TCGA-E1-A7YE-01,TCGA-E1-A7YE-01,2.334123955054009
TCGA-E1-A7YH-01,TCGA-E1-A7YH-01,2.6952233798414396
TCGA-E1-A7YI-01,TCGA-E1-A7YI-01,3.1724140948369537
TCGA-E1-A7YJ-01,TCGA-E1-A7YJ-01,2.2849377078508097
TCGA-E1-A7YK-01,TCGA-E1-A7YK-01,2.328041232084267
TCGA-E1-A7YL-01,TCGA-E1-A7YL-01,2.4803799538841727
TCGA-E1-A7YM-01,TCGA-E1-A7YM-01,2.8210926991758734
TCGA-E1-A7YN-01,TCGA-E1-A7YN-01,2.4897979699414554
TCGA-E1-A7YO-01,TCGA-E1-A7YO-01,2.741973278469704
TCGA-E1-A7YQ-01,TCGA-E1-A7YQ-01,2.1203843604094916
TCGA-E1-A7YS-01,TCGA-E1-A7YS-01,2.51029914198582
TCGA-E1-A7YU-01,TCGA-E1-A7YU-01,2.6643968373440927
TCGA-E1-A7YV-01,TCGA-E1-A7YV-01,2.8159412071430783
TCGA-E1-A7YW-01,TCGA-E1-A7YW-01,2.4972873569198906
TCGA-E1-A7YY-01,TCGA-E1-A7YY-01,3.137529598423201
TCGA-E1-A7Z2-01,TCGA-E1-A7Z2-01,2.8685264741997627
TCGA-E1-A7Z3-01,TCGA-E1-A7Z3-01,2.2811144000559698
TCGA-E1-A7Z4-01,TCGA-E1-A7Z4-01,2.5967797392267427
TCGA-E1-A7Z6-01,TCGA-E1-A7Z6-01,2.110109703306391
TCGA-EZ-7264-01,TCGA-EZ-7264-01,2.6534158614724728
TCGA-F6-A8O3-01,TCGA-F6-A8O3-01,2.625063444436776
TCGA-F6-A8O4-01,TCGA-F6-A8O4-01,2.4357394604562734
TCGA-FG-5962-01,TCGA-FG-5962-01,2.6085557714760266
TCGA-FG-5963-01,TCGA-FG-5963-01,2.318907121162779
TCGA-FG-5963-02,TCGA-FG-5963-02,2.7618435635511847
TCGA-FG-5964-01,TCGA-FG-5964-01,2.630233781990703
TCGA-FG-5965-01,TCGA-FG-5965-01,2.561882680473447
TCGA-FG-5965-02,TCGA-FG-5965-02,2.411261838776367
TCGA-FG-5965-02.1,TCGA-FG-5965-02.1,2.8424539975222927
TCGA-FG-6688-01,TCGA-FG-6688-01,2.4878330469272507
TCGA-FG-6689-01,TCGA-FG-6689-01,2.6814578753961027
TCGA-FG-6690-01,TCGA-FG-6690-01,2.9837049974749394
TCGA-FG-6691-01,TCGA-FG-6691-01,3.0379147509431688
TCGA-FG-6692-01,TCGA-FG-6692-01,2.600146586217836
TCGA-FG-7634-01,TCGA-FG-7634-01,2.9828747887873486
TCGA-FG-7636-01,TCGA-FG-7636-01,3.108079315369744
TCGA-FG-7637-01,TCGA-FG-7637-01,2.893148016765224
TCGA-FG-7638-01,TCGA-FG-7638-01,2.4749096073977968
TCGA-FG-7641-01,TCGA-FG-7641-01,2.6446856045588163
TCGA-FG-7643-01,TCGA-FG-7643-01,2.8263873159930863
TCGA-FG-8181-01,TCGA-FG-8181-01,3.022062132102005
TCGA-FG-8182-01,TCGA-FG-8182-01,2.995415217546373
TCGA-FG-8185-01,TCGA-FG-8185-01,2.4865678394578974
TCGA-FG-8186-01,TCGA-FG-8186-01,2.2443672569974966
TCGA-FG-8187-01,TCGA-FG-8187-01,2.4539606221454964
TCGA-FG-8188-01,TCGA-FG-8188-01,2.6718582336245293
TCGA-FG-8189-01,TCGA-FG-8189-01,2.9598109245227433
TCGA-FG-8191-01,TCGA-FG-8191-01,3.005861238527734
TCGA-FG-A4MT-01,TCGA-FG-A4MT-01,3.0665879891812535
TCGA-FG-A4MT-02,TCGA-FG-A4MT-02,2.818009891656292
TCGA-FG-A4MU-01,TCGA-FG-A4MU-01,2.7542410020667685
TCGA-FG-A4MW-01,TCGA-FG-A4MW-01,2.576914349031012
TCGA-FG-A4MX-01,TCGA-FG-A4MX-01,2.373289004813578
TCGA-FG-A4MY-01,TCGA-FG-A4MY-01,2.6383876524152354
TCGA-FG-A60J-01,TCGA-FG-A60J-01,2.4125699654148516
TCGA-FG-A60K-01,TCGA-FG-A60K-01,2.920513953122372
TCGA-FG-A60L-01,TCGA-FG-A60L-01,2.2669059993014593
TCGA-FG-A6IZ-01,TCGA-FG-A6IZ-01,1.9953410842924553
TCGA-FG-A6J1-01,TCGA-FG-A6J1-01,1.9907973407289032
TCGA-FG-A6J3-01,TCGA-FG-A6J3-01,2.3480005850913064
TCGA-FG-A70Y-01,TCGA-FG-A70Y-01,2.540761537206463
TCGA-FG-A70Z-01,TCGA-FG-A70Z-01,2.1380427811864653
TCGA-FG-A710-01,TCGA-FG-A710-01,2.164764289601349
TCGA-FG-A711-01,TCGA-FG-A711-01,2.2595638523922394
TCGA-FG-A713-01,TCGA-FG-A713-01,2.662618687179317
TCGA-FG-A87N-01,TCGA-FG-A87N-01,3.1777168761811643
TCGA-FG-A87Q-01,TCGA-FG-A87Q-01,2.7184984248757083
TCGA-FN-7833-01,TCGA-FN-7833-01,2.7966560774170826
TCGA-HT-7467-01,TCGA-HT-7467-01,2.4526966561588748
TCGA-HT-7468-01,TCGA-HT-7468-01,2.6445171083861427
TCGA-HT-7469-01,TCGA-HT-7469-01,3.2065354907576786
TCGA-HT-7470-01,TCGA-HT-7470-01,2.1455030180592263
TCGA-HT-7471-01,TCGA-HT-7471-01,2.398283270673044
TCGA-HT-7472-01,TCGA-HT-7472-01,2.5983505478888786
TCGA-HT-7473-01,TCGA-HT-7473-01,2.4520449319403266
TCGA-HT-7474-01,TCGA-HT-7474-01,2.712441114914995
TCGA-HT-7475-01,TCGA-HT-7475-01,2.910090339152269
TCGA-HT-7476-01,TCGA-HT-7476-01,2.6519518058149187
TCGA-HT-7477-01,TCGA-HT-7477-01,2.5134674114496027
TCGA-HT-7478-01,TCGA-HT-7478-01,2.514758099046243
TCGA-HT-7479-01,TCGA-HT-7479-01,2.875309228490274
TCGA-HT-7480-01,TCGA-HT-7480-01,2.724706730623546
TCGA-HT-7481-01,TCGA-HT-7481-01,2.7056560717630953
TCGA-HT-7482-01,TCGA-HT-7482-01,2.9427649815295034
TCGA-HT-7483-01,TCGA-HT-7483-01,2.995973508768807
TCGA-HT-7485-01,TCGA-HT-7485-01,3.0982812121056944
TCGA-HT-7601-01,TCGA-HT-7601-01,2.371398728852787
TCGA-HT-7602-01,TCGA-HT-7602-01,2.9562520603393083
TCGA-HT-7603-01,TCGA-HT-7603-01,2.750245708811667
TCGA-HT-7604-01,TCGA-HT-7604-01,2.926781068803798
TCGA-HT-7605-01,TCGA-HT-7605-01,2.6609190518573276
TCGA-HT-7606-01,TCGA-HT-7606-01,2.397269865903488
TCGA-HT-7607-01,TCGA-HT-7607-01,2.5801180365766063
TCGA-HT-7608-01,TCGA-HT-7608-01,2.6568434012911553
TCGA-HT-7609-01,TCGA-HT-7609-01,2.691851530257859
TCGA-HT-7610-01,TCGA-HT-7610-01,2.8980138439875693
TCGA-HT-7611-01,TCGA-HT-7611-01,2.7283079294649117
TCGA-HT-7616-01,TCGA-HT-7616-01,2.5626914673439867
TCGA-HT-7620-01,TCGA-HT-7620-01,2.5893090124757387
TCGA-HT-7676-01,TCGA-HT-7676-01,3.0892595006878247
TCGA-HT-7677-01,TCGA-HT-7677-01,2.369815443166636
TCGA-HT-7680-01,TCGA-HT-7680-01,3.2125684875739537
TCGA-HT-7681-01,TCGA-HT-7681-01,2.637873073128121
TCGA-HT-7684-01,TCGA-HT-7684-01,2.799669522790007
TCGA-HT-7686-01,TCGA-HT-7686-01,2.4326829734646576
TCGA-HT-7687-01,TCGA-HT-7687-01,2.596924074410546
TCGA-HT-7688-01,TCGA-HT-7688-01,2.6050384554954005
TCGA-HT-7689-01,TCGA-HT-7689-01,2.653362510841916
TCGA-HT-7690-01,TCGA-HT-7690-01,2.428138076608268
TCGA-HT-7691-01,TCGA-HT-7691-01,2.7611949638042064
TCGA-HT-7692-01,TCGA-HT-7692-01,2.971651923003127
TCGA-HT-7693-01,TCGA-HT-7693-01,2.241394150657641
TCGA-HT-7694-01,TCGA-HT-7694-01,2.755802110580658
TCGA-HT-7695-01,TCGA-HT-7695-01,2.687967770158644
TCGA-HT-7854-01,TCGA-HT-7854-01,2.039412727670352
TCGA-HT-7855-01,TCGA-HT-7855-01,3.017518206007453
TCGA-HT-7856-01,TCGA-HT-7856-01,2.3202898303978596
TCGA-HT-7857-01,TCGA-HT-7857-01,2.4091205981307304
TCGA-HT-7858-01,TCGA-HT-7858-01,2.714921745117665
TCGA-HT-7860-01,TCGA-HT-7860-01,2.3412868490017504
TCGA-HT-7873-01,TCGA-HT-7873-01,2.7255334485488265
TCGA-HT-7874-01,TCGA-HT-7874-01,2.9785746263617634
TCGA-HT-7875-01,TCGA-HT-7875-01,2.6608251146506974
TCGA-HT-7877-01,TCGA-HT-7877-01,2.7349517718017333
TCGA-HT-7879-01,TCGA-HT-7879-01,2.3739517500886262
TCGA-HT-7880-01,TCGA-HT-7880-01,2.798960364596406
TCGA-HT-7881-01,TCGA-HT-7881-01,2.680185704858862
TCGA-HT-7882-01,TCGA-HT-7882-01,2.4399268528584885
TCGA-HT-7884-01,TCGA-HT-7884-01,2.4324647284431573
TCGA-HT-7902-01,TCGA-HT-7902-01,2.698810436098584
TCGA-HT-8010-01,TCGA-HT-8010-01,2.506822165819079
TCGA-HT-8011-01,TCGA-HT-8011-01,1.985020540129431
TCGA-HT-8012-01,TCGA-HT-8012-01,2.733912445759354
TCGA-HT-8013-01,TCGA-HT-8013-01,2.636781426344109
TCGA-HT-8015-01,TCGA-HT-8015-01,2.7957311672193033
TCGA-HT-8018-01,TCGA-HT-8018-01,2.466067682503838
TCGA-HT-8019-01,TCGA-HT-8019-01,2.976010007545941
TCGA-HT-8104-01,TCGA-HT-8104-01,2.6398822581469936
TCGA-HT-8105-01,TCGA-HT-8105-01,2.741548752698463
TCGA-HT-8106-01,TCGA-HT-8106-01,2.4430044460163174
TCGA-HT-8107-01,TCGA-HT-8107-01,3.0442226117167275
TCGA-HT-8108-01,TCGA-HT-8108-01,2.6582173300478296
TCGA-HT-8109-01,TCGA-HT-8109-01,2.6033260406147813
TCGA-HT-8110-01,TCGA-HT-8110-01,2.0514034325643102
TCGA-HT-8111-01,TCGA-HT-8111-01,2.8144122783364764
TCGA-HT-8113-01,TCGA-HT-8113-01,3.017249044741081
TCGA-HT-8114-01,TCGA-HT-8114-01,2.570854614651613
TCGA-HT-8558-01,TCGA-HT-8558-01,3.2050254638915714
TCGA-HT-8563-01,TCGA-HT-8563-01,2.990629688727514
TCGA-HT-8564-01,TCGA-HT-8564-01,1.9966035208469073
TCGA-HT-A4DS-01,TCGA-HT-A4DS-01,2.370756572048949
TCGA-HT-A4DV-01,TCGA-HT-A4DV-01,2.2631780802467274
TCGA-HT-A5R5-01,TCGA-HT-A5R5-01,2.5902758562839536
TCGA-HT-A5R7-01,TCGA-HT-A5R7-01,2.508112093828546
TCGA-HT-A5R9-01,TCGA-HT-A5R9-01,2.7606030610545327
TCGA-HT-A5RA-01,TCGA-HT-A5RA-01,2.357066962225126
TCGA-HT-A5RB-01,TCGA-HT-A5RB-01,2.8920989849927965
TCGA-HT-A5RC-01,TCGA-HT-A5RC-01,2.772314938009664
TCGA-HT-A614-01,TCGA-HT-A614-01,2.2931100708972307
TCGA-HT-A615-01,TCGA-HT-A615-01,3.011509719664028
TCGA-HT-A616-01,TCGA-HT-A616-01,2.4933468547265325
TCGA-HT-A617-01,TCGA-HT-A617-01,2.2242330471634926
TCGA-HT-A618-01,TCGA-HT-A618-01,2.201625783300577
TCGA-HT-A619-01,TCGA-HT-A619-01,3.0361570420752386
TCGA-HT-A61A-01,TCGA-HT-A61A-01,2.7935439403407263
TCGA-HT-A61B-01,TCGA-HT-A61B-01,2.444838040099738
TCGA-HT-A61C-01,TCGA-HT-A61C-01,2.7200262002957087
TCGA-HT-A74H-01,TCGA-HT-A74H-01,1.7560848129315594
TCGA-HT-A74J-01,TCGA-HT-A74J-01,2.6215599605523847
TCGA-HT-A74K-01,TCGA-HT-A74K-01,2.185198276755278
TCGA-HT-A74L-01,TCGA-HT-A74L-01,2.6592367691960592
TCGA-HT-A74O-01,TCGA-HT-A74O-01,2.389385041705471
TCGA-HW-7486-01,TCGA-HW-7486-01,2.956677231493398
TCGA-HW-7487-01,TCGA-HW-7487-01,2.858068804614864
TCGA-HW-7489-01,TCGA-HW-7489-01,2.8432024060110663
TCGA-HW-7490-01,TCGA-HW-7490-01,2.9857692626908285
TCGA-HW-7491-01,TCGA-HW-7491-01,3.1395841757081886
TCGA-HW-7493-01,TCGA-HW-7493-01,2.4533821304336074
TCGA-HW-7495-01,TCGA-HW-7495-01,2.703496387894416
TCGA-HW-8319-01,TCGA-HW-8319-01,2.225093381053316
TCGA-HW-8320-01,TCGA-HW-8320-01,2.808732342297679
TCGA-HW-8321-01,TCGA-HW-8321-01,3.0219206757944255
TCGA-HW-8322-01,TCGA-HW-8322-01,2.6685747956278836
TCGA-HW-A5KJ-01,TCGA-HW-A5KJ-01,3.0843154125946515
TCGA-HW-A5KK-01,TCGA-HW-A5KK-01,2.4863972590525902
TCGA-HW-A5KL-01,TCGA-HW-A5KL-01,2.7143440829884242
TCGA-HW-A5KM-01,TCGA-HW-A5KM-01,2.7512217504165144
TCGA-IK-7675-01,TCGA-IK-7675-01,2.7610554475916844
TCGA-IK-8125-01,TCGA-IK-8125-01,2.6063631438693458
TCGA-KT-A74X-01,TCGA-KT-A74X-01,2.7739815795236207
TCGA-KT-A7W1-01,TCGA-KT-A7W1-01,2.9667389962983814
TCGA-P5-A5ET-01,TCGA-P5-A5ET-01,2.787569653412347
TCGA-P5-A5EU-01,TCGA-P5-A5EU-01,2.5238289181002207
TCGA-P5-A5EV-01,TCGA-P5-A5EV-01,2.911472611195604
TCGA-P5-A5EW-01,TCGA-P5-A5EW-01,3.1105772725858234
TCGA-P5-A5EX-01,TCGA-P5-A5EX-01,2.576235126010417
TCGA-P5-A5EY-01,TCGA-P5-A5EY-01,2.9225877454769917
TCGA-P5-A5EZ-01,TCGA-P5-A5EZ-01,2.5602405308583247
TCGA-P5-A5F0-01,TCGA-P5-A5F0-01,2.7320957054932133
TCGA-P5-A5F1-01,TCGA-P5-A5F1-01,2.742468028875949
TCGA-P5-A5F2-01,TCGA-P5-A5F2-01,2.9071160730984547
TCGA-P5-A5F4-01,TCGA-P5-A5F4-01,2.8312647977177683
TCGA-P5-A5F6-01,TCGA-P5-A5F6-01,3.175991053537256
TCGA-P5-A72U-01,TCGA-P5-A72U-01,2.21440063217219
TCGA-P5-A72W-01,TCGA-P5-A72W-01,2.753036604583019
TCGA-P5-A72X-01,TCGA-P5-A72X-01,2.5792111072184616
TCGA-P5-A72Z-01,TCGA-P5-A72Z-01,3.093496097131849
TCGA-P5-A730-01,TCGA-P5-A730-01,2.5726650458355453
TCGA-P5-A731-01,TCGA-P5-A731-01,2.0436537551336933
TCGA-P5-A733-01,TCGA-P5-A733-01,2.322594399277806
TCGA-P5-A735-01,TCGA-P5-A735-01,2.8459816809004637
TCGA-P5-A736-01,TCGA-P5-A736-01,2.6699063074734575
TCGA-P5-A737-01,TCGA-P5-A737-01,2.4316782237748806
TCGA-P5-A77W-01,TCGA-P5-A77W-01,3.1406151167201095
TCGA-P5-A77X-01,TCGA-P5-A77X-01,2.2422676519559785
TCGA-P5-A780-01,TCGA-P5-A780-01,2.917950683272559
TCGA-P5-A781-01,TCGA-P5-A781-01,2.536690215163671
TCGA-QH-A65R-01,TCGA-QH-A65R-01,2.5741415305201167
TCGA-QH-A65S-01,TCGA-QH-A65S-01,2.5818117875079434
TCGA-QH-A65V-01,TCGA-QH-A65V-01,2.6586169807664577
TCGA-QH-A65X-01,TCGA-QH-A65X-01,3.1679768467727136
TCGA-QH-A65Z-01,TCGA-QH-A65Z-01,2.4429536132352245
TCGA-QH-A6CS-01,TCGA-QH-A6CS-01,2.8582910926355067
TCGA-QH-A6CU-01,TCGA-QH-A6CU-01,2.6802621926099617
TCGA-QH-A6CV-01,TCGA-QH-A6CV-01,2.8587019851934232
TCGA-QH-A6CW-01,TCGA-QH-A6CW-01,2.708539074235503
TCGA-QH-A6CX-01,TCGA-QH-A6CX-01,2.845523267630629
TCGA-QH-A6CY-01,TCGA-QH-A6CY-01,2.5360241918276354
TCGA-QH-A6CZ-01,TCGA-QH-A6CZ-01,2.604477598080746
TCGA-QH-A6X3-01,TCGA-QH-A6X3-01,3.02797703882187
TCGA-QH-A6X4-01,TCGA-QH-A6X4-01,2.782588505331394
TCGA-QH-A6X5-01,TCGA-QH-A6X5-01,2.357772071007372
TCGA-QH-A6X8-01,TCGA-QH-A6X8-01,2.9116934968080947
TCGA-QH-A6X9-01,TCGA-QH-A6X9-01,2.559194041665015
TCGA-QH-A6XA-01,TCGA-QH-A6XA-01,2.738048859198358
TCGA-QH-A6XC-01,TCGA-QH-A6XC-01,2.868582374927043
TCGA-QH-A86X-01,TCGA-QH-A86X-01,2.5100362644832184
TCGA-QH-A870-01,TCGA-QH-A870-01,2.5941113948563572
TCGA-R8-A6MK-01,TCGA-R8-A6MK-01,2.5432277491906143
TCGA-R8-A6ML-01,TCGA-R8-A6ML-01,2.6369607344238037
TCGA-R8-A6MO-01,TCGA-R8-A6MO-01,2.487832755898022
TCGA-R8-A6YH-01,TCGA-R8-A6YH-01,2.9135956590308876
TCGA-R8-A73M-01,TCGA-R8-A73M-01,2.6490057959789053
TCGA-RY-A83X-01,TCGA-RY-A83X-01,2.7908244831120346
TCGA-RY-A83Y-01,TCGA-RY-A83Y-01,2.4895046200760755
TCGA-RY-A83Z-01,TCGA-RY-A83Z-01,2.4179033056726857
TCGA-RY-A840-01,TCGA-RY-A840-01,2.8148635716880768
TCGA-RY-A843-01,TCGA-RY-A843-01,2.472560476016412
TCGA-RY-A845-01,TCGA-RY-A845-01,2.7383749819421093
TCGA-RY-A847-01,TCGA-RY-A847-01,2.490668799266759
TCGA-S9-A6TS-01,TCGA-S9-A6TS-01,2.336973819070153
TCGA-S9-A6TU-01,TCGA-S9-A6TU-01,2.654618412301112
TCGA-S9-A6TV-01,TCGA-S9-A6TV-01,2.3837471749390104
TCGA-S9-A6TW-01,TCGA-S9-A6TW-01,2.905701670249542
TCGA-S9-A6TX-01,TCGA-S9-A6TX-01,2.665729208968019
TCGA-S9-A6TY-01,TCGA-S9-A6TY-01,2.8407481313745664
TCGA-S9-A6TZ-01,TCGA-S9-A6TZ-01,2.7483054166171077
TCGA-S9-A6U0-01,TCGA-S9-A6U0-01,2.6656710778267967
TCGA-S9-A6U1-01,TCGA-S9-A6U1-01,2.634163129601356
TCGA-S9-A6U2-01,TCGA-S9-A6U2-01,2.5481953647961904
TCGA-S9-A6U5-01,TCGA-S9-A6U5-01,2.512552838443871
TCGA-S9-A6U6-01,TCGA-S9-A6U6-01,2.5415276407495924
TCGA-S9-A6U8-01,TCGA-S9-A6U8-01,2.8831749609581436
TCGA-S9-A6U9-01,TCGA-S9-A6U9-01,2.670290670893865
TCGA-S9-A6UA-01,TCGA-S9-A6UA-01,2.3822649558384925
TCGA-S9-A6UB-01,TCGA-S9-A6UB-01,2.6607374044071554
TCGA-S9-A6WD-01,TCGA-S9-A6WD-01,2.0937258161077312
TCGA-S9-A6WE-01,TCGA-S9-A6WE-01,2.6554681102107196
TCGA-S9-A6WG-01,TCGA-S9-A6WG-01,2.136269643203324
TCGA-S9-A6WH-01,TCGA-S9-A6WH-01,2.1751077278117292
TCGA-S9-A6WI-01,TCGA-S9-A6WI-01,2.935752160232366
TCGA-S9-A6WL-01,TCGA-S9-A6WL-01,2.3808741415640737
TCGA-S9-A6WM-01,TCGA-S9-A6WM-01,2.765460927854363
TCGA-S9-A6WN-01,TCGA-S9-A6WN-01,2.47613152734187
TCGA-S9-A6WO-01,TCGA-S9-A6WO-01,2.807352994453271
TCGA-S9-A6WP-01,TCGA-S9-A6WP-01,2.414242718664769
TCGA-S9-A6WQ-01,TCGA-S9-A6WQ-01,2.6012315677598035
TCGA-S9-A7IQ-01,TCGA-S9-A7IQ-01,2.756633302467556
TCGA-S9-A7IS-01,TCGA-S9-A7IS-01,2.760754114675037
TCGA-S9-A7IX-01,TCGA-S9-A7IX-01,2.252875862182401
TCGA-S9-A7IY-01,TCGA-S9-A7IY-01,2.393019756902267
TCGA-S9-A7IZ-01,TCGA-S9-A7IZ-01,2.6645542124629507
TCGA-S9-A7J0-01,TCGA-S9-A7J0-01,2.6331327080799922
TCGA-S9-A7J1-01,TCGA-S9-A7J1-01,2.5187270338227172
TCGA-S9-A7J2-01,TCGA-S9-A7J2-01,2.8565227249768914
TCGA-S9-A7J3-01,TCGA-S9-A7J3-01,2.615926346718691
TCGA-S9-A7QW-01,TCGA-S9-A7QW-01,2.2924444560042074
TCGA-S9-A7QX-01,TCGA-S9-A7QX-01,2.772499195223487
TCGA-S9-A7QY-01,TCGA-S9-A7QY-01,2.5351790365315687
TCGA-S9-A7QZ-01,TCGA-S9-A7QZ-01,2.3263066273853217
TCGA-S9-A7R1-01,TCGA-S9-A7R1-01,2.5913839694181964
TCGA-S9-A7R2-01,TCGA-S9-A7R2-01,2.1308843437979914
TCGA-S9-A7R3-01,TCGA-S9-A7R3-01,2.8502526861421105
TCGA-S9-A7R4-01,TCGA-S9-A7R4-01,2.7055798350110978
TCGA-S9-A7R7-01,TCGA-S9-A7R7-01,2.345729171035199
TCGA-S9-A7R8-01,TCGA-S9-A7R8-01,2.3844947109881223
TCGA-S9-A89V-01,TCGA-S9-A89V-01,2.40888402775779
TCGA-S9-A89Z-01,TCGA-S9-A89Z-01,2.0929549970218626
TCGA-TM-A7C3-01,TCGA-TM-A7C3-01,2.659242901699937
TCGA-TM-A7C4-01,TCGA-TM-A7C4-01,2.4606987293963773
TCGA-TM-A7C5-01,TCGA-TM-A7C5-01,2.9807370354635863
TCGA-TM-A7CA-01,TCGA-TM-A7CA-01,2.9162833995804593
TCGA-TM-A7CF-01,TCGA-TM-A7CF-01,2.7953886172777502
TCGA-TM-A7CF-02,TCGA-TM-A7CF-02,2.80555967572527
TCGA-TM-A84B-01,TCGA-TM-A84B-01,2.9024532558074068
TCGA-TM-A84C-01,TCGA-TM-A84C-01,3.0354614171350383
TCGA-TM-A84F-01,TCGA-TM-A84F-01,2.4015051802682046
TCGA-TM-A84G-01,TCGA-TM-A84G-01,2.6356526376257676
TCGA-TM-A84H-01,TCGA-TM-A84H-01,2.49237779273896
TCGA-TM-A84I-01,TCGA-TM-A84I-01,2.788605177147455
TCGA-TM-A84J-01,TCGA-TM-A84J-01,3.0350533535946997
TCGA-TM-A84L-01,TCGA-TM-A84L-01,2.3714857767372743
TCGA-TM-A84M-01,TCGA-TM-A84M-01,2.6833567984798483
TCGA-TM-A84O-01,TCGA-TM-A84O-01,2.159589804959522
TCGA-TM-A84Q-01,TCGA-TM-A84Q-01,2.5729622781155794
TCGA-TM-A84R-01,TCGA-TM-A84R-01,2.7605866139276394
TCGA-TM-A84S-01,TCGA-TM-A84S-01,2.643727061305447
TCGA-TM-A84T-01,TCGA-TM-A84T-01,2.889786372252635
TCGA-TQ-A7RF-01,TCGA-TQ-A7RF-01,2.831200673337128
TCGA-TQ-A7RG-01,TCGA-TQ-A7RG-01,2.603650042027371
TCGA-TQ-A7RH-01,TCGA-TQ-A7RH-01,2.3189081217971297
TCGA-TQ-A7RI-01,TCGA-TQ-A7RI-01,2.716059420321894
TCGA-TQ-A7RJ-01,TCGA-TQ-A7RJ-01,2.3838685821166603
TCGA-TQ-A7RK-01,TCGA-TQ-A7RK-01,2.759422926839081
TCGA-TQ-A7RK-02,TCGA-TQ-A7RK-02,3.0131282332082088
TCGA-TQ-A7RK-02.1,TCGA-TQ-A7RK-02.1,3.0044970053986937
TCGA-TQ-A7RM-01,TCGA-TQ-A7RM-01,3.0063459643653174
TCGA-TQ-A7RN-01,TCGA-TQ-A7RN-01,2.674970029751188
TCGA-TQ-A7RO-01,TCGA-TQ-A7RO-01,2.6489405894758766
TCGA-TQ-A7RP-01,TCGA-TQ-A7RP-01,2.680773998910162
TCGA-TQ-A7RQ-01,TCGA-TQ-A7RQ-01,2.8404518877495244
TCGA-TQ-A7RR-01,TCGA-TQ-A7RR-01,2.5574498067932137
TCGA-TQ-A7RS-01,TCGA-TQ-A7RS-01,2.55044061100688
TCGA-TQ-A7RU-01,TCGA-TQ-A7RU-01,2.7850257879682676
TCGA-TQ-A7RV-01,TCGA-TQ-A7RV-01,2.9341210611347766
TCGA-TQ-A7RV-02,TCGA-TQ-A7RV-02,2.7587427244604292
TCGA-TQ-A7RW-01,TCGA-TQ-A7RW-01,2.5366651584352753
TCGA-TQ-A8XE-01,TCGA-TQ-A8XE-01,2.8671202695494347
TCGA-TQ-A8XE-02,TCGA-TQ-A8XE-02,3.017191987039652
TCGA-VM-A8C8-01,TCGA-VM-A8C8-01,2.9014656938497163
TCGA-VM-A8C9-01,TCGA-VM-A8C9-01,2.5690217581350634
TCGA-VM-A8CA-01,TCGA-VM-A8CA-01,2.615731807551903
TCGA-VM-A8CB-01,TCGA-VM-A8CB-01,3.1642973323349155
TCGA-VM-A8CD-01,TCGA-VM-A8CD-01,2.5773443469496002
TCGA-VM-A8CE-01,TCGA-VM-A8CE-01,2.677808035860884
TCGA-VM-A8CF-01,TCGA-VM-A8CF-01,2.612643237222198
TCGA-VM-A8CH-01,TCGA-VM-A8CH-01,2.8908546401773014
TCGA-VV-A829-01,TCGA-VV-A829-01,1.9579377951034915
TCGA-VV-A86M-01,TCGA-VV-A86M-01,3.080572236439076
TCGA-VW-A7QS-01,TCGA-VW-A7QS-01,2.014677284292368
TCGA-VW-A8FI-01,TCGA-VW-A8FI-01,2.5958875386309
TCGA-W9-A837-01,TCGA-W9-A837-01,2.5811406245319954
TCGA-WH-A86K-01,TCGA-WH-A86K-01,2.58446234453707
TCGA-WY-A858-01,TCGA-WY-A858-01,2.6739509097881955
TCGA-WY-A859-01,TCGA-WY-A859-01,3.0390466071055
TCGA-WY-A85A-01,TCGA-WY-A85A-01,3.04187741128623
TCGA-WY-A85B-01,TCGA-WY-A85B-01,2.8874159834211377
TCGA-WY-A85C-01,TCGA-WY-A85C-01,2.115411640330377
TCGA-WY-A85D-01,TCGA-WY-A85D-01,2.774795270572015
TCGA-WY-A85E-01,TCGA-WY-A85E-01,2.650844179967259
TCGA-05-4244-01,TCGA-05-4244-01,3.117181445934568
TCGA-05-4249-01,TCGA-05-4249-01,2.7498305718266685
TCGA-05-4250-01,TCGA-05-4250-01,2.4320756750666286
TCGA-05-4382-01,TCGA-05-4382-01,3.183468378549455
TCGA-05-4384-01,TCGA-05-4384-01,3.16159199939448
TCGA-05-4389-01,TCGA-05-4389-01,2.918323763793314
TCGA-05-4390-01,TCGA-05-4390-01,3.045403305795574
TCGA-05-4395-01,TCGA-05-4395-01,2.9241945406480783
TCGA-05-4396-01,TCGA-05-4396-01,2.9203849593526776
TCGA-05-4397-01,TCGA-05-4397-01,2.6466653467115906
TCGA-05-4398-01,TCGA-05-4398-01,3.0659222205694463
TCGA-05-4402-01,TCGA-05-4402-01,2.686274555915379
TCGA-05-4403-01,TCGA-05-4403-01,2.9014490116334444
TCGA-05-4405-01,TCGA-05-4405-01,3.1513021743271166
TCGA-05-4410-01,TCGA-05-4410-01,2.834610106409614
TCGA-05-4415-01,TCGA-05-4415-01,3.103219804093845
TCGA-05-4417-01,TCGA-05-4417-01,2.9626844203210934
TCGA-05-4418-01,TCGA-05-4418-01,1.9859531030643152
TCGA-05-4420-01,TCGA-05-4420-01,2.8113679837099346
TCGA-05-4422-01,TCGA-05-4422-01,3.1687985920501944
TCGA-05-4424-01,TCGA-05-4424-01,2.6031806373305946
TCGA-05-4425-01,TCGA-05-4425-01,2.5886119972310686
TCGA-05-4426-01,TCGA-05-4426-01,2.623010382827341
TCGA-05-4427-01,TCGA-05-4427-01,2.403130499623593
TCGA-05-4430-01,TCGA-05-4430-01,2.2267118809311137
TCGA-05-4432-01,TCGA-05-4432-01,2.7641539923273157
TCGA-05-4433-01,TCGA-05-4433-01,2.756212269955637
TCGA-05-4434-01,TCGA-05-4434-01,2.8103513649462943
TCGA-05-5420-01,TCGA-05-5420-01,2.7573863968845442
TCGA-05-5423-01,TCGA-05-5423-01,3.1839644934770983
TCGA-05-5425-01,TCGA-05-5425-01,2.85620859028506
TCGA-05-5428-01,TCGA-05-5428-01,3.2660470721830532
TCGA-05-5429-01,TCGA-05-5429-01,2.876241527235352
TCGA-05-5715-01,TCGA-05-5715-01,2.9855909185133065
TCGA-35-3615-01,TCGA-35-3615-01,3.2888613167875067
TCGA-35-4122-01,TCGA-35-4122-01,3.2664488012174218
TCGA-35-4123-01,TCGA-35-4123-01,2.848858938234799
TCGA-35-5375-01,TCGA-35-5375-01,2.9793373559891876
TCGA-38-4625-01,TCGA-38-4625-01,3.0413043435902143
TCGA-38-4625-11,TCGA-38-4625-11,2.6823788799803507
TCGA-38-4626-01,TCGA-38-4626-01,2.9454137773248577
TCGA-38-4626-11,TCGA-38-4626-11,2.4919765572408585
TCGA-38-4627-01,TCGA-38-4627-01,2.851384937006369
TCGA-38-4627-11,TCGA-38-4627-11,3.0058367830521533
TCGA-38-4628-01,TCGA-38-4628-01,2.95016573576033
TCGA-38-4629-01,TCGA-38-4629-01,3.340514936674605
TCGA-38-4630-01,TCGA-38-4630-01,3.0774006109649688
TCGA-38-4631-01,TCGA-38-4631-01,2.667373470355231
TCGA-38-4632-01,TCGA-38-4632-01,3.2924782377635413
TCGA-38-4632-11,TCGA-38-4632-11,2.736027109685173
TCGA-38-6178-01,TCGA-38-6178-01,2.704552573515464
TCGA-38-7271-01,TCGA-38-7271-01,2.6753880593064054
TCGA-38-A44F-01,TCGA-38-A44F-01,2.793252690835046
TCGA-44-2655-01,TCGA-44-2655-01,3.1871618747615167
TCGA-44-2655-11,TCGA-44-2655-11,2.7518280659436916
TCGA-44-2656-01,TCGA-44-2656-01,2.578314820717942
TCGA-44-2657-01,TCGA-44-2657-01,2.899730652456623
TCGA-44-2657-11,TCGA-44-2657-11,3.064379692771272
TCGA-44-2659-01,TCGA-44-2659-01,2.8405655029232015
TCGA-44-2661-01,TCGA-44-2661-01,2.6561513802573824
TCGA-44-2661-11,TCGA-44-2661-11,2.9884043429316764
TCGA-44-2662-01,TCGA-44-2662-01,3.107468065365949
TCGA-44-2662-11,TCGA-44-2662-11,2.9143501916859322
TCGA-44-2665-01,TCGA-44-2665-01,3.177310508845999
TCGA-44-2665-11,TCGA-44-2665-11,3.048248789691346
TCGA-44-2666-01,TCGA-44-2666-01,3.1399926017908686
TCGA-44-2668-01,TCGA-44-2668-01,2.982980372201639
TCGA-44-2668-11,TCGA-44-2668-11,2.9663858457500814
TCGA-44-3396-01,TCGA-44-3396-01,3.048844421847174
TCGA-44-3396-11,TCGA-44-3396-11,2.664647306095027
TCGA-44-3398-01,TCGA-44-3398-01,2.937617810699958
TCGA-44-3398-11,TCGA-44-3398-11,2.4176525064217627
TCGA-44-3918-01,TCGA-44-3918-01,2.65884977932401
TCGA-44-3919-01,TCGA-44-3919-01,2.240085286562109
TCGA-44-4112-01,TCGA-44-4112-01,3.198711222180274
TCGA-44-5643-01,TCGA-44-5643-01,3.149548716492645
TCGA-44-5644-01,TCGA-44-5644-01,2.1112136004274773
TCGA-44-5645-01,TCGA-44-5645-01,2.5080353088819862
TCGA-44-5645-11,TCGA-44-5645-11,2.404523420799782
TCGA-44-6144-11,TCGA-44-6144-11,2.6647761959761525
TCGA-44-6145-01,TCGA-44-6145-01,2.9786939807566633
TCGA-44-6145-11,TCGA-44-6145-11,2.6996123007223973
TCGA-44-6146-01,TCGA-44-6146-01,2.9140942366883924
TCGA-44-6146-11,TCGA-44-6146-11,2.9674991579654466
TCGA-44-6147-01,TCGA-44-6147-01,2.547308934285046
TCGA-44-6147-11,TCGA-44-6147-11,2.881156792575872
TCGA-44-6148-01,TCGA-44-6148-01,2.301725166242348
TCGA-44-6148-11,TCGA-44-6148-11,2.2902867999601133
TCGA-44-6774-01,TCGA-44-6774-01,3.1219101516398533
TCGA-44-6775-01,TCGA-44-6775-01,2.5470964241462504
TCGA-44-6776-01,TCGA-44-6776-01,3.275858116702667
TCGA-44-6776-11,TCGA-44-6776-11,2.985431174690049
TCGA-44-6777-01,TCGA-44-6777-01,2.7026993383091216
TCGA-44-6777-11,TCGA-44-6777-11,2.913448906615275
TCGA-44-6778-01,TCGA-44-6778-01,2.7064168683775605
TCGA-44-6778-11,TCGA-44-6778-11,2.8174645692517934
TCGA-44-6779-01,TCGA-44-6779-01,3.25425346027475
TCGA-44-7659-01,TCGA-44-7659-01,2.455974997869478
TCGA-44-7660-01,TCGA-44-7660-01,2.6290189729271107
TCGA-44-7661-01,TCGA-44-7661-01,3.1684386307359933
TCGA-44-7662-01,TCGA-44-7662-01,2.8428552712219717
TCGA-44-7667-01,TCGA-44-7667-01,2.9937457569610078
TCGA-44-7669-01,TCGA-44-7669-01,2.608972927079454
TCGA-44-7670-01,TCGA-44-7670-01,2.3997958898591154
TCGA-44-7671-01,TCGA-44-7671-01,3.16561524412268
TCGA-44-7672-01,TCGA-44-7672-01,2.871017368693254
TCGA-44-8117-01,TCGA-44-8117-01,3.3575978697729463
TCGA-44-8119-01,TCGA-44-8119-01,3.148953389696705
TCGA-44-8120-01,TCGA-44-8120-01,3.04693034274731
TCGA-44-A479-01,TCGA-44-A479-01,2.9726521554268497
TCGA-44-A47A-01,TCGA-44-A47A-01,2.422418167802249
TCGA-44-A47B-01,TCGA-44-A47B-01,2.9794000219329386
TCGA-44-A47G-01,TCGA-44-A47G-01,2.7753837310624556
TCGA-44-A4SS-01,TCGA-44-A4SS-01,3.1643982031757756
TCGA-44-A4SU-01,TCGA-44-A4SU-01,3.007790182278438
TCGA-49-4486-01,TCGA-49-4486-01,3.513769343169331
TCGA-49-4487-01,TCGA-49-4487-01,2.8564151652962355
TCGA-49-4488-01,TCGA-49-4488-01,3.440508171005976
TCGA-49-4490-01,TCGA-49-4490-01,3.0910706571599595
TCGA-49-4490-11,TCGA-49-4490-11,3.092899032839059
TCGA-49-4494-01,TCGA-49-4494-01,2.954952141070746
TCGA-49-4501-01,TCGA-49-4501-01,2.946049850388178
TCGA-49-4505-01,TCGA-49-4505-01,3.033651360120534
TCGA-49-4506-01,TCGA-49-4506-01,2.684601716312385
TCGA-49-4507-01,TCGA-49-4507-01,3.067395008446849
TCGA-49-4510-01,TCGA-49-4510-01,2.9847634367071705
TCGA-49-4512-01,TCGA-49-4512-01,2.5974048746009037
TCGA-49-4512-11,TCGA-49-4512-11,2.6632729790891343
TCGA-49-4514-01,TCGA-49-4514-01,2.715203082121907
TCGA-49-6742-01,TCGA-49-6742-01,2.6049394334997498
TCGA-49-6742-11,TCGA-49-6742-11,2.7416288047141175
TCGA-49-6743-01,TCGA-49-6743-01,3.1445500752876843
TCGA-49-6743-11,TCGA-49-6743-11,3.2009323559645595
TCGA-49-6744-01,TCGA-49-6744-01,2.9800682114091765
TCGA-49-6744-11,TCGA-49-6744-11,2.8752319169410994
TCGA-49-6745-01,TCGA-49-6745-01,2.644644416472189
TCGA-49-6745-11,TCGA-49-6745-11,2.428322225071385
TCGA-49-6761-01,TCGA-49-6761-01,2.7621526771696083
TCGA-49-6761-11,TCGA-49-6761-11,2.9582829250137435
TCGA-49-6767-01,TCGA-49-6767-01,2.9638555030143725
TCGA-49-AAQV-01,TCGA-49-AAQV-01,2.7052566405759477
TCGA-49-AAR0-01,TCGA-49-AAR0-01,2.7364316014254593
TCGA-49-AAR2-01,TCGA-49-AAR2-01,2.936887454868205
TCGA-49-AAR3-01,TCGA-49-AAR3-01,2.7886233059167482
TCGA-49-AAR4-01,TCGA-49-AAR4-01,2.7357240553041495
TCGA-49-AAR9-01,TCGA-49-AAR9-01,3.491939849097474
TCGA-49-AARE-01,TCGA-49-AARE-01,2.751857378134778
TCGA-49-AARN-01,TCGA-49-AARN-01,2.925418330315066
TCGA-49-AARO-01,TCGA-49-AARO-01,2.932291414241102
TCGA-49-AARQ-01,TCGA-49-AARQ-01,2.3024933295405203
TCGA-49-AARR-01,TCGA-49-AARR-01,2.128878420362666
TCGA-4B-A93V-01,TCGA-4B-A93V-01,2.390665166767744
TCGA-50-5044-01,TCGA-50-5044-01,3.181812467739237
TCGA-50-5045-01,TCGA-50-5045-01,2.547147281494691
TCGA-50-5049-01,TCGA-50-5049-01,2.9422592427627796
TCGA-50-5051-01,TCGA-50-5051-01,3.3468664032586446
TCGA-50-5055-01,TCGA-50-5055-01,3.0482457043990663
TCGA-50-5066-01,TCGA-50-5066-01,3.1789936353615795
TCGA-50-5066-02,TCGA-50-5066-02,2.2698790050116537
TCGA-50-5068-01,TCGA-50-5068-01,2.760675053333087
TCGA-50-5072-01,TCGA-50-5072-01,2.4885314666234244
TCGA-50-5930-01,TCGA-50-5930-01,2.744853186306679
TCGA-50-5930-11,TCGA-50-5930-11,3.0057329789533664
TCGA-50-5931-01,TCGA-50-5931-01,3.125818303120269
TCGA-50-5931-11,TCGA-50-5931-11,2.5035832873321535
TCGA-50-5932-01,TCGA-50-5932-01,2.957645668062708
TCGA-50-5932-11,TCGA-50-5932-11,2.77792992567487
TCGA-50-5933-01,TCGA-50-5933-01,3.0663762064781097
TCGA-50-5933-11,TCGA-50-5933-11,2.452905214868345
TCGA-50-5935-01,TCGA-50-5935-01,2.797249390075776
TCGA-50-5935-11,TCGA-50-5935-11,2.6808571385596958
TCGA-50-5936-01,TCGA-50-5936-01,2.7270082773992006
TCGA-50-5936-11,TCGA-50-5936-11,2.75989311039858
TCGA-50-5939-01,TCGA-50-5939-01,2.688396738724623
TCGA-50-5939-11,TCGA-50-5939-11,2.92986957045606
TCGA-50-5941-01,TCGA-50-5941-01,2.7413939957678166
TCGA-50-5942-01,TCGA-50-5942-01,2.7757087887537346
TCGA-50-5944-01,TCGA-50-5944-01,2.754005470204965
TCGA-50-5946-01,TCGA-50-5946-01,2.6077784334968537
TCGA-50-5946-02,TCGA-50-5946-02,2.659273281872968
TCGA-50-6590-01,TCGA-50-6590-01,3.4412300442093176
TCGA-50-6591-01,TCGA-50-6591-01,2.7780813901115984
TCGA-50-6592-01,TCGA-50-6592-01,2.4597154922189723
TCGA-50-6593-01,TCGA-50-6593-01,2.7608650484020294
TCGA-50-6594-01,TCGA-50-6594-01,3.0550401998106818
TCGA-50-6595-01,TCGA-50-6595-01,3.2259914017800337
TCGA-50-6595-11,TCGA-50-6595-11,2.608177225075716
TCGA-50-6597-01,TCGA-50-6597-01,2.5197208883294384
TCGA-50-6673-01,TCGA-50-6673-01,2.557006344320631
TCGA-50-7109-01,TCGA-50-7109-01,2.1567235510220084
TCGA-50-8457-01,TCGA-50-8457-01,2.8574473551773956
TCGA-50-8459-01,TCGA-50-8459-01,2.4925892113050123
TCGA-50-8460-01,TCGA-50-8460-01,2.685306423712713
TCGA-53-7624-01,TCGA-53-7624-01,2.576416792833102
TCGA-53-7626-01,TCGA-53-7626-01,3.0158520020978936
TCGA-53-7813-01,TCGA-53-7813-01,3.01393568713139
TCGA-53-A4EZ-01,TCGA-53-A4EZ-01,3.2733865508850695
TCGA-55-1592-01,TCGA-55-1592-01,2.955298887630887
TCGA-55-1594-01,TCGA-55-1594-01,2.636695336782398
TCGA-55-1595-01,TCGA-55-1595-01,2.7812275777884228
TCGA-55-1596-01,TCGA-55-1596-01,2.7912918038999184
TCGA-55-5899-01,TCGA-55-5899-01,2.6791409261076344
TCGA-55-6543-01,TCGA-55-6543-01,2.631932872029863
TCGA-55-6642-01,TCGA-55-6642-01,3.270509202455449
TCGA-55-6712-01,TCGA-55-6712-01,2.733762926121397
TCGA-55-6968-01,TCGA-55-6968-01,2.8048316110548996
TCGA-55-6968-11,TCGA-55-6968-11,2.655688058307968
TCGA-55-6969-01,TCGA-55-6969-01,2.454347540818593
TCGA-55-6969-11,TCGA-55-6969-11,2.820154048970184
TCGA-55-6970-01,TCGA-55-6970-01,3.3851720463123365
TCGA-55-6970-11,TCGA-55-6970-11,3.138969039106616
TCGA-55-6971-01,TCGA-55-6971-01,3.219461782544488
TCGA-55-6971-11,TCGA-55-6971-11,2.93769942317257
TCGA-55-6972-01,TCGA-55-6972-01,3.109846705824802
TCGA-55-6972-11,TCGA-55-6972-11,2.7603722856878936
TCGA-55-6975-01,TCGA-55-6975-01,3.331313081670781
TCGA-55-6975-11,TCGA-55-6975-11,2.788218383680068
TCGA-55-6978-01,TCGA-55-6978-01,3.0751580775540504
TCGA-55-6978-11,TCGA-55-6978-11,2.466584484767618
TCGA-55-6979-01,TCGA-55-6979-01,3.019758604080412
TCGA-55-6979-11,TCGA-55-6979-11,2.8084679355952726
TCGA-55-6980-01,TCGA-55-6980-01,3.186269600995164
TCGA-55-6980-11,TCGA-55-6980-11,2.7780230411868843
TCGA-55-6981-01,TCGA-55-6981-01,3.2407947850661425
TCGA-55-6981-11,TCGA-55-6981-11,2.853537745088268
TCGA-55-6982-01,TCGA-55-6982-01,2.8363613526256897
TCGA-55-6982-11,TCGA-55-6982-11,2.575587359756959
TCGA-55-6983-01,TCGA-55-6983-01,2.8702293560111625
TCGA-55-6983-11,TCGA-55-6983-11,2.5952981688663677
TCGA-55-6984-01,TCGA-55-6984-01,2.79306133478365
TCGA-55-6984-11,TCGA-55-6984-11,2.5454104862639024
TCGA-55-6985-01,TCGA-55-6985-01,2.2379382404941897
TCGA-55-6985-11,TCGA-55-6985-11,2.839108048509532
TCGA-55-6986-01,TCGA-55-6986-01,3.1156598252747965
TCGA-55-6986-11,TCGA-55-6986-11,1.7426849189289224
TCGA-55-6987-01,TCGA-55-6987-01,3.137438213185323
TCGA-55-7227-01,TCGA-55-7227-01,3.4094152967361393
TCGA-55-7281-01,TCGA-55-7281-01,2.6388102853458717
TCGA-55-7283-01,TCGA-55-7283-01,2.5614354339909826
TCGA-55-7284-01,TCGA-55-7284-01,3.0459014959621586
TCGA-55-7570-01,TCGA-55-7570-01,2.294245337407727
TCGA-55-7573-01,TCGA-55-7573-01,2.289476020288298
TCGA-55-7574-01,TCGA-55-7574-01,3.338228939378459
TCGA-55-7576-01,TCGA-55-7576-01,3.0155347715902012
TCGA-55-7724-01,TCGA-55-7724-01,3.2208574109455017
TCGA-55-7725-01,TCGA-55-7725-01,3.061587502889902
TCGA-55-7726-01,TCGA-55-7726-01,3.3001541787726394
TCGA-55-7727-01,TCGA-55-7727-01,2.3116772263943117
TCGA-55-7728-01,TCGA-55-7728-01,2.969692429741004
TCGA-55-7815-01,TCGA-55-7815-01,3.1144107539362818
TCGA-55-7816-01,TCGA-55-7816-01,3.0657745340034945
TCGA-55-7903-01,TCGA-55-7903-01,3.110676126740276
TCGA-55-7907-01,TCGA-55-7907-01,2.707942443296131
TCGA-55-7910-01,TCGA-55-7910-01,2.5353160437979243
TCGA-55-7911-01,TCGA-55-7911-01,3.318501045221508
TCGA-55-7913-01,TCGA-55-7913-01,2.775530132425433
TCGA-55-7914-01,TCGA-55-7914-01,2.5735064865364423
TCGA-55-7994-01,TCGA-55-7994-01,2.8626409895283738
TCGA-55-7995-01,TCGA-55-7995-01,2.6408528305901635
TCGA-55-8085-01,TCGA-55-8085-01,3.1568798754205245
TCGA-55-8087-01,TCGA-55-8087-01,2.8956441216510274
TCGA-55-8089-01,TCGA-55-8089-01,2.605933667431752
TCGA-55-8090-01,TCGA-55-8090-01,3.1860819915553953
TCGA-55-8091-01,TCGA-55-8091-01,2.6030910460789722
TCGA-55-8092-01,TCGA-55-8092-01,3.083160299347477
TCGA-55-8094-01,TCGA-55-8094-01,2.5593108294261815
TCGA-55-8096-01,TCGA-55-8096-01,2.5375858175938935
TCGA-55-8097-01,TCGA-55-8097-01,2.797946065127162
TCGA-55-8203-01,TCGA-55-8203-01,3.074196387063312
TCGA-55-8204-01,TCGA-55-8204-01,2.954336246181986
TCGA-55-8205-01,TCGA-55-8205-01,2.96056229717657
TCGA-55-8206-01,TCGA-55-8206-01,2.7072472826131837
TCGA-55-8207-01,TCGA-55-8207-01,2.8635467027425445
TCGA-55-8208-01,TCGA-55-8208-01,2.6008177148494114
TCGA-55-8299-01,TCGA-55-8299-01,3.1305310167422427
TCGA-55-8301-01,TCGA-55-8301-01,2.9493092868121207
TCGA-55-8302-01,TCGA-55-8302-01,3.222526693154734
TCGA-55-8505-01,TCGA-55-8505-01,3.132582551702958
TCGA-55-8506-01,TCGA-55-8506-01,3.2480505123084633
TCGA-55-8507-01,TCGA-55-8507-01,2.707352913244783
TCGA-55-8508-01,TCGA-55-8508-01,3.4225697819471526
TCGA-55-8510-01,TCGA-55-8510-01,2.53125227800233
TCGA-55-8511-01,TCGA-55-8511-01,2.9394005082274863
TCGA-55-8512-01,TCGA-55-8512-01,2.462857317905184
TCGA-55-8513-01,TCGA-55-8513-01,2.229024702328984
TCGA-55-8514-01,TCGA-55-8514-01,3.3771574112585316
TCGA-55-8614-01,TCGA-55-8614-01,2.922860691227691
TCGA-55-8615-01,TCGA-55-8615-01,3.045551931923776
TCGA-55-8616-01,TCGA-55-8616-01,2.1817296882551815
TCGA-55-8619-01,TCGA-55-8619-01,2.8087447694771477
TCGA-55-8620-01,TCGA-55-8620-01,2.7352003857374116
TCGA-55-8621-01,TCGA-55-8621-01,2.2462076826037585
TCGA-55-A48X-01,TCGA-55-A48X-01,2.6906838351014866
TCGA-55-A48Y-01,TCGA-55-A48Y-01,3.2447013368428754
TCGA-55-A48Z-01,TCGA-55-A48Z-01,2.6542168048457575
TCGA-55-A490-01,TCGA-55-A490-01,2.710862704816453
TCGA-55-A491-01,TCGA-55-A491-01,2.8848701147959495
TCGA-55-A492-01,TCGA-55-A492-01,2.9616928640116718
TCGA-55-A493-01,TCGA-55-A493-01,2.7251386988627018
TCGA-55-A494-01,TCGA-55-A494-01,2.996907207839438
TCGA-55-A4DF-01,TCGA-55-A4DF-01,2.9505086778110488
TCGA-55-A4DG-01,TCGA-55-A4DG-01,2.397054200511932
TCGA-55-A57B-01,TCGA-55-A57B-01,2.824942927285015
TCGA-62-8394-01,TCGA-62-8394-01,2.59997230664756
TCGA-62-8395-01,TCGA-62-8395-01,2.9505184670354097
TCGA-62-8397-01,TCGA-62-8397-01,3.065274376869652
TCGA-62-8398-01,TCGA-62-8398-01,3.0818612607158165
TCGA-62-8399-01,TCGA-62-8399-01,3.381835924276501
TCGA-62-8402-01,TCGA-62-8402-01,2.4758473477903045
TCGA-62-A46O-01,TCGA-62-A46O-01,3.0326674470864137
TCGA-62-A46P-01,TCGA-62-A46P-01,3.407609375784004
TCGA-62-A46R-01,TCGA-62-A46R-01,2.5659071983324826
TCGA-62-A46S-01,TCGA-62-A46S-01,3.040913258676592
TCGA-62-A46U-01,TCGA-62-A46U-01,2.778059381125859
TCGA-62-A46V-01,TCGA-62-A46V-01,2.8751173155020022
TCGA-62-A46Y-01,TCGA-62-A46Y-01,2.503372655685281
TCGA-62-A470-01,TCGA-62-A470-01,2.955961537285726
TCGA-62-A471-01,TCGA-62-A471-01,2.971399244296117
TCGA-62-A472-01,TCGA-62-A472-01,2.952752400485432
TCGA-64-1676-01,TCGA-64-1676-01,3.4355409127114394
TCGA-64-1677-01,TCGA-64-1677-01,3.1975184383209125
TCGA-64-1678-01,TCGA-64-1678-01,3.433283014988755
TCGA-64-1679-01,TCGA-64-1679-01,2.919184888287171
TCGA-64-1680-01,TCGA-64-1680-01,3.140955582709223
TCGA-64-1681-01,TCGA-64-1681-01,2.8630232975765035
TCGA-64-5774-01,TCGA-64-5774-01,3.345332203277653
TCGA-64-5775-01,TCGA-64-5775-01,3.3244317515653536
TCGA-64-5778-01,TCGA-64-5778-01,2.8619818362493863
TCGA-64-5779-01,TCGA-64-5779-01,3.157303527959513
TCGA-64-5781-01,TCGA-64-5781-01,2.93052841938932
TCGA-64-5815-01,TCGA-64-5815-01,3.2860237485380153
TCGA-67-3770-01,TCGA-67-3770-01,2.850401807925131
TCGA-67-3771-01,TCGA-67-3771-01,2.6839504862072365
TCGA-67-3772-01,TCGA-67-3772-01,3.0393193383159374
TCGA-67-3773-01,TCGA-67-3773-01,3.229603681492181
TCGA-67-3774-01,TCGA-67-3774-01,2.60263529480657
TCGA-67-4679-01,TCGA-67-4679-01,2.7114156100639315
TCGA-67-6215-01,TCGA-67-6215-01,2.8743275664367767
TCGA-67-6216-01,TCGA-67-6216-01,2.738223145468545
TCGA-67-6217-01,TCGA-67-6217-01,3.0212124704688086
TCGA-69-7760-01,TCGA-69-7760-01,3.2705456787010494
TCGA-69-7761-01,TCGA-69-7761-01,3.2594659130338504
TCGA-69-7763-01,TCGA-69-7763-01,3.195464196273215
TCGA-69-7764-01,TCGA-69-7764-01,3.354622776541834
TCGA-69-7765-01,TCGA-69-7765-01,2.9287888695200475
TCGA-69-7973-01,TCGA-69-7973-01,2.9481126876413297
TCGA-69-7974-01,TCGA-69-7974-01,2.9919509519456584
TCGA-69-7978-01,TCGA-69-7978-01,2.8999228546455655
TCGA-69-7979-01,TCGA-69-7979-01,2.877290858934292
TCGA-69-7980-01,TCGA-69-7980-01,2.3991583659163336
TCGA-69-8253-01,TCGA-69-8253-01,3.4774434157350598
TCGA-69-8254-01,TCGA-69-8254-01,3.08028250920081
TCGA-69-8255-01,TCGA-69-8255-01,2.6692754249032324
TCGA-69-8453-01,TCGA-69-8453-01,2.23779981399361
TCGA-69-A59K-01,TCGA-69-A59K-01,2.9797642633193084
TCGA-71-6725-01,TCGA-71-6725-01,2.9015132562833785
TCGA-71-8520-01,TCGA-71-8520-01,2.6329850250990536
TCGA-73-4658-01,TCGA-73-4658-01,3.087921358170993
TCGA-73-4659-01,TCGA-73-4659-01,3.287174241673935
TCGA-73-4662-01,TCGA-73-4662-01,2.5777939528877396
TCGA-73-4666-01,TCGA-73-4666-01,3.153379108358946
TCGA-73-4668-01,TCGA-73-4668-01,3.208582235075202
TCGA-73-4670-01,TCGA-73-4670-01,3.080542310133211
TCGA-73-4675-01,TCGA-73-4675-01,2.726935158457227
TCGA-73-4676-01,TCGA-73-4676-01,3.436474482153362
TCGA-73-4676-11,TCGA-73-4676-11,2.599964299534151
TCGA-73-4677-01,TCGA-73-4677-01,3.1914743262877168
TCGA-73-7498-01,TCGA-73-7498-01,3.3699474877543105
TCGA-73-7499-01,TCGA-73-7499-01,2.615220409171224
TCGA-73-A9RS-01,TCGA-73-A9RS-01,2.839612707125373
TCGA-75-5122-01,TCGA-75-5122-01,3.340777615784543
TCGA-75-5125-01,TCGA-75-5125-01,3.4370134981631715
TCGA-75-5126-01,TCGA-75-5126-01,2.4306712387700147
TCGA-75-5146-01,TCGA-75-5146-01,2.9224311599701305
TCGA-75-5147-01,TCGA-75-5147-01,2.8995328459523093
TCGA-75-6203-01,TCGA-75-6203-01,2.9748602764879264
TCGA-75-6205-01,TCGA-75-6205-01,3.0173609687730867
TCGA-75-6206-01,TCGA-75-6206-01,3.2248604538324246
TCGA-75-6207-01,TCGA-75-6207-01,2.8051027479743755
TCGA-75-6211-01,TCGA-75-6211-01,3.3021373766573885
TCGA-75-6212-01,TCGA-75-6212-01,3.4561169711659985
TCGA-75-6214-01,TCGA-75-6214-01,3.1246145552271862
TCGA-75-7025-01,TCGA-75-7025-01,2.7465323467114393
TCGA-75-7027-01,TCGA-75-7027-01,2.8815724940546485
TCGA-75-7030-01,TCGA-75-7030-01,2.40939493059747
TCGA-75-7031-01,TCGA-75-7031-01,3.0631612655753466
TCGA-78-7143-01,TCGA-78-7143-01,2.576292549824923
TCGA-78-7145-01,TCGA-78-7145-01,2.8981368442130853
TCGA-78-7146-01,TCGA-78-7146-01,3.103829938050549
TCGA-78-7147-01,TCGA-78-7147-01,2.0369481298290872
TCGA-78-7148-01,TCGA-78-7148-01,2.6814725811974323
TCGA-78-7149-01,TCGA-78-7149-01,3.0916752434306707
TCGA-78-7150-01,TCGA-78-7150-01,2.9536974976143178
TCGA-78-7152-01,TCGA-78-7152-01,3.0129085309003174
TCGA-78-7153-01,TCGA-78-7153-01,2.6643196739914528
TCGA-78-7154-01,TCGA-78-7154-01,2.41159669278911
TCGA-78-7155-01,TCGA-78-7155-01,2.970610558165728
TCGA-78-7156-01,TCGA-78-7156-01,3.4479230390917976
TCGA-78-7158-01,TCGA-78-7158-01,2.7991002702628323
TCGA-78-7159-01,TCGA-78-7159-01,2.2991633996766287
TCGA-78-7160-01,TCGA-78-7160-01,3.239856200802189
TCGA-78-7161-01,TCGA-78-7161-01,2.794447440850364
TCGA-78-7162-01,TCGA-78-7162-01,2.936690323263226
TCGA-78-7163-01,TCGA-78-7163-01,3.0854680402681876
TCGA-78-7166-01,TCGA-78-7166-01,2.726312059721958
TCGA-78-7167-01,TCGA-78-7167-01,3.2199549114299075
TCGA-78-7220-01,TCGA-78-7220-01,2.5303817533241686
TCGA-78-7535-01,TCGA-78-7535-01,3.0824706320151614
TCGA-78-7536-01,TCGA-78-7536-01,3.1098203370401967
TCGA-78-7537-01,TCGA-78-7537-01,3.1549452099305735
TCGA-78-7539-01,TCGA-78-7539-01,2.8929948766733387
TCGA-78-7540-01,TCGA-78-7540-01,2.4057910460030216
TCGA-78-7542-01,TCGA-78-7542-01,3.241002707492321
TCGA-78-7633-01,TCGA-78-7633-01,3.26546989890037
TCGA-78-8640-01,TCGA-78-8640-01,3.0470026210367553
TCGA-78-8648-01,TCGA-78-8648-01,2.471152371546976
TCGA-78-8655-01,TCGA-78-8655-01,3.20051390291471
TCGA-78-8660-01,TCGA-78-8660-01,2.9943162413173288
TCGA-78-8662-01,TCGA-78-8662-01,2.97416202569553
TCGA-80-5607-01,TCGA-80-5607-01,3.4485048471654896
TCGA-80-5608-01,TCGA-80-5608-01,3.2055428761040043
TCGA-80-5611-01,TCGA-80-5611-01,2.235319537644055
TCGA-83-5908-01,TCGA-83-5908-01,3.0139470501781696
TCGA-86-6562-01,TCGA-86-6562-01,2.6728231254606096
TCGA-86-6851-01,TCGA-86-6851-01,2.733706984198896
TCGA-86-7701-01,TCGA-86-7701-01,3.2245112280346198
TCGA-86-7711-01,TCGA-86-7711-01,3.1440415656660163
TCGA-86-7713-01,TCGA-86-7713-01,2.5521994649791626
TCGA-86-7714-01,TCGA-86-7714-01,2.828994534498321
TCGA-86-7953-01,TCGA-86-7953-01,2.8738669486834647
TCGA-86-7954-01,TCGA-86-7954-01,2.664181100899754
TCGA-86-7955-01,TCGA-86-7955-01,3.189501332447381
TCGA-86-8054-01,TCGA-86-8054-01,3.130950329269857
TCGA-86-8055-01,TCGA-86-8055-01,2.7249799567788866
TCGA-86-8056-01,TCGA-86-8056-01,2.588800430528052
TCGA-86-8073-01,TCGA-86-8073-01,3.1609060169744554
TCGA-86-8074-01,TCGA-86-8074-01,2.53691230731116
TCGA-86-8075-01,TCGA-86-8075-01,2.8455392297374154
TCGA-86-8076-01,TCGA-86-8076-01,2.7115413441384524
TCGA-86-8278-01,TCGA-86-8278-01,3.0790384087974743
TCGA-86-8279-01,TCGA-86-8279-01,3.0872268654594293
TCGA-86-8280-01,TCGA-86-8280-01,2.40310817377469
TCGA-86-8281-01,TCGA-86-8281-01,3.196658374270271
TCGA-86-8358-01,TCGA-86-8358-01,2.638559525410714
TCGA-86-8359-01,TCGA-86-8359-01,3.052248530754815
TCGA-86-8585-01,TCGA-86-8585-01,3.234457413036034
TCGA-86-8668-01,TCGA-86-8668-01,2.456077333495235
TCGA-86-8669-01,TCGA-86-8669-01,2.912836766470692
TCGA-86-8671-01,TCGA-86-8671-01,2.8915597937428705
TCGA-86-8672-01,TCGA-86-8672-01,3.4285385233651304
TCGA-86-8673-01,TCGA-86-8673-01,2.3326673844683157
TCGA-86-8674-01,TCGA-86-8674-01,2.854027930295624
TCGA-86-A456-01,TCGA-86-A456-01,2.3849714295602316
TCGA-86-A4D0-01,TCGA-86-A4D0-01,2.2460281065330365
TCGA-86-A4JF-01,TCGA-86-A4JF-01,3.36230712064551
TCGA-86-A4P7-01,TCGA-86-A4P7-01,2.592255328670587
TCGA-86-A4P8-01,TCGA-86-A4P8-01,2.9342193619356127
TCGA-91-6828-01,TCGA-91-6828-01,3.06157415685794
TCGA-91-6828-11,TCGA-91-6828-11,2.439504791881688
TCGA-91-6829-01,TCGA-91-6829-01,2.5704518953878135
TCGA-91-6829-11,TCGA-91-6829-11,3.1474641815581754
TCGA-91-6830-01,TCGA-91-6830-01,2.70494729949465
TCGA-91-6831-01,TCGA-91-6831-01,2.8707893981370964
TCGA-91-6831-11,TCGA-91-6831-11,2.9269828175722803
TCGA-91-6835-01,TCGA-91-6835-01,2.5205664890490302
TCGA-91-6835-11,TCGA-91-6835-11,2.0420653470598773
TCGA-91-6836-01,TCGA-91-6836-01,3.0064999240794634
TCGA-91-6836-11,TCGA-91-6836-11,2.7745700100221393
TCGA-91-6840-01,TCGA-91-6840-01,2.292663269187195
TCGA-91-6847-01,TCGA-91-6847-01,3.1932667366886522
TCGA-91-6847-11,TCGA-91-6847-11,2.6097412571757337
TCGA-91-6848-01,TCGA-91-6848-01,2.6103801136358884
TCGA-91-6849-01,TCGA-91-6849-01,3.4557970578806385
TCGA-91-6849-11,TCGA-91-6849-11,2.556488654429535
TCGA-91-7771-01,TCGA-91-7771-01,3.3346666468376847
TCGA-91-8496-01,TCGA-91-8496-01,3.031523467708211
TCGA-91-8497-01,TCGA-91-8497-01,2.7090580806550912
TCGA-91-8499-01,TCGA-91-8499-01,2.9453255994207144
TCGA-91-A4BC-01,TCGA-91-A4BC-01,2.321530668238995
TCGA-91-A4BD-01,TCGA-91-A4BD-01,2.6053626911380925
TCGA-93-7347-01,TCGA-93-7347-01,2.7321193403597266
TCGA-93-7348-01,TCGA-93-7348-01,2.656172133138405
TCGA-93-8067-01,TCGA-93-8067-01,2.4137637704035417
TCGA-93-A4JN-01,TCGA-93-A4JN-01,2.8349485650288995
TCGA-93-A4JO-01,TCGA-93-A4JO-01,2.819291926388704
TCGA-93-A4JP-01,TCGA-93-A4JP-01,2.7733631576745585
TCGA-93-A4JQ-01,TCGA-93-A4JQ-01,2.8593918952504733
TCGA-95-7039-01,TCGA-95-7039-01,2.8063395966230535
TCGA-95-7043-01,TCGA-95-7043-01,2.0886164766240904
TCGA-95-7562-01,TCGA-95-7562-01,3.0386142165723937
TCGA-95-7567-01,TCGA-95-7567-01,2.1190239562394244
TCGA-95-7944-01,TCGA-95-7944-01,2.803089314112169
TCGA-95-7947-01,TCGA-95-7947-01,3.2649623757495987
TCGA-95-7948-01,TCGA-95-7948-01,2.504229313648346
TCGA-95-8039-01,TCGA-95-8039-01,3.1869398046688038
TCGA-95-8494-01,TCGA-95-8494-01,3.1163634812151337
TCGA-95-A4VK-01,TCGA-95-A4VK-01,2.8768324857830745
TCGA-95-A4VN-01,TCGA-95-A4VN-01,2.822608154806284
TCGA-95-A4VP-01,TCGA-95-A4VP-01,2.84062120476723
TCGA-97-7546-01,TCGA-97-7546-01,2.642224641981166
TCGA-97-7547-01,TCGA-97-7547-01,3.263840845560019
TCGA-97-7552-01,TCGA-97-7552-01,2.6456025979948126
TCGA-97-7553-01,TCGA-97-7553-01,2.553836920715619
TCGA-97-7554-01,TCGA-97-7554-01,3.1302830304818072
TCGA-97-7937-01,TCGA-97-7937-01,2.7505964045518017
TCGA-97-7938-01,TCGA-97-7938-01,3.2106888333772043
TCGA-97-7941-01,TCGA-97-7941-01,2.519362567115283
TCGA-97-8171-01,TCGA-97-8171-01,3.0604609224264827
TCGA-97-8172-01,TCGA-97-8172-01,3.070770229211903
TCGA-97-8174-01,TCGA-97-8174-01,2.7016932970246477
TCGA-97-8175-01,TCGA-97-8175-01,2.745129713065646
TCGA-97-8176-01,TCGA-97-8176-01,2.163675637843449
TCGA-97-8177-01,TCGA-97-8177-01,2.5940629241271087
TCGA-97-8179-01,TCGA-97-8179-01,2.6214521759468803
TCGA-97-8547-01,TCGA-97-8547-01,2.5305638901593968
TCGA-97-8552-01,TCGA-97-8552-01,2.251742742090006
TCGA-97-A4LX-01,TCGA-97-A4LX-01,2.073001505094882
TCGA-97-A4M0-01,TCGA-97-A4M0-01,2.8261524701692884
TCGA-97-A4M1-01,TCGA-97-A4M1-01,3.221082404564421
TCGA-97-A4M2-01,TCGA-97-A4M2-01,2.5265275669053375
TCGA-97-A4M3-01,TCGA-97-A4M3-01,3.2043924284113947
TCGA-97-A4M5-01,TCGA-97-A4M5-01,2.6677655046415105
TCGA-97-A4M6-01,TCGA-97-A4M6-01,2.2534009614047052
TCGA-97-A4M7-01,TCGA-97-A4M7-01,2.529668152895921
TCGA-99-7458-01,TCGA-99-7458-01,2.8899258246146258
TCGA-99-8025-01,TCGA-99-8025-01,2.439729718435774
TCGA-99-8028-01,TCGA-99-8028-01,2.739602796031349
TCGA-99-8032-01,TCGA-99-8032-01,2.6246965942903886
TCGA-99-8033-01,TCGA-99-8033-01,3.191531936234748
TCGA-99-AA5R-01,TCGA-99-AA5R-01,2.559936218456461
TCGA-J2-8192-01,TCGA-J2-8192-01,3.2190424135584177
TCGA-J2-8194-01,TCGA-J2-8194-01,2.8637090816755357
TCGA-J2-A4AD-01,TCGA-J2-A4AD-01,2.7286117786430975
TCGA-J2-A4AE-01,TCGA-J2-A4AE-01,2.800172045737715
TCGA-J2-A4AG-01,TCGA-J2-A4AG-01,2.9080129298723287
TCGA-L4-A4E5-01,TCGA-L4-A4E5-01,2.6573258894151817
TCGA-L4-A4E6-01,TCGA-L4-A4E6-01,2.966037981464374
TCGA-L9-A443-01,TCGA-L9-A443-01,2.868637385186482
TCGA-L9-A444-01,TCGA-L9-A444-01,3.372534677054503
TCGA-L9-A50W-01,TCGA-L9-A50W-01,2.5955039031055667
TCGA-L9-A5IP-01,TCGA-L9-A5IP-01,3.016468722710265
TCGA-L9-A743-01,TCGA-L9-A743-01,2.470184509869355
TCGA-L9-A7SV-01,TCGA-L9-A7SV-01,2.869961978996673
TCGA-L9-A8F4-01,TCGA-L9-A8F4-01,2.5761478535004962
TCGA-MN-A4N1-01,TCGA-MN-A4N1-01,2.381370671571132
TCGA-MN-A4N4-01,TCGA-MN-A4N4-01,3.1476531938120216
TCGA-MN-A4N5-01,TCGA-MN-A4N5-01,3.2784770738886166
TCGA-MP-A4SV-01,TCGA-MP-A4SV-01,2.648121180662938
TCGA-MP-A4SW-01,TCGA-MP-A4SW-01,1.984864293540358
TCGA-MP-A4SY-01,TCGA-MP-A4SY-01,2.2851115338608374
TCGA-MP-A4T4-01,TCGA-MP-A4T4-01,2.713711374276329
TCGA-MP-A4T6-01,TCGA-MP-A4T6-01,2.628707452006239
TCGA-MP-A4T7-01,TCGA-MP-A4T7-01,2.8041035511061305
TCGA-MP-A4T8-01,TCGA-MP-A4T8-01,3.0856387173006166
TCGA-MP-A4T9-01,TCGA-MP-A4T9-01,3.285217129843693
TCGA-MP-A4TA-01,TCGA-MP-A4TA-01,2.610797196001582
TCGA-MP-A4TC-01,TCGA-MP-A4TC-01,2.68752836264399
TCGA-MP-A4TD-01,TCGA-MP-A4TD-01,2.809499635307175
TCGA-MP-A4TE-01,TCGA-MP-A4TE-01,2.8941764808576727
TCGA-MP-A4TF-01,TCGA-MP-A4TF-01,3.0792871544962863
TCGA-MP-A4TH-01,TCGA-MP-A4TH-01,3.0256436194524516
TCGA-MP-A4TI-01,TCGA-MP-A4TI-01,2.834111719760102
TCGA-MP-A4TJ-01,TCGA-MP-A4TJ-01,2.2050473191828432
TCGA-MP-A4TK-01,TCGA-MP-A4TK-01,2.9716332779233765
TCGA-MP-A5C7-01,TCGA-MP-A5C7-01,3.039883828014481
TCGA-NJ-A4YF-01,TCGA-NJ-A4YF-01,3.066873556825244
TCGA-NJ-A4YG-01,TCGA-NJ-A4YG-01,2.712408383301171
TCGA-NJ-A4YI-01,TCGA-NJ-A4YI-01,2.8601316112995123
TCGA-NJ-A4YP-01,TCGA-NJ-A4YP-01,3.338566324244928
TCGA-NJ-A4YQ-01,TCGA-NJ-A4YQ-01,2.8498425418232642
TCGA-NJ-A55A-01,TCGA-NJ-A55A-01,2.30248748595745
TCGA-NJ-A55O-01,TCGA-NJ-A55O-01,3.0477227118501937
TCGA-NJ-A55R-01,TCGA-NJ-A55R-01,2.982339436021494
TCGA-NJ-A7XG-01,TCGA-NJ-A7XG-01,3.1504545658854424
TCGA-O1-A52J-01,TCGA-O1-A52J-01,2.9700003592894144
TCGA-S2-AA1A-01,TCGA-S2-AA1A-01,2.451076628218229
TCGA-3H-AB3K-01,TCGA-3H-AB3K-01,2.971223001422344
TCGA-3H-AB3L-01,TCGA-3H-AB3L-01,3.054226078925851
TCGA-3H-AB3M-01,TCGA-3H-AB3M-01,2.8677075080027734
TCGA-3H-AB3O-01,TCGA-3H-AB3O-01,2.8448911482406105
TCGA-3H-AB3S-01,TCGA-3H-AB3S-01,3.2275221982629176
TCGA-3H-AB3T-01,TCGA-3H-AB3T-01,3.1013897175846656
TCGA-3H-AB3U-01,TCGA-3H-AB3U-01,3.107714192396138
TCGA-3H-AB3X-01,TCGA-3H-AB3X-01,2.9835600651739576
TCGA-3U-A98D-01,TCGA-3U-A98D-01,3.166370719425726
TCGA-3U-A98E-01,TCGA-3U-A98E-01,3.138565469881853
TCGA-3U-A98F-01,TCGA-3U-A98F-01,3.4231450166054973
TCGA-3U-A98G-01,TCGA-3U-A98G-01,3.1465420332544767
TCGA-3U-A98H-01,TCGA-3U-A98H-01,3.046982083155277
TCGA-3U-A98I-01,TCGA-3U-A98I-01,2.7924631648688742
TCGA-3U-A98J-01,TCGA-3U-A98J-01,2.7654758648172812
TCGA-LK-A4NW-01,TCGA-LK-A4NW-01,3.2270299379028797
TCGA-LK-A4NY-01,TCGA-LK-A4NY-01,3.0987934361514142
TCGA-LK-A4NZ-01,TCGA-LK-A4NZ-01,3.0551565502777653
TCGA-LK-A4O0-01,TCGA-LK-A4O0-01,3.149538172069474
TCGA-LK-A4O2-01,TCGA-LK-A4O2-01,3.031210580300537
TCGA-LK-A4O4-01,TCGA-LK-A4O4-01,3.1923216613343923
TCGA-LK-A4O5-01,TCGA-LK-A4O5-01,3.0668414317039145
TCGA-LK-A4O6-01,TCGA-LK-A4O6-01,3.129584013336893
TCGA-LK-A4O7-01,TCGA-LK-A4O7-01,3.014034967825712
TCGA-MQ-A4KX-01,TCGA-MQ-A4KX-01,3.365198628067835
TCGA-MQ-A4LC-01,TCGA-MQ-A4LC-01,3.4475239447454586
TCGA-MQ-A4LI-01,TCGA-MQ-A4LI-01,2.9758286720305707
TCGA-MQ-A4LJ-01,TCGA-MQ-A4LJ-01,3.124227834691429
TCGA-MQ-A4LM-01,TCGA-MQ-A4LM-01,2.978205919251331
TCGA-MQ-A4LP-01,TCGA-MQ-A4LP-01,2.2965559186997964
TCGA-MQ-A4LV-01,TCGA-MQ-A4LV-01,3.2650363767525725
TCGA-MQ-A6BL-01,TCGA-MQ-A6BL-01,2.997050584767127
TCGA-MQ-A6BN-01,TCGA-MQ-A6BN-01,2.5973250887000088
TCGA-MQ-A6BQ-01,TCGA-MQ-A6BQ-01,3.001992003318562
TCGA-MQ-A6BR-01,TCGA-MQ-A6BR-01,3.0667962685417707
TCGA-MQ-A6BS-01,TCGA-MQ-A6BS-01,3.192998027049527
TCGA-NQ-A57I-01,TCGA-NQ-A57I-01,2.757488392411227
TCGA-NQ-A638-01,TCGA-NQ-A638-01,3.354114859410259
TCGA-SC-A6LM-01,TCGA-SC-A6LM-01,3.260014819818033
TCGA-SC-A6LN-01,TCGA-SC-A6LN-01,3.136141884757716
TCGA-SC-A6LP-01,TCGA-SC-A6LP-01,3.032582327540356
TCGA-SC-A6LQ-01,TCGA-SC-A6LQ-01,2.9792002856866078
TCGA-SC-A6LR-01,TCGA-SC-A6LR-01,2.746888533113723
TCGA-SC-AA5Z-01,TCGA-SC-AA5Z-01,2.898417384787008
TCGA-SH-A7BC-01,TCGA-SH-A7BC-01,3.0133934128473063
TCGA-SH-A7BD-01,TCGA-SH-A7BD-01,3.1333699417992222
TCGA-SH-A7BH-01,TCGA-SH-A7BH-01,3.3246122633825634
TCGA-SH-A9CT-01,TCGA-SH-A9CT-01,2.903151113614466
TCGA-SH-A9CU-01,TCGA-SH-A9CU-01,2.8321407122709266
TCGA-TS-A7OU-01,TCGA-TS-A7OU-01,2.8027765348836176
TCGA-TS-A7OY-01,TCGA-TS-A7OY-01,2.9805837320281547
TCGA-TS-A7OZ-01,TCGA-TS-A7OZ-01,3.0629089044717057
TCGA-TS-A7P0-01,TCGA-TS-A7P0-01,3.162577029717327
TCGA-TS-A7P1-01,TCGA-TS-A7P1-01,3.186115497016881
TCGA-TS-A7P3-01,TCGA-TS-A7P3-01,3.160354617350628
TCGA-TS-A7P6-01,TCGA-TS-A7P6-01,3.3120484423938352
TCGA-TS-A7P7-01,TCGA-TS-A7P7-01,3.1766245485344387
TCGA-TS-A7P8-01,TCGA-TS-A7P8-01,2.78392805702698
TCGA-TS-A7PB-01,TCGA-TS-A7PB-01,3.49845764949261
TCGA-TS-A8AF-01,TCGA-TS-A8AF-01,3.379201645732072
TCGA-TS-A8AI-01,TCGA-TS-A8AI-01,3.205617712504833
TCGA-TS-A8AS-01,TCGA-TS-A8AS-01,2.8675095632887166
TCGA-TS-A8AV-01,TCGA-TS-A8AV-01,2.814773272493837
TCGA-TS-A8AY-01,TCGA-TS-A8AY-01,3.2565310163064796
TCGA-UD-AABY-01,TCGA-UD-AABY-01,3.0164946557807597
TCGA-UD-AABZ-01,TCGA-UD-AABZ-01,2.93429994118849
TCGA-UD-AAC1-01,TCGA-UD-AAC1-01,3.1045274064430695
TCGA-UD-AAC4-01,TCGA-UD-AAC4-01,2.7070717915221643
TCGA-UD-AAC5-01,TCGA-UD-AAC5-01,3.139239843518538
TCGA-UD-AAC6-01,TCGA-UD-AAC6-01,3.2250679084647134
TCGA-UD-AAC7-01,TCGA-UD-AAC7-01,3.173861457900262
TCGA-UT-A88C-01,TCGA-UT-A88C-01,3.448024891007946
TCGA-UT-A88D-01,TCGA-UT-A88D-01,2.8648748828191644
TCGA-UT-A88E-01,TCGA-UT-A88E-01,3.3319321458450553
TCGA-UT-A88G-01,TCGA-UT-A88G-01,3.5263333954711227
TCGA-UT-A97Y-01,TCGA-UT-A97Y-01,2.906557973156524
TCGA-XT-AASU-01,TCGA-XT-AASU-01,3.1614624675740504
TCGA-YS-A95B-01,TCGA-YS-A95B-01,3.1449942588500845
TCGA-YS-A95C-01,TCGA-YS-A95C-01,2.925267365271959
TCGA-YS-AA4M-01,TCGA-YS-AA4M-01,2.713744079379339
TCGA-ZN-A9VO-01,TCGA-ZN-A9VO-01,2.6706220879997895
TCGA-ZN-A9VP-01,TCGA-ZN-A9VP-01,3.0644458097112004
TCGA-ZN-A9VQ-01,TCGA-ZN-A9VQ-01,3.142304007983666
TCGA-ZN-A9VS-01,TCGA-ZN-A9VS-01,3.190871474647112
TCGA-ZN-A9VU-01,TCGA-ZN-A9VU-01,2.7395161480092045
TCGA-ZN-A9VV-01,TCGA-ZN-A9VV-01,3.0834481838503724
TCGA-ZN-A9VW-01,TCGA-ZN-A9VW-01,3.0973215054357253
TCGA-P7-A5NX-01,TCGA-P7-A5NX-01,3.0372750878295145
TCGA-P7-A5NY-01,TCGA-P7-A5NY-01,3.453356449669865
TCGA-P7-A5NY-05,TCGA-P7-A5NY-05,3.1637192024847303
TCGA-P8-A5KC-01,TCGA-P8-A5KC-01,3.0732881998155914
TCGA-P8-A5KC-11,TCGA-P8-A5KC-11,2.896355054613731
TCGA-P8-A5KD-01,TCGA-P8-A5KD-01,3.113450813159373
TCGA-P8-A5KD-11,TCGA-P8-A5KD-11,2.824442255739906
TCGA-P8-A6RX-01,TCGA-P8-A6RX-01,2.9081954395822667
TCGA-P8-A6RY-01,TCGA-P8-A6RY-01,3.178818166395903
TCGA-PR-A5PF-01,TCGA-PR-A5PF-01,3.209460649818931
TCGA-PR-A5PG-01,TCGA-PR-A5PG-01,3.209706069221199
TCGA-PR-A5PH-01,TCGA-PR-A5PH-01,3.112255120468327
TCGA-QR-A6GO-01,TCGA-QR-A6GO-01,3.256184560650997
TCGA-QR-A6GR-01,TCGA-QR-A6GR-01,3.102328268618863
TCGA-QR-A6GS-01,TCGA-QR-A6GS-01,3.265464178660425
TCGA-QR-A6GT-01,TCGA-QR-A6GT-01,3.1664502295166037
TCGA-QR-A6GU-01,TCGA-QR-A6GU-01,3.051035795308637
TCGA-QR-A6GW-01,TCGA-QR-A6GW-01,3.2794356220473495
TCGA-QR-A6GX-01,TCGA-QR-A6GX-01,3.1083308010509234
TCGA-QR-A6GY-01,TCGA-QR-A6GY-01,3.120556778567391
TCGA-QR-A6GZ-01,TCGA-QR-A6GZ-01,3.0481792018704166
TCGA-QR-A6GZ-05,TCGA-QR-A6GZ-05,3.363748897082902
TCGA-QR-A6H0-01,TCGA-QR-A6H0-01,3.23749917888961
TCGA-QR-A6H1-01,TCGA-QR-A6H1-01,3.1591779851276165
TCGA-QR-A6H2-01,TCGA-QR-A6H2-01,3.147619333585273
TCGA-QR-A6H3-01,TCGA-QR-A6H3-01,3.4201454909846927
TCGA-QR-A6H4-01,TCGA-QR-A6H4-01,3.227190201709228
TCGA-QR-A6H5-01,TCGA-QR-A6H5-01,3.328294418502275
TCGA-QR-A6H6-01,TCGA-QR-A6H6-01,3.224636292872333
TCGA-QR-A6ZZ-01,TCGA-QR-A6ZZ-01,2.8623265600559202
TCGA-QR-A700-01,TCGA-QR-A700-01,3.349989849939083
TCGA-QR-A702-01,TCGA-QR-A702-01,3.1570018057558165
TCGA-QR-A703-01,TCGA-QR-A703-01,2.48551570055638
TCGA-QR-A705-01,TCGA-QR-A705-01,3.393302117736068
TCGA-QR-A706-01,TCGA-QR-A706-01,2.9636202007526973
TCGA-QR-A707-01,TCGA-QR-A707-01,3.432679618626583
TCGA-QR-A708-01,TCGA-QR-A708-01,3.399756426574836
TCGA-QR-A70A-01,TCGA-QR-A70A-01,3.2222894954344157
TCGA-QR-A70C-01,TCGA-QR-A70C-01,3.1102740960708744
TCGA-QR-A70D-01,TCGA-QR-A70D-01,3.132617111378351
TCGA-QR-A70E-01,TCGA-QR-A70E-01,3.2719266262023554
TCGA-QR-A70G-01,TCGA-QR-A70G-01,2.89935121530782
TCGA-QR-A70H-01,TCGA-QR-A70H-01,2.9638674620453864
TCGA-QR-A70I-01,TCGA-QR-A70I-01,3.03216873704114
TCGA-QR-A70J-01,TCGA-QR-A70J-01,3.2351701989887105
TCGA-QR-A70K-01,TCGA-QR-A70K-01,3.2913501828582907
TCGA-QR-A70M-01,TCGA-QR-A70M-01,3.1334450238955727
TCGA-QR-A70N-01,TCGA-QR-A70N-01,2.5378971768487957
TCGA-QR-A70O-01,TCGA-QR-A70O-01,2.8523794075917426
TCGA-QR-A70P-01,TCGA-QR-A70P-01,3.245023109662565
TCGA-QR-A70Q-01,TCGA-QR-A70Q-01,3.0817848448813656
TCGA-QR-A70R-01,TCGA-QR-A70R-01,3.062451931222231
TCGA-QR-A70T-01,TCGA-QR-A70T-01,2.7300825075097364
TCGA-QR-A70U-01,TCGA-QR-A70U-01,3.0438602499529805
TCGA-QR-A70V-01,TCGA-QR-A70V-01,2.98480501859071
TCGA-QR-A70W-01,TCGA-QR-A70W-01,3.386279484927515
TCGA-QR-A70X-01,TCGA-QR-A70X-01,3.1339721311144255
TCGA-QR-A7IN-01,TCGA-QR-A7IN-01,3.2373803059212056
TCGA-QR-A7IP-01,TCGA-QR-A7IP-01,2.931198774447388
TCGA-QT-A5XJ-01,TCGA-QT-A5XJ-01,2.738261161058989
TCGA-QT-A5XK-01,TCGA-QT-A5XK-01,3.2619606459439194
TCGA-QT-A5XL-01,TCGA-QT-A5XL-01,3.334413586480174
TCGA-QT-A5XM-01,TCGA-QT-A5XM-01,3.185092750430327
TCGA-QT-A5XN-01,TCGA-QT-A5XN-01,3.4031654653178403
TCGA-QT-A5XO-01,TCGA-QT-A5XO-01,2.9229050834561763
TCGA-QT-A5XP-01,TCGA-QT-A5XP-01,3.2337829863077023
TCGA-QT-A69Q-01,TCGA-QT-A69Q-01,3.3153932884238695
TCGA-QT-A7U0-01,TCGA-QT-A7U0-01,3.2981919432330167
TCGA-RM-A68T-01,TCGA-RM-A68T-01,3.2788377112862275
TCGA-RM-A68W-01,TCGA-RM-A68W-01,2.8200485202651957
TCGA-RT-A6Y9-01,TCGA-RT-A6Y9-01,3.3943206856765564
TCGA-RT-A6YA-01,TCGA-RT-A6YA-01,3.068982068848974
TCGA-RT-A6YC-01,TCGA-RT-A6YC-01,3.2515479259282163
TCGA-RW-A67V-01,TCGA-RW-A67V-01,3.139618181962299
TCGA-RW-A67W-01,TCGA-RW-A67W-01,3.303526086641672
TCGA-RW-A67X-01,TCGA-RW-A67X-01,3.3707572856934216
TCGA-RW-A67Y-01,TCGA-RW-A67Y-01,3.226607716592256
TCGA-RW-A680-01,TCGA-RW-A680-01,3.307309533548497
TCGA-RW-A681-01,TCGA-RW-A681-01,3.3812042259955177
TCGA-RW-A684-01,TCGA-RW-A684-01,3.3672082090928304
TCGA-RW-A685-01,TCGA-RW-A685-01,3.042874620145964
TCGA-RW-A686-01,TCGA-RW-A686-01,2.9994651199031637
TCGA-RW-A686-06,TCGA-RW-A686-06,2.969370017945741
TCGA-RW-A688-01,TCGA-RW-A688-01,3.232148092585392
TCGA-RW-A689-01,TCGA-RW-A689-01,3.3606908596524088
TCGA-RW-A68A-01,TCGA-RW-A68A-01,3.373593520224084
TCGA-RW-A68B-01,TCGA-RW-A68B-01,3.239775388054686
TCGA-RW-A68C-01,TCGA-RW-A68C-01,3.058348437883818
TCGA-RW-A68D-01,TCGA-RW-A68D-01,3.3308271047802864
TCGA-RW-A68F-01,TCGA-RW-A68F-01,3.2050823426523136
TCGA-RW-A68G-01,TCGA-RW-A68G-01,3.1369432434066447
TCGA-RW-A7CZ-01,TCGA-RW-A7CZ-01,3.200523532661579
TCGA-RW-A7D0-01,TCGA-RW-A7D0-01,3.0532846927009856
TCGA-RW-A8AZ-01,TCGA-RW-A8AZ-01,3.1782750305276903
TCGA-RX-A8JQ-01,TCGA-RX-A8JQ-01,2.976123271148778
TCGA-S7-A7WL-01,TCGA-S7-A7WL-01,3.334127602574027
TCGA-S7-A7WM-01,TCGA-S7-A7WM-01,2.961360821965135
TCGA-S7-A7WN-01,TCGA-S7-A7WN-01,3.275812567690934
TCGA-S7-A7WO-01,TCGA-S7-A7WO-01,2.8867596423552677
TCGA-S7-A7WP-01,TCGA-S7-A7WP-01,3.1174539591042034
TCGA-S7-A7WQ-01,TCGA-S7-A7WQ-01,3.275137463284863
TCGA-S7-A7WR-01,TCGA-S7-A7WR-01,3.2036357220540896
TCGA-S7-A7WT-01,TCGA-S7-A7WT-01,3.3785951732814463
TCGA-S7-A7WU-01,TCGA-S7-A7WU-01,3.3066262863840636
TCGA-S7-A7WV-01,TCGA-S7-A7WV-01,3.1259980443639153
TCGA-S7-A7WW-01,TCGA-S7-A7WW-01,2.901292434047845
TCGA-S7-A7WX-01,TCGA-S7-A7WX-01,3.358334335370288
TCGA-S7-A7X0-01,TCGA-S7-A7X0-01,3.009249585116093
TCGA-S7-A7X1-01,TCGA-S7-A7X1-01,2.924901371770761
TCGA-S7-A7X2-01,TCGA-S7-A7X2-01,3.3509570377365585
TCGA-SA-A6C2-01,TCGA-SA-A6C2-01,3.280863667384764
TCGA-SP-A6QC-01,TCGA-SP-A6QC-01,3.194695795482893
TCGA-SP-A6QD-01,TCGA-SP-A6QD-01,3.300384918101309
TCGA-SP-A6QF-01,TCGA-SP-A6QF-01,3.131530593669785
TCGA-SP-A6QG-01,TCGA-SP-A6QG-01,3.227979784210619
TCGA-SP-A6QH-01,TCGA-SP-A6QH-01,3.208764065743733
TCGA-SP-A6QI-01,TCGA-SP-A6QI-01,3.4038905376097217
TCGA-SP-A6QJ-01,TCGA-SP-A6QJ-01,3.2712689571706055
TCGA-SP-A6QK-01,TCGA-SP-A6QK-01,3.1186263593509502
TCGA-SQ-A6I4-01,TCGA-SQ-A6I4-01,2.990621754257426
TCGA-SQ-A6I4-11,TCGA-SQ-A6I4-11,2.922768647064082
TCGA-SQ-A6I6-01,TCGA-SQ-A6I6-01,3.0836493934276956
TCGA-SR-A6MP-01,TCGA-SR-A6MP-01,3.317162860375843
TCGA-SR-A6MQ-01,TCGA-SR-A6MQ-01,3.2301816450121548
TCGA-SR-A6MR-01,TCGA-SR-A6MR-01,3.2143002622177184
TCGA-SR-A6MS-01,TCGA-SR-A6MS-01,3.2523089052662426
TCGA-SR-A6MT-01,TCGA-SR-A6MT-01,3.3107431111761416
TCGA-SR-A6MU-01,TCGA-SR-A6MU-01,2.8983556462958258
TCGA-SR-A6MV-01,TCGA-SR-A6MV-01,3.314132392345147
TCGA-SR-A6MX-01,TCGA-SR-A6MX-01,3.2943168127335247
TCGA-SR-A6MX-05,TCGA-SR-A6MX-05,3.034789751720543
TCGA-SR-A6MX-06,TCGA-SR-A6MX-06,3.101757437501392
TCGA-SR-A6MY-01,TCGA-SR-A6MY-01,3.3158429651732297
TCGA-SR-A6MZ-01,TCGA-SR-A6MZ-01,3.157181352873441
TCGA-SR-A6N0-01,TCGA-SR-A6N0-01,2.889605210852512
TCGA-TT-A6YJ-01,TCGA-TT-A6YJ-01,3.3750461555616336
TCGA-TT-A6YK-01,TCGA-TT-A6YK-01,3.2079655389106665
TCGA-TT-A6YN-01,TCGA-TT-A6YN-01,3.375955702158753
TCGA-TT-A6YO-01,TCGA-TT-A6YO-01,2.904469795838244
TCGA-TT-A6YP-01,TCGA-TT-A6YP-01,2.880828210935524
TCGA-W2-A7H5-01,TCGA-W2-A7H5-01,3.385799963032443
TCGA-W2-A7H7-01,TCGA-W2-A7H7-01,2.896133167386417
TCGA-W2-A7HA-01,TCGA-W2-A7HA-01,3.062312575252505
TCGA-W2-A7HB-01,TCGA-W2-A7HB-01,3.110676177411939
TCGA-W2-A7HC-01,TCGA-W2-A7HC-01,3.363506693285272
TCGA-W2-A7HD-01,TCGA-W2-A7HD-01,3.408077247324695
TCGA-W2-A7HE-01,TCGA-W2-A7HE-01,2.8888901471419115
TCGA-W2-A7HF-01,TCGA-W2-A7HF-01,2.7015298610607372
TCGA-W2-A7HH-01,TCGA-W2-A7HH-01,3.0551924790914766
TCGA-W2-A7UY-01,TCGA-W2-A7UY-01,3.045792849763782
TCGA-WB-A80K-01,TCGA-WB-A80K-01,3.211171510030382
TCGA-WB-A80L-01,TCGA-WB-A80L-01,3.205547767493917
TCGA-WB-A80M-01,TCGA-WB-A80M-01,3.4108055737286502
TCGA-WB-A80N-01,TCGA-WB-A80N-01,2.990182405983283
TCGA-WB-A80O-01,TCGA-WB-A80O-01,3.1438667758959395
TCGA-WB-A80P-01,TCGA-WB-A80P-01,2.833956615058646
TCGA-WB-A80Q-01,TCGA-WB-A80Q-01,3.0577832534515488
TCGA-WB-A80V-01,TCGA-WB-A80V-01,3.1822994538692355
TCGA-WB-A80Y-01,TCGA-WB-A80Y-01,3.193643040387968
TCGA-WB-A814-01,TCGA-WB-A814-01,3.0577241411551013
TCGA-WB-A815-01,TCGA-WB-A815-01,3.226494356976492
TCGA-WB-A816-01,TCGA-WB-A816-01,2.9481188972866668
TCGA-WB-A817-01,TCGA-WB-A817-01,2.9436620482962406
TCGA-WB-A818-01,TCGA-WB-A818-01,3.199349230033347
TCGA-WB-A819-01,TCGA-WB-A819-01,3.1338613086408365
TCGA-WB-A81A-01,TCGA-WB-A81A-01,3.0001068461416036
TCGA-WB-A81D-01,TCGA-WB-A81D-01,3.1988091066320434
TCGA-WB-A81E-01,TCGA-WB-A81E-01,3.2945427860378214
TCGA-WB-A81F-01,TCGA-WB-A81F-01,3.223611346032108
TCGA-WB-A81G-01,TCGA-WB-A81G-01,2.8987107412975903
TCGA-WB-A81H-01,TCGA-WB-A81H-01,2.9953643930246576
TCGA-WB-A81I-01,TCGA-WB-A81I-01,3.186118113154864
TCGA-WB-A81J-01,TCGA-WB-A81J-01,3.117391087418429
TCGA-WB-A81K-01,TCGA-WB-A81K-01,2.7704487534478255
TCGA-WB-A81M-01,TCGA-WB-A81M-01,3.34977359584733
TCGA-WB-A81N-01,TCGA-WB-A81N-01,3.433105815713496
TCGA-WB-A81P-01,TCGA-WB-A81P-01,3.033910191809662
TCGA-WB-A81Q-01,TCGA-WB-A81Q-01,3.343672671928207
TCGA-WB-A81R-01,TCGA-WB-A81R-01,3.5200573209099852
TCGA-WB-A81S-01,TCGA-WB-A81S-01,2.970578742965574
TCGA-WB-A81T-01,TCGA-WB-A81T-01,3.3741725691975106
TCGA-WB-A81V-01,TCGA-WB-A81V-01,3.3583778627876346
TCGA-WB-A81W-01,TCGA-WB-A81W-01,3.382499070909944
TCGA-WB-A820-01,TCGA-WB-A820-01,3.1817712284664177
TCGA-WB-A821-01,TCGA-WB-A821-01,3.1070160843535755
TCGA-WB-A822-01,TCGA-WB-A822-01,3.178316512592447
TCGA-XG-A823-01,TCGA-XG-A823-01,2.9812694028968707
TCGA-2G-AAEW-01,TCGA-2G-AAEW-01,2.9444425201289657
TCGA-2G-AAEX-01,TCGA-2G-AAEX-01,2.767250359040461
TCGA-2G-AAF1-01,TCGA-2G-AAF1-01,2.964987785650794
TCGA-2G-AAF4-01,TCGA-2G-AAF4-01,2.7054479375569893
TCGA-2G-AAF6-01,TCGA-2G-AAF6-01,2.9799594536586236
TCGA-2G-AAF8-01,TCGA-2G-AAF8-01,2.86868913818573
TCGA-2G-AAFE-01,TCGA-2G-AAFE-01,2.9166497115665773
TCGA-2G-AAFG-01,TCGA-2G-AAFG-01,3.006912467582095
TCGA-2G-AAFG-05,TCGA-2G-AAFG-05,2.83060108032555
TCGA-2G-AAFH-01,TCGA-2G-AAFH-01,2.8522232021849576
TCGA-2G-AAFI-01,TCGA-2G-AAFI-01,2.6521597526281413
TCGA-2G-AAFJ-01,TCGA-2G-AAFJ-01,2.4809267024354114
TCGA-2G-AAFL-01,TCGA-2G-AAFL-01,2.5087752813567046
TCGA-2G-AAFM-01,TCGA-2G-AAFM-01,2.5654804781135914
TCGA-2G-AAFN-01,TCGA-2G-AAFN-01,2.9058439470977024
TCGA-2G-AAFO-01,TCGA-2G-AAFO-01,2.479365504278307
TCGA-2G-AAFV-01,TCGA-2G-AAFV-01,2.5035277319324707
TCGA-2G-AAFY-01,TCGA-2G-AAFY-01,2.6581498502683445
TCGA-2G-AAFZ-01,TCGA-2G-AAFZ-01,2.2498209558749176
TCGA-2G-AAG0-01,TCGA-2G-AAG0-01,3.1450866607402683
TCGA-2G-AAG3-01,TCGA-2G-AAG3-01,2.491729202905983
TCGA-2G-AAG5-01,TCGA-2G-AAG5-01,2.4259186674525037
TCGA-2G-AAG6-01,TCGA-2G-AAG6-01,2.870874136187271
TCGA-2G-AAG7-01,TCGA-2G-AAG7-01,2.641567445189925
TCGA-2G-AAG8-01,TCGA-2G-AAG8-01,3.152186480395824
TCGA-2G-AAG9-01,TCGA-2G-AAG9-01,3.0795395294136267
TCGA-2G-AAGA-01,TCGA-2G-AAGA-01,2.9151538850655534
TCGA-2G-AAGC-01,TCGA-2G-AAGC-01,2.794702077381479
TCGA-2G-AAGE-01,TCGA-2G-AAGE-01,3.1427145551946714
TCGA-2G-AAGF-01,TCGA-2G-AAGF-01,2.968485041620003
TCGA-2G-AAGG-01,TCGA-2G-AAGG-01,2.2567455537024688
TCGA-2G-AAGI-01,TCGA-2G-AAGI-01,2.3608781177780656
TCGA-2G-AAGI-05,TCGA-2G-AAGI-05,3.132237708639358
TCGA-2G-AAGJ-01,TCGA-2G-AAGJ-01,3.2403207203368187
TCGA-2G-AAGK-01,TCGA-2G-AAGK-01,2.8115537079264272
TCGA-2G-AAGM-01,TCGA-2G-AAGM-01,2.732662905855239
TCGA-2G-AAGN-01,TCGA-2G-AAGN-01,3.0685777505862233
TCGA-2G-AAGO-01,TCGA-2G-AAGO-01,3.1310739246676627
TCGA-2G-AAGP-01,TCGA-2G-AAGP-01,2.7184980333697615
TCGA-2G-AAGS-01,TCGA-2G-AAGS-01,2.8109331191730846
TCGA-2G-AAGT-01,TCGA-2G-AAGT-01,2.682935740454852
TCGA-2G-AAGV-01,TCGA-2G-AAGV-01,3.2791898573830154
TCGA-2G-AAGW-01,TCGA-2G-AAGW-01,2.741693616846301
TCGA-2G-AAGX-01,TCGA-2G-AAGX-01,2.42847632976705
TCGA-2G-AAGY-01,TCGA-2G-AAGY-01,2.5783520584526842
TCGA-2G-AAGY-05,TCGA-2G-AAGY-05,2.8310454926623323
TCGA-2G-AAGZ-01,TCGA-2G-AAGZ-01,3.0883700570451036
TCGA-2G-AAH0-01,TCGA-2G-AAH0-01,2.833626607613793
TCGA-2G-AAH2-01,TCGA-2G-AAH2-01,2.4911816110934244
TCGA-2G-AAH3-01,TCGA-2G-AAH3-01,2.6993307836650344
TCGA-2G-AAH4-01,TCGA-2G-AAH4-01,2.6546651936891235
TCGA-2G-AAH8-01,TCGA-2G-AAH8-01,3.2098287904511786
TCGA-2G-AAHA-01,TCGA-2G-AAHA-01,3.1091893104134734
TCGA-2G-AAHC-01,TCGA-2G-AAHC-01,2.7243304455299935
TCGA-2G-AAHG-01,TCGA-2G-AAHG-01,2.680011911404562
TCGA-2G-AAHL-01,TCGA-2G-AAHL-01,3.175514760915895
TCGA-2G-AAHN-01,TCGA-2G-AAHN-01,2.8604222763746883
TCGA-2G-AAHP-01,TCGA-2G-AAHP-01,2.962408535269483
TCGA-2G-AAHP-05,TCGA-2G-AAHP-05,3.1682576508242315
TCGA-2G-AAHT-01,TCGA-2G-AAHT-01,3.056328934261977
TCGA-2G-AAKD-01,TCGA-2G-AAKD-01,3.1242929643096
TCGA-2G-AAKG-01,TCGA-2G-AAKG-01,2.680852904570166
TCGA-2G-AAKG-05,TCGA-2G-AAKG-05,3.1528525085787105
TCGA-2G-AAKH-01,TCGA-2G-AAKH-01,2.7500247061045453
TCGA-2G-AAKL-01,TCGA-2G-AAKL-01,2.8863251034014046
TCGA-2G-AAKM-01,TCGA-2G-AAKM-01,3.0321931892925074
TCGA-2G-AAKO-01,TCGA-2G-AAKO-01,2.740121926691102
TCGA-2G-AAKO-05,TCGA-2G-AAKO-05,3.0057271309017275
TCGA-2G-AAL5-01,TCGA-2G-AAL5-01,2.154046887559705
TCGA-2G-AAL7-01,TCGA-2G-AAL7-01,2.9915646153781625
TCGA-2G-AALF-01,TCGA-2G-AALF-01,2.7896821821964033
TCGA-2G-AALG-01,TCGA-2G-AALG-01,2.2669298633896284
TCGA-2G-AALN-01,TCGA-2G-AALN-01,2.3745944303818964
TCGA-2G-AALO-01,TCGA-2G-AALO-01,2.423478628329201
TCGA-2G-AALP-01,TCGA-2G-AALP-01,2.2197247852800324
TCGA-2G-AALQ-01,TCGA-2G-AALQ-01,2.9390636809272728
TCGA-2G-AALR-01,TCGA-2G-AALR-01,2.4445157847091528
TCGA-2G-AALS-01,TCGA-2G-AALS-01,2.67147084648741
TCGA-2G-AALT-01,TCGA-2G-AALT-01,2.235183370007475
TCGA-2G-AALW-01,TCGA-2G-AALW-01,2.631407285350701
TCGA-2G-AALX-01,TCGA-2G-AALX-01,2.880134665819572
TCGA-2G-AALY-01,TCGA-2G-AALY-01,2.7534551868060744
TCGA-2G-AALZ-01,TCGA-2G-AALZ-01,2.871836622927107
TCGA-2G-AAM2-01,TCGA-2G-AAM2-01,3.0842259641960967
TCGA-2G-AAM3-01,TCGA-2G-AAM3-01,2.8793688975666996
TCGA-2G-AAM4-01,TCGA-2G-AAM4-01,2.8791590416643515
TCGA-2X-A9D5-01,TCGA-2X-A9D5-01,2.8219061604168036
TCGA-2X-A9D6-01,TCGA-2X-A9D6-01,2.811605476459294
TCGA-4K-AA1G-01,TCGA-4K-AA1G-01,2.7942576247208217
TCGA-4K-AA1H-01,TCGA-4K-AA1H-01,3.275900830053141
TCGA-4K-AA1I-01,TCGA-4K-AA1I-01,3.1188371406673854
TCGA-4K-AAAL-01,TCGA-4K-AAAL-01,3.147274294941546
TCGA-S6-A8JW-01,TCGA-S6-A8JW-01,2.870902482380364
TCGA-S6-A8JX-01,TCGA-S6-A8JX-01,2.9632038913334697
TCGA-S6-A8JY-01,TCGA-S6-A8JY-01,2.510961423458615
TCGA-SB-A6J6-01,TCGA-SB-A6J6-01,2.9899987591517467
TCGA-SB-A76C-01,TCGA-SB-A76C-01,2.6845128517571157
TCGA-SN-A6IS-01,TCGA-SN-A6IS-01,2.1327037219503784
TCGA-SN-A84W-01,TCGA-SN-A84W-01,2.210457996102902
TCGA-SN-A84X-01,TCGA-SN-A84X-01,3.0160242631031187
TCGA-SN-A84Y-01,TCGA-SN-A84Y-01,3.2564126166321516
TCGA-SO-A8JP-01,TCGA-SO-A8JP-01,2.8348856261251925
TCGA-VF-A8A8-01,TCGA-VF-A8A8-01,2.738576896697416
TCGA-VF-A8A9-01,TCGA-VF-A8A9-01,2.816706176668916
TCGA-VF-A8AA-01,TCGA-VF-A8AA-01,2.831034006767533
TCGA-VF-A8AB-01,TCGA-VF-A8AB-01,2.8656662493747684
TCGA-VF-A8AC-01,TCGA-VF-A8AC-01,3.066227985873285
TCGA-VF-A8AD-01,TCGA-VF-A8AD-01,3.340995191512278
TCGA-VF-A8AE-01,TCGA-VF-A8AE-01,2.6943079553307383
TCGA-W4-A7U2-01,TCGA-W4-A7U2-01,1.9941155103164965
TCGA-W4-A7U3-01,TCGA-W4-A7U3-01,2.660912662288398
TCGA-W4-A7U4-01,TCGA-W4-A7U4-01,2.847953932419034
TCGA-WZ-A7V3-01,TCGA-WZ-A7V3-01,2.761019799215299
TCGA-WZ-A7V4-01,TCGA-WZ-A7V4-01,3.0263269401570874
TCGA-WZ-A7V5-01,TCGA-WZ-A7V5-01,2.6832276127857004
TCGA-WZ-A8D5-01,TCGA-WZ-A8D5-01,2.723920470048961
TCGA-X3-A8G4-01,TCGA-X3-A8G4-01,2.6421584004948135
TCGA-XE-A8H1-01,TCGA-XE-A8H1-01,2.9965716686998047
TCGA-XE-A8H4-01,TCGA-XE-A8H4-01,3.1044918201789864
TCGA-XE-A8H5-01,TCGA-XE-A8H5-01,2.759755617891215
TCGA-XE-A9SE-01,TCGA-XE-A9SE-01,3.0791738963833057
TCGA-XE-AANI-01,TCGA-XE-AANI-01,2.158893533897917
TCGA-XE-AANJ-01,TCGA-XE-AANJ-01,2.593442996307075
TCGA-XE-AANR-01,TCGA-XE-AANR-01,2.9336729860624
TCGA-XE-AANV-01,TCGA-XE-AANV-01,2.967046147417715
TCGA-XE-AAO3-01,TCGA-XE-AAO3-01,3.0344551699891316
TCGA-XE-AAO4-01,TCGA-XE-AAO4-01,2.8728465586861573
TCGA-XE-AAO6-01,TCGA-XE-AAO6-01,2.972675690631562
TCGA-XE-AAOB-01,TCGA-XE-AAOB-01,2.9125282407737023
TCGA-XE-AAOC-01,TCGA-XE-AAOC-01,2.326273491065996
TCGA-XE-AAOD-01,TCGA-XE-AAOD-01,2.930596652752538
TCGA-XE-AAOF-01,TCGA-XE-AAOF-01,2.8756304722995143
TCGA-XE-AAOJ-01,TCGA-XE-AAOJ-01,2.9550394732493745
TCGA-XE-AAOL-01,TCGA-XE-AAOL-01,3.0872224617187936
TCGA-XY-A89B-01,TCGA-XY-A89B-01,2.940327336764939
TCGA-XY-A8S2-01,TCGA-XY-A8S2-01,2.99879314259571
TCGA-XY-A8S3-01,TCGA-XY-A8S3-01,2.260774448898468
TCGA-XY-A9T9-01,TCGA-XY-A9T9-01,2.7954119712462884
TCGA-YU-A90P-01,TCGA-YU-A90P-01,3.072022099746831
TCGA-YU-A90Q-01,TCGA-YU-A90Q-01,2.9997755369439996
TCGA-YU-A90S-01,TCGA-YU-A90S-01,3.0904300452767846
TCGA-YU-A90W-01,TCGA-YU-A90W-01,2.8886753970735635
TCGA-YU-A90Y-01,TCGA-YU-A90Y-01,2.7274154238689015
TCGA-YU-A912-01,TCGA-YU-A912-01,2.8600975610450705
TCGA-YU-A94D-01,TCGA-YU-A94D-01,3.018113733672444
TCGA-YU-A94I-01,TCGA-YU-A94I-01,2.8040372814195917
TCGA-YU-AA4L-01,TCGA-YU-AA4L-01,2.7670638612982694
TCGA-YU-AA61-01,TCGA-YU-AA61-01,2.8562850585190467
TCGA-ZM-AA05-01,TCGA-ZM-AA05-01,3.4287386493131553
TCGA-ZM-AA06-01,TCGA-ZM-AA06-01,2.958984991698899
TCGA-ZM-AA0B-01,TCGA-ZM-AA0B-01,3.2062816002954877
TCGA-ZM-AA0D-01,TCGA-ZM-AA0D-01,3.092164855102466
TCGA-ZM-AA0E-01,TCGA-ZM-AA0E-01,2.8307372467236855
TCGA-ZM-AA0F-01,TCGA-ZM-AA0F-01,2.1771513937177356
TCGA-ZM-AA0H-01,TCGA-ZM-AA0H-01,2.6961010068559697
TCGA-ZM-AA0N-01,TCGA-ZM-AA0N-01,3.2574879468294244
TCGA-RZ-AB0B-01,TCGA-RZ-AB0B-01,3.07214706182525
TCGA-V3-A9ZX-01,TCGA-V3-A9ZX-01,3.1478585674219834
TCGA-V3-A9ZY-01,TCGA-V3-A9ZY-01,3.149293382592739
TCGA-V4-A9E5-01,TCGA-V4-A9E5-01,2.970362870698572
TCGA-V4-A9E7-01,TCGA-V4-A9E7-01,3.2030241298710207
TCGA-V4-A9E8-01,TCGA-V4-A9E8-01,2.9631784069300817
TCGA-V4-A9E9-01,TCGA-V4-A9E9-01,2.966514076241417
TCGA-V4-A9EA-01,TCGA-V4-A9EA-01,3.0316516143688195
TCGA-V4-A9EC-01,TCGA-V4-A9EC-01,3.1832312242237855
TCGA-V4-A9ED-01,TCGA-V4-A9ED-01,3.2518520377564992
TCGA-V4-A9EE-01,TCGA-V4-A9EE-01,3.0015157623129767
TCGA-V4-A9EF-01,TCGA-V4-A9EF-01,3.417195680311479
TCGA-V4-A9EH-01,TCGA-V4-A9EH-01,3.2774956163599587
TCGA-V4-A9EI-01,TCGA-V4-A9EI-01,3.410491974743918
TCGA-V4-A9EJ-01,TCGA-V4-A9EJ-01,3.0861696339650804
TCGA-V4-A9EK-01,TCGA-V4-A9EK-01,3.0293273229318185
TCGA-V4-A9EL-01,TCGA-V4-A9EL-01,3.1581014618414103
TCGA-V4-A9EM-01,TCGA-V4-A9EM-01,2.972750853679655
TCGA-V4-A9EO-01,TCGA-V4-A9EO-01,3.239783309709404
TCGA-V4-A9EQ-01,TCGA-V4-A9EQ-01,3.2228203968584785
TCGA-V4-A9ES-01,TCGA-V4-A9ES-01,3.271069454090891
TCGA-V4-A9ET-01,TCGA-V4-A9ET-01,3.054521927777106
TCGA-V4-A9EU-01,TCGA-V4-A9EU-01,3.3889019879684334
TCGA-V4-A9EV-01,TCGA-V4-A9EV-01,3.09667066533604
TCGA-V4-A9EW-01,TCGA-V4-A9EW-01,3.094108629369896
TCGA-V4-A9EX-01,TCGA-V4-A9EX-01,3.167346727353328
TCGA-V4-A9EY-01,TCGA-V4-A9EY-01,3.0035694368327395
TCGA-V4-A9EZ-01,TCGA-V4-A9EZ-01,3.0900022928570636
TCGA-V4-A9F0-01,TCGA-V4-A9F0-01,2.928118935461964
TCGA-V4-A9F1-01,TCGA-V4-A9F1-01,3.336791634982347
TCGA-V4-A9F2-01,TCGA-V4-A9F2-01,3.229219819636312
TCGA-V4-A9F3-01,TCGA-V4-A9F3-01,3.15160119485589
TCGA-V4-A9F4-01,TCGA-V4-A9F4-01,3.134506213942519
TCGA-V4-A9F5-01,TCGA-V4-A9F5-01,3.469234600024736
TCGA-V4-A9F7-01,TCGA-V4-A9F7-01,3.098455533806903
TCGA-V4-A9F8-01,TCGA-V4-A9F8-01,3.20057200993525
TCGA-VD-A8K7-01,TCGA-VD-A8K7-01,3.3183312978036925
TCGA-VD-A8K8-01,TCGA-VD-A8K8-01,3.138004757643664
TCGA-VD-A8K9-01,TCGA-VD-A8K9-01,3.1331248733307975
TCGA-VD-A8KA-01,TCGA-VD-A8KA-01,3.168574989999498
TCGA-VD-A8KB-01,TCGA-VD-A8KB-01,3.215570666360066
TCGA-VD-A8KD-01,TCGA-VD-A8KD-01,2.9469419010559155
TCGA-VD-A8KE-01,TCGA-VD-A8KE-01,2.916007415972423
TCGA-VD-A8KF-01,TCGA-VD-A8KF-01,3.1592678071926925
TCGA-VD-A8KG-01,TCGA-VD-A8KG-01,2.8776570848653753
TCGA-VD-A8KH-01,TCGA-VD-A8KH-01,3.185999790560613
TCGA-VD-A8KI-01,TCGA-VD-A8KI-01,3.350317781676566
TCGA-VD-A8KJ-01,TCGA-VD-A8KJ-01,2.9683851619677597
TCGA-VD-A8KK-01,TCGA-VD-A8KK-01,3.3484342330120453
TCGA-VD-A8KL-01,TCGA-VD-A8KL-01,3.248552457340649
TCGA-VD-A8KM-01,TCGA-VD-A8KM-01,3.257617755996854
TCGA-VD-A8KN-01,TCGA-VD-A8KN-01,3.0945244523579865
TCGA-VD-A8KO-01,TCGA-VD-A8KO-01,3.0433258334873394
TCGA-VD-AA8M-01,TCGA-VD-AA8M-01,2.9932837126237506
TCGA-VD-AA8N-01,TCGA-VD-AA8N-01,3.204225846871822
TCGA-VD-AA8O-01,TCGA-VD-AA8O-01,3.4605302558402076
TCGA-VD-AA8P-01,TCGA-VD-AA8P-01,3.263083174831502
TCGA-VD-AA8Q-01,TCGA-VD-AA8Q-01,3.182901955827333
TCGA-VD-AA8R-01,TCGA-VD-AA8R-01,3.2040386470394377
TCGA-VD-AA8S-01,TCGA-VD-AA8S-01,2.7672456546249817
TCGA-VD-AA8T-01,TCGA-VD-AA8T-01,3.11907446056182
TCGA-WC-A87T-01,TCGA-WC-A87T-01,2.8380073248323034
TCGA-WC-A87U-01,TCGA-WC-A87U-01,3.2314536711777766
TCGA-WC-A87W-01,TCGA-WC-A87W-01,3.075657268436515
TCGA-WC-A87Y-01,TCGA-WC-A87Y-01,3.2285369587443133
TCGA-WC-A880-01,TCGA-WC-A880-01,3.19097807075381
TCGA-WC-A881-01,TCGA-WC-A881-01,3.4048569431990847
TCGA-WC-A882-01,TCGA-WC-A882-01,3.2747845745738347
TCGA-WC-A883-01,TCGA-WC-A883-01,3.517891070284226
TCGA-WC-A884-01,TCGA-WC-A884-01,3.038299105911865
TCGA-WC-A885-01,TCGA-WC-A885-01,2.854167407989257
TCGA-WC-A888-01,TCGA-WC-A888-01,2.9418845456037714
TCGA-WC-A88A-01,TCGA-WC-A88A-01,3.5127569421329206
TCGA-WC-AA9A-01,TCGA-WC-AA9A-01,3.3356723102753953
TCGA-WC-AA9E-01,TCGA-WC-AA9E-01,3.2531210632480887
TCGA-YZ-A980-01,TCGA-YZ-A980-01,3.14117713597966
TCGA-YZ-A982-01,TCGA-YZ-A982-01,3.3787751382593147
TCGA-YZ-A983-01,TCGA-YZ-A983-01,3.280688812074977
TCGA-YZ-A984-01,TCGA-YZ-A984-01,3.435643822772395
TCGA-YZ-A985-01,TCGA-YZ-A985-01,3.2624174248050637
TCGA-3G-AB0O-01,TCGA-3G-AB0O-01,3.0203419942876693
TCGA-3G-AB0Q-01,TCGA-3G-AB0Q-01,3.3458793262522666
TCGA-3G-AB0T-01,TCGA-3G-AB0T-01,3.1978522301727335
TCGA-3G-AB14-01,TCGA-3G-AB14-01,2.9915278743038933
TCGA-3G-AB19-01,TCGA-3G-AB19-01,3.054070261597242
TCGA-3Q-A9WF-01,TCGA-3Q-A9WF-01,3.361333972071916
TCGA-3S-A8YW-01,TCGA-3S-A8YW-01,3.08943047018369
TCGA-3S-AAYX-01,TCGA-3S-AAYX-01,2.979215039358829
TCGA-3T-AA9L-01,TCGA-3T-AA9L-01,2.8224739925598037
TCGA-4V-A9QI-01,TCGA-4V-A9QI-01,3.3352479664335837
TCGA-4V-A9QJ-01,TCGA-4V-A9QJ-01,3.04712284674075
TCGA-4V-A9QL-01,TCGA-4V-A9QL-01,3.287429083470114
TCGA-4V-A9QM-01,TCGA-4V-A9QM-01,3.237764514300864
TCGA-4V-A9QN-01,TCGA-4V-A9QN-01,3.16271696173753
TCGA-4V-A9QR-01,TCGA-4V-A9QR-01,3.3593064111429776
TCGA-4V-A9QS-01,TCGA-4V-A9QS-01,3.365510396769364
TCGA-4V-A9QT-01,TCGA-4V-A9QT-01,3.172838444820356
TCGA-4V-A9QU-01,TCGA-4V-A9QU-01,3.077720105770029
TCGA-4V-A9QW-01,TCGA-4V-A9QW-01,3.0360494256757744
TCGA-4V-A9QX-01,TCGA-4V-A9QX-01,3.297599919461313
TCGA-4X-A9F9-01,TCGA-4X-A9F9-01,3.455415950710548
TCGA-4X-A9FA-01,TCGA-4X-A9FA-01,3.223094058908078
TCGA-4X-A9FB-01,TCGA-4X-A9FB-01,3.1427856567915446
TCGA-4X-A9FC-01,TCGA-4X-A9FC-01,2.69950502371343
TCGA-4X-A9FD-01,TCGA-4X-A9FD-01,2.974148849637215
TCGA-5G-A9ZZ-01,TCGA-5G-A9ZZ-01,3.0853700110270603
TCGA-5K-AAAP-01,TCGA-5K-AAAP-01,3.31235368784352
TCGA-5U-AB0D-01,TCGA-5U-AB0D-01,3.0175158582645034
TCGA-5U-AB0E-01,TCGA-5U-AB0E-01,3.2247456091411957
TCGA-5U-AB0F-01,TCGA-5U-AB0F-01,3.0510277588011894
TCGA-5V-A9RR-01,TCGA-5V-A9RR-01,3.1090429688114813
TCGA-X7-A8D6-01,TCGA-X7-A8D6-01,2.8482160763882725
TCGA-X7-A8D6-11,TCGA-X7-A8D6-11,2.9529500254253573
TCGA-X7-A8D7-01,TCGA-X7-A8D7-01,2.9848217106500634
TCGA-X7-A8D7-11,TCGA-X7-A8D7-11,3.1524196369951074
TCGA-X7-A8D8-01,TCGA-X7-A8D8-01,3.1087788055493597
TCGA-X7-A8D9-01,TCGA-X7-A8D9-01,3.2325078294876066
TCGA-X7-A8DB-01,TCGA-X7-A8DB-01,2.7615975000950117
TCGA-X7-A8DD-01,TCGA-X7-A8DD-01,2.98950858565048
TCGA-X7-A8DE-01,TCGA-X7-A8DE-01,3.3678423429430344
TCGA-X7-A8DF-01,TCGA-X7-A8DF-01,3.4096203516412884
TCGA-X7-A8DG-01,TCGA-X7-A8DG-01,3.4844563473242323
TCGA-X7-A8DJ-01,TCGA-X7-A8DJ-01,3.1613740880063377
TCGA-X7-A8M0-01,TCGA-X7-A8M0-01,3.185572868495392
TCGA-X7-A8M1-01,TCGA-X7-A8M1-01,3.214438521752557
TCGA-X7-A8M3-01,TCGA-X7-A8M3-01,3.3350652340467217
TCGA-X7-A8M4-01,TCGA-X7-A8M4-01,2.85807802181975
TCGA-X7-A8M5-01,TCGA-X7-A8M5-01,2.884169070710525
TCGA-X7-A8M6-01,TCGA-X7-A8M6-01,2.918474252293567
TCGA-X7-A8M7-01,TCGA-X7-A8M7-01,3.08958174203443
TCGA-X7-A8M8-01,TCGA-X7-A8M8-01,3.1631192703638056
TCGA-XH-A853-01,TCGA-XH-A853-01,2.8959910947825556
TCGA-XM-A8R8-01,TCGA-XM-A8R8-01,3.005505160223681
TCGA-XM-A8R9-01,TCGA-XM-A8R9-01,2.975832361827824
TCGA-XM-A8RB-01,TCGA-XM-A8RB-01,3.1752923305222387
TCGA-XM-A8RC-01,TCGA-XM-A8RC-01,3.168310677577498
TCGA-XM-A8RD-01,TCGA-XM-A8RD-01,2.9063961111463237
TCGA-XM-A8RE-01,TCGA-XM-A8RE-01,3.3360855790982162
TCGA-XM-A8RF-01,TCGA-XM-A8RF-01,3.576587752879025
TCGA-XM-A8RG-01,TCGA-XM-A8RG-01,3.156206676249414
TCGA-XM-A8RH-01,TCGA-XM-A8RH-01,3.1093786219170987
TCGA-XM-A8RI-01,TCGA-XM-A8RI-01,2.7937156320265344
TCGA-XM-A8RL-01,TCGA-XM-A8RL-01,3.04389608286575
TCGA-XM-AAZ1-01,TCGA-XM-AAZ1-01,3.0817123846576724
TCGA-XM-AAZ2-01,TCGA-XM-AAZ2-01,3.381484238051126
TCGA-XM-AAZ3-01,TCGA-XM-AAZ3-01,3.0309082739739464
TCGA-XU-A92O-01,TCGA-XU-A92O-01,3.432820840429819
TCGA-XU-A92Q-01,TCGA-XU-A92Q-01,2.981523888397933
TCGA-XU-A92T-01,TCGA-XU-A92T-01,3.2472904258299735
TCGA-XU-A92U-01,TCGA-XU-A92U-01,3.0879879378286437
TCGA-XU-A92V-01,TCGA-XU-A92V-01,3.0684483615538096
TCGA-XU-A92W-01,TCGA-XU-A92W-01,2.9329446296956085
TCGA-XU-A92X-01,TCGA-XU-A92X-01,3.497600343791593
TCGA-XU-A92Y-01,TCGA-XU-A92Y-01,2.838582680003359
TCGA-XU-A92Z-01,TCGA-XU-A92Z-01,3.5798488832857864
TCGA-XU-A930-01,TCGA-XU-A930-01,3.2933538957638495
TCGA-XU-A931-01,TCGA-XU-A931-01,3.1715547208041768
TCGA-XU-A932-01,TCGA-XU-A932-01,3.2382167237548076
TCGA-XU-A933-01,TCGA-XU-A933-01,2.5205991561317016
TCGA-XU-A936-01,TCGA-XU-A936-01,3.2427823544174537
TCGA-XU-AAXV-01,TCGA-XU-AAXV-01,3.3971534133349826
TCGA-XU-AAXW-01,TCGA-XU-AAXW-01,3.316046611985649
TCGA-XU-AAXX-01,TCGA-XU-AAXX-01,3.162744324380272
TCGA-XU-AAXY-01,TCGA-XU-AAXY-01,3.3809276145739617
TCGA-XU-AAXZ-01,TCGA-XU-AAXZ-01,3.4312584684603387
TCGA-XU-AAY0-01,TCGA-XU-AAY0-01,3.2807199237161297
TCGA-XU-AAY1-01,TCGA-XU-AAY1-01,3.002121089246703
TCGA-YT-A95D-01,TCGA-YT-A95D-01,3.0294013598427796
TCGA-YT-A95E-01,TCGA-YT-A95E-01,3.1848723590084256
TCGA-YT-A95F-01,TCGA-YT-A95F-01,3.2145071515364805
TCGA-YT-A95G-01,TCGA-YT-A95G-01,3.0944964592486555
TCGA-YT-A95H-01,TCGA-YT-A95H-01,3.10775887268898
TCGA-ZB-A961-01,TCGA-ZB-A961-01,3.2875976657031805
TCGA-ZB-A962-01,TCGA-ZB-A962-01,3.232758328219542
TCGA-ZB-A963-01,TCGA-ZB-A963-01,2.971556442387945
TCGA-ZB-A964-01,TCGA-ZB-A964-01,3.136817736921228
TCGA-ZB-A965-01,TCGA-ZB-A965-01,3.297086849286025
TCGA-ZB-A966-01,TCGA-ZB-A966-01,3.1630264888108917
TCGA-ZB-A969-01,TCGA-ZB-A969-01,3.521499228695935
TCGA-ZB-A96A-01,TCGA-ZB-A96A-01,3.406456646602385
TCGA-ZB-A96B-01,TCGA-ZB-A96B-01,3.037151775390941
TCGA-ZB-A96C-01,TCGA-ZB-A96C-01,3.2022119783010146
TCGA-ZB-A96D-01,TCGA-ZB-A96D-01,3.3409540720713764
TCGA-ZB-A96E-01,TCGA-ZB-A96E-01,3.2936360953243065
TCGA-ZB-A96F-01,TCGA-ZB-A96F-01,2.985862409302425
TCGA-ZB-A96G-01,TCGA-ZB-A96G-01,2.9617849704068755
TCGA-ZB-A96H-01,TCGA-ZB-A96H-01,3.123425385422692
TCGA-ZB-A96I-01,TCGA-ZB-A96I-01,3.5693247852946635
TCGA-ZB-A96K-01,TCGA-ZB-A96K-01,3.044438753758609
TCGA-ZB-A96L-01,TCGA-ZB-A96L-01,3.4413477235181094
TCGA-ZB-A96M-01,TCGA-ZB-A96M-01,2.863860380738138
TCGA-ZB-A96O-01,TCGA-ZB-A96O-01,3.0399063812602223
TCGA-ZB-A96P-01,TCGA-ZB-A96P-01,3.060555270905422
TCGA-ZB-A96Q-01,TCGA-ZB-A96Q-01,2.798028792613515
TCGA-ZB-A96R-01,TCGA-ZB-A96R-01,3.3641811759148212
TCGA-ZB-A96V-01,TCGA-ZB-A96V-01,3.072047205012679
TCGA-ZC-AAA7-01,TCGA-ZC-AAA7-01,2.2986823467999398
TCGA-ZC-AAAA-01,TCGA-ZC-AAAA-01,3.4114114099466883
TCGA-ZC-AAAF-01,TCGA-ZC-AAAF-01,3.217199158841148
TCGA-ZC-AAAH-01,TCGA-ZC-AAAH-01,3.1781172043701416
TCGA-ZL-A9V6-01,TCGA-ZL-A9V6-01,3.3260891875008123
TCGA-ZT-A8OM-01,TCGA-ZT-A8OM-01,3.1692719696701386
TCGA-3X-AAV9-01,TCGA-3X-AAV9-01,2.959036378675834
TCGA-3X-AAVA-01,TCGA-3X-AAVA-01,2.674003258050336
TCGA-3X-AAVB-01,TCGA-3X-AAVB-01,2.8511402242698454
TCGA-3X-AAVC-01,TCGA-3X-AAVC-01,2.1623870816473234
TCGA-3X-AAVE-01,TCGA-3X-AAVE-01,2.385674480904827
TCGA-4G-AAZO-01,TCGA-4G-AAZO-01,3.3044767075500174
TCGA-4G-AAZT-01,TCGA-4G-AAZT-01,2.7787151968403103
TCGA-W5-AA2G-01,TCGA-W5-AA2G-01,3.3660137066691087
TCGA-W5-AA2H-01,TCGA-W5-AA2H-01,3.1712904853243544
TCGA-W5-AA2I-01,TCGA-W5-AA2I-01,2.55444180823243
TCGA-W5-AA2I-11,TCGA-W5-AA2I-11,3.213767909158965
TCGA-W5-AA2O-01,TCGA-W5-AA2O-01,3.4003386487223874
TCGA-W5-AA2Q-01,TCGA-W5-AA2Q-01,2.9444905441316793
TCGA-W5-AA2Q-11,TCGA-W5-AA2Q-11,3.2767547384280773
TCGA-W5-AA2R-01,TCGA-W5-AA2R-01,2.7630686214518745
TCGA-W5-AA2R-11,TCGA-W5-AA2R-11,3.4217218352043273
TCGA-W5-AA2T-01,TCGA-W5-AA2T-01,2.8853472823340267
TCGA-W5-AA2U-01,TCGA-W5-AA2U-01,3.3574858601815727
TCGA-W5-AA2U-11,TCGA-W5-AA2U-11,3.1130311933943027
TCGA-W5-AA2W-01,TCGA-W5-AA2W-01,3.1311157278203114
TCGA-W5-AA2X-01,TCGA-W5-AA2X-01,2.2644564897112054
TCGA-W5-AA2X-11,TCGA-W5-AA2X-11,3.1954892383344555
TCGA-W5-AA2Z-01,TCGA-W5-AA2Z-01,2.8929710832371005
TCGA-W5-AA30-01,TCGA-W5-AA30-01,2.8639721132559064
TCGA-W5-AA30-11,TCGA-W5-AA30-11,3.25041583897819
TCGA-W5-AA31-01,TCGA-W5-AA31-01,2.4470267899158467
TCGA-W5-AA31-11,TCGA-W5-AA31-11,3.2903473155369523
TCGA-W5-AA33-01,TCGA-W5-AA33-01,3.23640392370176
TCGA-W5-AA34-01,TCGA-W5-AA34-01,3.1111907120716285
TCGA-W5-AA34-11,TCGA-W5-AA34-11,3.3703086944455283
TCGA-W5-AA36-01,TCGA-W5-AA36-01,2.655216617314336
TCGA-W5-AA38-01,TCGA-W5-AA38-01,2.807973982671251
TCGA-W5-AA39-01,TCGA-W5-AA39-01,2.8362711536908787
TCGA-W6-AA0S-01,TCGA-W6-AA0S-01,3.1159523974037175
TCGA-WD-A7RX-01,TCGA-WD-A7RX-01,2.533516172763213
TCGA-YR-A95A-01,TCGA-YR-A95A-01,3.2691495488758355
TCGA-ZD-A8I3-01,TCGA-ZD-A8I3-01,3.0331721188981966
TCGA-ZH-A8Y1-01,TCGA-ZH-A8Y1-01,3.0889040436244426
TCGA-ZH-A8Y2-01,TCGA-ZH-A8Y2-01,3.471556530726637
TCGA-ZH-A8Y4-01,TCGA-ZH-A8Y4-01,3.1286491249992765
TCGA-ZH-A8Y5-01,TCGA-ZH-A8Y5-01,3.218338597674914
TCGA-ZH-A8Y6-01,TCGA-ZH-A8Y6-01,3.131400460072812
TCGA-ZH-A8Y8-01,TCGA-ZH-A8Y8-01,3.105884189329959
TCGA-ZU-A8S4-01,TCGA-ZU-A8S4-01,3.24117077579127
TCGA-ZU-A8S4-11,TCGA-ZU-A8S4-11,3.101314897737609
TCGA-IC-A6RF-01,TCGA-IC-A6RF-01,2.8190068573940135
TCGA-IC-A6RF-11,TCGA-IC-A6RF-11,3.207382822950442
TCGA-L5-A88T-01,TCGA-L5-A88T-01,2.774329971418734
TCGA-CG-4460-01,TCGA-CG-4460-01,2.6602486808890724
TCGA-CG-5716-01,TCGA-CG-5716-01,2.759961728699709
TCGA-HF-7131-01,TCGA-HF-7131-01,2.872695644211471
TCGA-EJ-A65B-01,TCGA-EJ-A65B-01,2.8415976340041262
TCGA-EJ-A65D-01,TCGA-EJ-A65D-01,2.997850715349027
TCGA-FC-A66V-01,TCGA-FC-A66V-01,3.1678234376871135
TCGA-FC-A6HD-01,TCGA-FC-A6HD-01,3.3855992764893426
TCGA-G9-6347-01,TCGA-G9-6347-01,3.3606053146874304
TCGA-G9-6379-01,TCGA-G9-6379-01,3.3272255179850996
TCGA-H9-A6BY-01,TCGA-H9-A6BY-01,2.8250648040943633
TCGA-HC-A6AL-01,TCGA-HC-A6AL-01,3.362823651978557
TCGA-HC-A6AN-01,TCGA-HC-A6AN-01,2.797228242809217
TCGA-HC-A6AO-01,TCGA-HC-A6AO-01,2.850646806901494
TCGA-HC-A6AP-01,TCGA-HC-A6AP-01,2.7513343379392996
TCGA-HC-A6AQ-01,TCGA-HC-A6AQ-01,3.1363800491756644
TCGA-HC-A6AS-01,TCGA-HC-A6AS-01,3.3152927023051406
TCGA-HC-A6HX-01,TCGA-HC-A6HX-01,3.2060150130943343
TCGA-HC-A6HY-01,TCGA-HC-A6HY-01,3.0916428643066487
TCGA-J4-A67K-01,TCGA-J4-A67K-01,2.89410113679903
TCGA-J4-A67L-01,TCGA-J4-A67L-01,3.339038575323087
TCGA-J4-A67M-01,TCGA-J4-A67M-01,3.477992104251957
TCGA-J4-A67N-01,TCGA-J4-A67N-01,2.894768947083078
TCGA-J4-A67O-01,TCGA-J4-A67O-01,2.93129803581151
TCGA-J4-A67Q-01,TCGA-J4-A67Q-01,2.964486749498724
TCGA-J4-A67R-01,TCGA-J4-A67R-01,3.251501956622665
TCGA-J4-A67S-01,TCGA-J4-A67S-01,3.068496592635398
TCGA-J4-A6M7-01,TCGA-J4-A6M7-01,3.2863930824391563
TCGA-KK-A6E3-01,TCGA-KK-A6E3-01,2.9667350501844703
TCGA-KK-A6E4-01,TCGA-KK-A6E4-01,2.9940614360941384
TCGA-KK-A6E7-01,TCGA-KK-A6E7-01,3.2686641587073986
TCGA-KK-A6E8-01,TCGA-KK-A6E8-01,3.1683734972905153
TCGA-QU-A6IL-01,TCGA-QU-A6IL-01,2.5770055748581298
TCGA-QU-A6IM-01,TCGA-QU-A6IM-01,3.293548337308145
TCGA-QU-A6IN-01,TCGA-QU-A6IN-01,2.7640309106857597
TCGA-QU-A6IO-01,TCGA-QU-A6IO-01,2.8414443744129043
TCGA-QU-A6IP-01,TCGA-QU-A6IP-01,3.045156404064472
TCGA-A6-2671-01,TCGA-A6-2671-01,2.067883396351213
TCGA-A6-2672-01,TCGA-A6-2672-01,2.181898663655526
TCGA-A6-2674-01,TCGA-A6-2674-01,2.282162339802132
TCGA-A6-2676-01,TCGA-A6-2676-01,2.601788774455218
TCGA-A6-2677-01,TCGA-A6-2677-01,2.3737829918389806
TCGA-A6-2678-01,TCGA-A6-2678-01,2.216446372437301
TCGA-A6-2679-01,TCGA-A6-2679-01,2.5880948961182355
TCGA-A6-2680-01,TCGA-A6-2680-01,2.188964283731972
TCGA-A6-2681-01,TCGA-A6-2681-01,2.44118735794151
TCGA-A6-2683-01,TCGA-A6-2683-01,2.545353913016545
TCGA-A6-3807-01,TCGA-A6-3807-01,2.55254077124673
TCGA-A6-3808-01,TCGA-A6-3808-01,2.0361605040004034
TCGA-A6-3809-01,TCGA-A6-3809-01,2.1169231964848088
TCGA-A6-3810-01,TCGA-A6-3810-01,2.293828702151462
TCGA-A6-4107-01,TCGA-A6-4107-01,2.348194227809582
TCGA-AA-3488-01,TCGA-AA-3488-01,2.455695472351767
TCGA-AA-3494-01,TCGA-AA-3494-01,2.358285066726268
TCGA-AA-3510-01,TCGA-AA-3510-01,2.428419696954032
TCGA-AA-3514-01,TCGA-AA-3514-01,2.411949512800952
TCGA-AA-3517-01,TCGA-AA-3517-01,2.418918934724313
TCGA-AA-3518-01,TCGA-AA-3518-01,2.51932570668402
TCGA-AA-3519-01,TCGA-AA-3519-01,2.4208082770420942
TCGA-AA-3520-01,TCGA-AA-3520-01,2.193352076891659
TCGA-AA-3521-01,TCGA-AA-3521-01,2.6862117252352156
TCGA-AA-3522-01,TCGA-AA-3522-01,2.248927132640368
TCGA-AA-3524-01,TCGA-AA-3524-01,2.291435732229253
TCGA-AA-3525-01,TCGA-AA-3525-01,2.252516974544067
TCGA-AA-3527-01,TCGA-AA-3527-01,2.2645515709537483
TCGA-AA-3529-01,TCGA-AA-3529-01,2.71440829935095
TCGA-AA-3530-01,TCGA-AA-3530-01,2.205856999105421
TCGA-AA-3531-01,TCGA-AA-3531-01,2.5120650692535516
TCGA-AA-3532-01,TCGA-AA-3532-01,2.284461742233142
TCGA-AA-3534-01,TCGA-AA-3534-01,2.5995607277167876
TCGA-AA-3538-01,TCGA-AA-3538-01,2.6736424074894423
TCGA-AA-3542-01,TCGA-AA-3542-01,2.559523225718971
TCGA-AA-3543-01,TCGA-AA-3543-01,2.0746296145071907
TCGA-AA-3544-01,TCGA-AA-3544-01,2.210345238331936
TCGA-AA-3548-01,TCGA-AA-3548-01,2.3238397216301623
TCGA-AA-3549-01,TCGA-AA-3549-01,2.456749289477057
TCGA-AA-3552-01,TCGA-AA-3552-01,2.438582572717277
TCGA-AA-3553-01,TCGA-AA-3553-01,2.301435909006009
TCGA-AA-3555-01,TCGA-AA-3555-01,2.3444274262795957
TCGA-AA-3560-01,TCGA-AA-3560-01,2.2847381083672724
TCGA-AA-3561-01,TCGA-AA-3561-01,2.3566653998145815
TCGA-AA-3664-01,TCGA-AA-3664-01,2.1899160004893155
TCGA-AA-3666-01,TCGA-AA-3666-01,2.4458526024816383
TCGA-AA-3667-01,TCGA-AA-3667-01,2.457234345034156
TCGA-AA-3673-01,TCGA-AA-3673-01,2.5063107463773306
TCGA-AA-3678-01,TCGA-AA-3678-01,2.3284752528871384
TCGA-AA-3679-01,TCGA-AA-3679-01,2.1802189378115893
TCGA-AA-3680-01,TCGA-AA-3680-01,2.386431041541373
TCGA-AA-3681-01,TCGA-AA-3681-01,2.1589760907288187
TCGA-AA-3684-01,TCGA-AA-3684-01,2.261953328465767
TCGA-AA-3688-01,TCGA-AA-3688-01,2.1560469457096856
TCGA-AA-3692-01,TCGA-AA-3692-01,2.2186838609903954
TCGA-AA-3693-01,TCGA-AA-3693-01,2.017852981973272
TCGA-AA-3695-01,TCGA-AA-3695-01,1.8826970423238576
TCGA-AA-3696-01,TCGA-AA-3696-01,2.3244761563538145
TCGA-AA-3710-01,TCGA-AA-3710-01,2.2366379695193928
TCGA-AA-3715-01,TCGA-AA-3715-01,2.5811353564513064
TCGA-AA-3811-01,TCGA-AA-3811-01,2.199900377951897
TCGA-AA-3812-01,TCGA-AA-3812-01,2.375601902731261
TCGA-AA-3814-01,TCGA-AA-3814-01,2.489403399322407
TCGA-AA-3815-01,TCGA-AA-3815-01,2.3622977408545256
TCGA-AA-3818-01,TCGA-AA-3818-01,2.429027619015959
TCGA-AA-3819-01,TCGA-AA-3819-01,2.4083829639053844
TCGA-AA-3821-01,TCGA-AA-3821-01,2.072628104512473
TCGA-AA-3831-01,TCGA-AA-3831-01,2.432236589589682
TCGA-AA-3833-01,TCGA-AA-3833-01,2.4766274956537218
TCGA-AA-3837-01,TCGA-AA-3837-01,2.6167186615558196
TCGA-AA-3841-01,TCGA-AA-3841-01,2.293463220999627
TCGA-AA-3842-01,TCGA-AA-3842-01,2.6098207424649815
TCGA-AA-3844-01,TCGA-AA-3844-01,2.537523712809954
TCGA-AA-3845-01,TCGA-AA-3845-01,2.3193247658492506
TCGA-AA-3846-01,TCGA-AA-3846-01,2.549174342388285
TCGA-AA-3848-01,TCGA-AA-3848-01,2.4501902586967446
TCGA-AA-3850-01,TCGA-AA-3850-01,2.4149949711853647
TCGA-AA-3851-01,TCGA-AA-3851-01,2.4610873368083555
TCGA-AA-3852-01,TCGA-AA-3852-01,2.1680166913354872
TCGA-AA-3854-01,TCGA-AA-3854-01,2.382806048058467
TCGA-AA-3855-01,TCGA-AA-3855-01,2.4492098636263906
TCGA-AA-3856-01,TCGA-AA-3856-01,2.142508982887707
TCGA-AA-3858-01,TCGA-AA-3858-01,2.131210142888415
TCGA-AA-3861-01,TCGA-AA-3861-01,2.4083655793084695
TCGA-AA-3862-01,TCGA-AA-3862-01,2.622280777678816
TCGA-AA-3864-01,TCGA-AA-3864-01,2.438762018285149
TCGA-AA-3866-01,TCGA-AA-3866-01,2.2750136816921134
TCGA-AA-3867-01,TCGA-AA-3867-01,2.174172017867381
TCGA-AA-3869-01,TCGA-AA-3869-01,2.4938414945108827
TCGA-AA-3870-01,TCGA-AA-3870-01,2.343504957777622
TCGA-AA-3872-01,TCGA-AA-3872-01,2.3870318017967316
TCGA-AA-3875-01,TCGA-AA-3875-01,2.5048515731883487
TCGA-AA-3877-01,TCGA-AA-3877-01,2.1498262179626546
TCGA-AA-3930-01,TCGA-AA-3930-01,2.363545396228178
TCGA-AA-3939-01,TCGA-AA-3939-01,2.3985089393213004
TCGA-AA-3941-01,TCGA-AA-3941-01,2.268668822612204
TCGA-AA-3947-01,TCGA-AA-3947-01,2.421288606063733
TCGA-AA-3949-01,TCGA-AA-3949-01,2.0400181096892154
TCGA-AA-3950-01,TCGA-AA-3950-01,2.4229532003041636
TCGA-AA-3952-01,TCGA-AA-3952-01,2.3643857471475993
TCGA-AA-3955-01,TCGA-AA-3955-01,2.635365708947657
TCGA-AA-3956-01,TCGA-AA-3956-01,2.7276969997658274
TCGA-AA-3966-01,TCGA-AA-3966-01,2.253117951583718
TCGA-AA-3968-01,TCGA-AA-3968-01,2.398557783062041
TCGA-AA-3970-01,TCGA-AA-3970-01,2.2422924468279506
TCGA-AA-3971-01,TCGA-AA-3971-01,2.253983362320758
TCGA-AA-3973-01,TCGA-AA-3973-01,2.359254644661286
TCGA-AA-3975-01,TCGA-AA-3975-01,2.1862126666034665
TCGA-AA-3976-01,TCGA-AA-3976-01,2.561874825988708
TCGA-AA-3977-01,TCGA-AA-3977-01,2.187833163361356
TCGA-AA-3979-01,TCGA-AA-3979-01,2.325435935311203
TCGA-AA-3980-01,TCGA-AA-3980-01,2.517610920368279
TCGA-AA-3982-01,TCGA-AA-3982-01,2.4240742145963523
TCGA-AA-3984-01,TCGA-AA-3984-01,2.254530008320361
TCGA-AA-3986-01,TCGA-AA-3986-01,2.3818391168636706
TCGA-AA-3989-01,TCGA-AA-3989-01,2.52444124600999
TCGA-AA-3994-01,TCGA-AA-3994-01,2.0919749141549024
TCGA-AA-A004-01,TCGA-AA-A004-01,2.9975597480689897
TCGA-AA-A00A-01,TCGA-AA-A00A-01,2.5744582221258048
TCGA-AA-A00D-01,TCGA-AA-A00D-01,2.018032731960008
TCGA-AA-A00E-01,TCGA-AA-A00E-01,2.5020447110267914
TCGA-AA-A00F-01,TCGA-AA-A00F-01,2.3989802129007103
TCGA-AA-A00J-01,TCGA-AA-A00J-01,2.2115435880112875
TCGA-AA-A00K-01,TCGA-AA-A00K-01,2.4034269455298154
TCGA-AA-A00L-01,TCGA-AA-A00L-01,2.5515497668501834
TCGA-AA-A00N-01,TCGA-AA-A00N-01,2.561682991525203
TCGA-AA-A00O-01,TCGA-AA-A00O-01,2.3050382589406206
TCGA-AA-A00Q-01,TCGA-AA-A00Q-01,2.49106179744313
TCGA-AA-A00R-01,TCGA-AA-A00R-01,2.218869181178488
TCGA-AA-A00U-01,TCGA-AA-A00U-01,2.5420002784862183
TCGA-AA-A00W-01,TCGA-AA-A00W-01,2.8212709572819707
TCGA-AA-A00Z-01,TCGA-AA-A00Z-01,2.336125349275259
TCGA-AA-A010-01,TCGA-AA-A010-01,2.406409648486708
TCGA-AA-A017-01,TCGA-AA-A017-01,2.2669340725466354
TCGA-AA-A01C-01,TCGA-AA-A01C-01,2.394826329754882
TCGA-AA-A01D-01,TCGA-AA-A01D-01,2.567647420772967
TCGA-AA-A01F-01,TCGA-AA-A01F-01,2.768363946399702
TCGA-AA-A01G-01,TCGA-AA-A01G-01,2.5861891872305938
TCGA-AA-A01I-01,TCGA-AA-A01I-01,2.554724637074177
TCGA-AA-A01K-01,TCGA-AA-A01K-01,2.036905446612887
TCGA-AA-A01Q-01,TCGA-AA-A01Q-01,2.101031774617539
TCGA-AA-A01R-01,TCGA-AA-A01R-01,2.6649909492132244
TCGA-AA-A01S-01,TCGA-AA-A01S-01,2.589932925313051
TCGA-AA-A01T-01,TCGA-AA-A01T-01,2.578424870402353
TCGA-AA-A01V-01,TCGA-AA-A01V-01,2.550691252755673
TCGA-AA-A022-01,TCGA-AA-A022-01,1.9081027748863264
TCGA-AA-A024-01,TCGA-AA-A024-01,2.3708794380959954
TCGA-AA-A029-01,TCGA-AA-A029-01,2.489204844171538
TCGA-AA-A02E-01,TCGA-AA-A02E-01,2.174122104876241
TCGA-AA-A02F-01,TCGA-AA-A02F-01,2.59325248241868
TCGA-AA-A02H-01,TCGA-AA-A02H-01,2.5674350528831944
TCGA-AA-A02J-01,TCGA-AA-A02J-01,2.4945521789295864
TCGA-AA-A02O-01,TCGA-AA-A02O-01,2.5051371294357905
TCGA-AA-A02R-01,TCGA-AA-A02R-01,2.118696932375444
TCGA-AA-A02W-01,TCGA-AA-A02W-01,2.2959249293744994
TCGA-AA-A03F-01,TCGA-AA-A03F-01,2.4809481724633153
TCGA-AA-A03J-01,TCGA-AA-A03J-01,2.3034181503895024
TCGA-AY-4070-01,TCGA-AY-4070-01,2.278712064025129
TCGA-AY-4071-01,TCGA-AY-4071-01,2.4314993852119478
TCGA-AZ-4308-01,TCGA-AZ-4308-01,2.3404609279383806
TCGA-AZ-4681-01,TCGA-AZ-4681-01,2.688022045016659
TCGA-CM-4746-01,TCGA-CM-4746-01,2.367505888165455
TCGA-CM-4748-01,TCGA-CM-4748-01,2.2726222199002915
TCGA-CM-4750-01,TCGA-CM-4750-01,2.34879020101136
TCGA-CM-4752-01,TCGA-CM-4752-01,2.4425095690824863
TCGA-CM-5341-01,TCGA-CM-5341-01,2.4931927781663097
TCGA-A5-A0G1-01,TCGA-A5-A0G1-01,3.1615092425553897
TCGA-A5-A0G2-01,TCGA-A5-A0G2-01,3.045507044708832
TCGA-A5-A0G3-01,TCGA-A5-A0G3-01,3.208191614112539
TCGA-A5-A0G5-01,TCGA-A5-A0G5-01,3.1470821547442753
TCGA-A5-A0G9-01,TCGA-A5-A0G9-01,2.7428754147666052
TCGA-A5-A0GA-01,TCGA-A5-A0GA-01,3.26194513375415
TCGA-A5-A0GB-01,TCGA-A5-A0GB-01,3.4922047395991074
TCGA-A5-A0GD-01,TCGA-A5-A0GD-01,3.016364751959624
TCGA-A5-A0GE-01,TCGA-A5-A0GE-01,2.589767486745842
TCGA-A5-A0GG-01,TCGA-A5-A0GG-01,2.91282061197925
TCGA-A5-A0GH-01,TCGA-A5-A0GH-01,2.9276206806163625
TCGA-A5-A0GI-01,TCGA-A5-A0GI-01,2.9162193479833074
TCGA-A5-A0GJ-01,TCGA-A5-A0GJ-01,2.67330184563257
TCGA-A5-A0GM-01,TCGA-A5-A0GM-01,3.0949337065724003
TCGA-A5-A0GN-01,TCGA-A5-A0GN-01,3.050251784536163
TCGA-A5-A0GP-01,TCGA-A5-A0GP-01,2.772446629066086
TCGA-A5-A0GQ-01,TCGA-A5-A0GQ-01,2.821585571795917
TCGA-A5-A0GR-01,TCGA-A5-A0GR-01,2.420228595211988
TCGA-A5-A0GU-01,TCGA-A5-A0GU-01,2.9498324098081428
TCGA-A5-A0GV-01,TCGA-A5-A0GV-01,3.0035319702984387
TCGA-A5-A0GW-01,TCGA-A5-A0GW-01,2.4294868219449124
TCGA-A5-A0GX-01,TCGA-A5-A0GX-01,2.6556725904411334
TCGA-A5-A0R6-01,TCGA-A5-A0R6-01,2.8208747574314117
TCGA-A5-A0R7-01,TCGA-A5-A0R7-01,3.0429296091480875
TCGA-A5-A0R8-01,TCGA-A5-A0R8-01,2.526191732107607
TCGA-A5-A0R9-01,TCGA-A5-A0R9-01,3.0282250785185822
TCGA-A5-A0RA-01,TCGA-A5-A0RA-01,2.987655440194066
TCGA-A5-A0VO-01,TCGA-A5-A0VO-01,2.9556157357179904
TCGA-A5-A0VP-01,TCGA-A5-A0VP-01,3.028946202542311
TCGA-A5-A0VQ-01,TCGA-A5-A0VQ-01,3.1426887705067283
TCGA-A5-A1OF-01,TCGA-A5-A1OF-01,2.788421219648192
TCGA-A5-A1OG-01,TCGA-A5-A1OG-01,3.184710852157694
TCGA-A5-A1OJ-01,TCGA-A5-A1OJ-01,2.8345545466900313
TCGA-A5-A1OK-01,TCGA-A5-A1OK-01,2.7312887193569813
TCGA-AJ-A23M-01,TCGA-AJ-A23M-01,3.0628694983597256
TCGA-AJ-A23O-01,TCGA-AJ-A23O-01,3.140520583471253
TCGA-AJ-A2QK-01,TCGA-AJ-A2QK-01,3.0085478262561787
TCGA-AJ-A2QL-01,TCGA-AJ-A2QL-01,2.795741986511381
TCGA-AJ-A2QL-11,TCGA-AJ-A2QL-11,2.665733070434908
TCGA-AJ-A2QN-01,TCGA-AJ-A2QN-01,3.0184753945797054
TCGA-AP-A051-01,TCGA-AP-A051-01,2.9983963702221126
TCGA-AP-A052-01,TCGA-AP-A052-01,2.9739120699074006
TCGA-AP-A054-01,TCGA-AP-A054-01,2.85629520133753
TCGA-AP-A056-01,TCGA-AP-A056-01,2.8322997666225107
TCGA-AP-A059-01,TCGA-AP-A059-01,2.8957760343191836
TCGA-AP-A05A-01,TCGA-AP-A05A-01,2.846707417521317
TCGA-AP-A05D-01,TCGA-AP-A05D-01,2.810227652865362
TCGA-AP-A05H-01,TCGA-AP-A05H-01,3.2065641764390134
TCGA-AP-A05J-01,TCGA-AP-A05J-01,3.256698716951803
TCGA-AP-A05N-01,TCGA-AP-A05N-01,2.899559760924244
TCGA-AP-A05O-01,TCGA-AP-A05O-01,2.470811224827066
TCGA-AP-A05P-01,TCGA-AP-A05P-01,3.1226649462509646
TCGA-AP-A0L8-01,TCGA-AP-A0L8-01,2.859789558214006
TCGA-AP-A0L9-01,TCGA-AP-A0L9-01,2.5766547600283705
TCGA-AP-A0LD-01,TCGA-AP-A0LD-01,3.2533545440450884
TCGA-AP-A0LE-01,TCGA-AP-A0LE-01,2.8189118237737776
TCGA-AP-A0LF-01,TCGA-AP-A0LF-01,3.32321109700732
TCGA-AP-A0LG-01,TCGA-AP-A0LG-01,3.341318009739804
TCGA-AP-A0LH-01,TCGA-AP-A0LH-01,2.897428384230708
TCGA-AP-A0LI-01,TCGA-AP-A0LI-01,2.8780560667830195
TCGA-AP-A0LJ-01,TCGA-AP-A0LJ-01,2.5133477726013824
TCGA-AP-A0LL-01,TCGA-AP-A0LL-01,2.7167519795332837
TCGA-AP-A0LM-01,TCGA-AP-A0LM-01,3.1716583550654978
TCGA-AP-A0LN-01,TCGA-AP-A0LN-01,2.7328350171761797
TCGA-AP-A0LO-01,TCGA-AP-A0LO-01,3.0332823721827578
TCGA-AP-A0LP-01,TCGA-AP-A0LP-01,2.838004624137894
TCGA-AP-A0LS-01,TCGA-AP-A0LS-01,3.266649164823532
TCGA-AP-A0LT-01,TCGA-AP-A0LT-01,3.2898180363207636
TCGA-AP-A0LV-01,TCGA-AP-A0LV-01,2.704637697264516
TCGA-AP-A1DH-01,TCGA-AP-A1DH-01,3.199575100933385
TCGA-AP-A1DK-01,TCGA-AP-A1DK-01,2.758810742876496
TCGA-AP-A1DM-01,TCGA-AP-A1DM-01,3.206418744407252
TCGA-AP-A1DO-01,TCGA-AP-A1DO-01,3.2274122514039774
TCGA-AP-A1DP-01,TCGA-AP-A1DP-01,2.519298123667927
TCGA-AP-A1DQ-01,TCGA-AP-A1DQ-01,3.153392315256589
TCGA-AP-A1DR-01,TCGA-AP-A1DR-01,3.4068476228581632
TCGA-AP-A1DV-01,TCGA-AP-A1DV-01,3.1109424070413754
TCGA-AP-A1E0-01,TCGA-AP-A1E0-01,3.0981633260870534
TCGA-AP-A1E1-01,TCGA-AP-A1E1-01,2.9865671031498477
TCGA-AP-A1E3-01,TCGA-AP-A1E3-01,2.98507866078415
TCGA-AP-A1E4-01,TCGA-AP-A1E4-01,2.9875370448626075
TCGA-AW-A1PO-01,TCGA-AW-A1PO-01,3.483536927674803
TCGA-AX-A05S-01,TCGA-AX-A05S-01,2.764312142639453
TCGA-AX-A05T-01,TCGA-AX-A05T-01,2.8397865565629696
TCGA-AX-A05U-01,TCGA-AX-A05U-01,2.608282396392674
TCGA-AX-A05Y-01,TCGA-AX-A05Y-01,3.147578244273735
TCGA-AX-A05Z-01,TCGA-AX-A05Z-01,3.134522605953458
TCGA-AX-A060-01,TCGA-AX-A060-01,2.9090186681877883
TCGA-AX-A062-01,TCGA-AX-A062-01,2.635014769066039
TCGA-AX-A063-01,TCGA-AX-A063-01,2.7009345872522634
TCGA-AX-A064-01,TCGA-AX-A064-01,2.87069634745069
TCGA-AX-A06B-01,TCGA-AX-A06B-01,2.870635688109368
TCGA-AX-A06F-01,TCGA-AX-A06F-01,3.0598099178457847
TCGA-AX-A06H-01,TCGA-AX-A06H-01,2.842850301005287
TCGA-AX-A06J-01,TCGA-AX-A06J-01,2.534477820713367
TCGA-AX-A06L-01,TCGA-AX-A06L-01,2.615439962189502
TCGA-AX-A0IS-01,TCGA-AX-A0IS-01,3.065113473312271
TCGA-AX-A0IU-01,TCGA-AX-A0IU-01,3.067529280135391
TCGA-AX-A0IW-01,TCGA-AX-A0IW-01,3.238477407021791
TCGA-AX-A0IZ-01,TCGA-AX-A0IZ-01,3.0563826865844868
TCGA-AX-A0J0-01,TCGA-AX-A0J0-01,3.1299221770690093
TCGA-AX-A0J1-01,TCGA-AX-A0J1-01,2.948448378907977
TCGA-AX-A1C4-01,TCGA-AX-A1C4-01,3.509770789025856
TCGA-AX-A1C5-01,TCGA-AX-A1C5-01,3.055342491292894
TCGA-AX-A1C8-01,TCGA-AX-A1C8-01,2.7539666156782103
TCGA-AX-A1C9-01,TCGA-AX-A1C9-01,2.9139094902736518
TCGA-AX-A1CA-01,TCGA-AX-A1CA-01,2.7514234395140624
TCGA-AX-A1CC-01,TCGA-AX-A1CC-01,2.625508516170655
TCGA-AX-A1CE-01,TCGA-AX-A1CE-01,2.902122405346446
TCGA-AX-A1CF-01,TCGA-AX-A1CF-01,3.0176068457079555
TCGA-AX-A1CF-11,TCGA-AX-A1CF-11,3.0219426576990096
TCGA-AX-A1CI-01,TCGA-AX-A1CI-01,3.0099362063415502
TCGA-AX-A1CI-11,TCGA-AX-A1CI-11,2.6506299353656657
TCGA-AX-A1CJ-01,TCGA-AX-A1CJ-01,2.778265975624493
TCGA-AX-A1CK-01,TCGA-AX-A1CK-01,2.736630128927146
TCGA-AX-A1CK-11,TCGA-AX-A1CK-11,2.7558457870132096
TCGA-AX-A1CN-01,TCGA-AX-A1CN-01,2.423040228851494
TCGA-AX-A2H2-01,TCGA-AX-A2H2-01,2.99764183773261
TCGA-AX-A2H5-01,TCGA-AX-A2H5-01,2.9107184508792843
TCGA-AX-A2H7-01,TCGA-AX-A2H7-01,2.593834636793207
TCGA-AX-A2HA-01,TCGA-AX-A2HA-01,2.9870586033189768
TCGA-AX-A2HA-11,TCGA-AX-A2HA-11,2.705593194982886
TCGA-AX-A2HC-01,TCGA-AX-A2HC-01,3.5308515815853636
TCGA-AX-A2HD-01,TCGA-AX-A2HD-01,2.8087301545036127
TCGA-AX-A2HG-01,TCGA-AX-A2HG-01,2.3473394925741204
TCGA-AX-A2HJ-01,TCGA-AX-A2HJ-01,3.036865565383298
TCGA-AX-A2HK-01,TCGA-AX-A2HK-01,2.8740235044764275
TCGA-AX-A2IO-01,TCGA-AX-A2IO-01,2.984329933526777
TCGA-B5-A0JS-01,TCGA-B5-A0JS-01,2.90016486239334
TCGA-B5-A0JT-01,TCGA-B5-A0JT-01,3.1349130167343007
TCGA-B5-A0JU-01,TCGA-B5-A0JU-01,3.33103296679672
TCGA-B5-A0JV-01,TCGA-B5-A0JV-01,3.207311142685315
TCGA-B5-A0JX-01,TCGA-B5-A0JX-01,2.634285614920069
TCGA-B5-A0JY-01,TCGA-B5-A0JY-01,2.9675502965525897
TCGA-B5-A0JZ-01,TCGA-B5-A0JZ-01,3.0754869900956714
TCGA-B5-A0K0-01,TCGA-B5-A0K0-01,2.2985282239357296
TCGA-B5-A0K1-01,TCGA-B5-A0K1-01,2.7530592271761125
TCGA-B5-A0K2-01,TCGA-B5-A0K2-01,2.3810734067810135
TCGA-B5-A0K3-01,TCGA-B5-A0K3-01,2.5860311880361952
TCGA-B5-A0K4-01,TCGA-B5-A0K4-01,3.2012929867300666
TCGA-B5-A0K6-01,TCGA-B5-A0K6-01,2.845302596821789
TCGA-B5-A0K7-01,TCGA-B5-A0K7-01,2.977383862632099
TCGA-B5-A0K8-01,TCGA-B5-A0K8-01,2.73553050051466
TCGA-B5-A11E-01,TCGA-B5-A11E-01,3.4381035023044486
TCGA-B5-A11F-01,TCGA-B5-A11F-01,2.7272683857970805
TCGA-B5-A11G-01,TCGA-B5-A11G-01,2.747499909486957
TCGA-B5-A11H-01,TCGA-B5-A11H-01,2.8968923983664157
TCGA-B5-A11I-01,TCGA-B5-A11I-01,2.8148271784084176
TCGA-B5-A11J-01,TCGA-B5-A11J-01,3.3016363979600363
TCGA-B5-A11L-01,TCGA-B5-A11L-01,3.2514555292679543
TCGA-B5-A11M-01,TCGA-B5-A11M-01,2.735556801429651
TCGA-B5-A11N-01,TCGA-B5-A11N-01,3.189363476393472
TCGA-B5-A11O-01,TCGA-B5-A11O-01,2.68471299699693
TCGA-B5-A11P-01,TCGA-B5-A11P-01,2.7836904940621325
TCGA-B5-A11Q-01,TCGA-B5-A11Q-01,3.0726555184248743
TCGA-B5-A11S-01,TCGA-B5-A11S-01,3.1129460101984
TCGA-B5-A11U-01,TCGA-B5-A11U-01,3.3696834818625647
TCGA-B5-A11V-01,TCGA-B5-A11V-01,2.995292095213447
TCGA-B5-A11W-01,TCGA-B5-A11W-01,2.4880704050082616
TCGA-B5-A11X-01,TCGA-B5-A11X-01,3.5024311912759676
TCGA-B5-A11Y-01,TCGA-B5-A11Y-01,2.752709419272342
TCGA-B5-A11Z-01,TCGA-B5-A11Z-01,2.9081510605987235
TCGA-B5-A121-01,TCGA-B5-A121-01,2.501896983221273
TCGA-B5-A1MR-01,TCGA-B5-A1MR-01,2.861145656451152
TCGA-B5-A1MU-01,TCGA-B5-A1MU-01,3.0710157599230294
TCGA-B5-A1MV-01,TCGA-B5-A1MV-01,3.0530459356519533
TCGA-B5-A1MX-01,TCGA-B5-A1MX-01,3.025509643739137
TCGA-B5-A1MY-01,TCGA-B5-A1MY-01,2.6390124589756523
TCGA-B5-A1MZ-01,TCGA-B5-A1MZ-01,3.0002975036967223
TCGA-B5-A1N2-01,TCGA-B5-A1N2-01,2.6414572359661745
TCGA-BG-A0LW-01,TCGA-BG-A0LW-01,2.6609634188181266
TCGA-BG-A0LX-01,TCGA-BG-A0LX-01,2.8977736377260035
TCGA-BG-A0M0-01,TCGA-BG-A0M0-01,2.8095808131066105
TCGA-BG-A0M2-01,TCGA-BG-A0M2-01,2.909232452425015
TCGA-BG-A0M3-01,TCGA-BG-A0M3-01,3.0955456028684947
TCGA-BG-A0M4-01,TCGA-BG-A0M4-01,2.8587646342533626
TCGA-BG-A0M6-01,TCGA-BG-A0M6-01,2.9100729108101406
TCGA-BG-A0M7-01,TCGA-BG-A0M7-01,2.7843955583063944
TCGA-BG-A0M9-01,TCGA-BG-A0M9-01,2.7643788397470423
TCGA-BG-A0MA-01,TCGA-BG-A0MA-01,2.941616322594444
TCGA-BG-A0MC-01,TCGA-BG-A0MC-01,2.417419228255785
TCGA-BG-A0MG-01,TCGA-BG-A0MG-01,2.82513007333658
TCGA-BG-A0MH-01,TCGA-BG-A0MH-01,2.9719239722103543
TCGA-BG-A0MI-01,TCGA-BG-A0MI-01,2.964477480678703
TCGA-BG-A0MO-01,TCGA-BG-A0MO-01,3.1177933080689444
TCGA-BG-A0MQ-01,TCGA-BG-A0MQ-01,3.2490448490656583
TCGA-BG-A0MT-01,TCGA-BG-A0MT-01,2.9455354300230026
TCGA-BG-A0MU-01,TCGA-BG-A0MU-01,2.9796121323797653
TCGA-BG-A0RY-01,TCGA-BG-A0RY-01,3.042987438558374
TCGA-BG-A0VT-01,TCGA-BG-A0VT-01,2.7059282296070903
TCGA-BG-A0VV-01,TCGA-BG-A0VV-01,2.8796212745381755
TCGA-BG-A0VW-01,TCGA-BG-A0VW-01,2.8337388132806485
TCGA-BG-A0VX-01,TCGA-BG-A0VX-01,2.6142019354262893
TCGA-BG-A0VZ-01,TCGA-BG-A0VZ-01,2.964852382650729
TCGA-BG-A0W1-01,TCGA-BG-A0W1-01,2.9205204841781134
TCGA-BG-A0W2-01,TCGA-BG-A0W2-01,2.9896714042931976
TCGA-BG-A0YU-01,TCGA-BG-A0YU-01,2.9535006552590626
TCGA-BG-A0YV-01,TCGA-BG-A0YV-01,2.6967982266658352
TCGA-BG-A186-01,TCGA-BG-A186-01,3.176989056789427
TCGA-BG-A187-01,TCGA-BG-A187-01,2.800434150715539
TCGA-BG-A18A-01,TCGA-BG-A18A-01,2.6457858011401725
TCGA-BG-A18B-01,TCGA-BG-A18B-01,2.6597236547260033
TCGA-BG-A18C-01,TCGA-BG-A18C-01,3.1037259125373162
TCGA-BG-A222-01,TCGA-BG-A222-01,2.9144945683633923
TCGA-BG-A2AD-01,TCGA-BG-A2AD-01,3.3292415872722456
TCGA-BG-A2AE-01,TCGA-BG-A2AE-01,3.2524784387057513
TCGA-BG-A2L7-01,TCGA-BG-A2L7-01,2.9074187242714915
TCGA-BK-A0C9-01,TCGA-BK-A0C9-01,2.8601075936220313
TCGA-BK-A0CA-01,TCGA-BK-A0CA-01,2.619494213734703
TCGA-BK-A0CB-01,TCGA-BK-A0CB-01,2.6759000046498724
TCGA-BK-A0CB-11,TCGA-BK-A0CB-11,2.642537286789025
TCGA-BK-A0CC-01,TCGA-BK-A0CC-01,3.184405774193349
TCGA-BK-A139-01,TCGA-BK-A139-01,2.875408749028463
TCGA-BK-A13C-01,TCGA-BK-A13C-01,2.395459960509131
TCGA-BK-A13C-11,TCGA-BK-A13C-11,3.1409056998449456
TCGA-BK-A26L-01,TCGA-BK-A26L-01,2.92375092047626
TCGA-BS-A0T9-01,TCGA-BS-A0T9-01,2.9713203090159563
TCGA-BS-A0TA-01,TCGA-BS-A0TA-01,2.8493227077361274
TCGA-BS-A0TC-01,TCGA-BS-A0TC-01,2.923143154139661
TCGA-BS-A0TD-01,TCGA-BS-A0TD-01,2.7980117970936593
TCGA-BS-A0TE-01,TCGA-BS-A0TE-01,2.0217265629709926
TCGA-BS-A0TG-01,TCGA-BS-A0TG-01,2.725519695348552
TCGA-BS-A0TI-01,TCGA-BS-A0TI-01,2.7512985770480514
TCGA-BS-A0TJ-01,TCGA-BS-A0TJ-01,2.7328281901696387
TCGA-BS-A0U5-01,TCGA-BS-A0U5-01,2.689029400657093
TCGA-BS-A0U7-01,TCGA-BS-A0U7-01,3.27020833021072
TCGA-BS-A0U8-01,TCGA-BS-A0U8-01,3.0966037249058185
TCGA-BS-A0U9-01,TCGA-BS-A0U9-01,3.4310761471015763
TCGA-BS-A0UA-01,TCGA-BS-A0UA-01,2.9243964724829454
TCGA-BS-A0UF-01,TCGA-BS-A0UF-01,3.095344862928456
TCGA-BS-A0UJ-01,TCGA-BS-A0UJ-01,2.835590815052227
TCGA-BS-A0UL-01,TCGA-BS-A0UL-01,3.2699112295383648
TCGA-BS-A0UM-01,TCGA-BS-A0UM-01,3.0101368700608684
TCGA-BS-A0UT-01,TCGA-BS-A0UT-01,2.8682295273494933
TCGA-BS-A0UV-01,TCGA-BS-A0UV-01,2.7229022457328993
TCGA-BS-A0V6-01,TCGA-BS-A0V6-01,2.6343350694285834
TCGA-BS-A0V8-01,TCGA-BS-A0V8-01,3.2911460356166904
TCGA-BS-A0VI-01,TCGA-BS-A0VI-01,3.1075710413708633
TCGA-BS-A0WQ-01,TCGA-BS-A0WQ-01,2.809963709898208
TCGA-D1-A0ZN-01,TCGA-D1-A0ZN-01,2.8261035150890983
TCGA-D1-A0ZO-01,TCGA-D1-A0ZO-01,2.960178574581465
TCGA-D1-A0ZP-01,TCGA-D1-A0ZP-01,2.9119076757889273
TCGA-D1-A0ZQ-01,TCGA-D1-A0ZQ-01,3.233946788180257
TCGA-D1-A0ZR-01,TCGA-D1-A0ZR-01,2.6618969431129806
TCGA-D1-A0ZS-01,TCGA-D1-A0ZS-01,3.0377680366296134
TCGA-D1-A0ZU-01,TCGA-D1-A0ZU-01,3.2465741072435232
TCGA-D1-A0ZV-01,TCGA-D1-A0ZV-01,2.9729148605420743
TCGA-D1-A0ZZ-01,TCGA-D1-A0ZZ-01,2.8683194144427393
TCGA-D1-A101-01,TCGA-D1-A101-01,3.0580761524534745
TCGA-D1-A102-01,TCGA-D1-A102-01,2.705341119569513
TCGA-D1-A103-01,TCGA-D1-A103-01,3.004952289704331
TCGA-D1-A15V-01,TCGA-D1-A15V-01,3.0369851950872344
TCGA-D1-A15W-01,TCGA-D1-A15W-01,2.771303481454659
TCGA-D1-A15X-01,TCGA-D1-A15X-01,3.396832760809957
TCGA-D1-A15Z-01,TCGA-D1-A15Z-01,2.812609745206433
TCGA-D1-A160-01,TCGA-D1-A160-01,3.1339961379717227
TCGA-D1-A161-01,TCGA-D1-A161-01,2.867653360663988
TCGA-D1-A162-01,TCGA-D1-A162-01,3.0153427481189885
TCGA-D1-A163-01,TCGA-D1-A163-01,3.061267325175405
TCGA-D1-A165-01,TCGA-D1-A165-01,2.572485533943796
TCGA-D1-A167-01,TCGA-D1-A167-01,2.9767382620676806
TCGA-D1-A168-01,TCGA-D1-A168-01,3.43169398438369
TCGA-D1-A169-01,TCGA-D1-A169-01,3.058759113315741
TCGA-D1-A16B-01,TCGA-D1-A16B-01,2.8773965253156337
TCGA-D1-A16D-01,TCGA-D1-A16D-01,2.9535881990640993
TCGA-D1-A16E-01,TCGA-D1-A16E-01,2.5642885966780806
TCGA-D1-A16F-01,TCGA-D1-A16F-01,2.887566919105774
TCGA-D1-A16G-01,TCGA-D1-A16G-01,2.938660509834026
TCGA-D1-A16I-01,TCGA-D1-A16I-01,2.6475716029451126
TCGA-D1-A16J-01,TCGA-D1-A16J-01,2.6352125510998574
TCGA-D1-A16N-01,TCGA-D1-A16N-01,2.763444629658599
TCGA-D1-A16O-01,TCGA-D1-A16O-01,3.0447651348242113
TCGA-D1-A16Q-01,TCGA-D1-A16Q-01,2.580488675895271
TCGA-D1-A16R-01,TCGA-D1-A16R-01,2.90661878481172
TCGA-D1-A16S-01,TCGA-D1-A16S-01,2.972672794186946
TCGA-D1-A16V-01,TCGA-D1-A16V-01,3.219254418403956
TCGA-D1-A16X-01,TCGA-D1-A16X-01,2.5845875220005525
TCGA-D1-A16Y-01,TCGA-D1-A16Y-01,2.9535014151278185
TCGA-D1-A174-01,TCGA-D1-A174-01,2.583206177648976
TCGA-D1-A175-01,TCGA-D1-A175-01,3.4344876568558225
TCGA-D1-A176-01,TCGA-D1-A176-01,3.063707485420874
TCGA-D1-A177-01,TCGA-D1-A177-01,3.31476683180487
TCGA-D1-A179-01,TCGA-D1-A179-01,2.7860317498443576
TCGA-D1-A17A-01,TCGA-D1-A17A-01,2.815700687214173
TCGA-D1-A17B-01,TCGA-D1-A17B-01,2.627171488329018
TCGA-D1-A17C-01,TCGA-D1-A17C-01,2.7132701829870447
TCGA-D1-A17D-01,TCGA-D1-A17D-01,2.5734706489879793
TCGA-D1-A17F-01,TCGA-D1-A17F-01,2.909125354858244
TCGA-D1-A17H-01,TCGA-D1-A17H-01,3.207616505081217
TCGA-D1-A17K-01,TCGA-D1-A17K-01,2.8947757082776895
TCGA-D1-A17L-01,TCGA-D1-A17L-01,3.183080527593277
TCGA-D1-A17M-01,TCGA-D1-A17M-01,2.961419709006815
TCGA-D1-A17N-01,TCGA-D1-A17N-01,2.642550163598676
TCGA-D1-A17Q-01,TCGA-D1-A17Q-01,2.8740336122134402
TCGA-D1-A17R-01,TCGA-D1-A17R-01,2.9380767423035143
TCGA-D1-A17S-01,TCGA-D1-A17S-01,2.8950158655002105
TCGA-D1-A17T-01,TCGA-D1-A17T-01,2.5987047975340913
TCGA-D1-A17U-01,TCGA-D1-A17U-01,2.8840002171093544
TCGA-D1-A1NS-01,TCGA-D1-A1NS-01,2.849883133996888
TCGA-D1-A1NU-01,TCGA-D1-A1NU-01,3.0277308352629855
TCGA-D1-A1NW-01,TCGA-D1-A1NW-01,2.8258150707279976
TCGA-D1-A1NX-01,TCGA-D1-A1NX-01,2.2937465712732656
TCGA-D1-A1NY-01,TCGA-D1-A1NY-01,3.179730300130656
TCGA-D1-A1NZ-01,TCGA-D1-A1NZ-01,2.830819396914485
TCGA-D1-A1O0-01,TCGA-D1-A1O0-01,2.9206705170137734
TCGA-D1-A1O5-01,TCGA-D1-A1O5-01,3.1306946147129944
TCGA-D1-A1O7-01,TCGA-D1-A1O7-01,2.773630545755354
TCGA-D1-A1O8-01,TCGA-D1-A1O8-01,2.279366491745572
TCGA-D1-A2G5-01,TCGA-D1-A2G5-01,2.836262033029846
TCGA-D1-A2G6-01,TCGA-D1-A2G6-01,3.3409578262136392
TCGA-D1-A2G7-01,TCGA-D1-A2G7-01,3.1293816682350712
TCGA-DF-A2KS-01,TCGA-DF-A2KS-01,3.195264996589878
TCGA-DI-A0WH-01,TCGA-DI-A0WH-01,3.428395812359967
TCGA-DI-A1BY-01,TCGA-DI-A1BY-01,2.830916955148803
TCGA-DI-A1NN-01,TCGA-DI-A1NN-01,3.1769587107434427
TCGA-DI-A1NO-01,TCGA-DI-A1NO-01,2.6370149948654924
TCGA-DI-A2QU-01,TCGA-DI-A2QU-01,3.1688975127707373
TCGA-DI-A2QU-11,TCGA-DI-A2QU-11,3.104362207369764
TCGA-E6-A1LX-01,TCGA-E6-A1LX-01,3.0694974207767958
TCGA-E6-A1LZ-01,TCGA-E6-A1LZ-01,2.8542829160730854
TCGA-E6-A1M0-01,TCGA-E6-A1M0-01,3.269609891387327
TCGA-E6-A1M0-11,TCGA-E6-A1M0-11,3.1490496407778195
TCGA-EC-A1NJ-01,TCGA-EC-A1NJ-01,3.1637089569523638
TCGA-EC-A1QX-01,TCGA-EC-A1QX-01,2.989177264949766
TCGA-EC-A24G-01,TCGA-EC-A24G-01,2.64772450293388
TCGA-EO-A1Y5-01,TCGA-EO-A1Y5-01,3.1760845967181224
TCGA-EO-A1Y8-01,TCGA-EO-A1Y8-01,3.3946641871816063
TCGA-EO-A22R-01,TCGA-EO-A22R-01,3.1518806259277197
TCGA-EO-A22S-01,TCGA-EO-A22S-01,3.0381742231568163
TCGA-EO-A22T-01,TCGA-EO-A22T-01,3.074742321176903
TCGA-EO-A2CG-01,TCGA-EO-A2CG-01,2.251295897651184
TCGA-EO-A2CH-01,TCGA-EO-A2CH-01,2.9717094022390063
TCGA-EY-A1GC-01,TCGA-EY-A1GC-01,3.0808319481908066
TCGA-EY-A1GD-01,TCGA-EY-A1GD-01,2.904165286701386
TCGA-EY-A1GE-01,TCGA-EY-A1GE-01,2.7426545319343445
TCGA-EY-A1GF-01,TCGA-EY-A1GF-01,2.82133694162605
TCGA-EY-A1GH-01,TCGA-EY-A1GH-01,3.335775235469982
TCGA-EY-A1GI-01,TCGA-EY-A1GI-01,2.862182185250009
TCGA-EY-A1GK-01,TCGA-EY-A1GK-01,2.970053078054425
TCGA-EY-A1GM-01,TCGA-EY-A1GM-01,2.558760328239666
TCGA-EY-A1GQ-01,TCGA-EY-A1GQ-01,3.243249979877776
TCGA-EY-A1GR-01,TCGA-EY-A1GR-01,3.281439826079094
TCGA-EY-A1GS-01,TCGA-EY-A1GS-01,2.729001377655098
TCGA-EY-A1GT-01,TCGA-EY-A1GT-01,2.8932815760289126
TCGA-EY-A1GU-01,TCGA-EY-A1GU-01,3.169652461257021
TCGA-EY-A1GV-01,TCGA-EY-A1GV-01,2.2382339044744137
TCGA-EY-A1GW-01,TCGA-EY-A1GW-01,3.014017504142298
TCGA-EY-A1H0-01,TCGA-EY-A1H0-01,2.5781287119131577
TCGA-EY-A212-01,TCGA-EY-A212-01,2.91021538069442
TCGA-EY-A214-01,TCGA-EY-A214-01,3.3132874432723214
TCGA-EY-A215-01,TCGA-EY-A215-01,2.783640640308585
TCGA-EY-A2OM-01,TCGA-EY-A2OM-01,3.112677776649784
TCGA-FI-A2CX-01,TCGA-FI-A2CX-01,2.905317966266436
TCGA-FI-A2CY-01,TCGA-FI-A2CY-01,3.326570503933367
TCGA-FI-A2D0-01,TCGA-FI-A2D0-01,2.996420865680661
TCGA-FI-A2D2-01,TCGA-FI-A2D2-01,3.305872538490917
TCGA-FI-A2D4-01,TCGA-FI-A2D4-01,3.1504851190615097
TCGA-FI-A2D5-01,TCGA-FI-A2D5-01,3.5059476301646164
TCGA-FI-A2D6-01,TCGA-FI-A2D6-01,3.1535727119385157
TCGA-FI-A2EU-01,TCGA-FI-A2EU-01,3.007680711817311
TCGA-FI-A2EW-01,TCGA-FI-A2EW-01,2.630326350409952
TCGA-FI-A2EX-01,TCGA-FI-A2EX-01,3.4829278662218206
TCGA-FI-A2F4-01,TCGA-FI-A2F4-01,3.2985774738154543
TCGA-FI-A2F8-01,TCGA-FI-A2F8-01,3.1254330667309245
TCGA-FI-A2F9-01,TCGA-FI-A2F9-01,3.2076214998352746
TCGA-FL-A1YM-11,TCGA-FL-A1YM-11,2.7007943737627356
TCGA-AF-2691-01,TCGA-AF-2691-01,2.265643376959886
TCGA-AF-2692-01,TCGA-AF-2692-01,2.7036263249294734
TCGA-AF-3400-01,TCGA-AF-3400-01,2.1528705298595985
TCGA-AG-3574-01,TCGA-AG-3574-01,2.3282043686629135
TCGA-AG-3575-01,TCGA-AG-3575-01,2.5194699586812814
TCGA-AG-3578-01,TCGA-AG-3578-01,2.4000782102147995
TCGA-AG-3580-01,TCGA-AG-3580-01,2.689040670792978
TCGA-AG-3581-01,TCGA-AG-3581-01,2.426050198687092
TCGA-AG-3582-01,TCGA-AG-3582-01,2.5142597009978234
TCGA-AG-3583-01,TCGA-AG-3583-01,2.7167497610865614
TCGA-AG-3584-01,TCGA-AG-3584-01,2.017786570207618
TCGA-AG-3586-01,TCGA-AG-3586-01,2.2538828120222854
TCGA-AG-3587-01,TCGA-AG-3587-01,2.332490355963901
TCGA-AG-3593-01,TCGA-AG-3593-01,2.424495248498319
TCGA-AG-3594-01,TCGA-AG-3594-01,2.2360148106600217
TCGA-AG-3598-01,TCGA-AG-3598-01,2.446243923151417
TCGA-AG-3599-01,TCGA-AG-3599-01,2.3815236775202457
TCGA-AG-3600-01,TCGA-AG-3600-01,2.36796284752113
TCGA-AG-3601-01,TCGA-AG-3601-01,2.370933697940301
TCGA-AG-3602-01,TCGA-AG-3602-01,2.3085467087750744
TCGA-AG-3605-01,TCGA-AG-3605-01,2.120020040905958
TCGA-AG-3608-01,TCGA-AG-3608-01,2.0901667983128482
TCGA-AG-3609-01,TCGA-AG-3609-01,2.2750640130957933
TCGA-AG-3726-01,TCGA-AG-3726-01,2.5145897650214546
TCGA-AG-3727-01,TCGA-AG-3727-01,2.4429351538550774
TCGA-AG-3728-01,TCGA-AG-3728-01,2.491304949201229
TCGA-AG-3878-01,TCGA-AG-3878-01,2.3857911043864375
TCGA-AG-3881-01,TCGA-AG-3881-01,2.086450108661589
TCGA-AG-3882-01,TCGA-AG-3882-01,2.3095514859067383
TCGA-AG-3883-01,TCGA-AG-3883-01,2.327835851310943
TCGA-AG-3885-01,TCGA-AG-3885-01,2.160788243923866
TCGA-AG-3887-01,TCGA-AG-3887-01,2.210280865838693
TCGA-AG-3890-01,TCGA-AG-3890-01,2.6360837880458083
TCGA-AG-3892-01,TCGA-AG-3892-01,2.2292118009059765
TCGA-AG-3893-01,TCGA-AG-3893-01,2.420049014935785
TCGA-AG-3894-01,TCGA-AG-3894-01,2.362981831424725
TCGA-AG-3896-01,TCGA-AG-3896-01,2.409328019839412
TCGA-AG-3898-01,TCGA-AG-3898-01,2.529176507926602
TCGA-AG-3901-01,TCGA-AG-3901-01,2.2799254758529366
TCGA-AG-3909-01,TCGA-AG-3909-01,2.380512524867656
TCGA-AG-3999-01,TCGA-AG-3999-01,2.472957510806162
TCGA-AG-4001-01,TCGA-AG-4001-01,2.0958589215530616
TCGA-AG-4005-01,TCGA-AG-4005-01,2.597111560720575
TCGA-AG-4007-01,TCGA-AG-4007-01,2.3391991130367775
TCGA-AG-4008-01,TCGA-AG-4008-01,2.547300481610407
TCGA-AG-4015-01,TCGA-AG-4015-01,2.6633253145353244
TCGA-AG-A002-01,TCGA-AG-A002-01,2.887530293334551
TCGA-AG-A008-01,TCGA-AG-A008-01,2.3307469135579364
TCGA-AG-A00C-01,TCGA-AG-A00C-01,2.3374229522168606
TCGA-AG-A00Y-01,TCGA-AG-A00Y-01,2.6118338570267947
TCGA-AG-A011-01,TCGA-AG-A011-01,2.34359015686515
TCGA-AG-A015-01,TCGA-AG-A015-01,2.302063117329319
TCGA-AG-A016-01,TCGA-AG-A016-01,2.314986905590535
TCGA-AG-A01J-01,TCGA-AG-A01J-01,2.2664946012626386
TCGA-AG-A01L-01,TCGA-AG-A01L-01,2.473488116872017
TCGA-AG-A01N-01,TCGA-AG-A01N-01,2.507908481137476
TCGA-AG-A01W-01,TCGA-AG-A01W-01,2.2932220180867438
TCGA-AG-A01Y-01,TCGA-AG-A01Y-01,2.0567407656255017
TCGA-AG-A020-01,TCGA-AG-A020-01,2.473497807337981
TCGA-AG-A025-01,TCGA-AG-A025-01,2.2254298115835267
TCGA-AG-A026-01,TCGA-AG-A026-01,2.085766419227448
TCGA-AG-A02G-01,TCGA-AG-A02G-01,2.5123620635683075
TCGA-AG-A02N-01,TCGA-AG-A02N-01,2.267974759689817
TCGA-AG-A02X-01,TCGA-AG-A02X-01,2.6071374220232046
TCGA-AG-A032-01,TCGA-AG-A032-01,2.3999797035970607
TCGA-AG-A036-01,TCGA-AG-A036-01,2.1190984115781526
TCGA-04-1348-01,TCGA-04-1348-01,2.6184733391424153
TCGA-04-1357-01,TCGA-04-1357-01,3.036723112673328
TCGA-04-1362-01,TCGA-04-1362-01,2.749491742761201
TCGA-04-1364-01,TCGA-04-1364-01,2.941503634103554
TCGA-04-1365-01,TCGA-04-1365-01,2.6130602742967364
TCGA-04-1514-01,TCGA-04-1514-01,3.0715250969826196
TCGA-04-1519-01,TCGA-04-1519-01,3.226279442473769
TCGA-09-0364-01,TCGA-09-0364-01,2.959168349965041
TCGA-09-0366-01,TCGA-09-0366-01,2.563722423398355
TCGA-09-0367-01,TCGA-09-0367-01,2.7117092551391693
TCGA-09-0369-01,TCGA-09-0369-01,2.858141358891876
TCGA-09-1659-01,TCGA-09-1659-01,3.2241252240025466
TCGA-09-1662-01,TCGA-09-1662-01,2.6355328159854876
TCGA-09-1666-01,TCGA-09-1666-01,2.7942253566593234
TCGA-09-1667-01,TCGA-09-1667-01,2.954622741424714
TCGA-09-1668-01,TCGA-09-1668-01,3.0576615898259503
TCGA-09-1669-01,TCGA-09-1669-01,3.097526400873498
TCGA-09-1670-01,TCGA-09-1670-01,2.8019044641155593
TCGA-09-1673-01,TCGA-09-1673-01,3.06702471217514
TCGA-09-1674-01,TCGA-09-1674-01,2.6310508760522873
TCGA-09-2044-01,TCGA-09-2044-01,3.048700151700562
TCGA-09-2045-01,TCGA-09-2045-01,2.7799607958738273
TCGA-09-2048-01,TCGA-09-2048-01,2.684140877296652
TCGA-09-2051-01,TCGA-09-2051-01,2.655310940463072
TCGA-09-2054-01,TCGA-09-2054-01,2.883431363660625
TCGA-10-0928-01,TCGA-10-0928-01,2.329458517920508
TCGA-10-0936-01,TCGA-10-0936-01,2.2353884984722394
TCGA-13-0730-01,TCGA-13-0730-01,3.0678638776213942
TCGA-13-0799-01,TCGA-13-0799-01,2.4526532362988434
TCGA-13-0800-01,TCGA-13-0800-01,2.5853884643127922
TCGA-13-0801-01,TCGA-13-0801-01,2.806852546476038
TCGA-13-0890-01,TCGA-13-0890-01,2.5732451381739283
TCGA-13-0893-01,TCGA-13-0893-01,2.8149555829781363
TCGA-13-0897-01,TCGA-13-0897-01,2.761184075973967
TCGA-13-0899-01,TCGA-13-0899-01,2.914897023713533
TCGA-13-0913-01,TCGA-13-0913-01,2.748122318681996
TCGA-13-0916-01,TCGA-13-0916-01,2.2110674318228756
TCGA-13-0920-01,TCGA-13-0920-01,2.259149075132557
TCGA-13-0924-01,TCGA-13-0924-01,2.644677964174286
TCGA-13-1403-01,TCGA-13-1403-01,3.1671472274811023
TCGA-13-1405-01,TCGA-13-1405-01,3.527177818926053
TCGA-13-1410-01,TCGA-13-1410-01,3.0483910808735337
TCGA-13-1411-01,TCGA-13-1411-01,3.32821470443323
TCGA-13-1481-01,TCGA-13-1481-01,3.066230958109316
TCGA-13-1489-02,TCGA-13-1489-02,2.7839119911794254
TCGA-13-1497-01,TCGA-13-1497-01,2.7768555999088407
TCGA-13-1498-01,TCGA-13-1498-01,2.7418549131277103
TCGA-13-1505-01,TCGA-13-1505-01,3.005779148334527
TCGA-13-1506-01,TCGA-13-1506-01,2.4069657635156165
TCGA-13-1507-01,TCGA-13-1507-01,2.984837113123414
TCGA-13-1511-01,TCGA-13-1511-01,2.9881586128702713
TCGA-13-1512-01,TCGA-13-1512-01,3.2461149475644304
TCGA-13-2060-01,TCGA-13-2060-01,3.03507825829341
TCGA-13-A5FT-01,TCGA-13-A5FT-01,2.0914958818116522
TCGA-20-1682-01,TCGA-20-1682-01,3.2206381385571254
TCGA-20-1683-01,TCGA-20-1683-01,3.349503967220469
TCGA-20-1684-01,TCGA-20-1684-01,2.974622540808143
TCGA-20-1685-01,TCGA-20-1685-01,2.505546574285272
TCGA-20-1687-01,TCGA-20-1687-01,3.2284559428156476
TCGA-23-1023-01,TCGA-23-1023-01,2.914617190334632
TCGA-23-1023-01.1,TCGA-23-1023-01.1,2.5830046742426775
TCGA-23-1026-01,TCGA-23-1026-01,3.066466828449816
TCGA-23-1027-01,TCGA-23-1027-01,3.1278046756772278
TCGA-23-1029-01,TCGA-23-1029-01,2.8151390314918077
TCGA-23-1109-01,TCGA-23-1109-01,3.0674191611393757
TCGA-23-1111-01,TCGA-23-1111-01,3.15049693451977
TCGA-23-1114-01,TCGA-23-1114-01,2.3759608651815984
TCGA-23-1120-01,TCGA-23-1120-01,3.073515237299723
TCGA-23-1122-01,TCGA-23-1122-01,2.977528672647595
TCGA-23-1123-01,TCGA-23-1123-01,3.0006369931927024
TCGA-23-1809-01,TCGA-23-1809-01,2.670766072297608
TCGA-23-2077-01,TCGA-23-2077-01,2.9362017405748637
TCGA-23-2078-01,TCGA-23-2078-01,2.7188696904354237
TCGA-23-2081-01,TCGA-23-2081-01,2.9466342541074035
TCGA-23-2084-01,TCGA-23-2084-01,2.850419433097855
TCGA-24-0975-01,TCGA-24-0975-01,3.2184211786166057
TCGA-24-1103-01,TCGA-24-1103-01,2.838339082677444
TCGA-24-1413-01,TCGA-24-1413-01,2.754295203269701
TCGA-24-1416-01,TCGA-24-1416-01,2.5565953271642603
TCGA-24-1417-01,TCGA-24-1417-01,3.2135672003932347
TCGA-24-1418-01,TCGA-24-1418-01,3.2573352946613445
TCGA-24-1419-01,TCGA-24-1419-01,2.548628998585568
TCGA-24-1423-01,TCGA-24-1423-01,2.606746610437019
TCGA-24-1424-01,TCGA-24-1424-01,3.275672760956262
TCGA-24-1425-01,TCGA-24-1425-01,2.8045195077224268
TCGA-24-1427-01,TCGA-24-1427-01,3.0076187675316026
TCGA-24-1428-01,TCGA-24-1428-01,3.0808660674175274
TCGA-24-1430-01,TCGA-24-1430-01,2.9291928819844477
TCGA-24-1434-01,TCGA-24-1434-01,3.5998125987566154
TCGA-24-1435-01,TCGA-24-1435-01,2.881631728544933
TCGA-24-1436-01,TCGA-24-1436-01,3.115225198956811
TCGA-24-1463-01,TCGA-24-1463-01,2.9438355300754417
TCGA-24-1467-01,TCGA-24-1467-01,2.738716515749961
TCGA-24-1469-01,TCGA-24-1469-01,2.5392677346890307
TCGA-24-1474-01,TCGA-24-1474-01,3.3216682824908936
TCGA-24-1544-01,TCGA-24-1544-01,3.1185593102923552
TCGA-24-1545-01,TCGA-24-1545-01,2.6318594996138724
TCGA-24-1546-01,TCGA-24-1546-01,3.170694794514978
TCGA-24-1548-01,TCGA-24-1548-01,2.7922480144883233
TCGA-24-1549-01,TCGA-24-1549-01,2.569144533225506
TCGA-24-1550-01,TCGA-24-1550-01,3.032433401241616
TCGA-24-1551-01,TCGA-24-1551-01,3.073712119592778
TCGA-24-1552-01,TCGA-24-1552-01,3.113662508395381
TCGA-24-1553-01,TCGA-24-1553-01,3.1957439760241106
TCGA-24-1555-01,TCGA-24-1555-01,2.896331915675764
TCGA-24-1556-01,TCGA-24-1556-01,2.6743596045763867
TCGA-24-1557-01,TCGA-24-1557-01,2.5960997816451434
TCGA-24-1558-01,TCGA-24-1558-01,2.7721741113592646
TCGA-24-1560-01,TCGA-24-1560-01,2.9758293007154526
TCGA-24-1562-01,TCGA-24-1562-01,2.9067764572988306
TCGA-24-1563-01,TCGA-24-1563-01,2.914146595782859
TCGA-24-1564-01,TCGA-24-1564-01,2.8626017115394213
TCGA-24-1567-01,TCGA-24-1567-01,2.730165618413963
TCGA-24-1603-01,TCGA-24-1603-01,2.3475824216134726
TCGA-24-1604-01,TCGA-24-1604-01,3.09904035554466
TCGA-24-1616-01,TCGA-24-1616-01,3.1704410378536085
TCGA-24-1842-01,TCGA-24-1842-01,3.2011548857863157
TCGA-24-1843-01,TCGA-24-1843-01,2.672983852678227
TCGA-24-1844-01,TCGA-24-1844-01,2.871906226102708
TCGA-24-1846-01,TCGA-24-1846-01,2.968895830147101
TCGA-24-1847-01,TCGA-24-1847-01,3.0684667862283965
TCGA-24-1849-01,TCGA-24-1849-01,2.7432961748648803
TCGA-24-1850-01,TCGA-24-1850-01,3.0811143975438156
TCGA-24-1924-01,TCGA-24-1924-01,2.4907943354324718
TCGA-24-1928-01,TCGA-24-1928-01,3.2395237948907036
TCGA-24-1930-01,TCGA-24-1930-01,3.24064725569405
TCGA-24-2019-01,TCGA-24-2019-01,2.80854173485503
TCGA-24-2020-01,TCGA-24-2020-01,2.901092858420969
TCGA-24-2023-01,TCGA-24-2023-01,3.392718353189295
TCGA-24-2024-01,TCGA-24-2024-01,2.845152481891297
TCGA-24-2026-01,TCGA-24-2026-01,2.8999823627755297
TCGA-24-2027-01,TCGA-24-2027-01,2.5023090879781247
TCGA-24-2033-01,TCGA-24-2033-01,3.0598774577460914
TCGA-24-2035-01,TCGA-24-2035-01,2.7635480838956434
TCGA-24-2038-01,TCGA-24-2038-01,2.8048174576912075
TCGA-24-2254-01,TCGA-24-2254-01,2.472637038197611
TCGA-24-2261-01,TCGA-24-2261-01,3.454173861629685
TCGA-24-2262-01,TCGA-24-2262-01,3.163874712965172
TCGA-24-2267-01,TCGA-24-2267-01,3.0086295279914514
TCGA-24-2271-01,TCGA-24-2271-01,2.6472884679411743
TCGA-24-2281-01,TCGA-24-2281-01,3.001657272579456
TCGA-24-2288-01,TCGA-24-2288-01,3.0113886174408337
TCGA-24-2289-01,TCGA-24-2289-01,2.7874559525253826
TCGA-24-2290-01,TCGA-24-2290-01,3.0294445150899447
TCGA-24-2293-01,TCGA-24-2293-01,3.029700369720878
TCGA-24-2297-01,TCGA-24-2297-01,2.6175001152804325
TCGA-24-2298-01,TCGA-24-2298-01,3.1441627584661003
TCGA-25-1312-01,TCGA-25-1312-01,2.6928995086512915
TCGA-25-1313-01,TCGA-25-1313-01,3.140494762911651
TCGA-25-1314-01,TCGA-25-1314-01,2.8268578635954125
TCGA-25-1315-01,TCGA-25-1315-01,2.773410613260925
TCGA-25-1316-01,TCGA-25-1316-01,3.0288318456234675
TCGA-25-1317-01,TCGA-25-1317-01,2.5499464631961293
TCGA-25-1318-01,TCGA-25-1318-01,2.665916584615137
TCGA-25-1319-01,TCGA-25-1319-01,2.2307832026792664
TCGA-25-1320-01,TCGA-25-1320-01,3.1942468973385516
TCGA-25-1321-01,TCGA-25-1321-01,2.924826996373541
TCGA-25-1322-01,TCGA-25-1322-01,3.1412012552658566
TCGA-25-1323-01,TCGA-25-1323-01,2.766599349425753
TCGA-25-1324-01,TCGA-25-1324-01,3.040731400857161
TCGA-25-1326-01,TCGA-25-1326-01,3.1048765057476935
TCGA-25-1328-01,TCGA-25-1328-01,3.037175935991397
TCGA-25-1329-01,TCGA-25-1329-01,3.3181501845122483
TCGA-25-1623-01,TCGA-25-1623-01,3.194708056153208
TCGA-25-1625-01,TCGA-25-1625-01,3.142604304772768
TCGA-25-1626-01,TCGA-25-1626-01,2.8590750692974964
TCGA-25-1627-01,TCGA-25-1627-01,3.117894790305742
TCGA-25-1628-01,TCGA-25-1628-01,3.178944208056653
TCGA-25-1630-01,TCGA-25-1630-01,2.6256588459576076
TCGA-25-1631-01,TCGA-25-1631-01,2.9546207966722458
TCGA-25-1632-01,TCGA-25-1632-01,2.3616492411323664
TCGA-25-1633-01,TCGA-25-1633-01,3.035576743861062
TCGA-25-1634-01,TCGA-25-1634-01,3.1407228336788418
TCGA-25-1635-01,TCGA-25-1635-01,2.531817022092603
TCGA-25-1870-01,TCGA-25-1870-01,2.823507900547389
TCGA-25-1871-01,TCGA-25-1871-01,3.0641669249364
TCGA-25-2042-01,TCGA-25-2042-01,2.8750399325778764
TCGA-25-2391-01,TCGA-25-2391-01,2.423629720441875
TCGA-25-2392-01,TCGA-25-2392-01,3.0240928407592955
TCGA-25-2393-01,TCGA-25-2393-01,2.9666618759852947
TCGA-25-2396-01,TCGA-25-2396-01,2.808402851162274
TCGA-25-2397-01,TCGA-25-2397-01,2.9656191125922415
TCGA-25-2398-01,TCGA-25-2398-01,2.9618243720832624
TCGA-25-2399-01,TCGA-25-2399-01,2.8440715793611226
TCGA-25-2400-01,TCGA-25-2400-01,2.9018856459007125
TCGA-25-2401-01,TCGA-25-2401-01,3.0057957830130992
TCGA-25-2404-01,TCGA-25-2404-01,2.9851968478153443
TCGA-25-2409-01,TCGA-25-2409-01,2.593587270501386
TCGA-29-1688-01,TCGA-29-1688-01,2.890476185048361
TCGA-29-1690-01,TCGA-29-1690-01,2.832393483034555
TCGA-29-1691-01,TCGA-29-1691-01,2.226620146855588
TCGA-29-1693-01,TCGA-29-1693-01,3.3255019100313072
TCGA-29-1694-01,TCGA-29-1694-01,2.9197130504880517
TCGA-29-1695-01,TCGA-29-1695-01,3.2599212455932602
TCGA-29-1696-01,TCGA-29-1696-01,2.385629939089654
TCGA-29-1697-01,TCGA-29-1697-01,2.563146977814092
TCGA-29-1698-01,TCGA-29-1698-01,3.112950950886791
TCGA-29-1699-01,TCGA-29-1699-01,3.3235273887955388
TCGA-29-1701-01,TCGA-29-1701-01,3.0005644704693104
TCGA-29-1702-01,TCGA-29-1702-01,2.6908180415392158
TCGA-29-1703-01,TCGA-29-1703-01,2.693818933899356
TCGA-29-1705-01,TCGA-29-1705-01,3.1090001087587997
TCGA-29-1710-01,TCGA-29-1710-01,3.269347392710773
TCGA-29-1711-01,TCGA-29-1711-01,2.5881948165471544
TCGA-29-1761-01,TCGA-29-1761-01,3.1693554252466036
TCGA-29-1762-01,TCGA-29-1762-01,2.959772095138912
TCGA-29-1763-01,TCGA-29-1763-01,2.7099674531257993
TCGA-29-1770-01,TCGA-29-1770-01,2.9388427345603776
TCGA-29-1770-02,TCGA-29-1770-02,2.9158447825523193
TCGA-29-1776-01,TCGA-29-1776-01,2.51228050331968
TCGA-29-1778-01,TCGA-29-1778-01,2.7104077490854377
TCGA-29-1781-01,TCGA-29-1781-01,3.3010109987138536
TCGA-29-1783-01,TCGA-29-1783-01,2.8085226889357675
TCGA-29-1784-01,TCGA-29-1784-01,2.653539804335587
TCGA-29-1785-01,TCGA-29-1785-01,3.1249046514393197
TCGA-29-2414-01,TCGA-29-2414-01,2.708093685602957
TCGA-29-2414-02,TCGA-29-2414-02,2.7550200136272
TCGA-29-2425-01,TCGA-29-2425-01,3.1259719864230853
TCGA-29-2427-01,TCGA-29-2427-01,2.874986861356316
TCGA-29-2428-01,TCGA-29-2428-01,2.7321142225367017
TCGA-29-A5NZ-01,TCGA-29-A5NZ-01,3.165608913222363
TCGA-30-1718-01,TCGA-30-1718-01,3.0893132313288283
TCGA-30-1855-01,TCGA-30-1855-01,2.6405971074949846
TCGA-30-1857-01,TCGA-30-1857-01,3.0599692120798023
TCGA-30-1860-01,TCGA-30-1860-01,2.689416586950409
TCGA-30-1861-01,TCGA-30-1861-01,3.0640680798729476
TCGA-30-1862-01,TCGA-30-1862-01,3.003702909689887
TCGA-30-1891-01,TCGA-30-1891-01,3.3098122761558004
TCGA-31-1944-01,TCGA-31-1944-01,2.688568559151922
TCGA-31-1946-01,TCGA-31-1946-01,3.123323952773972
TCGA-31-1950-01,TCGA-31-1950-01,2.7909285714531897
TCGA-31-1951-01,TCGA-31-1951-01,2.9215955277016334
TCGA-31-1953-01,TCGA-31-1953-01,2.8973168601785413
TCGA-31-1956-01,TCGA-31-1956-01,3.3738163033066866
TCGA-31-1959-01,TCGA-31-1959-01,2.7633987834178306
TCGA-36-1568-01,TCGA-36-1568-01,3.3491431485303953
TCGA-36-1569-01,TCGA-36-1569-01,3.3071769303095495
TCGA-36-1570-01,TCGA-36-1570-01,2.5309513746623526
TCGA-36-1571-01,TCGA-36-1571-01,2.8612049879726995
TCGA-36-1574-01,TCGA-36-1574-01,2.707235760002839
TCGA-36-1575-01,TCGA-36-1575-01,3.0179971845492757
TCGA-36-1576-01,TCGA-36-1576-01,3.048191533908451
TCGA-36-1577-01,TCGA-36-1577-01,2.886054791897447
TCGA-36-1578-01,TCGA-36-1578-01,3.1294913181675854
TCGA-36-1580-01,TCGA-36-1580-01,3.1599579250184866
TCGA-36-1581-01,TCGA-36-1581-01,3.155790505820728
TCGA-3P-A9WA-01,TCGA-3P-A9WA-01,3.0141671897462263
TCGA-57-1582-01,TCGA-57-1582-01,2.995824131213432
TCGA-57-1583-01,TCGA-57-1583-01,2.6995567053879292
TCGA-57-1584-01,TCGA-57-1584-01,3.272725134185896
TCGA-57-1585-01,TCGA-57-1585-01,2.783614342753202
TCGA-57-1993-01,TCGA-57-1993-01,2.54080591008953
TCGA-57-1994-01,TCGA-57-1994-01,2.7307628040336365
TCGA-59-2348-01,TCGA-59-2348-01,3.321878078827458
TCGA-59-2350-01,TCGA-59-2350-01,2.8008598623396512
TCGA-59-2351-01,TCGA-59-2351-01,2.62872573228346
TCGA-59-2352-01,TCGA-59-2352-01,2.4190294214169774
TCGA-59-2354-01,TCGA-59-2354-01,2.5572358808850284
TCGA-59-2355-01,TCGA-59-2355-01,2.8147508600096094
TCGA-59-2363-01,TCGA-59-2363-01,2.873324770907405
TCGA-59-A5PD-01,TCGA-59-A5PD-01,2.632101852645715
TCGA-5X-AA5U-01,TCGA-5X-AA5U-01,3.37386227165864
TCGA-61-1721-01,TCGA-61-1721-01,3.062901050591946
TCGA-61-1724-01,TCGA-61-1724-01,2.8014189148295054
TCGA-61-1725-01,TCGA-61-1725-01,2.916407176076373
TCGA-61-1728-01,TCGA-61-1728-01,2.7797579754023034
TCGA-61-1733-01,TCGA-61-1733-01,3.0741404791922537
TCGA-61-1736-01,TCGA-61-1736-01,2.86858227915495
TCGA-61-1737-01,TCGA-61-1737-01,2.6250792527896087
TCGA-61-1738-01,TCGA-61-1738-01,2.6250671182340506
TCGA-61-1740-01,TCGA-61-1740-01,3.2518272078312442
TCGA-61-1741-01,TCGA-61-1741-01,2.655994348261145
TCGA-61-1743-01,TCGA-61-1743-01,3.2177338826536417
TCGA-61-1900-01,TCGA-61-1900-01,2.4853931172053976
TCGA-61-1907-01,TCGA-61-1907-01,2.9767078442440438
TCGA-61-1910-01,TCGA-61-1910-01,3.013703977631233
TCGA-61-1914-01,TCGA-61-1914-01,2.509008946015404
TCGA-61-1917-01,TCGA-61-1917-01,2.8520213676146837
TCGA-61-1918-01,TCGA-61-1918-01,2.816031567721857
TCGA-61-1919-01,TCGA-61-1919-01,3.3315360264004754
TCGA-61-1995-01,TCGA-61-1995-01,2.904929094149593
TCGA-61-1998-01,TCGA-61-1998-01,3.0019372051247206
TCGA-61-2000-01,TCGA-61-2000-01,3.385188206773826
TCGA-61-2002-01,TCGA-61-2002-01,2.8268171242734748
TCGA-61-2003-01,TCGA-61-2003-01,3.1984507882093256
TCGA-61-2008-01,TCGA-61-2008-01,2.8021235076458844
TCGA-61-2008-02,TCGA-61-2008-02,2.546239387468179
TCGA-61-2009-01,TCGA-61-2009-01,3.124527661238818
TCGA-61-2012-01,TCGA-61-2012-01,2.6715812800817966
TCGA-61-2016-01,TCGA-61-2016-01,3.0337165574865903
TCGA-61-2088-01,TCGA-61-2088-01,3.056407425085115
TCGA-61-2092-01,TCGA-61-2092-01,3.066470842265235
TCGA-61-2094-01,TCGA-61-2094-01,2.8475730589987642
TCGA-61-2095-01,TCGA-61-2095-01,2.6143805113187035
TCGA-61-2097-01,TCGA-61-2097-01,3.150008796551219
TCGA-61-2098-01,TCGA-61-2098-01,2.5868086697301926
TCGA-61-2101-01,TCGA-61-2101-01,3.000763352340291
TCGA-61-2102-01,TCGA-61-2102-01,3.0618333148408503
TCGA-61-2104-01,TCGA-61-2104-01,2.8848477134185613
TCGA-61-2109-01,TCGA-61-2109-01,2.7156250732691105
TCGA-61-2110-01,TCGA-61-2110-01,2.975098169568452
TCGA-61-2111-01,TCGA-61-2111-01,2.9975582796658338
TCGA-61-2113-01,TCGA-61-2113-01,2.708040893094469
TCGA-OY-A56P-01,TCGA-OY-A56P-01,3.0478958474188182
TCGA-OY-A56Q-01,TCGA-OY-A56Q-01,3.030142718124355
TCGA-VG-A8LO-01,TCGA-VG-A8LO-01,2.8848728738369496
TCGA-WR-A838-01,TCGA-WR-A838-01,2.621359224488284
TCGA-2H-A9GF-01,TCGA-2H-A9GF-01,2.4531916038813444
TCGA-2H-A9GG-01,TCGA-2H-A9GG-01,1.705243446702991
TCGA-2H-A9GH-01,TCGA-2H-A9GH-01,2.4683009543075647
TCGA-2H-A9GI-01,TCGA-2H-A9GI-01,2.6173337362251963
TCGA-2H-A9GJ-01,TCGA-2H-A9GJ-01,2.665713944229203
TCGA-2H-A9GK-01,TCGA-2H-A9GK-01,2.4510722322288725
TCGA-2H-A9GL-01,TCGA-2H-A9GL-01,1.8757120628461361
TCGA-2H-A9GM-01,TCGA-2H-A9GM-01,2.0625575213961933
TCGA-2H-A9GN-01,TCGA-2H-A9GN-01,2.833230765435295
TCGA-2H-A9GO-01,TCGA-2H-A9GO-01,2.7232138261226524
TCGA-2H-A9GQ-01,TCGA-2H-A9GQ-01,2.7984962250025247
TCGA-2H-A9GR-01,TCGA-2H-A9GR-01,2.3113935244600166
TCGA-IC-A6RE-01,TCGA-IC-A6RE-01,1.9422160450668495
TCGA-IC-A6RE-11,TCGA-IC-A6RE-11,3.2134639017394537
TCGA-IG-A3I8-01,TCGA-IG-A3I8-01,3.132302617894402
TCGA-IG-A3I8-11,TCGA-IG-A3I8-11,3.2049142079586597
TCGA-IG-A3QL-01,TCGA-IG-A3QL-01,3.1554227244330937
TCGA-IG-A3Y9-01,TCGA-IG-A3Y9-01,2.7550598012154284
TCGA-IG-A3YA-01,TCGA-IG-A3YA-01,3.1377253295678234
TCGA-IG-A3YB-01,TCGA-IG-A3YB-01,3.2351455826956803
TCGA-IG-A3YC-01,TCGA-IG-A3YC-01,2.8743403087514166
TCGA-IG-A4P3-01,TCGA-IG-A4P3-01,2.6389088141611774
TCGA-IG-A4QS-01,TCGA-IG-A4QS-01,2.540274179049614
TCGA-IG-A4QT-01,TCGA-IG-A4QT-01,2.8323469624106488
TCGA-IG-A50L-01,TCGA-IG-A50L-01,3.1362775155549167
TCGA-IG-A51D-01,TCGA-IG-A51D-01,3.2008789363102452
TCGA-IG-A5B8-01,TCGA-IG-A5B8-01,3.012451471535013
TCGA-IG-A5S3-01,TCGA-IG-A5S3-01,2.4898597707465555
TCGA-IG-A625-01,TCGA-IG-A625-01,2.8508598330723793
TCGA-IG-A6QS-01,TCGA-IG-A6QS-01,2.8379915731692766
TCGA-IG-A7DP-01,TCGA-IG-A7DP-01,2.5186167394834946
TCGA-IG-A8O2-01,TCGA-IG-A8O2-01,3.1693552722053453
TCGA-IG-A97H-01,TCGA-IG-A97H-01,2.4691140534083855
TCGA-IG-A97I-01,TCGA-IG-A97I-01,2.900369780158362
TCGA-JY-A6F8-01,TCGA-JY-A6F8-01,2.657322493439146
TCGA-JY-A6FA-01,TCGA-JY-A6FA-01,2.9136248129599633
TCGA-JY-A6FB-01,TCGA-JY-A6FB-01,2.451966511781305
TCGA-JY-A6FD-01,TCGA-JY-A6FD-01,3.1336902180045647
TCGA-JY-A6FE-01,TCGA-JY-A6FE-01,3.0790174424812613
TCGA-JY-A6FG-01,TCGA-JY-A6FG-01,2.7867306935982787
TCGA-JY-A6FH-01,TCGA-JY-A6FH-01,2.787542849517343
TCGA-JY-A938-01,TCGA-JY-A938-01,1.9854042174422257
TCGA-JY-A939-01,TCGA-JY-A939-01,2.510052610117013
TCGA-JY-A93C-01,TCGA-JY-A93C-01,2.369752854692898
TCGA-JY-A93D-01,TCGA-JY-A93D-01,1.7312521349711547
TCGA-JY-A93E-01,TCGA-JY-A93E-01,2.759260793765837
TCGA-JY-A93F-01,TCGA-JY-A93F-01,2.7187531899509674
TCGA-KH-A6WC-01,TCGA-KH-A6WC-01,3.3541188997895124
TCGA-L5-A43C-01,TCGA-L5-A43C-01,2.2049383865312557
TCGA-L5-A43C-11,TCGA-L5-A43C-11,2.7210910613398043
TCGA-L5-A43E-01,TCGA-L5-A43E-01,2.9094695127558623
TCGA-L5-A43H-01,TCGA-L5-A43H-01,3.308337566799416
TCGA-L5-A43I-01,TCGA-L5-A43I-01,2.770724329160106
TCGA-L5-A43J-01,TCGA-L5-A43J-01,3.1001537045910714
TCGA-L5-A43M-01,TCGA-L5-A43M-01,3.061418601766688
TCGA-L5-A4OE-01,TCGA-L5-A4OE-01,2.6242032081131828
TCGA-L5-A4OF-01,TCGA-L5-A4OF-01,2.0758978304208293
TCGA-L5-A4OF-11,TCGA-L5-A4OF-11,3.174359833480067
TCGA-L5-A4OG-01,TCGA-L5-A4OG-01,2.9353737576685335
TCGA-L5-A4OG-11,TCGA-L5-A4OG-11,2.8991209453570153
TCGA-L5-A4OH-01,TCGA-L5-A4OH-01,2.407354798619121
TCGA-L5-A4OI-01,TCGA-L5-A4OI-01,2.104298906554294
TCGA-L5-A4OJ-01,TCGA-L5-A4OJ-01,2.5867806369614743
TCGA-L5-A4OJ-11,TCGA-L5-A4OJ-11,1.919742700716965
TCGA-L5-A4OM-01,TCGA-L5-A4OM-01,2.667046855315517
TCGA-L5-A4OM-11,TCGA-L5-A4OM-11,3.515854673282739
TCGA-L5-A4ON-01,TCGA-L5-A4ON-01,2.766014547064658
TCGA-L5-A4OO-01,TCGA-L5-A4OO-01,3.1741646796408727
TCGA-L5-A4OO-11,TCGA-L5-A4OO-11,2.7353134462711566
TCGA-L5-A4OP-01,TCGA-L5-A4OP-01,2.6251203309253457
TCGA-L5-A4OQ-01,TCGA-L5-A4OQ-01,2.3446557311537215
TCGA-L5-A4OQ-11,TCGA-L5-A4OQ-11,3.03813391050181
TCGA-L5-A4OR-01,TCGA-L5-A4OR-01,2.5665374113748167
TCGA-L5-A4OR-11,TCGA-L5-A4OR-11,2.9328249529880166
TCGA-L5-A4OS-01,TCGA-L5-A4OS-01,2.307130544412849
TCGA-L5-A4OT-01,TCGA-L5-A4OT-01,2.643168372094575
TCGA-L5-A4OU-01,TCGA-L5-A4OU-01,3.037603180831601
TCGA-L5-A4OW-01,TCGA-L5-A4OW-01,2.012347442469901
TCGA-L5-A4OX-01,TCGA-L5-A4OX-01,2.6977591445336024
TCGA-L5-A88S-01,TCGA-L5-A88S-01,2.673816707752389
TCGA-L5-A88V-01,TCGA-L5-A88V-01,3.0444327390505843
TCGA-L5-A88W-01,TCGA-L5-A88W-01,3.0814984117252626
TCGA-L5-A88Y-01,TCGA-L5-A88Y-01,2.8922858128142317
TCGA-L5-A88Z-01,TCGA-L5-A88Z-01,2.486815784567197
TCGA-L5-A891-01,TCGA-L5-A891-01,2.098629744598419
TCGA-L5-A893-01,TCGA-L5-A893-01,2.8650003528450236
TCGA-L5-A8NE-01,TCGA-L5-A8NE-01,2.5857611397081266
TCGA-L5-A8NF-01,TCGA-L5-A8NF-01,2.818140861248356
TCGA-L5-A8NG-01,TCGA-L5-A8NG-01,2.1019629844096483
TCGA-L5-A8NH-01,TCGA-L5-A8NH-01,2.870235171197155
TCGA-L5-A8NI-01,TCGA-L5-A8NI-01,2.952352346161043
TCGA-L5-A8NJ-01,TCGA-L5-A8NJ-01,2.4944001263130016
TCGA-L5-A8NK-01,TCGA-L5-A8NK-01,3.0748840205069174
TCGA-L5-A8NL-01,TCGA-L5-A8NL-01,2.6593817812447713
TCGA-L5-A8NM-01,TCGA-L5-A8NM-01,2.6924992589359293
TCGA-L5-A8NN-01,TCGA-L5-A8NN-01,2.465956363108943
TCGA-L5-A8NQ-01,TCGA-L5-A8NQ-01,3.0452199468574546
TCGA-L5-A8NR-01,TCGA-L5-A8NR-01,2.4822017501321443
TCGA-L5-A8NS-01,TCGA-L5-A8NS-01,2.7800892375676742
TCGA-L5-A8NT-01,TCGA-L5-A8NT-01,2.632062878588124
TCGA-L5-A8NU-01,TCGA-L5-A8NU-01,2.42811431652329
TCGA-L5-A8NV-01,TCGA-L5-A8NV-01,2.6320763826178752
TCGA-L5-A8NW-01,TCGA-L5-A8NW-01,2.89133022849757
TCGA-L7-A56G-01,TCGA-L7-A56G-01,3.2474897672696876
TCGA-L7-A6VZ-01,TCGA-L7-A6VZ-01,2.566048681391506
TCGA-LN-A49K-01,TCGA-LN-A49K-01,2.9377503376949488
TCGA-LN-A49L-01,TCGA-LN-A49L-01,3.061156350297196
TCGA-LN-A49M-01,TCGA-LN-A49M-01,2.863532115764128
TCGA-LN-A49N-01,TCGA-LN-A49N-01,2.925381167605181
TCGA-LN-A49O-01,TCGA-LN-A49O-01,3.126203213386439
TCGA-LN-A49P-01,TCGA-LN-A49P-01,2.658375336988391
TCGA-LN-A49R-01,TCGA-LN-A49R-01,2.675834126121861
TCGA-LN-A49S-01,TCGA-LN-A49S-01,3.236830323500631
TCGA-LN-A49U-01,TCGA-LN-A49U-01,3.0185230089993396
TCGA-LN-A49V-01,TCGA-LN-A49V-01,2.9741214244662952
TCGA-LN-A49W-01,TCGA-LN-A49W-01,2.817307974424195
TCGA-LN-A49X-01,TCGA-LN-A49X-01,2.9450280713105284
TCGA-LN-A49Y-01,TCGA-LN-A49Y-01,2.871042494149048
TCGA-LN-A4A1-01,TCGA-LN-A4A1-01,2.730496492761569
TCGA-LN-A4A2-01,TCGA-LN-A4A2-01,2.9681747876212965
TCGA-LN-A4A3-01,TCGA-LN-A4A3-01,2.938191203464423
TCGA-LN-A4A4-01,TCGA-LN-A4A4-01,3.181867463321492
TCGA-LN-A4A5-01,TCGA-LN-A4A5-01,3.4023912236874967
TCGA-LN-A4A6-01,TCGA-LN-A4A6-01,3.3230663544922905
TCGA-LN-A4A8-01,TCGA-LN-A4A8-01,2.749344302733949
TCGA-LN-A4A9-01,TCGA-LN-A4A9-01,2.6698932419148567
TCGA-LN-A4MQ-01,TCGA-LN-A4MQ-01,3.1967457867336915
TCGA-LN-A4MR-01,TCGA-LN-A4MR-01,3.0915648115254766
TCGA-LN-A5U5-01,TCGA-LN-A5U5-01,2.844668531704338
TCGA-LN-A5U6-01,TCGA-LN-A5U6-01,2.9705179914006563
TCGA-LN-A5U7-01,TCGA-LN-A5U7-01,2.602120910226249
TCGA-LN-A7HV-01,TCGA-LN-A7HV-01,2.8834713972388775
TCGA-LN-A7HW-01,TCGA-LN-A7HW-01,2.950481359005454
TCGA-LN-A7HX-01,TCGA-LN-A7HX-01,2.8193574121912413
TCGA-LN-A7HY-01,TCGA-LN-A7HY-01,2.9090054348013488
TCGA-LN-A7HZ-01,TCGA-LN-A7HZ-01,3.0714234304121963
TCGA-LN-A8HZ-01,TCGA-LN-A8HZ-01,3.015464275629909
TCGA-LN-A8I0-01,TCGA-LN-A8I0-01,2.9374793535273804
TCGA-LN-A8I1-01,TCGA-LN-A8I1-01,2.816064183058444
TCGA-LN-A9FO-01,TCGA-LN-A9FO-01,3.044503647057994
TCGA-LN-A9FP-01,TCGA-LN-A9FP-01,2.3837633886463405
TCGA-LN-A9FQ-01,TCGA-LN-A9FQ-01,2.9481170131385994
TCGA-LN-A9FR-01,TCGA-LN-A9FR-01,2.5286253384273554
TCGA-M9-A5M8-01,TCGA-M9-A5M8-01,2.7846793676206802
TCGA-Q9-A6FU-01,TCGA-Q9-A6FU-01,2.710805641194824
TCGA-Q9-A6FW-01,TCGA-Q9-A6FW-01,3.1014023776721023
TCGA-R6-A6DN-01,TCGA-R6-A6DN-01,3.2643150458525088
TCGA-R6-A6DQ-01,TCGA-R6-A6DQ-01,2.4156457252858505
TCGA-R6-A6KZ-01,TCGA-R6-A6KZ-01,1.9853910803234514
TCGA-R6-A6L4-01,TCGA-R6-A6L4-01,3.060023507902067
TCGA-R6-A6L6-01,TCGA-R6-A6L6-01,2.5257739660384564
TCGA-R6-A6XG-01,TCGA-R6-A6XG-01,2.5598858471895753
TCGA-R6-A6XQ-01,TCGA-R6-A6XQ-01,2.9560679117444693
TCGA-R6-A6Y0-01,TCGA-R6-A6Y0-01,2.9289339808520447
TCGA-R6-A6Y2-01,TCGA-R6-A6Y2-01,2.6578411454727164
TCGA-R6-A8W5-01,TCGA-R6-A8W5-01,3.3624752672611
TCGA-R6-A8W8-01,TCGA-R6-A8W8-01,2.3936851317490175
TCGA-R6-A8WC-01,TCGA-R6-A8WC-01,1.9716745570382281
TCGA-R6-A8WG-01,TCGA-R6-A8WG-01,2.203592490568759
TCGA-RE-A7BO-01,TCGA-RE-A7BO-01,2.421494210032073
TCGA-S8-A6BV-01,TCGA-S8-A6BV-01,2.2575477047542374
TCGA-S8-A6BW-01,TCGA-S8-A6BW-01,3.1509926946284135
TCGA-V5-A7RB-01,TCGA-V5-A7RB-01,2.0643795121163606
TCGA-V5-A7RC-01,TCGA-V5-A7RC-01,2.8473666780824356
TCGA-V5-A7RC-06,TCGA-V5-A7RC-06,3.1880544336968373
TCGA-V5-A7RE-01,TCGA-V5-A7RE-01,2.746206068233293
TCGA-V5-AASV-01,TCGA-V5-AASV-01,3.134131279133329
TCGA-V5-AASW-01,TCGA-V5-AASW-01,2.2722659099830445
TCGA-V5-AASX-01,TCGA-V5-AASX-01,2.433854410396865
TCGA-VR-A8EO-01,TCGA-VR-A8EO-01,3.0440469932943266
TCGA-VR-A8EP-01,TCGA-VR-A8EP-01,2.9820011685096475
TCGA-VR-A8EQ-01,TCGA-VR-A8EQ-01,2.693080070778186
TCGA-VR-A8ER-01,TCGA-VR-A8ER-01,3.2479126868579686
TCGA-VR-A8ET-01,TCGA-VR-A8ET-01,3.051919868329164
TCGA-VR-A8EU-01,TCGA-VR-A8EU-01,2.898540079074827
TCGA-VR-A8EW-01,TCGA-VR-A8EW-01,2.9059086568205994
TCGA-VR-A8EX-01,TCGA-VR-A8EX-01,3.084514554942917
TCGA-VR-A8EY-01,TCGA-VR-A8EY-01,3.3536472927215843
TCGA-VR-A8EZ-01,TCGA-VR-A8EZ-01,2.8224373293823746
TCGA-VR-A8Q7-01,TCGA-VR-A8Q7-01,2.8759095738487925
TCGA-VR-AA4D-01,TCGA-VR-AA4D-01,1.977014192712206
TCGA-VR-AA4G-01,TCGA-VR-AA4G-01,2.825403147318331
TCGA-VR-AA7B-01,TCGA-VR-AA7B-01,2.889086635369962
TCGA-VR-AA7D-01,TCGA-VR-AA7D-01,3.33098926567274
TCGA-VR-AA7I-01,TCGA-VR-AA7I-01,3.1620872087758825
TCGA-X8-AAAR-01,TCGA-X8-AAAR-01,2.602481778170157
TCGA-XP-A8T6-01,TCGA-XP-A8T6-01,2.9438774599075583
TCGA-XP-A8T8-01,TCGA-XP-A8T8-01,2.6046966899718287
TCGA-Z6-A8JD-01,TCGA-Z6-A8JD-01,2.886051438276021
TCGA-Z6-A8JE-01,TCGA-Z6-A8JE-01,3.20221624043899
TCGA-Z6-A9VB-01,TCGA-Z6-A9VB-01,2.9775449085341092
TCGA-Z6-AAPN-01,TCGA-Z6-AAPN-01,3.070280117336287
TCGA-ZR-A9CJ-01,TCGA-ZR-A9CJ-01,2.3073635628235354
TCGA-3M-AB46-01,TCGA-3M-AB46-01,2.3733890605499557
TCGA-3M-AB47-01,TCGA-3M-AB47-01,2.414710444141118
TCGA-B7-5816-01,TCGA-B7-5816-01,3.067218682797491
TCGA-B7-5818-01,TCGA-B7-5818-01,3.189423259537049
TCGA-B7-A5TI-01,TCGA-B7-A5TI-01,2.633086438555076
TCGA-B7-A5TJ-01,TCGA-B7-A5TJ-01,2.5056388118823856
TCGA-B7-A5TK-01,TCGA-B7-A5TK-01,2.6802120645306755
TCGA-B7-A5TN-01,TCGA-B7-A5TN-01,3.02191790898719
TCGA-BR-4187-01,TCGA-BR-4187-01,2.439488571623918
TCGA-BR-4257-01,TCGA-BR-4257-01,2.816769704367511
TCGA-BR-4280-01,TCGA-BR-4280-01,2.420308634334754
TCGA-BR-4292-01,TCGA-BR-4292-01,2.5382672621400433
TCGA-BR-6452-01,TCGA-BR-6452-01,2.7100775755896214
TCGA-BR-6453-01,TCGA-BR-6453-01,1.938235533400694
TCGA-BR-6453-11,TCGA-BR-6453-11,2.3560960103672963
TCGA-BR-6454-01,TCGA-BR-6454-01,2.706676853898913
TCGA-BR-6454-11,TCGA-BR-6454-11,3.363532909651047
TCGA-BR-6455-01,TCGA-BR-6455-01,3.415109063668494
TCGA-BR-6456-01,TCGA-BR-6456-01,2.4282315301601156
TCGA-BR-6457-01,TCGA-BR-6457-01,2.5048534363538897
TCGA-BR-6457-11,TCGA-BR-6457-11,2.7465628456062285
TCGA-BR-6458-01,TCGA-BR-6458-01,2.7900114685892454
TCGA-BR-6458-11,TCGA-BR-6458-11,3.237430925239238
TCGA-BR-6563-01,TCGA-BR-6563-01,2.2929730335706777
TCGA-BR-6564-01,TCGA-BR-6564-01,2.6800057373154917
TCGA-BR-6564-11,TCGA-BR-6564-11,2.368256371607562
TCGA-BR-6565-01,TCGA-BR-6565-01,1.860517724577595
TCGA-BR-6566-01,TCGA-BR-6566-01,2.3891529591906755
TCGA-BR-6705-01,TCGA-BR-6705-01,2.471038682466951
TCGA-BR-6706-01,TCGA-BR-6706-01,2.625436716900077
TCGA-BR-6707-01,TCGA-BR-6707-01,3.4123679733234953
TCGA-BR-6709-01,TCGA-BR-6709-01,2.6227922735644738
TCGA-BR-6801-01,TCGA-BR-6801-01,2.103131202158682
TCGA-BR-6802-01,TCGA-BR-6802-01,3.2410655024321193
TCGA-BR-6802-11,TCGA-BR-6802-11,3.031860216192287
TCGA-BR-6803-01,TCGA-BR-6803-01,2.6837250873433884
TCGA-BR-6852-01,TCGA-BR-6852-01,2.591641398873926
TCGA-BR-6852-11,TCGA-BR-6852-11,3.353702988438509
TCGA-BR-7196-01,TCGA-BR-7196-01,2.9256485866450013
TCGA-BR-7197-01,TCGA-BR-7197-01,2.8838941381355023
TCGA-BR-7703-01,TCGA-BR-7703-01,2.357625102209598
TCGA-BR-7704-01,TCGA-BR-7704-01,2.535362679780507
TCGA-BR-7704-11,TCGA-BR-7704-11,2.457439486999474
TCGA-BR-7707-01,TCGA-BR-7707-01,2.807746707639912
TCGA-BR-7715-01,TCGA-BR-7715-01,2.4674630105839874
TCGA-BR-7715-11,TCGA-BR-7715-11,2.857585395429102
TCGA-BR-7716-01,TCGA-BR-7716-01,2.09847907862812
TCGA-BR-7716-11,TCGA-BR-7716-11,3.1041043486898348
TCGA-BR-7717-01,TCGA-BR-7717-01,2.1548703582387168
TCGA-BR-7717-11,TCGA-BR-7717-11,3.22541934459451
TCGA-BR-7722-01,TCGA-BR-7722-01,2.850092359538992
TCGA-BR-7723-01,TCGA-BR-7723-01,2.486621529302088
TCGA-BR-7851-01,TCGA-BR-7851-01,2.5195038766862217
TCGA-BR-7851-11,TCGA-BR-7851-11,2.1549057433626397
TCGA-BR-7901-01,TCGA-BR-7901-01,2.397742691684328
TCGA-BR-7957-01,TCGA-BR-7957-01,2.1706075075742084
TCGA-BR-7958-01,TCGA-BR-7958-01,3.3398556188831185
TCGA-BR-7959-01,TCGA-BR-7959-01,2.165667303525827
TCGA-BR-8058-01,TCGA-BR-8058-01,2.4290949117828005
TCGA-BR-8059-01,TCGA-BR-8059-01,2.977616689736721
TCGA-BR-8060-01,TCGA-BR-8060-01,2.3822136009202093
TCGA-BR-8077-01,TCGA-BR-8077-01,2.4886585465361346
TCGA-BR-8078-01,TCGA-BR-8078-01,2.3900302646562066
TCGA-BR-8080-01,TCGA-BR-8080-01,2.341265055864895
TCGA-BR-8081-01,TCGA-BR-8081-01,1.9948829286096665
TCGA-BR-8284-01,TCGA-BR-8284-01,2.4618156344181976
TCGA-BR-8286-01,TCGA-BR-8286-01,2.5715962021160816
TCGA-BR-8289-01,TCGA-BR-8289-01,3.1612313814778106
TCGA-BR-8291-01,TCGA-BR-8291-01,2.5465194456477156
TCGA-BR-8295-01,TCGA-BR-8295-01,2.260913195904324
TCGA-BR-8296-01,TCGA-BR-8296-01,2.948610434469394
TCGA-BR-8297-01,TCGA-BR-8297-01,2.218093616818589
TCGA-BR-8361-01,TCGA-BR-8361-01,2.9055921286734985
TCGA-BR-8362-01,TCGA-BR-8362-01,2.156624917097791
TCGA-BR-8363-01,TCGA-BR-8363-01,2.5125473888126844
TCGA-BR-8364-01,TCGA-BR-8364-01,2.391388183220183
TCGA-BR-8365-01,TCGA-BR-8365-01,2.8323049380314456
TCGA-BR-8366-01,TCGA-BR-8366-01,2.860875693650218
TCGA-BR-8367-01,TCGA-BR-8367-01,2.4255545746605405
TCGA-BR-8368-01,TCGA-BR-8368-01,2.514926393141107
TCGA-BR-8369-01,TCGA-BR-8369-01,2.361259809160308
TCGA-BR-8371-01,TCGA-BR-8371-01,2.6031523288466607
TCGA-BR-8372-01,TCGA-BR-8372-01,2.3825055589843473
TCGA-BR-8373-01,TCGA-BR-8373-01,2.253502536123544
TCGA-BR-8380-01,TCGA-BR-8380-01,1.9661120233941891
TCGA-BR-8381-01,TCGA-BR-8381-01,2.4830834310039935
TCGA-BR-8382-01,TCGA-BR-8382-01,2.448399900897721
TCGA-BR-8384-01,TCGA-BR-8384-01,2.5594389903601518
TCGA-BR-8483-01,TCGA-BR-8483-01,2.5226781642040104
TCGA-BR-8484-01,TCGA-BR-8484-01,2.2415237293586356
TCGA-BR-8485-01,TCGA-BR-8485-01,2.132916867343304
TCGA-BR-8486-01,TCGA-BR-8486-01,1.9951598926716834
TCGA-BR-8487-01,TCGA-BR-8487-01,2.78183971464162
TCGA-BR-8588-01,TCGA-BR-8588-01,2.157798393198429
TCGA-BR-8589-01,TCGA-BR-8589-01,3.0333659489683455
TCGA-BR-8590-01,TCGA-BR-8590-01,2.422932287216398
TCGA-BR-8591-01,TCGA-BR-8591-01,2.762513953149942
TCGA-BR-8592-01,TCGA-BR-8592-01,2.1140027148125866
TCGA-BR-8676-01,TCGA-BR-8676-01,2.955350743690619
TCGA-BR-8677-01,TCGA-BR-8677-01,2.25357311772412
TCGA-BR-8678-01,TCGA-BR-8678-01,3.3253084533687716
TCGA-BR-8679-01,TCGA-BR-8679-01,2.375990501632173
TCGA-BR-8680-01,TCGA-BR-8680-01,2.1127662676120362
TCGA-BR-8682-01,TCGA-BR-8682-01,2.350477408985909
TCGA-BR-8683-01,TCGA-BR-8683-01,2.242306709413065
TCGA-BR-8686-01,TCGA-BR-8686-01,2.7582790748591433
TCGA-BR-8687-01,TCGA-BR-8687-01,2.6626433563062286
TCGA-BR-8690-01,TCGA-BR-8690-01,1.9896115951924367
TCGA-BR-A44T-01,TCGA-BR-A44T-01,2.658385048116873
TCGA-BR-A44U-01,TCGA-BR-A44U-01,2.1935090674259734
TCGA-BR-A452-01,TCGA-BR-A452-01,2.2810776930597636
TCGA-BR-A453-01,TCGA-BR-A453-01,2.9418449715212454
TCGA-BR-A4CR-01,TCGA-BR-A4CR-01,2.612815329302001
TCGA-BR-A4CS-01,TCGA-BR-A4CS-01,2.817509203232764
TCGA-BR-A4IU-01,TCGA-BR-A4IU-01,2.475373930620006
TCGA-BR-A4IV-01,TCGA-BR-A4IV-01,2.705495625536991
TCGA-BR-A4IY-01,TCGA-BR-A4IY-01,2.880861426147261
TCGA-BR-A4IZ-01,TCGA-BR-A4IZ-01,2.922402587256701
TCGA-BR-A4J1-01,TCGA-BR-A4J1-01,2.37189154918737
TCGA-BR-A4J2-01,TCGA-BR-A4J2-01,2.6706360579772483
TCGA-BR-A4J4-01,TCGA-BR-A4J4-01,2.424286538654206
TCGA-BR-A4J5-01,TCGA-BR-A4J5-01,2.532148424491973
TCGA-BR-A4J6-01,TCGA-BR-A4J6-01,3.3190337992705996
TCGA-BR-A4J7-01,TCGA-BR-A4J7-01,2.4423019086676776
TCGA-BR-A4J8-01,TCGA-BR-A4J8-01,2.174449024925892
TCGA-BR-A4J9-01,TCGA-BR-A4J9-01,2.4933445308353757
TCGA-BR-A4PD-01,TCGA-BR-A4PD-01,2.503717713041918
TCGA-BR-A4PE-01,TCGA-BR-A4PE-01,2.933009458187239
TCGA-BR-A4PF-01,TCGA-BR-A4PF-01,2.395488671340914
TCGA-BR-A4QI-01,TCGA-BR-A4QI-01,2.14070865346967
TCGA-BR-A4QL-01,TCGA-BR-A4QL-01,2.512566352550822
TCGA-BR-A4QM-01,TCGA-BR-A4QM-01,2.074407827446943
TCGA-CD-5798-01,TCGA-CD-5798-01,2.686897548133832
TCGA-CD-5799-01,TCGA-CD-5799-01,2.576888625614049
TCGA-CD-5800-01,TCGA-CD-5800-01,2.0783529054526992
TCGA-CD-5801-01,TCGA-CD-5801-01,2.5218277752905314
TCGA-CD-5803-01,TCGA-CD-5803-01,2.3424058451102314
TCGA-CD-5804-01,TCGA-CD-5804-01,2.340519214908647
TCGA-CD-5813-01,TCGA-CD-5813-01,1.9328383128616697
TCGA-CD-8524-01,TCGA-CD-8524-01,2.970658457560708
TCGA-CD-8525-01,TCGA-CD-8525-01,2.7901247386751677
TCGA-CD-8526-01,TCGA-CD-8526-01,2.150872282649674
TCGA-CD-8527-01,TCGA-CD-8527-01,2.249630593332395
TCGA-CD-8528-01,TCGA-CD-8528-01,2.274110934629636
TCGA-CD-8529-01,TCGA-CD-8529-01,2.317861375737208
TCGA-CD-8530-01,TCGA-CD-8530-01,2.8049951883083137
TCGA-CD-8531-01,TCGA-CD-8531-01,3.0309161957032362
TCGA-CD-8532-01,TCGA-CD-8532-01,2.268687682445493
TCGA-CD-8533-01,TCGA-CD-8533-01,2.482300654544453
TCGA-CD-8534-01,TCGA-CD-8534-01,2.3781048116015957
TCGA-CD-8535-01,TCGA-CD-8535-01,2.4744354970585434
TCGA-CD-8536-01,TCGA-CD-8536-01,2.4558622623253665
TCGA-CD-A486-01,TCGA-CD-A486-01,2.614498196479865
TCGA-CD-A487-01,TCGA-CD-A487-01,2.458788945752419
TCGA-CD-A489-01,TCGA-CD-A489-01,3.0288680905933383
TCGA-CD-A48A-01,TCGA-CD-A48A-01,2.331236180263789
TCGA-CD-A48C-01,TCGA-CD-A48C-01,2.5665571097733197
TCGA-CD-A4MG-01,TCGA-CD-A4MG-01,2.3632535765267293
TCGA-CD-A4MH-01,TCGA-CD-A4MH-01,1.9919042858231382
TCGA-CD-A4MI-01,TCGA-CD-A4MI-01,2.9007677626351414
TCGA-CD-A4MJ-01,TCGA-CD-A4MJ-01,3.068104738697449
TCGA-CG-4437-01,TCGA-CG-4437-01,2.3278937752875057
TCGA-CG-4441-01,TCGA-CG-4441-01,2.52620752152301
TCGA-CG-5717-01,TCGA-CG-5717-01,3.0697516863416245
TCGA-CG-5718-01,TCGA-CG-5718-01,2.9908920895837836
TCGA-CG-5719-01,TCGA-CG-5719-01,2.8345531330961506
TCGA-CG-5720-01,TCGA-CG-5720-01,2.2047783345208
TCGA-CG-5720-11,TCGA-CG-5720-11,2.57139568062609
TCGA-CG-5721-01,TCGA-CG-5721-01,2.707233666177289
TCGA-CG-5721-11,TCGA-CG-5721-11,3.366530329552257
TCGA-CG-5722-01,TCGA-CG-5722-01,2.382599761986377
TCGA-CG-5722-11,TCGA-CG-5722-11,3.175042957025618
TCGA-CG-5723-01,TCGA-CG-5723-01,2.7524342391017425
TCGA-CG-5724-01,TCGA-CG-5724-01,2.6650912264642455
TCGA-CG-5725-01,TCGA-CG-5725-01,2.6085028378540707
TCGA-CG-5726-01,TCGA-CG-5726-01,2.796139591159945
TCGA-CG-5728-11,TCGA-CG-5728-11,3.2622849432395284
TCGA-CG-5730-11,TCGA-CG-5730-11,2.1084369345745704
TCGA-CG-5732-01,TCGA-CG-5732-01,2.0527524640523938
TCGA-CG-5733-11,TCGA-CG-5733-11,3.4192070681528364
TCGA-CG-5734-01,TCGA-CG-5734-01,2.3267372443554803
TCGA-CG-5734-11,TCGA-CG-5734-11,2.621310236383675
TCGA-D7-5577-01,TCGA-D7-5577-01,3.22556148366401
TCGA-D7-5578-01,TCGA-D7-5578-01,2.041237616169242
TCGA-D7-6518-01,TCGA-D7-6518-01,1.8477279356456893
TCGA-D7-6519-01,TCGA-D7-6519-01,2.667170659572938
TCGA-D7-6520-01,TCGA-D7-6520-01,1.9468716120535925
TCGA-D7-6521-01,TCGA-D7-6521-01,2.522623020276392
TCGA-D7-6522-01,TCGA-D7-6522-01,1.7780012884526977
TCGA-D7-6524-01,TCGA-D7-6524-01,2.0924220240997284
TCGA-D7-6525-01,TCGA-D7-6525-01,2.651905677991961
TCGA-D7-6526-01,TCGA-D7-6526-01,2.642151889080843
TCGA-D7-6527-01,TCGA-D7-6527-01,2.53927473993251
TCGA-D7-6528-01,TCGA-D7-6528-01,2.656026069809654
TCGA-D7-6815-01,TCGA-D7-6815-01,2.2873365046198266
TCGA-D7-6817-01,TCGA-D7-6817-01,2.5844416688489966
TCGA-D7-6818-01,TCGA-D7-6818-01,2.105943588275893
TCGA-D7-6820-01,TCGA-D7-6820-01,2.5707388214789786
TCGA-D7-6822-01,TCGA-D7-6822-01,2.305000103533489
TCGA-D7-8570-01,TCGA-D7-8570-01,2.509755546113798
TCGA-D7-8572-01,TCGA-D7-8572-01,2.0634698257773554
TCGA-D7-8573-01,TCGA-D7-8573-01,2.861026828073608
TCGA-D7-8574-01,TCGA-D7-8574-01,2.2810562389023064
TCGA-D7-8575-01,TCGA-D7-8575-01,2.6677209045014023
TCGA-D7-8576-01,TCGA-D7-8576-01,2.4090033980899044
TCGA-D7-8578-01,TCGA-D7-8578-01,1.8570468586837885
TCGA-D7-8579-01,TCGA-D7-8579-01,2.1871949024209743
TCGA-D7-A4YT-01,TCGA-D7-A4YT-01,2.3184441363319994
TCGA-D7-A4YU-01,TCGA-D7-A4YU-01,3.1953288285597092
TCGA-D7-A4YV-01,TCGA-D7-A4YV-01,2.4238532453177974
TCGA-D7-A4YX-01,TCGA-D7-A4YX-01,3.2524985059247524
TCGA-D7-A4YY-01,TCGA-D7-A4YY-01,2.157814679600108
TCGA-D7-A4Z0-01,TCGA-D7-A4Z0-01,2.2157768057048544
TCGA-D7-A6EV-01,TCGA-D7-A6EV-01,2.1773166085854077
TCGA-D7-A6EX-01,TCGA-D7-A6EX-01,2.7598395243843727
TCGA-D7-A6EY-01,TCGA-D7-A6EY-01,2.397022160163319
TCGA-D7-A6EZ-01,TCGA-D7-A6EZ-01,3.11380263340371
TCGA-D7-A6F0-01,TCGA-D7-A6F0-01,2.5613110647989883
TCGA-D7-A6F2-01,TCGA-D7-A6F2-01,2.3209596672995505
TCGA-D7-A747-01,TCGA-D7-A747-01,2.300619356696071
TCGA-D7-A748-01,TCGA-D7-A748-01,2.485978423159304
TCGA-D7-A74A-01,TCGA-D7-A74A-01,2.6009099385070766
TCGA-EQ-8122-01,TCGA-EQ-8122-01,2.355884290121269
TCGA-EQ-A4SO-01,TCGA-EQ-A4SO-01,2.3739460473835825
TCGA-F1-6177-01,TCGA-F1-6177-01,2.7399846218366957
TCGA-F1-6874-01,TCGA-F1-6874-01,2.215310546619258
TCGA-F1-6875-01,TCGA-F1-6875-01,1.8022577608405217
TCGA-F1-A448-01,TCGA-F1-A448-01,2.3820059960032824
TCGA-F1-A72C-01,TCGA-F1-A72C-01,2.0602510196182524
TCGA-FP-7735-01,TCGA-FP-7735-01,2.4567181864090037
TCGA-FP-7735-11,TCGA-FP-7735-11,2.9466285671962353
TCGA-FP-7829-01,TCGA-FP-7829-01,2.5765965356982647
TCGA-FP-7829-11,TCGA-FP-7829-11,2.4866030006929822
TCGA-FP-7916-01,TCGA-FP-7916-01,2.7455142280686387
TCGA-FP-7998-01,TCGA-FP-7998-01,2.8489099935744666
TCGA-FP-8099-01,TCGA-FP-8099-01,2.721074916401636
TCGA-FP-8209-01,TCGA-FP-8209-01,2.8655388158087773
TCGA-FP-8210-01,TCGA-FP-8210-01,2.4014921787197294
TCGA-FP-8211-01,TCGA-FP-8211-01,2.9903127235910665
TCGA-FP-8631-01,TCGA-FP-8631-01,3.1019595311300545
TCGA-FP-A4BE-01,TCGA-FP-A4BE-01,2.599053110549602
TCGA-FP-A4BF-01,TCGA-FP-A4BF-01,2.0083862205854146
TCGA-FP-A8CX-01,TCGA-FP-A8CX-01,2.2821267988495375
TCGA-FP-A9TM-01,TCGA-FP-A9TM-01,2.315326065662104
TCGA-HF-7132-01,TCGA-HF-7132-01,2.245048140258317
TCGA-HF-7133-01,TCGA-HF-7133-01,2.9889745455310748
TCGA-HF-7134-01,TCGA-HF-7134-01,2.5829577574663176
TCGA-HF-7136-01,TCGA-HF-7136-01,2.2433986267606945
TCGA-HF-A5NB-01,TCGA-HF-A5NB-01,2.691705119713665
TCGA-HJ-7597-01,TCGA-HJ-7597-01,2.441608550940618
TCGA-HU-8238-01,TCGA-HU-8238-01,2.6618677795433303
TCGA-HU-8238-11,TCGA-HU-8238-11,2.0346152654958445
TCGA-HU-8243-01,TCGA-HU-8243-01,1.8112514629674248
TCGA-HU-8244-01,TCGA-HU-8244-01,2.698619586761081
TCGA-HU-8249-01,TCGA-HU-8249-01,2.162498193090669
TCGA-HU-8602-01,TCGA-HU-8602-01,2.6783245153910333
TCGA-HU-8604-01,TCGA-HU-8604-01,2.242889795627366
TCGA-HU-8608-01,TCGA-HU-8608-01,2.9894055817586453
TCGA-HU-8610-01,TCGA-HU-8610-01,2.3190130274247394
TCGA-HU-A4G2-01,TCGA-HU-A4G2-01,3.068880063214926
TCGA-HU-A4G3-01,TCGA-HU-A4G3-01,2.6164638833647618
TCGA-HU-A4G3-11,TCGA-HU-A4G3-11,3.315591293698364
TCGA-HU-A4G6-01,TCGA-HU-A4G6-01,3.3915964140750265
TCGA-HU-A4G8-01,TCGA-HU-A4G8-01,2.6653862381370255
TCGA-HU-A4G9-01,TCGA-HU-A4G9-01,3.0272401394631165
TCGA-HU-A4GC-01,TCGA-HU-A4GC-01,2.1915778988881405
TCGA-HU-A4GC-11,TCGA-HU-A4GC-11,3.2261773781217107
TCGA-HU-A4GD-01,TCGA-HU-A4GD-01,2.2365047930618105
TCGA-HU-A4GF-01,TCGA-HU-A4GF-01,2.3956845332495464
TCGA-HU-A4GH-01,TCGA-HU-A4GH-01,2.9844400340868305
TCGA-HU-A4GH-11,TCGA-HU-A4GH-11,3.1886814518861892
TCGA-HU-A4GJ-01,TCGA-HU-A4GJ-01,3.0488056735780846
TCGA-HU-A4GN-01,TCGA-HU-A4GN-01,2.8000604723426585
TCGA-HU-A4GN-11,TCGA-HU-A4GN-11,2.796133701206003
TCGA-HU-A4GP-01,TCGA-HU-A4GP-01,2.668423477496896
TCGA-HU-A4GP-11,TCGA-HU-A4GP-11,3.2292553884200825
TCGA-HU-A4GQ-01,TCGA-HU-A4GQ-01,2.5281932826691165
TCGA-HU-A4GT-01,TCGA-HU-A4GT-01,2.361525112707031
TCGA-HU-A4GU-01,TCGA-HU-A4GU-01,2.6240092734243214
TCGA-HU-A4GX-01,TCGA-HU-A4GX-01,2.233880403915782
TCGA-HU-A4GY-01,TCGA-HU-A4GY-01,2.166342839977156
TCGA-HU-A4GY-11,TCGA-HU-A4GY-11,2.7977792040346134
TCGA-HU-A4H0-01,TCGA-HU-A4H0-01,3.357205950461403
TCGA-HU-A4H2-01,TCGA-HU-A4H2-01,2.658654257515372
TCGA-HU-A4H3-01,TCGA-HU-A4H3-01,2.8288961125785397
TCGA-HU-A4H4-01,TCGA-HU-A4H4-01,2.417498871401305
TCGA-HU-A4H5-01,TCGA-HU-A4H5-01,2.9369716726779496
TCGA-HU-A4H6-01,TCGA-HU-A4H6-01,2.5620495250189963
TCGA-HU-A4H8-01,TCGA-HU-A4H8-01,2.649197759010751
TCGA-HU-A4HB-01,TCGA-HU-A4HB-01,2.408625332178863
TCGA-HU-A4HB-11,TCGA-HU-A4HB-11,3.02726289572016
TCGA-HU-A4HD-01,TCGA-HU-A4HD-01,2.1055303610033795
TCGA-IN-7806-01,TCGA-IN-7806-01,2.225885083069938
TCGA-IN-7806-11,TCGA-IN-7806-11,3.246117706388873
TCGA-IN-7808-01,TCGA-IN-7808-01,2.30102897959845
TCGA-IN-8462-01,TCGA-IN-8462-01,2.6114137418359347
TCGA-IN-8462-11,TCGA-IN-8462-11,2.8977114215564908
TCGA-IN-8663-01,TCGA-IN-8663-01,2.6158350383069147
TCGA-IN-8663-11,TCGA-IN-8663-11,3.546738830841273
TCGA-IN-A6RI-01,TCGA-IN-A6RI-01,2.4240943154003096
TCGA-IN-A6RJ-01,TCGA-IN-A6RJ-01,2.885774907698217
TCGA-IN-A6RL-01,TCGA-IN-A6RL-01,2.766506123842058
TCGA-IN-A6RN-01,TCGA-IN-A6RN-01,2.970230258497485
TCGA-IN-A6RO-01,TCGA-IN-A6RO-01,2.7003072726260062
TCGA-IN-A6RR-01,TCGA-IN-A6RR-01,2.6919862886012944
TCGA-IN-A6RS-01,TCGA-IN-A6RS-01,2.2699183584435314
TCGA-IN-A7NR-01,TCGA-IN-A7NR-01,2.934096286605046
TCGA-IN-A7NT-01,TCGA-IN-A7NT-01,2.657723722057577
TCGA-IN-A7NU-01,TCGA-IN-A7NU-01,2.886682380607909
TCGA-IN-AB1V-01,TCGA-IN-AB1V-01,3.0502506737729354
TCGA-IN-AB1V-11,TCGA-IN-AB1V-11,3.175710040391551
TCGA-IN-AB1X-01,TCGA-IN-AB1X-01,2.7204964979843704
TCGA-IN-AB1X-11,TCGA-IN-AB1X-11,3.0728568440641832
TCGA-IP-7968-01,TCGA-IP-7968-01,2.1355327259275616
TCGA-IP-7968-11,TCGA-IP-7968-11,3.1870916906026494
TCGA-KB-A6F7-01,TCGA-KB-A6F7-01,2.663987011451508
TCGA-KB-A93G-01,TCGA-KB-A93G-01,2.353862129194596
TCGA-KB-A93H-01,TCGA-KB-A93H-01,2.738434711409278
TCGA-KB-A93J-01,TCGA-KB-A93J-01,2.0109034265858874
TCGA-MX-A5UG-01,TCGA-MX-A5UG-01,2.3154162913294516
TCGA-MX-A5UJ-01,TCGA-MX-A5UJ-01,2.2687733821358944
TCGA-MX-A663-01,TCGA-MX-A663-01,2.4762475122414216
TCGA-MX-A666-01,TCGA-MX-A666-01,2.0502481920272047
TCGA-R5-A7O7-01,TCGA-R5-A7O7-01,2.149035199796195
TCGA-R5-A7ZE-01,TCGA-R5-A7ZE-01,2.9530598957845413
TCGA-R5-A7ZF-01,TCGA-R5-A7ZF-01,2.495969115295187
TCGA-R5-A7ZI-01,TCGA-R5-A7ZI-01,3.0945680748410536
TCGA-R5-A7ZR-01,TCGA-R5-A7ZR-01,2.26771010527398
TCGA-R5-A805-01,TCGA-R5-A805-01,2.870177809660037
TCGA-RD-A7BS-01,TCGA-RD-A7BS-01,2.967466592694589
TCGA-RD-A7BT-01,TCGA-RD-A7BT-01,2.069716349981597
TCGA-RD-A7BW-01,TCGA-RD-A7BW-01,2.847304877411579
TCGA-RD-A7C1-01,TCGA-RD-A7C1-01,1.8432910417646469
TCGA-RD-A8MV-01,TCGA-RD-A8MV-01,2.4838394103256367
TCGA-RD-A8MW-01,TCGA-RD-A8MW-01,2.6866821371845067
TCGA-RD-A8N0-01,TCGA-RD-A8N0-01,3.24719295248414
TCGA-RD-A8N1-01,TCGA-RD-A8N1-01,2.5486489572666318
TCGA-RD-A8N2-01,TCGA-RD-A8N2-01,3.1084434515504267
TCGA-RD-A8N4-01,TCGA-RD-A8N4-01,3.462510737078979
TCGA-RD-A8N5-01,TCGA-RD-A8N5-01,2.2861033401899906
TCGA-RD-A8N6-01,TCGA-RD-A8N6-01,2.206038700915176
TCGA-RD-A8N9-01,TCGA-RD-A8N9-01,2.8427959404954466
TCGA-RD-A8NB-01,TCGA-RD-A8NB-01,2.2913666945515514
TCGA-SW-A7EA-01,TCGA-SW-A7EA-01,3.314960358177238
TCGA-SW-A7EB-01,TCGA-SW-A7EB-01,2.2944287598194806
TCGA-VQ-A8DT-01,TCGA-VQ-A8DT-01,2.374685448694142
TCGA-VQ-A8DU-01,TCGA-VQ-A8DU-01,2.5349890938669826
TCGA-VQ-A8DV-01,TCGA-VQ-A8DV-01,2.783929371288588
TCGA-VQ-A8DZ-01,TCGA-VQ-A8DZ-01,2.4462352552623505
TCGA-VQ-A8E0-01,TCGA-VQ-A8E0-01,2.5149099705561007
TCGA-VQ-A8E2-01,TCGA-VQ-A8E2-01,1.7300257673896073
TCGA-VQ-A8E3-01,TCGA-VQ-A8E3-01,2.702619621256775
TCGA-VQ-A8E7-01,TCGA-VQ-A8E7-01,1.9304782751182876
TCGA-VQ-A8P2-01,TCGA-VQ-A8P2-01,2.5968415346488585
TCGA-VQ-A8P3-01,TCGA-VQ-A8P3-01,2.569501774816586
TCGA-VQ-A8P5-01,TCGA-VQ-A8P5-01,2.7126422791427194
TCGA-VQ-A8P8-01,TCGA-VQ-A8P8-01,2.6815082389105425
TCGA-VQ-A8PB-01,TCGA-VQ-A8PB-01,2.613649469228233
TCGA-VQ-A8PC-01,TCGA-VQ-A8PC-01,2.138658074701995
TCGA-VQ-A8PD-01,TCGA-VQ-A8PD-01,2.525117835980386
TCGA-VQ-A8PE-01,TCGA-VQ-A8PE-01,2.4241805349775998
TCGA-VQ-A8PF-01,TCGA-VQ-A8PF-01,2.7812782564096055
TCGA-VQ-A8PH-01,TCGA-VQ-A8PH-01,2.346117286275997
TCGA-VQ-A8PJ-01,TCGA-VQ-A8PJ-01,2.565844543372079
TCGA-VQ-A8PK-01,TCGA-VQ-A8PK-01,2.7711700306691034
TCGA-VQ-A8PM-01,TCGA-VQ-A8PM-01,2.65736180503807
TCGA-VQ-A8PO-01,TCGA-VQ-A8PO-01,2.2324644264029745
TCGA-VQ-A8PP-01,TCGA-VQ-A8PP-01,3.0072290377535387
TCGA-VQ-A8PQ-01,TCGA-VQ-A8PQ-01,2.3641740443721604
TCGA-VQ-A8PU-01,TCGA-VQ-A8PU-01,2.560891948255612
TCGA-VQ-A8PX-01,TCGA-VQ-A8PX-01,2.7252658559850875
TCGA-VQ-A91A-01,TCGA-VQ-A91A-01,2.0704445102690667
TCGA-VQ-A91D-01,TCGA-VQ-A91D-01,2.8127712862365937
TCGA-VQ-A91E-01,TCGA-VQ-A91E-01,2.633360432782215
TCGA-VQ-A91K-01,TCGA-VQ-A91K-01,2.661792466782584
TCGA-VQ-A91N-01,TCGA-VQ-A91N-01,2.069635234829867
TCGA-VQ-A91Q-01,TCGA-VQ-A91Q-01,2.3610029974486855
TCGA-VQ-A91S-01,TCGA-VQ-A91S-01,2.102619862636653
TCGA-VQ-A91U-01,TCGA-VQ-A91U-01,2.4173407956902
TCGA-VQ-A91V-01,TCGA-VQ-A91V-01,2.6378642872606974
TCGA-VQ-A91W-01,TCGA-VQ-A91W-01,2.4386427498310406
TCGA-VQ-A91X-01,TCGA-VQ-A91X-01,2.198364010922645
TCGA-VQ-A91Y-01,TCGA-VQ-A91Y-01,3.285654493517716
TCGA-VQ-A91Z-01,TCGA-VQ-A91Z-01,2.447913140348888
TCGA-VQ-A922-01,TCGA-VQ-A922-01,2.083670259536032
TCGA-VQ-A923-01,TCGA-VQ-A923-01,2.6904317649694534
TCGA-VQ-A924-01,TCGA-VQ-A924-01,2.853330167680623
TCGA-VQ-A925-01,TCGA-VQ-A925-01,2.2213286895032995
TCGA-VQ-A927-01,TCGA-VQ-A927-01,2.6008939152921333
TCGA-VQ-A928-01,TCGA-VQ-A928-01,2.7885131749360745
TCGA-VQ-A92D-01,TCGA-VQ-A92D-01,2.5590723227138397
TCGA-VQ-A94O-01,TCGA-VQ-A94O-01,2.297225972599818
TCGA-VQ-A94P-01,TCGA-VQ-A94P-01,2.9257076661333494
TCGA-VQ-A94R-01,TCGA-VQ-A94R-01,1.8145330879312782
TCGA-VQ-A94T-01,TCGA-VQ-A94T-01,2.5400186403403664
TCGA-VQ-A94U-01,TCGA-VQ-A94U-01,2.3966995454198017
TCGA-VQ-AA64-01,TCGA-VQ-AA64-01,2.2421438348847835
TCGA-VQ-AA68-01,TCGA-VQ-AA68-01,3.0890024447881874
TCGA-VQ-AA69-01,TCGA-VQ-AA69-01,3.066025232084527
TCGA-VQ-AA6A-01,TCGA-VQ-AA6A-01,2.4572390219676623
TCGA-VQ-AA6B-01,TCGA-VQ-AA6B-01,2.1657404164892506
TCGA-VQ-AA6D-01,TCGA-VQ-AA6D-01,2.6062965862501843
TCGA-VQ-AA6F-01,TCGA-VQ-AA6F-01,2.6689130906898875
TCGA-VQ-AA6G-01,TCGA-VQ-AA6G-01,2.843954133194881
TCGA-VQ-AA6I-01,TCGA-VQ-AA6I-01,2.6621115448651764
TCGA-VQ-AA6J-01,TCGA-VQ-AA6J-01,2.722747005064991
TCGA-VQ-AA6K-01,TCGA-VQ-AA6K-01,3.0000812756703126
TCGA-ZA-A8F6-01,TCGA-ZA-A8F6-01,2.4181366899695247
TCGA-ZQ-A9CR-01,TCGA-ZQ-A9CR-01,2.5798856912848365
TCGA-AB-2803-03,TCGA-AB-2803-03,3.144746240448551
TCGA-AB-2805-03,TCGA-AB-2805-03,3.0600897519137895
TCGA-AB-2806-03,TCGA-AB-2806-03,2.8862174397828686
TCGA-AB-2807-03,TCGA-AB-2807-03,2.9622327937652666
TCGA-AB-2808-03,TCGA-AB-2808-03,2.9195365220367995
TCGA-AB-2810-03,TCGA-AB-2810-03,2.787458015595752
TCGA-AB-2811-03,TCGA-AB-2811-03,2.7285049808464197
TCGA-AB-2812-03,TCGA-AB-2812-03,2.8128412910865905
TCGA-AB-2813-03,TCGA-AB-2813-03,2.64598377175033
TCGA-AB-2814-03,TCGA-AB-2814-03,3.205169872851201
TCGA-AB-2815-03,TCGA-AB-2815-03,3.236881286428023
TCGA-AB-2816-03,TCGA-AB-2816-03,2.846020773153609
TCGA-AB-2817-03,TCGA-AB-2817-03,3.2152694823352714
TCGA-AB-2818-03,TCGA-AB-2818-03,2.6791285538339453
TCGA-AB-2819-03,TCGA-AB-2819-03,2.780443413652139
TCGA-AB-2820-03,TCGA-AB-2820-03,3.1844399384125524
TCGA-AB-2821-03,TCGA-AB-2821-03,3.1591985085138576
TCGA-AB-2822-03,TCGA-AB-2822-03,3.074347057484302
TCGA-AB-2823-03,TCGA-AB-2823-03,2.898991578879981
TCGA-AB-2824-03,TCGA-AB-2824-03,2.8826304192565946
TCGA-AB-2825-03,TCGA-AB-2825-03,3.0168034355262
TCGA-AB-2826-03,TCGA-AB-2826-03,3.35048393519651
TCGA-AB-2828-03,TCGA-AB-2828-03,3.165875883961727
TCGA-AB-2830-03,TCGA-AB-2830-03,3.175541656105565
TCGA-AB-2832-03,TCGA-AB-2832-03,2.8175611887631566
TCGA-AB-2833-03,TCGA-AB-2833-03,3.323240302671169
TCGA-AB-2834-03,TCGA-AB-2834-03,2.8219669437888633
TCGA-AB-2835-03,TCGA-AB-2835-03,3.140940520162573
TCGA-AB-2836-03,TCGA-AB-2836-03,2.584856830642907
TCGA-AB-2837-03,TCGA-AB-2837-03,2.764145876974978
TCGA-AB-2838-03,TCGA-AB-2838-03,3.035016702927735
TCGA-AB-2839-03,TCGA-AB-2839-03,2.9487343493830864
TCGA-AB-2840-03,TCGA-AB-2840-03,3.293428351030741
TCGA-AB-2841-03,TCGA-AB-2841-03,3.057649037262453
TCGA-AB-2842-03,TCGA-AB-2842-03,2.8415932443623984
TCGA-AB-2843-03,TCGA-AB-2843-03,2.6857975249732853
TCGA-AB-2844-03,TCGA-AB-2844-03,2.8255086052234804
TCGA-AB-2845-03,TCGA-AB-2845-03,2.5520754474238387
TCGA-AB-2846-03,TCGA-AB-2846-03,3.0071349025100154
TCGA-AB-2847-03,TCGA-AB-2847-03,2.8757704428486277
TCGA-AB-2848-03,TCGA-AB-2848-03,2.860095356248607
TCGA-AB-2849-03,TCGA-AB-2849-03,2.6324138668421804
TCGA-AB-2851-03,TCGA-AB-2851-03,2.7234972513389044
TCGA-AB-2853-03,TCGA-AB-2853-03,2.8994314996874744
TCGA-AB-2854-03,TCGA-AB-2854-03,2.913460674086984
TCGA-AB-2855-03,TCGA-AB-2855-03,2.9353739371160392
TCGA-AB-2856-03,TCGA-AB-2856-03,3.0123846843856974
TCGA-AB-2857-03,TCGA-AB-2857-03,3.0643786307529792
TCGA-AB-2858-03,TCGA-AB-2858-03,2.9776379259104235
TCGA-AB-2859-03,TCGA-AB-2859-03,3.1286667182383283
TCGA-AB-2860-03,TCGA-AB-2860-03,2.970037181861962
TCGA-AB-2861-03,TCGA-AB-2861-03,2.848866815879111
TCGA-AB-2862-03,TCGA-AB-2862-03,3.198171472130847
TCGA-AB-2863-03,TCGA-AB-2863-03,2.974392494547935
TCGA-AB-2865-03,TCGA-AB-2865-03,2.8735612354677094
TCGA-AB-2866-03,TCGA-AB-2866-03,3.087270196822374
TCGA-AB-2867-03,TCGA-AB-2867-03,3.2789309587406863
TCGA-AB-2868-03,TCGA-AB-2868-03,3.1804939469508393
TCGA-AB-2869-03,TCGA-AB-2869-03,2.966497612591869
TCGA-AB-2870-03,TCGA-AB-2870-03,3.1560242829182332
TCGA-AB-2871-03,TCGA-AB-2871-03,2.853035059362319
TCGA-AB-2872-03,TCGA-AB-2872-03,2.9070983563388073
TCGA-AB-2873-03,TCGA-AB-2873-03,3.1246699429972162
TCGA-AB-2874-03,TCGA-AB-2874-03,3.0463845074317866
TCGA-AB-2875-03,TCGA-AB-2875-03,2.8514575166553735
TCGA-AB-2877-03,TCGA-AB-2877-03,3.2803146130208356
TCGA-AB-2879-03,TCGA-AB-2879-03,3.0482693709747997
TCGA-AB-2880-03,TCGA-AB-2880-03,3.2846239082518713
TCGA-AB-2881-03,TCGA-AB-2881-03,3.148662092923224
TCGA-AB-2882-03,TCGA-AB-2882-03,2.9300556549856873
TCGA-AB-2884-03,TCGA-AB-2884-03,2.906105352350374
TCGA-AB-2885-03,TCGA-AB-2885-03,2.756069496536647
TCGA-AB-2886-03,TCGA-AB-2886-03,2.8734170838837363
TCGA-AB-2887-03,TCGA-AB-2887-03,2.747980105483076
TCGA-AB-2888-03,TCGA-AB-2888-03,3.060343688026634
TCGA-AB-2889-03,TCGA-AB-2889-03,2.932320379870422
TCGA-AB-2890-03,TCGA-AB-2890-03,3.1240392954679836
TCGA-AB-2891-03,TCGA-AB-2891-03,3.0465314914188975
TCGA-AB-2895-03,TCGA-AB-2895-03,2.8484689110152606
TCGA-AB-2896-03,TCGA-AB-2896-03,2.9663026019648617
TCGA-AB-2897-03,TCGA-AB-2897-03,3.1585030201971707
TCGA-AB-2898-03,TCGA-AB-2898-03,3.2940289157469422
TCGA-AB-2899-03,TCGA-AB-2899-03,2.99507878942497
TCGA-AB-2900-03,TCGA-AB-2900-03,3.112462097698531
TCGA-AB-2901-03,TCGA-AB-2901-03,3.0924251002111474
TCGA-AB-2903-03,TCGA-AB-2903-03,3.0228151776443353
TCGA-AB-2904-03,TCGA-AB-2904-03,2.9411893574331445
TCGA-AB-2908-03,TCGA-AB-2908-03,3.283803615893363
TCGA-AB-2909-03,TCGA-AB-2909-03,2.604405824634026
TCGA-AB-2910-03,TCGA-AB-2910-03,2.974773419342304
TCGA-AB-2911-03,TCGA-AB-2911-03,3.1091976176932454
TCGA-AB-2912-03,TCGA-AB-2912-03,3.037805222703805
TCGA-AB-2913-03,TCGA-AB-2913-03,3.010974133499325
TCGA-AB-2914-03,TCGA-AB-2914-03,2.754304133162298
TCGA-AB-2915-03,TCGA-AB-2915-03,2.9707381976382354
TCGA-AB-2916-03,TCGA-AB-2916-03,3.1629010722768687
TCGA-AB-2917-03,TCGA-AB-2917-03,3.084772784542812
TCGA-AB-2918-03,TCGA-AB-2918-03,2.6208634910610638
TCGA-AB-2919-03,TCGA-AB-2919-03,3.2211233260362375
TCGA-AB-2920-03,TCGA-AB-2920-03,3.0026640294027183
TCGA-AB-2921-03,TCGA-AB-2921-03,2.933827787814816
TCGA-AB-2924-03,TCGA-AB-2924-03,2.8336119910182065
TCGA-AB-2925-03,TCGA-AB-2925-03,3.033737485028884
TCGA-AB-2927-03,TCGA-AB-2927-03,2.7047096583134707
TCGA-AB-2928-03,TCGA-AB-2928-03,3.1526438831757613
TCGA-AB-2929-03,TCGA-AB-2929-03,2.944258350865103
TCGA-AB-2930-03,TCGA-AB-2930-03,2.833727349482296
TCGA-AB-2931-03,TCGA-AB-2931-03,2.7191922148080203
TCGA-AB-2932-03,TCGA-AB-2932-03,3.062920385332931
TCGA-AB-2933-03,TCGA-AB-2933-03,2.8528601574146806
TCGA-AB-2934-03,TCGA-AB-2934-03,2.931958899656273
TCGA-AB-2935-03,TCGA-AB-2935-03,3.0631667989820253
TCGA-AB-2936-03,TCGA-AB-2936-03,2.5928896822718093
TCGA-AB-2937-03,TCGA-AB-2937-03,3.2944454508500396
TCGA-AB-2938-03,TCGA-AB-2938-03,2.9731316950501423
TCGA-AB-2939-03,TCGA-AB-2939-03,2.77732981736321
TCGA-AB-2940-03,TCGA-AB-2940-03,3.1156435272898775
TCGA-AB-2941-03,TCGA-AB-2941-03,3.2058776191723495
TCGA-AB-2942-03,TCGA-AB-2942-03,3.2604179921418748
TCGA-AB-2943-03,TCGA-AB-2943-03,3.1589807768567235
TCGA-AB-2944-03,TCGA-AB-2944-03,3.0819463208696893
TCGA-AB-2946-03,TCGA-AB-2946-03,2.793552708842746
TCGA-AB-2948-03,TCGA-AB-2948-03,2.8655506071885295
TCGA-AB-2949-03,TCGA-AB-2949-03,3.144192775239565
TCGA-AB-2950-03,TCGA-AB-2950-03,2.68420867552348
TCGA-AB-2952-03,TCGA-AB-2952-03,2.7058725515649313
TCGA-AB-2954-03,TCGA-AB-2954-03,3.0941190145807798
TCGA-AB-2955-03,TCGA-AB-2955-03,2.914146465067553
TCGA-AB-2956-03,TCGA-AB-2956-03,2.6714867442102657
TCGA-AB-2959-03,TCGA-AB-2959-03,2.806842675803269
TCGA-AB-2963-03,TCGA-AB-2963-03,3.0122923622870204
TCGA-AB-2964-03,TCGA-AB-2964-03,3.184713615930404
TCGA-AB-2965-03,TCGA-AB-2965-03,3.0140884736635423
TCGA-AB-2966-03,TCGA-AB-2966-03,2.90022767361849
TCGA-AB-2967-03,TCGA-AB-2967-03,3.2209562441743467
TCGA-AB-2969-03,TCGA-AB-2969-03,3.2987433478310506
TCGA-AB-2970-03,TCGA-AB-2970-03,2.9940272307200906
TCGA-AB-2971-03,TCGA-AB-2971-03,2.9864968823620135
TCGA-AB-2972-03,TCGA-AB-2972-03,2.9941819767596374
TCGA-AB-2973-03,TCGA-AB-2973-03,3.22006498196815
TCGA-AB-2975-03,TCGA-AB-2975-03,2.851525097501715
TCGA-AB-2976-03,TCGA-AB-2976-03,2.5596965048194043
TCGA-AB-2977-03,TCGA-AB-2977-03,2.600556472489603
TCGA-AB-2978-03,TCGA-AB-2978-03,3.2279409192497264
TCGA-AB-2979-03,TCGA-AB-2979-03,3.343294735821039
TCGA-AB-2980-03,TCGA-AB-2980-03,3.153213421412871
TCGA-AB-2981-03,TCGA-AB-2981-03,2.868615542112484
TCGA-AB-2982-03,TCGA-AB-2982-03,3.112529264817285
TCGA-AB-2983-03,TCGA-AB-2983-03,2.9933051900987797
TCGA-AB-2984-03,TCGA-AB-2984-03,3.033596529745904
TCGA-AB-2985-03,TCGA-AB-2985-03,3.1478971594673344
TCGA-AB-2986-03,TCGA-AB-2986-03,3.1545846601734917
TCGA-AB-2987-03,TCGA-AB-2987-03,3.0624036477973253
TCGA-AB-2988-03,TCGA-AB-2988-03,3.193990827583132
TCGA-AB-2990-03,TCGA-AB-2990-03,2.6258817572746986
TCGA-AB-2991-03,TCGA-AB-2991-03,3.128897618140761
TCGA-AB-2992-03,TCGA-AB-2992-03,3.0710581317711996
TCGA-AB-2993-03,TCGA-AB-2993-03,3.097413228752616
TCGA-AB-2994-03,TCGA-AB-2994-03,3.180405280729017
TCGA-AB-2995-03,TCGA-AB-2995-03,3.188943388528002
TCGA-AB-2996-03,TCGA-AB-2996-03,3.2918139766827785
TCGA-AB-2998-03,TCGA-AB-2998-03,3.1076276366343176
TCGA-AB-2999-03,TCGA-AB-2999-03,2.914997033530945
TCGA-AB-3000-03,TCGA-AB-3000-03,2.8297137111511326
TCGA-AB-3001-03,TCGA-AB-3001-03,3.291100528681817
TCGA-AB-3002-03,TCGA-AB-3002-03,2.8796507136102454
TCGA-AB-3005-03,TCGA-AB-3005-03,2.874521730763908
TCGA-AB-3006-03,TCGA-AB-3006-03,2.8154414912799997
TCGA-AB-3007-03,TCGA-AB-3007-03,3.055860004229954
TCGA-AB-3008-03,TCGA-AB-3008-03,2.921623017259668
TCGA-AB-3009-03,TCGA-AB-3009-03,3.1340888995979492
TCGA-AB-3011-03,TCGA-AB-3011-03,3.0437711098901783
TCGA-AB-3012-03,TCGA-AB-3012-03,3.2051028963519235
TCGA-BR-4191-01,TCGA-BR-4191-01,2.4836176267231065
TCGA-BR-4201-01,TCGA-BR-4201-01,2.183202302472321
TCGA-BR-4253-01,TCGA-BR-4253-01,2.620914014338881
TCGA-BR-4255-01,TCGA-BR-4255-01,2.2927873469326707
TCGA-BR-4256-01,TCGA-BR-4256-01,3.09554075040554
TCGA-BR-4267-01,TCGA-BR-4267-01,2.9475630279470564
TCGA-BR-4279-01,TCGA-BR-4279-01,2.1319494073300733
TCGA-BR-4294-01,TCGA-BR-4294-01,3.1947809184805878
TCGA-BR-4357-01,TCGA-BR-4357-01,2.6802781476375857
TCGA-BR-4361-01,TCGA-BR-4361-01,2.5253934744229167
TCGA-BR-4362-01,TCGA-BR-4362-01,3.12560860325137
TCGA-BR-4363-01,TCGA-BR-4363-01,2.9015866230636984
TCGA-BR-4366-01,TCGA-BR-4366-01,2.394338560206089
TCGA-BR-4367-01,TCGA-BR-4367-01,2.4318413880833587
TCGA-BR-4368-01,TCGA-BR-4368-01,3.0229665347908767
TCGA-BR-4369-01,TCGA-BR-4369-01,2.233572251992538
TCGA-BR-4370-01,TCGA-BR-4370-01,2.6485156184196343
TCGA-BR-4371-01,TCGA-BR-4371-01,2.162473963027141
TCGA-CG-4301-01,TCGA-CG-4301-01,3.1325044834999054
TCGA-CG-4304-01,TCGA-CG-4304-01,2.114168043081414
TCGA-CG-4305-01,TCGA-CG-4305-01,2.3382369441196476
TCGA-CG-4306-01,TCGA-CG-4306-01,3.0441957970844955
TCGA-CG-4436-01,TCGA-CG-4436-01,2.3570872802443334
TCGA-CG-4438-01,TCGA-CG-4438-01,2.3889558218262237
TCGA-CG-4440-01,TCGA-CG-4440-01,2.583145656424534
TCGA-CG-4442-01,TCGA-CG-4442-01,3.006881378434511
TCGA-CG-4443-01,TCGA-CG-4443-01,2.8283695489948424
TCGA-CG-4444-01,TCGA-CG-4444-01,2.3314870882827825
TCGA-CG-4449-01,TCGA-CG-4449-01,3.140862483056971
TCGA-CG-4462-01,TCGA-CG-4462-01,2.568371954271366
TCGA-CG-4465-01,TCGA-CG-4465-01,2.3761602266033304
TCGA-CG-4466-01,TCGA-CG-4466-01,2.534244680447558
TCGA-CG-4469-01,TCGA-CG-4469-01,2.503339964975148
TCGA-CG-4472-01,TCGA-CG-4472-01,2.486136732808474
TCGA-CG-4474-01,TCGA-CG-4474-01,2.332165026459689
TCGA-CG-4475-01,TCGA-CG-4475-01,2.7409909636612944
TCGA-CG-4476-01,TCGA-CG-4476-01,2.264076433377016
TCGA-CG-4477-01,TCGA-CG-4477-01,2.3683230866261917
