k,combo,tfs,n_tfs,delta_netith_pred,abs_delta
4,JUN+FOS+STAT1+ZBTB20,"FOS,JUN,STAT1,ZBTB20",4,-1.4489240314680958,1.4489240314680958
4,JUN+FOS+STAT1+AEBP1,"AEBP1,FOS,JUN,STAT1",4,-1.4205639539926358,1.4205639539926358
4,JUN+ATF4+FOS+STAT1,"ATF4,FOS,JUN,STAT1",4,-1.4138782688007805,1.4138782688007805
4,JUN+FOS+STAT1+HOXC13,"FOS,HOXC13,JUN,STAT1",4,-1.3987172857681056,1.3987172857681056
4,JUN+FOS+ZBTB20+AEBP1,"AEBP1,FOS,JUN,ZBTB20",4,-1.3960939826400187,1.3960939826400187
4,JUN+FOS+STAT1+NFIA,"FOS,JUN,NFIA,STAT1",4,-1.3936178427325456,1.3936178427325456
4,JUN+FOS+STAT1+ZNF165,"FOS,JUN,STAT1,ZNF165",4,-1.3927935914947978,1.3927935914947978
4,JUN+FOS+STAT1+HES1,"FOS,HES1,JUN,STAT1",4,-1.3916627077375614,1.3916627077375614
4,JUN+ATF4+FOS+ZBTB20,"ATF4,FOS,JUN,ZBTB20",4,-1.3894082974481634,1.3894082974481634
4,JUN+FOS+STAT1+DNMT3B,"DNMT3B,FOS,JUN,STAT1",4,-1.3868894943099663,1.3868894943099663
4,JUN+FOS+STAT1+SFPQ,"FOS,JUN,SFPQ,STAT1",4,-1.381464486001193,1.381464486001193
4,JUN+FOS+STAT1+SMAD7,"FOS,JUN,SMAD7,STAT1",4,-1.3775475069872982,1.3775475069872982
4,JUN+FOS+STAT1+NPM1,"FOS,JUN,NPM1,STAT1",4,-1.375301139478053,1.375301139478053
4,JUN+FOS+STAT1+PAX3,"FOS,JUN,PAX3,STAT1",4,-1.3746308247696888,1.3746308247696888
4,JUN+FOS+ZBTB20+HOXC13,"FOS,HOXC13,JUN,ZBTB20",4,-1.3742473144154885,1.3742473144154885
4,JUN+FOS+STAT1+HEYL,"FOS,HEYL,JUN,STAT1",4,-1.3693425211687307,1.3693425211687307
4,JUN+FOS+ZBTB20+NFIA,"FOS,JUN,NFIA,ZBTB20",4,-1.3691478713799285,1.3691478713799285
4,JUN+FOS+ZBTB20+ZNF165,"FOS,JUN,ZBTB20,ZNF165",4,-1.3683236201421807,1.3683236201421807
4,JUN+FOS+STAT1+ZNF202,"FOS,JUN,STAT1,ZNF202",4,-1.367618070119596,1.367618070119596
4,JUN+FOS+ZBTB20+HES1,"FOS,HES1,JUN,ZBTB20",4,-1.3671927363849443,1.3671927363849443
4,JUN+FOS+ZBTB20+DNMT3B,"DNMT3B,FOS,JUN,ZBTB20",4,-1.3624195229573492,1.3624195229573492
4,JUN+ATF4+FOS+AEBP1,"AEBP1,ATF4,FOS,JUN",4,-1.3610482199727034,1.3610482199727034
4,JUN+FOS+STAT1+SRF,"FOS,JUN,SRF,STAT1",4,-1.3585504659476755,1.3585504659476755
4,JUN+FOS+ZBTB20+SFPQ,"FOS,JUN,SFPQ,ZBTB20",4,-1.356994514648576,1.356994514648576
4,JUN+FOS+STAT1+FOXP3,"FOS,FOXP3,JUN,STAT1",4,-1.3553714310476426,1.3553714310476426
4,JUN+FOS+SMAD7+ZBTB20,"FOS,JUN,SMAD7,ZBTB20",4,-1.3530775356346811,1.3530775356346811
4,JUN+FOS+STAT1+RARG,"FOS,JUN,RARG,STAT1",4,-1.3528831226888016,1.3528831226888016
4,JUN+FOS+ZBTB20+NPM1,"FOS,JUN,NPM1,ZBTB20",4,-1.350831168125436,1.350831168125436
4,JUN+FOS+PAX3+ZBTB20,"FOS,JUN,PAX3,ZBTB20",4,-1.3501608534170717,1.3501608534170717
4,JUN+FOS+HOXC13+AEBP1,"AEBP1,FOS,HOXC13,JUN",4,-1.3458872369400285,1.3458872369400285
4,JUN+FOS+HEYL+ZBTB20,"FOS,HEYL,JUN,ZBTB20",4,-1.3448725498161136,1.3448725498161136
3,JUN+FOS+STAT1,"FOS,JUN,STAT1",3,-1.343628384479598,1.343628384479598
4,JUN+FOS+ZBTB20+ZNF202,"FOS,JUN,ZBTB20,ZNF202",4,-1.3431480987669788,1.3431480987669788
4,JUN+FOS+NFIA+AEBP1,"AEBP1,FOS,JUN,NFIA",4,-1.3407877939044686,1.3407877939044686
4,JUN+FOS+AEBP1+ZNF165,"AEBP1,FOS,JUN,ZNF165",4,-1.3399635426667207,1.3399635426667207
4,JUN+ATF4+FOS+HOXC13,"ATF4,FOS,HOXC13,JUN",4,-1.3392015517481732,1.3392015517481732
4,JUN+FOS+HES1+AEBP1,"AEBP1,FOS,HES1,JUN",4,-1.3388326589094843,1.3388326589094843
4,JUN+ATF4+FOS+NFIA,"ATF4,FOS,JUN,NFIA",4,-1.3341021087126133,1.3341021087126133
4,JUN+FOS+ZBTB20+SRF,"FOS,JUN,SRF,ZBTB20",4,-1.3340804945950584,1.3340804945950584
4,JUN+FOS+DNMT3B+AEBP1,"AEBP1,DNMT3B,FOS,JUN",4,-1.3340594454818893,1.3340594454818893
4,JUN+ATF4+FOS+ZNF165,"ATF4,FOS,JUN,ZNF165",4,-1.3332778574748654,1.3332778574748654
4,JUN+ATF4+FOS+HES1,"ATF4,FOS,HES1,JUN",4,-1.332146973717629,1.332146973717629
4,JUN+FOS+FOXP3+ZBTB20,"FOS,FOXP3,JUN,ZBTB20",4,-1.3309014596950255,1.3309014596950255
4,JUN+FOS+SFPQ+AEBP1,"AEBP1,FOS,JUN,SFPQ",4,-1.328634437173116,1.328634437173116
4,JUN+FOS+ZBTB20+RARG,"FOS,JUN,RARG,ZBTB20",4,-1.3284131513361845,1.3284131513361845
4,JUN+ATF4+FOS+DNMT3B,"ATF4,DNMT3B,FOS,JUN",4,-1.327373760290034,1.327373760290034
4,JUN+FOS+SMAD7+AEBP1,"AEBP1,FOS,JUN,SMAD7",4,-1.3247174581592212,1.3247174581592212
4,JUN+FOS+NPM1+AEBP1,"AEBP1,FOS,JUN,NPM1",4,-1.322471090649976,1.322471090649976
4,JUN+ATF4+FOS+SFPQ,"ATF4,FOS,JUN,SFPQ",4,-1.3219487519812607,1.3219487519812607
4,JUN+FOS+PAX3+AEBP1,"AEBP1,FOS,JUN,PAX3",4,-1.3218007759416117,1.3218007759416117
3,JUN+FOS+ZBTB20,"FOS,JUN,ZBTB20",3,-1.319158413126981,1.319158413126981
4,JUN+FOS+NFIA+HOXC13,"FOS,HOXC13,JUN,NFIA",4,-1.3189411256799384,1.3189411256799384
4,JUN+FOS+HOXC13+ZNF165,"FOS,HOXC13,JUN,ZNF165",4,-1.3181168744421905,1.3181168744421905
4,JUN+ATF4+FOS+SMAD7,"ATF4,FOS,JUN,SMAD7",4,-1.3180317729673658,1.3180317729673658
4,JUN+FOS+HES1+HOXC13,"FOS,HES1,HOXC13,JUN",4,-1.3169859906849541,1.3169859906849541
4,JUN+FOS+HEYL+AEBP1,"AEBP1,FOS,HEYL,JUN",4,-1.3165124723406536,1.3165124723406536
4,JUN+ATF4+FOS+NPM1,"ATF4,FOS,JUN,NPM1",4,-1.3157854054581206,1.3157854054581206
4,JUN+ATF4+FOS+PAX3,"ATF4,FOS,JUN,PAX3",4,-1.3151150907497564,1.3151150907497564
4,JUN+FOS+ZNF202+AEBP1,"AEBP1,FOS,JUN,ZNF202",4,-1.3147880212915188,1.3147880212915188
4,JUN+FOS+NFIA+ZNF165,"FOS,JUN,NFIA,ZNF165",4,-1.3130174314066305,1.3130174314066305
4,JUN+FOS+DNMT3B+HOXC13,"DNMT3B,FOS,HOXC13,JUN",4,-1.312212777257359,1.312212777257359
4,JUN+FOS+HES1+NFIA,"FOS,HES1,JUN,NFIA",4,-1.3118865476493942,1.3118865476493942
4,JUN+FOS+HES1+ZNF165,"FOS,HES1,JUN,ZNF165",4,-1.3110622964116463,1.3110622964116463
4,JUN+ATF4+FOS+HEYL,"ATF4,FOS,HEYL,JUN",4,-1.3098267871487983,1.3098267871487983
4,JUN+ATF4+FOS+ZNF202,"ATF4,FOS,JUN,ZNF202",4,-1.3081023360996635,1.3081023360996635
4,JUN+FOS+DNMT3B+NFIA,"DNMT3B,FOS,JUN,NFIA",4,-1.307113334221799,1.307113334221799
4,JUN+FOS+SFPQ+HOXC13,"FOS,HOXC13,JUN,SFPQ",4,-1.3067877689485858,1.3067877689485858
4,JUN+FOS+DNMT3B+ZNF165,"DNMT3B,FOS,JUN,ZNF165",4,-1.3062890829840512,1.3062890829840512
4,JUN+FOS+SRF+AEBP1,"AEBP1,FOS,JUN,SRF",4,-1.3057204171195984,1.3057204171195984
4,JUN+FOS+DNMT3B+HES1,"DNMT3B,FOS,HES1,JUN",4,-1.3051581992268149,1.3051581992268149
4,JUN+FOS+SMAD7+HOXC13,"FOS,HOXC13,JUN,SMAD7",4,-1.302870789934691,1.302870789934691
4,JUN+FOS+FOXP3+AEBP1,"AEBP1,FOS,FOXP3,JUN",4,-1.3025413822195655,1.3025413822195655
4,JUN+FOS+SFPQ+NFIA,"FOS,JUN,NFIA,SFPQ",4,-1.3016883259130259,1.3016883259130259
4,JUN+FOS+SFPQ+ZNF165,"FOS,JUN,SFPQ,ZNF165",4,-1.300864074675278,1.300864074675278
4,JUN+FOS+NPM1+HOXC13,"FOS,HOXC13,JUN,NPM1",4,-1.3006244224254457,1.3006244224254457
4,JUN+FOS+RARG+AEBP1,"AEBP1,FOS,JUN,RARG",4,-1.3000530738607246,1.3000530738607246
4,JUN+FOS+PAX3+HOXC13,"FOS,HOXC13,JUN,PAX3",4,-1.2999541077170815,1.2999541077170815
4,JUN+FOS+SFPQ+HES1,"FOS,HES1,JUN,SFPQ",4,-1.2997331909180416,1.2997331909180416
4,JUN+ATF4+FOS+SRF,"ATF4,FOS,JUN,SRF",4,-1.299034731927743,1.299034731927743
4,JUN+FOS+SMAD7+NFIA,"FOS,JUN,NFIA,SMAD7",4,-1.297771346899131,1.297771346899131
4,JUN+FOS+SMAD7+ZNF165,"FOS,JUN,SMAD7,ZNF165",4,-1.296947095661383,1.296947095661383
4,JUN+ATF4+FOS+FOXP3,"ATF4,FOS,FOXP3,JUN",4,-1.2958556970277102,1.2958556970277102
4,JUN+FOS+SMAD7+HES1,"FOS,HES1,JUN,SMAD7",4,-1.2958162119041468,1.2958162119041468
4,JUN+FOS+NFIA+NPM1,"FOS,JUN,NFIA,NPM1",4,-1.2955249793898858,1.2955249793898858
4,JUN+FOS+SFPQ+DNMT3B,"DNMT3B,FOS,JUN,SFPQ",4,-1.2949599774904466,1.2949599774904466
4,JUN+FOS+PAX3+NFIA,"FOS,JUN,NFIA,PAX3",4,-1.2948546646815215,1.2948546646815215
4,JUN+FOS+NPM1+ZNF165,"FOS,JUN,NPM1,ZNF165",4,-1.2947007281521379,1.2947007281521379
4,JUN+FOS+HEYL+HOXC13,"FOS,HEYL,HOXC13,JUN",4,-1.2946658041161234,1.2946658041161234
4,JUN+FOS+PAX3+ZNF165,"FOS,JUN,PAX3,ZNF165",4,-1.2940304134437737,1.2940304134437737
4,JUN+FOS+HES1+NPM1,"FOS,HES1,JUN,NPM1",4,-1.2935698443949015,1.2935698443949015
4,JUN+ATF4+FOS+RARG,"ATF4,FOS,JUN,RARG",4,-1.2933673886688692,1.2933673886688692
4,JUN+FOS+ZNF202+HOXC13,"FOS,HOXC13,JUN,ZNF202",4,-1.2929413530669887,1.2929413530669887
4,JUN+FOS+PAX3+HES1,"FOS,HES1,JUN,PAX3",4,-1.2928995296865373,1.2928995296865373
4,JUN+FOS+SMAD7+DNMT3B,"DNMT3B,FOS,JUN,SMAD7",4,-1.2910429984765517,1.2910429984765517
3,JUN+FOS+AEBP1,"AEBP1,FOS,JUN",3,-1.290798335651521,1.290798335651521
4,JUN+FOS+HEYL+NFIA,"FOS,HEYL,JUN,NFIA",4,-1.2895663610805634,1.2895663610805634
4,JUN+FOS+DNMT3B+NPM1,"DNMT3B,FOS,JUN,NPM1",4,-1.2887966309673065,1.2887966309673065
4,JUN+FOS+HEYL+ZNF165,"FOS,HEYL,JUN,ZNF165",4,-1.2887421098428156,1.2887421098428156
4,JUN+FOS+PAX3+DNMT3B,"DNMT3B,FOS,JUN,PAX3",4,-1.2881263162589422,1.2881263162589422
4,JUN+FOS+NFIA+ZNF202,"FOS,JUN,NFIA,ZNF202",4,-1.2878419100314287,1.2878419100314287
4,JUN+FOS+HEYL+HES1,"FOS,HES1,HEYL,JUN",4,-1.2876112260855792,1.2876112260855792
4,JUN+FOS+ZNF202+ZNF165,"FOS,JUN,ZNF165,ZNF202",4,-1.2870176587936808,1.2870176587936808
4,JUN+FOS+HES1+ZNF202,"FOS,HES1,JUN,ZNF202",4,-1.2858867750364444,1.2858867750364444
4,JUN+FOS+SMAD7+SFPQ,"FOS,JUN,SFPQ,SMAD7",4,-1.2856179901677784,1.2856179901677784
3,JUN+ATF4+FOS,"ATF4,FOS,JUN",3,-1.2841126504596656,1.2841126504596656
4,JUN+FOS+SRF+HOXC13,"FOS,HOXC13,JUN,SRF",4,-1.2838737488950682,1.2838737488950682
4,JUN+FOS+SFPQ+NPM1,"FOS,JUN,NPM1,SFPQ",4,-1.2833716226585332,1.2833716226585332
4,JUN+FOS+HEYL+DNMT3B,"DNMT3B,FOS,HEYL,JUN",4,-1.2828380126579841,1.2828380126579841
4,JUN+FOS+PAX3+SFPQ,"FOS,JUN,PAX3,SFPQ",4,-1.282701307950169,1.282701307950169
4,JUN+FOS+DNMT3B+ZNF202,"DNMT3B,FOS,JUN,ZNF202",4,-1.2811135616088494,1.2811135616088494
4,JUN+FOS+FOXP3+HOXC13,"FOS,FOXP3,HOXC13,JUN",4,-1.2806947139950353,1.2806947139950353
4,JUN+FOS+SMAD7+NPM1,"FOS,JUN,NPM1,SMAD7",4,-1.2794546436446383,1.2794546436446383
4,JUN+FOS+PAX3+SMAD7,"FOS,JUN,PAX3,SMAD7",4,-1.2787843289362741,1.2787843289362741
4,JUN+FOS+NFIA+SRF,"FOS,JUN,NFIA,SRF",4,-1.2787743058595082,1.2787743058595082
4,JUN+FOS+RARG+HOXC13,"FOS,HOXC13,JUN,RARG",4,-1.2782064056361944,1.2782064056361944
4,JUN+FOS+SRF+ZNF165,"FOS,JUN,SRF,ZNF165",4,-1.2779500546217604,1.2779500546217604
4,JUN+FOS+HEYL+SFPQ,"FOS,HEYL,JUN,SFPQ",4,-1.277413004349211,1.277413004349211
4,JUN+FOS+HES1+SRF,"FOS,HES1,JUN,SRF",4,-1.276819170864524,1.276819170864524
4,JUN+FOS+PAX3+NPM1,"FOS,JUN,NPM1,PAX3",4,-1.276537961427029,1.276537961427029
4,JUN+FOS+SFPQ+ZNF202,"FOS,JUN,SFPQ,ZNF202",4,-1.2756885533000761,1.2756885533000761
4,JUN+FOS+FOXP3+NFIA,"FOS,FOXP3,JUN,NFIA",4,-1.2755952709594753,1.2755952709594753
4,JUN+FOS+FOXP3+ZNF165,"FOS,FOXP3,JUN,ZNF165",4,-1.2747710197217275,1.2747710197217275
4,JUN+FOS+FOXP3+HES1,"FOS,FOXP3,HES1,JUN",4,-1.273640135964491,1.273640135964491
4,JUN+FOS+SMAD7+HEYL,"FOS,HEYL,JUN,SMAD7",4,-1.273496025335316,1.273496025335316
4,JUN+FOS+RARG+NFIA,"FOS,JUN,NFIA,RARG",4,-1.2731069626006344,1.2731069626006344
4,JUN+FOS+RARG+ZNF165,"FOS,JUN,RARG,ZNF165",4,-1.2722827113628865,1.2722827113628865
4,JUN+FOS+DNMT3B+SRF,"DNMT3B,FOS,JUN,SRF",4,-1.272045957436929,1.272045957436929
4,JUN+FOS+SMAD7+ZNF202,"FOS,JUN,SMAD7,ZNF202",4,-1.2717715742861813,1.2717715742861813
4,JUN+FOS+HEYL+NPM1,"FOS,HEYL,JUN,NPM1",4,-1.2712496578260708,1.2712496578260708
4,JUN+FOS+RARG+HES1,"FOS,HES1,JUN,RARG",4,-1.2711518276056502,1.2711518276056502
4,JUN+FOS+PAX3+HEYL,"FOS,HEYL,JUN,PAX3",4,-1.2705793431177066,1.2705793431177066
4,JUN+FOS+ZNF202+NPM1,"FOS,JUN,NPM1,ZNF202",4,-1.269525206776936,1.269525206776936
3,JUN+FOS+HOXC13,"FOS,HOXC13,JUN",3,-1.2689516674269907,1.2689516674269907
4,JUN+FOS+FOXP3+DNMT3B,"DNMT3B,FOS,FOXP3,JUN",4,-1.268866922536896,1.268866922536896
4,JUN+FOS+PAX3+ZNF202,"FOS,JUN,PAX3,ZNF202",4,-1.2688548920685718,1.2688548920685718
4,JUN+FOS+SFPQ+SRF,"FOS,JUN,SFPQ,SRF",4,-1.2666209491281557,1.2666209491281557
4,JUN+FOS+RARG+DNMT3B,"DNMT3B,FOS,JUN,RARG",4,-1.266378614178055,1.266378614178055
3,JUN+FOS+NFIA,"FOS,JUN,NFIA",3,-1.2638522243914307,1.2638522243914307
4,JUN+FOS+HEYL+ZNF202,"FOS,HEYL,JUN,ZNF202",4,-1.2635665884676137,1.2635665884676137
4,JUN+FOS+FOXP3+SFPQ,"FOS,FOXP3,JUN,SFPQ",4,-1.2634419142281228,1.2634419142281228
3,JUN+FOS+ZNF165,"FOS,JUN,ZNF165",3,-1.2630279731536829,1.2630279731536829
4,JUN+FOS+SMAD7+SRF,"FOS,JUN,SMAD7,SRF",4,-1.2627039701142608,1.2627039701142608
3,JUN+FOS+HES1,"FOS,HES1,JUN",3,-1.2618970893964465,1.2618970893964465
4,JUN+FOS+RARG+SFPQ,"FOS,JUN,RARG,SFPQ",4,-1.2609536058692818,1.2609536058692818
4,JUN+FOS+SRF+NPM1,"FOS,JUN,NPM1,SRF",4,-1.2604576026050156,1.2604576026050156
4,JUN+FOS+PAX3+SRF,"FOS,JUN,PAX3,SRF",4,-1.2597872878966514,1.2597872878966514
4,JUN+FOS+FOXP3+SMAD7,"FOS,FOXP3,JUN,SMAD7",4,-1.259524935214228,1.259524935214228
4,JUN+FOS+FOXP3+NPM1,"FOS,FOXP3,JUN,NPM1",4,-1.2572785677049827,1.2572785677049827
3,JUN+FOS+DNMT3B,"DNMT3B,FOS,JUN",3,-1.2571238759688514,1.2571238759688514
4,JUN+FOS+SMAD7+RARG,"FOS,JUN,RARG,SMAD7",4,-1.257036626855387,1.257036626855387
4,JUN+FOS+FOXP3+PAX3,"FOS,FOXP3,JUN,PAX3",4,-1.2566082529966185,1.2566082529966185
4,JUN+FOS+RARG+NPM1,"FOS,JUN,NPM1,RARG",4,-1.2547902593461417,1.2547902593461417
4,JUN+FOS+HEYL+SRF,"FOS,HEYL,JUN,SRF",4,-1.2544989842956933,1.2544989842956933
4,JUN+FOS+PAX3+RARG,"FOS,JUN,PAX3,RARG",4,-1.2541199446377775,1.2541199446377775
4,JUN+FOS+ZNF202+SRF,"FOS,JUN,SRF,ZNF202",4,-1.2527745332465585,1.2527745332465585
3,JUN+FOS+SFPQ,"FOS,JUN,SFPQ",3,-1.2516988676600782,1.2516988676600782
4,JUN+FOS+FOXP3+HEYL,"FOS,FOXP3,HEYL,JUN",4,-1.2513199493956604,1.2513199493956604
4,JUN+FOS+FOXP3+ZNF202,"FOS,FOXP3,JUN,ZNF202",4,-1.2495954983465256,1.2495954983465256
4,JUN+FOS+HEYL+RARG,"FOS,HEYL,JUN,RARG",4,-1.2488316410368194,1.2488316410368194
3,JUN+FOS+SMAD7,"FOS,JUN,SMAD7",3,-1.2477818886461833,1.2477818886461833
4,JUN+FOS+RARG+ZNF202,"FOS,JUN,RARG,ZNF202",4,-1.2471071899876847,1.2471071899876847
3,JUN+FOS+NPM1,"FOS,JUN,NPM1",3,-1.245535521136938,1.245535521136938
3,JUN+FOS+PAX3,"FOS,JUN,PAX3",3,-1.244865206428574,1.244865206428574
4,JUN+FOS+FOXP3+SRF,"FOS,FOXP3,JUN,SRF",4,-1.2405278941746052,1.2405278941746052
3,JUN+FOS+HEYL,"FOS,HEYL,JUN",3,-1.2395769028276158,1.2395769028276158
4,JUN+FOS+RARG+SRF,"FOS,JUN,RARG,SRF",4,-1.2380395858157642,1.2380395858157642
3,JUN+FOS+ZNF202,"FOS,JUN,ZNF202",3,-1.237852451778481,1.237852451778481
4,JUN+FOS+FOXP3+RARG,"FOS,FOXP3,JUN,RARG",4,-1.2348605509157313,1.2348605509157313
3,JUN+FOS+SRF,"FOS,JUN,SRF",3,-1.2287848476065606,1.2287848476065606
3,JUN+FOS+FOXP3,"FOS,FOXP3,JUN",3,-1.2256058127065277,1.2256058127065277
4,JUN+STAT1+ZBTB20+AEBP1,"AEBP1,JUN,STAT1,ZBTB20",4,-1.2239568787439306,1.2239568787439306
3,JUN+FOS+RARG,"FOS,JUN,RARG",3,-1.2231175043476867,1.2231175043476867
4,JUN+ATF4+STAT1+ZBTB20,"ATF4,JUN,STAT1,ZBTB20",4,-1.2172711935520755,1.2172711935520755
2,JUN+FOS,"FOS,JUN",2,-1.213862766138483,1.213862766138483
4,JUN+STAT1+ZBTB20+HOXC13,"HOXC13,JUN,STAT1,ZBTB20",4,-1.2021102105194004,1.2021102105194004
4,JUN+STAT1+ZBTB20+NFIA,"JUN,NFIA,STAT1,ZBTB20",4,-1.1970107674838404,1.1970107674838404
4,JUN+STAT1+ZBTB20+ZNF165,"JUN,STAT1,ZBTB20,ZNF165",4,-1.1961865162460925,1.1961865162460925
4,JUN+STAT1+ZBTB20+HES1,"HES1,JUN,STAT1,ZBTB20",4,-1.1950556324888562,1.1950556324888562
4,JUN+STAT1+ZBTB20+DNMT3B,"DNMT3B,JUN,STAT1,ZBTB20",4,-1.190282419061261,1.190282419061261
4,JUN+ATF4+STAT1+AEBP1,"AEBP1,ATF4,JUN,STAT1",4,-1.1889111160766155,1.1889111160766155
4,JUN+STAT1+ZBTB20+SFPQ,"JUN,SFPQ,STAT1,ZBTB20",4,-1.1848574107524878,1.1848574107524878
4,JUN+STAT1+SMAD7+ZBTB20,"JUN,SMAD7,STAT1,ZBTB20",4,-1.180940431738593,1.180940431738593
4,JUN+STAT1+ZBTB20+NPM1,"JUN,NPM1,STAT1,ZBTB20",4,-1.1786940642293477,1.1786940642293477
4,JUN+STAT1+PAX3+ZBTB20,"JUN,PAX3,STAT1,ZBTB20",4,-1.1780237495209835,1.1780237495209835
4,JUN+STAT1+HOXC13+AEBP1,"AEBP1,HOXC13,JUN,STAT1",4,-1.1737501330439404,1.1737501330439404
4,JUN+STAT1+HEYL+ZBTB20,"HEYL,JUN,STAT1,ZBTB20",4,-1.1727354459200254,1.1727354459200254
4,JUN+STAT1+ZBTB20+ZNF202,"JUN,STAT1,ZBTB20,ZNF202",4,-1.1710109948708907,1.1710109948708907
4,JUN+STAT1+NFIA+AEBP1,"AEBP1,JUN,NFIA,STAT1",4,-1.1686506900083804,1.1686506900083804
4,JUN+STAT1+AEBP1+ZNF165,"AEBP1,JUN,STAT1,ZNF165",4,-1.1678264387706325,1.1678264387706325
4,JUN+ATF4+STAT1+HOXC13,"ATF4,HOXC13,JUN,STAT1",4,-1.1670644478520853,1.1670644478520853
4,JUN+STAT1+HES1+AEBP1,"AEBP1,HES1,JUN,STAT1",4,-1.1666955550133962,1.1666955550133962
4,JUN+ATF4+ZBTB20+AEBP1,"AEBP1,ATF4,JUN,ZBTB20",4,-1.1644411447239984,1.1644411447239984
4,JUN+ATF4+STAT1+NFIA,"ATF4,JUN,NFIA,STAT1",4,-1.1619650048165253,1.1619650048165253
4,JUN+STAT1+ZBTB20+SRF,"JUN,SRF,STAT1,ZBTB20",4,-1.1619433906989702,1.1619433906989702
4,JUN+STAT1+DNMT3B+AEBP1,"AEBP1,DNMT3B,JUN,STAT1",4,-1.161922341585801,1.161922341585801
4,JUN+ATF4+STAT1+ZNF165,"ATF4,JUN,STAT1,ZNF165",4,-1.1611407535787774,1.1611407535787774
4,JUN+ATF4+STAT1+HES1,"ATF4,HES1,JUN,STAT1",4,-1.160009869821541,1.160009869821541
4,JUN+STAT1+FOXP3+ZBTB20,"FOXP3,JUN,STAT1,ZBTB20",4,-1.1587643557989373,1.1587643557989373
4,JUN+STAT1+SFPQ+AEBP1,"AEBP1,JUN,SFPQ,STAT1",4,-1.1564973332770279,1.1564973332770279
4,JUN+STAT1+ZBTB20+RARG,"JUN,RARG,STAT1,ZBTB20",4,-1.1562760474400964,1.1562760474400964
4,JUN+ATF4+STAT1+DNMT3B,"ATF4,DNMT3B,JUN,STAT1",4,-1.155236656393946,1.155236656393946
4,JUN+STAT1+SMAD7+AEBP1,"AEBP1,JUN,SMAD7,STAT1",4,-1.152580354263133,1.152580354263133
4,JUN+STAT1+NPM1+AEBP1,"AEBP1,JUN,NPM1,STAT1",4,-1.1503339867538878,1.1503339867538878
4,JUN+ATF4+STAT1+SFPQ,"ATF4,JUN,SFPQ,STAT1",4,-1.1498116480851728,1.1498116480851728
4,JUN+STAT1+PAX3+AEBP1,"AEBP1,JUN,PAX3,STAT1",4,-1.1496636720455236,1.1496636720455236
4,JUN+ZBTB20+HOXC13+AEBP1,"AEBP1,HOXC13,JUN,ZBTB20",4,-1.1492801616913235,1.1492801616913235
3,JUN+STAT1+ZBTB20,"JUN,STAT1,ZBTB20",3,-1.1470213092308927,1.1470213092308927
4,JUN+STAT1+NFIA+HOXC13,"HOXC13,JUN,NFIA,STAT1",4,-1.1468040217838502,1.1468040217838502
4,JUN+STAT1+HOXC13+ZNF165,"HOXC13,JUN,STAT1,ZNF165",4,-1.1459797705461023,1.1459797705461023
4,JUN+ATF4+STAT1+SMAD7,"ATF4,JUN,SMAD7,STAT1",4,-1.145894669071278,1.145894669071278
4,JUN+STAT1+HES1+HOXC13,"HES1,HOXC13,JUN,STAT1",4,-1.144848886788866,1.144848886788866
4,JUN+STAT1+HEYL+AEBP1,"AEBP1,HEYL,JUN,STAT1",4,-1.1443753684445654,1.1443753684445654
4,JUN+ZBTB20+NFIA+AEBP1,"AEBP1,JUN,NFIA,ZBTB20",4,-1.1441807186557635,1.1441807186557635
4,JUN+ATF4+STAT1+NPM1,"ATF4,JUN,NPM1,STAT1",4,-1.1436483015620327,1.1436483015620327
4,JUN+ZBTB20+AEBP1+ZNF165,"AEBP1,JUN,ZBTB20,ZNF165",4,-1.1433564674180157,1.1433564674180157
4,JUN+ATF4+STAT1+PAX3,"ATF4,JUN,PAX3,STAT1",4,-1.1429779868536685,1.1429779868536685
4,JUN+STAT1+ZNF202+AEBP1,"AEBP1,JUN,STAT1,ZNF202",4,-1.1426509173954307,1.1426509173954307
4,JUN+ATF4+ZBTB20+HOXC13,"ATF4,HOXC13,JUN,ZBTB20",4,-1.1425944764994682,1.1425944764994682
4,JUN+ZBTB20+HES1+AEBP1,"AEBP1,HES1,JUN,ZBTB20",4,-1.1422255836607793,1.1422255836607793
4,JUN+STAT1+NFIA+ZNF165,"JUN,NFIA,STAT1,ZNF165",4,-1.1408803275105424,1.1408803275105424
4,JUN+STAT1+DNMT3B+HOXC13,"DNMT3B,HOXC13,JUN,STAT1",4,-1.140075673361271,1.140075673361271
4,JUN+STAT1+HES1+NFIA,"HES1,JUN,NFIA,STAT1",4,-1.139749443753306,1.139749443753306
4,JUN+STAT1+HES1+ZNF165,"HES1,JUN,STAT1,ZNF165",4,-1.1389251925155581,1.1389251925155581
4,JUN+ATF4+STAT1+HEYL,"ATF4,HEYL,JUN,STAT1",4,-1.1376896832527104,1.1376896832527104
4,JUN+ATF4+ZBTB20+NFIA,"ATF4,JUN,NFIA,ZBTB20",4,-1.1374950334639082,1.1374950334639082
4,JUN+ZBTB20+DNMT3B+AEBP1,"AEBP1,DNMT3B,JUN,ZBTB20",4,-1.1374523702331842,1.1374523702331842
4,JUN+ATF4+ZBTB20+ZNF165,"ATF4,JUN,ZBTB20,ZNF165",4,-1.1366707822261604,1.1366707822261604
4,JUN+ATF4+STAT1+ZNF202,"ATF4,JUN,STAT1,ZNF202",4,-1.1359652322035756,1.1359652322035756
4,JUN+ATF4+ZBTB20+HES1,"ATF4,HES1,JUN,ZBTB20",4,-1.135539898468924,1.135539898468924
4,JUN+STAT1+DNMT3B+NFIA,"DNMT3B,JUN,NFIA,STAT1",4,-1.134976230325711,1.134976230325711
4,JUN+STAT1+SFPQ+HOXC13,"HOXC13,JUN,SFPQ,STAT1",4,-1.1346506650524977,1.1346506650524977
4,JUN+STAT1+DNMT3B+ZNF165,"DNMT3B,JUN,STAT1,ZNF165",4,-1.134151979087963,1.134151979087963
4,JUN+STAT1+SRF+AEBP1,"AEBP1,JUN,SRF,STAT1",4,-1.1335833132235102,1.1335833132235102
4,JUN+STAT1+DNMT3B+HES1,"DNMT3B,HES1,JUN,STAT1",4,-1.1330210953307267,1.1330210953307267
4,JUN+ZBTB20+SFPQ+AEBP1,"AEBP1,JUN,SFPQ,ZBTB20",4,-1.132027361924411,1.132027361924411
4,JUN+ATF4+ZBTB20+DNMT3B,"ATF4,DNMT3B,JUN,ZBTB20",4,-1.130766685041329,1.130766685041329
4,JUN+STAT1+SMAD7+HOXC13,"HOXC13,JUN,SMAD7,STAT1",4,-1.1307336860386028,1.1307336860386028
4,JUN+STAT1+FOXP3+AEBP1,"AEBP1,FOXP3,JUN,STAT1",4,-1.1304042783234773,1.1304042783234773
4,JUN+STAT1+SFPQ+NFIA,"JUN,NFIA,SFPQ,STAT1",4,-1.1295512220169377,1.1295512220169377
4,JUN+STAT1+SFPQ+ZNF165,"JUN,SFPQ,STAT1,ZNF165",4,-1.1287269707791898,1.1287269707791898
4,JUN+STAT1+NPM1+HOXC13,"HOXC13,JUN,NPM1,STAT1",4,-1.1284873185293576,1.1284873185293576
4,JUN+SMAD7+ZBTB20+AEBP1,"AEBP1,JUN,SMAD7,ZBTB20",4,-1.1281103829105161,1.1281103829105161
4,JUN+STAT1+RARG+AEBP1,"AEBP1,JUN,RARG,STAT1",4,-1.1279159699646364,1.1279159699646364
4,JUN+STAT1+PAX3+HOXC13,"HOXC13,JUN,PAX3,STAT1",4,-1.1278170038209934,1.1278170038209934
4,JUN+STAT1+SFPQ+HES1,"HES1,JUN,SFPQ,STAT1",4,-1.1275960870219535,1.1275960870219535
4,JUN+ATF4+STAT1+SRF,"ATF4,JUN,SRF,STAT1",4,-1.1268976280316552,1.1268976280316552
4,JUN+ZBTB20+NPM1+AEBP1,"AEBP1,JUN,NPM1,ZBTB20",4,-1.125864015401271,1.125864015401271
4,JUN+STAT1+SMAD7+NFIA,"JUN,NFIA,SMAD7,STAT1",4,-1.1256342430030428,1.1256342430030428
4,JUN+ATF4+ZBTB20+SFPQ,"ATF4,JUN,SFPQ,ZBTB20",4,-1.1253416767325557,1.1253416767325557
4,JUN+PAX3+ZBTB20+AEBP1,"AEBP1,JUN,PAX3,ZBTB20",4,-1.1251937006929067,1.1251937006929067
4,JUN+STAT1+SMAD7+ZNF165,"JUN,SMAD7,STAT1,ZNF165",4,-1.124809991765295,1.124809991765295
4,JUN+ATF4+STAT1+FOXP3,"ATF4,FOXP3,JUN,STAT1",4,-1.1237185931316223,1.1237185931316223
4,JUN+STAT1+SMAD7+HES1,"HES1,JUN,SMAD7,STAT1",4,-1.1236791080080586,1.1236791080080586
4,JUN+STAT1+NFIA+NPM1,"JUN,NFIA,NPM1,STAT1",4,-1.1233878754937976,1.1233878754937976
4,JUN+STAT1+SFPQ+DNMT3B,"DNMT3B,JUN,SFPQ,STAT1",4,-1.1228228735943584,1.1228228735943584
4,JUN+STAT1+PAX3+NFIA,"JUN,NFIA,PAX3,STAT1",4,-1.1227175607854334,1.1227175607854334
4,JUN+STAT1+NPM1+ZNF165,"JUN,NPM1,STAT1,ZNF165",4,-1.1225636242560497,1.1225636242560497
4,JUN+STAT1+HEYL+HOXC13,"HEYL,HOXC13,JUN,STAT1",4,-1.1225287002200353,1.1225287002200353
4,JUN+ZBTB20+NFIA+HOXC13,"HOXC13,JUN,NFIA,ZBTB20",4,-1.1223340504312334,1.1223340504312334
4,JUN+STAT1+PAX3+ZNF165,"JUN,PAX3,STAT1,ZNF165",4,-1.1218933095476855,1.1218933095476855
4,JUN+ZBTB20+HOXC13+ZNF165,"HOXC13,JUN,ZBTB20,ZNF165",4,-1.1215097991934855,1.1215097991934855
4,JUN+STAT1+HES1+NPM1,"HES1,JUN,NPM1,STAT1",4,-1.1214327404988134,1.1214327404988134
4,JUN+ATF4+SMAD7+ZBTB20,"ATF4,JUN,SMAD7,ZBTB20",4,-1.1214246977186608,1.1214246977186608
4,JUN+ATF4+STAT1+RARG,"ATF4,JUN,RARG,STAT1",4,-1.1212302847727813,1.1212302847727813
4,JUN+STAT1+ZNF202+HOXC13,"HOXC13,JUN,STAT1,ZNF202",4,-1.1208042491709005,1.1208042491709005
4,JUN+STAT1+PAX3+HES1,"HES1,JUN,PAX3,STAT1",4,-1.1207624257904492,1.1207624257904492
4,JUN+ZBTB20+HES1+HOXC13,"HES1,HOXC13,JUN,ZBTB20",4,-1.1203789154362491,1.1203789154362491
4,JUN+HEYL+ZBTB20+AEBP1,"AEBP1,HEYL,JUN,ZBTB20",4,-1.1199053970919486,1.1199053970919486
4,JUN+ATF4+ZBTB20+NPM1,"ATF4,JUN,NPM1,ZBTB20",4,-1.1191783302094156,1.1191783302094156
4,JUN+STAT1+SMAD7+DNMT3B,"DNMT3B,JUN,SMAD7,STAT1",4,-1.1189058945804635,1.1189058945804635
3,JUN+STAT1+AEBP1,"AEBP1,JUN,STAT1",3,-1.1186612317554328,1.1186612317554328
4,JUN+ATF4+PAX3+ZBTB20,"ATF4,JUN,PAX3,ZBTB20",4,-1.1185080155010514,1.1185080155010514
4,JUN+ZBTB20+ZNF202+AEBP1,"AEBP1,JUN,ZBTB20,ZNF202",4,-1.1181809460428138,1.1181809460428138
4,JUN+STAT1+HEYL+NFIA,"HEYL,JUN,NFIA,STAT1",4,-1.1174292571844753,1.1174292571844753
4,JUN+STAT1+DNMT3B+NPM1,"DNMT3B,JUN,NPM1,STAT1",4,-1.1166595270712183,1.1166595270712183
4,JUN+STAT1+HEYL+ZNF165,"HEYL,JUN,STAT1,ZNF165",4,-1.1166050059467274,1.1166050059467274
4,JUN+ZBTB20+NFIA+ZNF165,"JUN,NFIA,ZBTB20,ZNF165",4,-1.1164103561579255,1.1164103561579255
4,JUN+STAT1+PAX3+DNMT3B,"DNMT3B,JUN,PAX3,STAT1",4,-1.115989212362854,1.115989212362854
4,JUN+STAT1+NFIA+ZNF202,"JUN,NFIA,STAT1,ZNF202",4,-1.1157048061353405,1.1157048061353405
4,JUN+ZBTB20+DNMT3B+HOXC13,"DNMT3B,HOXC13,JUN,ZBTB20",4,-1.115605702008654,1.115605702008654
4,JUN+STAT1+HEYL+HES1,"HES1,HEYL,JUN,STAT1",4,-1.115474122189491,1.115474122189491
4,JUN+ZBTB20+HES1+NFIA,"HES1,JUN,NFIA,ZBTB20",4,-1.1152794724006891,1.1152794724006891
4,JUN+STAT1+ZNF202+ZNF165,"JUN,STAT1,ZNF165,ZNF202",4,-1.1148805548975926,1.1148805548975926
4,JUN+ZBTB20+HES1+ZNF165,"HES1,JUN,ZBTB20,ZNF165",4,-1.1144552211629413,1.1144552211629413
4,JUN+ATF4+HOXC13+AEBP1,"AEBP1,ATF4,HOXC13,JUN",4,-1.1142343990240082,1.1142343990240082
4,JUN+STAT1+HES1+ZNF202,"HES1,JUN,STAT1,ZNF202",4,-1.1137496711403563,1.1137496711403563
4,JUN+STAT1+SMAD7+SFPQ,"JUN,SFPQ,SMAD7,STAT1",4,-1.1134808862716903,1.1134808862716903
4,JUN+ATF4+HEYL+ZBTB20,"ATF4,HEYL,JUN,ZBTB20",4,-1.1132197119000933,1.1132197119000933
3,JUN+ATF4+STAT1,"ATF4,JUN,STAT1",3,-1.1119755465635777,1.1119755465635777
4,JUN+STAT1+SRF+HOXC13,"HOXC13,JUN,SRF,STAT1",4,-1.11173664499898,1.11173664499898
4,JUN+ATF4+ZBTB20+ZNF202,"ATF4,JUN,ZBTB20,ZNF202",4,-1.1114952608509585,1.1114952608509585
4,JUN+STAT1+SFPQ+NPM1,"JUN,NPM1,SFPQ,STAT1",4,-1.111234518762445,1.111234518762445
4,JUN+STAT1+HEYL+DNMT3B,"DNMT3B,HEYL,JUN,STAT1",4,-1.110700908761896,1.110700908761896
4,JUN+STAT1+PAX3+SFPQ,"JUN,PAX3,SFPQ,STAT1",4,-1.1105642040540809,1.1105642040540809
4,JUN+ZBTB20+DNMT3B+NFIA,"DNMT3B,JUN,NFIA,ZBTB20",4,-1.110506258973094,1.110506258973094
4,JUN+ZBTB20+SFPQ+HOXC13,"HOXC13,JUN,SFPQ,ZBTB20",4,-1.1101806936998808,1.1101806936998808
4,JUN+ZBTB20+DNMT3B+ZNF165,"DNMT3B,JUN,ZBTB20,ZNF165",4,-1.1096820077353462,1.1096820077353462
4,JUN+ATF4+NFIA+AEBP1,"AEBP1,ATF4,JUN,NFIA",4,-1.1091349559884482,1.1091349559884482
4,JUN+ZBTB20+SRF+AEBP1,"AEBP1,JUN,SRF,ZBTB20",4,-1.1091133418708934,1.1091133418708934
4,JUN+STAT1+DNMT3B+ZNF202,"DNMT3B,JUN,STAT1,ZNF202",4,-1.1089764577127612,1.1089764577127612
4,JUN+STAT1+FOXP3+HOXC13,"FOXP3,HOXC13,JUN,STAT1",4,-1.1085576100989472,1.1085576100989472
4,JUN+ZBTB20+DNMT3B+HES1,"DNMT3B,HES1,JUN,ZBTB20",4,-1.1085511239781098,1.1085511239781098
4,JUN+ATF4+AEBP1+ZNF165,"AEBP1,ATF4,JUN,ZNF165",4,-1.1083107047507004,1.1083107047507004
4,JUN+STAT1+SMAD7+NPM1,"JUN,NPM1,SMAD7,STAT1",4,-1.1073175397485502,1.1073175397485502
4,JUN+ATF4+HES1+AEBP1,"AEBP1,ATF4,HES1,JUN",4,-1.107179820993464,1.107179820993464
4,JUN+STAT1+PAX3+SMAD7,"JUN,PAX3,SMAD7,STAT1",4,-1.106647225040186,1.106647225040186
4,JUN+STAT1+NFIA+SRF,"JUN,NFIA,SRF,STAT1",4,-1.10663720196342,1.10663720196342
4,JUN+SMAD7+ZBTB20+HOXC13,"HOXC13,JUN,SMAD7,ZBTB20",4,-1.106263714685986,1.106263714685986
4,JUN+STAT1+RARG+HOXC13,"HOXC13,JUN,RARG,STAT1",4,-1.1060693017401062,1.1060693017401062
4,JUN+FOXP3+ZBTB20+AEBP1,"AEBP1,FOXP3,JUN,ZBTB20",4,-1.1059343069708605,1.1059343069708605
4,JUN+STAT1+SRF+ZNF165,"JUN,SRF,STAT1,ZNF165",4,-1.1058129507256722,1.1058129507256722
4,JUN+STAT1+HEYL+SFPQ,"HEYL,JUN,SFPQ,STAT1",4,-1.1052759004531227,1.1052759004531227
4,JUN+ZBTB20+SFPQ+NFIA,"JUN,NFIA,SFPQ,ZBTB20",4,-1.1050812506643208,1.1050812506643208
4,JUN+STAT1+HES1+SRF,"HES1,JUN,SRF,STAT1",4,-1.1046820669684358,1.1046820669684358
4,JUN+STAT1+PAX3+NPM1,"JUN,NPM1,PAX3,STAT1",4,-1.1044008575309407,1.1044008575309407
4,JUN+ZBTB20+SFPQ+ZNF165,"JUN,SFPQ,ZBTB20,ZNF165",4,-1.104256999426573,1.104256999426573
4,JUN+ZBTB20+NPM1+HOXC13,"HOXC13,JUN,NPM1,ZBTB20",4,-1.1040173471767407,1.1040173471767407
4,JUN+STAT1+SFPQ+ZNF202,"JUN,SFPQ,STAT1,ZNF202",4,-1.103551449403988,1.103551449403988
4,JUN+STAT1+FOXP3+NFIA,"FOXP3,JUN,NFIA,STAT1",4,-1.1034581670633872,1.1034581670633872
4,JUN+ZBTB20+RARG+AEBP1,"AEBP1,JUN,RARG,ZBTB20",4,-1.1034459986120195,1.1034459986120195
4,JUN+PAX3+ZBTB20+HOXC13,"HOXC13,JUN,PAX3,ZBTB20",4,-1.1033470324683765,1.1033470324683765
4,JUN+ZBTB20+SFPQ+HES1,"HES1,JUN,SFPQ,ZBTB20",4,-1.1031261156693366,1.1031261156693366
4,JUN+STAT1+FOXP3+ZNF165,"FOXP3,JUN,STAT1,ZNF165",4,-1.1026339158256393,1.1026339158256393
4,JUN+ATF4+ZBTB20+SRF,"ATF4,JUN,SRF,ZBTB20",4,-1.102427656679038,1.102427656679038
4,JUN+ATF4+DNMT3B+AEBP1,"AEBP1,ATF4,DNMT3B,JUN",4,-1.102406607565869,1.102406607565869
4,JUN+STAT1+FOXP3+HES1,"FOXP3,HES1,JUN,STAT1",4,-1.101503032068403,1.101503032068403
4,JUN+STAT1+SMAD7+HEYL,"HEYL,JUN,SMAD7,STAT1",4,-1.1013589214392279,1.1013589214392279
4,JUN+SMAD7+ZBTB20+NFIA,"JUN,NFIA,SMAD7,ZBTB20",4,-1.101164271650426,1.101164271650426
4,JUN+STAT1+RARG+NFIA,"JUN,NFIA,RARG,STAT1",4,-1.1009698587045462,1.1009698587045462
4,JUN+SMAD7+ZBTB20+ZNF165,"JUN,SMAD7,ZBTB20,ZNF165",4,-1.100340020412678,1.100340020412678
4,JUN+STAT1+RARG+ZNF165,"JUN,RARG,STAT1,ZNF165",4,-1.1001456074667983,1.1001456074667983
4,JUN+STAT1+DNMT3B+SRF,"DNMT3B,JUN,SRF,STAT1",4,-1.0999088535408408,1.0999088535408408
4,JUN+STAT1+SMAD7+ZNF202,"JUN,SMAD7,STAT1,ZNF202",4,-1.099634470390093,1.099634470390093
4,JUN+ATF4+FOXP3+ZBTB20,"ATF4,FOXP3,JUN,ZBTB20",4,-1.0992486217790052,1.0992486217790052
4,JUN+SMAD7+ZBTB20+HES1,"HES1,JUN,SMAD7,ZBTB20",4,-1.0992091366554417,1.0992091366554417
4,JUN+STAT1+HEYL+NPM1,"HEYL,JUN,NPM1,STAT1",4,-1.0991125539299826,1.0991125539299826
4,JUN+STAT1+RARG+HES1,"HES1,JUN,RARG,STAT1",4,-1.099014723709562,1.099014723709562
4,JUN+ZBTB20+NFIA+NPM1,"JUN,NFIA,NPM1,ZBTB20",4,-1.0989179041411807,1.0989179041411807
4,JUN+STAT1+PAX3+HEYL,"HEYL,JUN,PAX3,STAT1",4,-1.0984422392216184,1.0984422392216184
4,JUN+ZBTB20+SFPQ+DNMT3B,"DNMT3B,JUN,SFPQ,ZBTB20",4,-1.0983529022417415,1.0983529022417415
4,JUN+PAX3+ZBTB20+NFIA,"JUN,NFIA,PAX3,ZBTB20",4,-1.0982475894328165,1.0982475894328165
4,JUN+ZBTB20+NPM1+ZNF165,"JUN,NPM1,ZBTB20,ZNF165",4,-1.0980936529034329,1.0980936529034329
4,JUN+HEYL+ZBTB20+HOXC13,"HEYL,HOXC13,JUN,ZBTB20",4,-1.0980587288674184,1.0980587288674184
4,JUN+PAX3+ZBTB20+ZNF165,"JUN,PAX3,ZBTB20,ZNF165",4,-1.0974233381950687,1.0974233381950687
4,JUN+STAT1+ZNF202+NPM1,"JUN,NPM1,STAT1,ZNF202",4,-1.0973881028808479,1.0973881028808479
4,JUN+ATF4+SFPQ+AEBP1,"AEBP1,ATF4,JUN,SFPQ",4,-1.0969815992570957,1.0969815992570957
4,JUN+ZBTB20+HES1+NPM1,"HES1,JUN,NPM1,ZBTB20",4,-1.0969627691461965,1.0969627691461965
3,JUN+STAT1+HOXC13,"HOXC13,JUN,STAT1",3,-1.0968145635309026,1.0968145635309026
4,JUN+ATF4+ZBTB20+RARG,"ATF4,JUN,RARG,ZBTB20",4,-1.0967603134201642,1.0967603134201642
4,JUN+STAT1+FOXP3+DNMT3B,"DNMT3B,FOXP3,JUN,STAT1",4,-1.0967298186408079,1.0967298186408079
4,JUN+STAT1+PAX3+ZNF202,"JUN,PAX3,STAT1,ZNF202",4,-1.0967177881724837,1.0967177881724837
4,JUN+ZBTB20+ZNF202+HOXC13,"HOXC13,JUN,ZBTB20,ZNF202",4,-1.0963342778182836,1.0963342778182836
4,JUN+PAX3+ZBTB20+HES1,"HES1,JUN,PAX3,ZBTB20",4,-1.0962924544378323,1.0962924544378323
4,JUN+STAT1+SFPQ+SRF,"JUN,SFPQ,SRF,STAT1",4,-1.0944838452320675,1.0944838452320675
4,JUN+SMAD7+ZBTB20+DNMT3B,"DNMT3B,JUN,SMAD7,ZBTB20",4,-1.0944359232278467,1.0944359232278467
4,JUN+STAT1+RARG+DNMT3B,"DNMT3B,JUN,RARG,STAT1",4,-1.094241510281967,1.094241510281967
3,JUN+ZBTB20+AEBP1,"AEBP1,JUN,ZBTB20",3,-1.094191260402816,1.094191260402816
4,JUN+NFIA+HOXC13+AEBP1,"AEBP1,HOXC13,JUN,NFIA",4,-1.0939739729557734,1.0939739729557734
4,JUN+HOXC13+AEBP1+ZNF165,"AEBP1,HOXC13,JUN,ZNF165",4,-1.0931497217180253,1.0931497217180253
4,JUN+ATF4+SMAD7+AEBP1,"AEBP1,ATF4,JUN,SMAD7",4,-1.0930646202432008,1.0930646202432008
4,JUN+HEYL+ZBTB20+NFIA,"HEYL,JUN,NFIA,ZBTB20",4,-1.0929592858318584,1.0929592858318584
4,JUN+ZBTB20+DNMT3B+NPM1,"DNMT3B,JUN,NPM1,ZBTB20",4,-1.0921895557186014,1.0921895557186014
4,JUN+HEYL+ZBTB20+ZNF165,"HEYL,JUN,ZBTB20,ZNF165",4,-1.0921350345941105,1.0921350345941105
4,JUN+HES1+HOXC13+AEBP1,"AEBP1,HES1,HOXC13,JUN",4,-1.092018837960789,1.092018837960789
3,JUN+STAT1+NFIA,"JUN,NFIA,STAT1",3,-1.0917151204953426,1.0917151204953426
4,JUN+PAX3+ZBTB20+DNMT3B,"DNMT3B,JUN,PAX3,ZBTB20",4,-1.0915192410102372,1.0915192410102372
4,JUN+STAT1+HEYL+ZNF202,"HEYL,JUN,STAT1,ZNF202",4,-1.0914294845715256,1.0914294845715256
4,JUN+STAT1+FOXP3+SFPQ,"FOXP3,JUN,SFPQ,STAT1",4,-1.0913048103320346,1.0913048103320346
4,JUN+ZBTB20+NFIA+ZNF202,"JUN,NFIA,ZBTB20,ZNF202",4,-1.0912348347827237,1.0912348347827237
4,JUN+HEYL+ZBTB20+HES1,"HES1,HEYL,JUN,ZBTB20",4,-1.0910041508368742,1.0910041508368742
3,JUN+STAT1+ZNF165,"JUN,STAT1,ZNF165",3,-1.0908908692575947,1.0908908692575947
4,JUN+ATF4+NPM1+AEBP1,"AEBP1,ATF4,JUN,NPM1",4,-1.0908182527339556,1.0908182527339556
4,JUN+STAT1+SMAD7+SRF,"JUN,SMAD7,SRF,STAT1",4,-1.0905668662181727,1.0905668662181727
4,JUN+ZBTB20+ZNF202+ZNF165,"JUN,ZBTB20,ZNF165,ZNF202",4,-1.0904105835449758,1.0904105835449758
4,JUN+ATF4+PAX3+AEBP1,"AEBP1,ATF4,JUN,PAX3",4,-1.0901479380255914,1.0901479380255914
3,JUN+STAT1+HES1,"HES1,JUN,STAT1",3,-1.0897599855003584,1.0897599855003584
4,JUN+ZBTB20+HES1+ZNF202,"HES1,JUN,ZBTB20,ZNF202",4,-1.0892796997877394,1.0892796997877394
4,JUN+SMAD7+ZBTB20+SFPQ,"JUN,SFPQ,SMAD7,ZBTB20",4,-1.0890109149190734,1.0890109149190734
4,JUN+STAT1+RARG+SFPQ,"JUN,RARG,SFPQ,STAT1",4,-1.0888165019731937,1.0888165019731937
4,JUN+STAT1+SRF+NPM1,"JUN,NPM1,SRF,STAT1",4,-1.0883204987089274,1.0883204987089274
4,JUN+NFIA+AEBP1+ZNF165,"AEBP1,JUN,NFIA,ZNF165",4,-1.0880502786824655,1.0880502786824655
4,JUN+STAT1+PAX3+SRF,"JUN,PAX3,SRF,STAT1",4,-1.0876501840005632,1.0876501840005632
3,JUN+ATF4+ZBTB20,"ATF4,JUN,ZBTB20",3,-1.0875055752109606,1.0875055752109606
4,JUN+STAT1+FOXP3+SMAD7,"FOXP3,JUN,SMAD7,STAT1",4,-1.0873878313181398,1.0873878313181398
4,JUN+ATF4+NFIA+HOXC13,"ATF4,HOXC13,JUN,NFIA",4,-1.087288287763918,1.087288287763918
4,JUN+ZBTB20+SRF+HOXC13,"HOXC13,JUN,SRF,ZBTB20",4,-1.0872666736463632,1.0872666736463632
4,JUN+DNMT3B+HOXC13+AEBP1,"AEBP1,DNMT3B,HOXC13,JUN",4,-1.0872456245331938,1.0872456245331938
4,JUN+HES1+NFIA+AEBP1,"AEBP1,HES1,JUN,NFIA",4,-1.086919394925229,1.086919394925229
4,JUN+ZBTB20+SFPQ+NPM1,"JUN,NPM1,SFPQ,ZBTB20",4,-1.0867645474098282,1.0867645474098282
4,JUN+ATF4+HOXC13+ZNF165,"ATF4,HOXC13,JUN,ZNF165",4,-1.0864640365261702,1.0864640365261702
4,JUN+HEYL+ZBTB20+DNMT3B,"DNMT3B,HEYL,JUN,ZBTB20",4,-1.0862309374092791,1.0862309374092791
4,JUN+HES1+AEBP1+ZNF165,"AEBP1,HES1,JUN,ZNF165",4,-1.086095143687481,1.086095143687481
4,JUN+PAX3+ZBTB20+SFPQ,"JUN,PAX3,SFPQ,ZBTB20",4,-1.086094232701464,1.086094232701464
4,JUN+ATF4+HES1+HOXC13,"ATF4,HES1,HOXC13,JUN",4,-1.0853331527689338,1.0853331527689338
4,JUN+STAT1+FOXP3+NPM1,"FOXP3,JUN,NPM1,STAT1",4,-1.0851414638088945,1.0851414638088945
3,JUN+STAT1+DNMT3B,"DNMT3B,JUN,STAT1",3,-1.0849867720727633,1.0849867720727633
4,JUN+STAT1+SMAD7+RARG,"JUN,RARG,SMAD7,STAT1",4,-1.0848995229592988,1.0848995229592988
4,JUN+ATF4+HEYL+AEBP1,"AEBP1,ATF4,HEYL,JUN",4,-1.0848596344246333,1.0848596344246333
4,JUN+ZBTB20+DNMT3B+ZNF202,"DNMT3B,JUN,ZBTB20,ZNF202",4,-1.0845064863601444,1.0845064863601444
4,JUN+STAT1+FOXP3+PAX3,"FOXP3,JUN,PAX3,STAT1",4,-1.0844711491005303,1.0844711491005303
4,JUN+FOXP3+ZBTB20+HOXC13,"FOXP3,HOXC13,JUN,ZBTB20",4,-1.0840876387463303,1.0840876387463303
4,JUN+ATF4+ZNF202+AEBP1,"AEBP1,ATF4,JUN,ZNF202",4,-1.0831351833754985,1.0831351833754985
4,JUN+SMAD7+ZBTB20+NPM1,"JUN,NPM1,SMAD7,ZBTB20",4,-1.0828475683959333,1.0828475683959333
4,JUN+STAT1+RARG+NPM1,"JUN,NPM1,RARG,STAT1",4,-1.0826531554500536,1.0826531554500536
4,JUN+STAT1+HEYL+SRF,"HEYL,JUN,SRF,STAT1",4,-1.0823618803996051,1.0823618803996051
4,JUN+PAX3+SMAD7+ZBTB20,"JUN,PAX3,SMAD7,ZBTB20",4,-1.0821772536875691,1.0821772536875691
4,JUN+ZBTB20+NFIA+SRF,"JUN,NFIA,SRF,ZBTB20",4,-1.0821672306108032,1.0821672306108032
4,JUN+DNMT3B+NFIA+AEBP1,"AEBP1,DNMT3B,JUN,NFIA",4,-1.082146181497634,1.082146181497634
4,JUN+STAT1+PAX3+RARG,"JUN,PAX3,RARG,STAT1",4,-1.0819828407416894,1.0819828407416894
4,JUN+SFPQ+HOXC13+AEBP1,"AEBP1,HOXC13,JUN,SFPQ",4,-1.0818206162244206,1.0818206162244206
4,JUN+ZBTB20+RARG+HOXC13,"HOXC13,JUN,RARG,ZBTB20",4,-1.0815993303874893,1.0815993303874893
4,JUN+ATF4+NFIA+ZNF165,"ATF4,JUN,NFIA,ZNF165",4,-1.0813645934906102,1.0813645934906102
4,JUN+ZBTB20+SRF+ZNF165,"JUN,SRF,ZBTB20,ZNF165",4,-1.0813429793730553,1.0813429793730553
4,JUN+DNMT3B+AEBP1+ZNF165,"AEBP1,DNMT3B,JUN,ZNF165",4,-1.081321930259886,1.081321930259886
4,JUN+HEYL+ZBTB20+SFPQ,"HEYL,JUN,SFPQ,ZBTB20",4,-1.0808059291005059,1.0808059291005059
4,JUN+STAT1+ZNF202+SRF,"JUN,SRF,STAT1,ZNF202",4,-1.0806374293504704,1.0806374293504704
4,JUN+ATF4+DNMT3B+HOXC13,"ATF4,DNMT3B,HOXC13,JUN",4,-1.0805599393413388,1.0805599393413388
4,JUN+ATF4+HES1+NFIA,"ATF4,HES1,JUN,NFIA",4,-1.0802337097333738,1.0802337097333738
4,JUN+ZBTB20+HES1+SRF,"HES1,JUN,SRF,ZBTB20",4,-1.080212095615819,1.080212095615819
4,JUN+DNMT3B+HES1+AEBP1,"AEBP1,DNMT3B,HES1,JUN",4,-1.0801910465026496,1.0801910465026496
4,JUN+PAX3+ZBTB20+NPM1,"JUN,NPM1,PAX3,ZBTB20",4,-1.079930886178324,1.079930886178324
3,JUN+STAT1+SFPQ,"JUN,SFPQ,STAT1",3,-1.07956176376399,1.07956176376399
4,JUN+ATF4+HES1+ZNF165,"ATF4,HES1,JUN,ZNF165",4,-1.079409458495626,1.079409458495626
4,JUN+STAT1+FOXP3+HEYL,"FOXP3,HEYL,JUN,STAT1",4,-1.0791828454995722,1.0791828454995722
4,JUN+ZBTB20+SFPQ+ZNF202,"JUN,SFPQ,ZBTB20,ZNF202",4,-1.0790814780513711,1.0790814780513711
4,JUN+FOXP3+ZBTB20+NFIA,"FOXP3,JUN,NFIA,ZBTB20",4,-1.0789881957107703,1.0789881957107703
4,JUN+FOXP3+ZBTB20+ZNF165,"FOXP3,JUN,ZBTB20,ZNF165",4,-1.0781639444730224,1.0781639444730224
4,JUN+SMAD7+HOXC13+AEBP1,"AEBP1,HOXC13,JUN,SMAD7",4,-1.0779036372105257,1.0779036372105257
4,JUN+STAT1+FOXP3+ZNF202,"FOXP3,JUN,STAT1,ZNF202",4,-1.0774583944504375,1.0774583944504375
4,JUN+FOXP3+ZBTB20+HES1,"FOXP3,HES1,JUN,ZBTB20",4,-1.077033060715786,1.077033060715786
4,JUN+SMAD7+HEYL+ZBTB20,"HEYL,JUN,SMAD7,ZBTB20",4,-1.076888950086611,1.076888950086611
4,JUN+SFPQ+NFIA+AEBP1,"AEBP1,JUN,NFIA,SFPQ",4,-1.0767211731888608,1.0767211731888608
4,JUN+STAT1+HEYL+RARG,"HEYL,JUN,RARG,STAT1",4,-1.0766945371407313,1.0766945371407313
4,JUN+ZBTB20+RARG+NFIA,"JUN,NFIA,RARG,ZBTB20",4,-1.0764998873519294,1.0764998873519294
4,JUN+SFPQ+AEBP1+ZNF165,"AEBP1,JUN,SFPQ,ZNF165",4,-1.0758969219511128,1.0758969219511128
4,JUN+ZBTB20+RARG+ZNF165,"JUN,RARG,ZBTB20,ZNF165",4,-1.0756756361141815,1.0756756361141815
4,JUN+NPM1+HOXC13+AEBP1,"AEBP1,HOXC13,JUN,NPM1",4,-1.0756572697012805,1.0756572697012805
3,JUN+STAT1+SMAD7,"JUN,SMAD7,STAT1",3,-1.0756447847500952,1.0756447847500952
4,JUN+ATF4+DNMT3B+NFIA,"ATF4,DNMT3B,JUN,NFIA",4,-1.0754604963057788,1.0754604963057788
4,JUN+ZBTB20+DNMT3B+SRF,"DNMT3B,JUN,SRF,ZBTB20",4,-1.075438882188224,1.075438882188224
4,JUN+SMAD7+ZBTB20+ZNF202,"JUN,SMAD7,ZBTB20,ZNF202",4,-1.0751644990374762,1.0751644990374762
4,JUN+ATF4+SFPQ+HOXC13,"ATF4,HOXC13,JUN,SFPQ",4,-1.0751349310325655,1.0751349310325655
4,JUN+PAX3+HOXC13+AEBP1,"AEBP1,HOXC13,JUN,PAX3",4,-1.0749869549929163,1.0749869549929163
4,JUN+STAT1+RARG+ZNF202,"JUN,RARG,STAT1,ZNF202",4,-1.0749700860915965,1.0749700860915965
4,JUN+SFPQ+HES1+AEBP1,"AEBP1,HES1,JUN,SFPQ",4,-1.0747660381938764,1.0747660381938764
4,JUN+HEYL+ZBTB20+NPM1,"HEYL,JUN,NPM1,ZBTB20",4,-1.0746425825773658,1.0746425825773658
4,JUN+ATF4+DNMT3B+ZNF165,"ATF4,DNMT3B,JUN,ZNF165",4,-1.074636245068031,1.074636245068031
4,JUN+ZBTB20+RARG+HES1,"HES1,JUN,RARG,ZBTB20",4,-1.0745447523569451,1.0745447523569451
4,JUN+ATF4+SRF+AEBP1,"AEBP1,ATF4,JUN,SRF",4,-1.074067579203578,1.074067579203578
4,JUN+PAX3+HEYL+ZBTB20,"HEYL,JUN,PAX3,ZBTB20",4,-1.0739722678690016,1.0739722678690016
4,JUN+ATF4+DNMT3B+HES1,"ATF4,DNMT3B,HES1,JUN",4,-1.0735053613107945,1.0735053613107945
3,JUN+STAT1+NPM1,"JUN,NPM1,STAT1",3,-1.07339841724085,1.07339841724085
4,JUN+ZBTB20+ZNF202+NPM1,"JUN,NPM1,ZBTB20,ZNF202",4,-1.072918131528231,1.072918131528231
4,JUN+SMAD7+NFIA+AEBP1,"AEBP1,JUN,NFIA,SMAD7",4,-1.072804194174966,1.072804194174966
3,JUN+STAT1+PAX3,"JUN,PAX3,STAT1",3,-1.0727281025324857,1.0727281025324857
3,JUN+ZBTB20+HOXC13,"HOXC13,JUN,ZBTB20",3,-1.0723445921782857,1.0723445921782857
4,JUN+FOXP3+ZBTB20+DNMT3B,"DNMT3B,FOXP3,JUN,ZBTB20",4,-1.072259847288191,1.072259847288191
4,JUN+PAX3+ZBTB20+ZNF202,"JUN,PAX3,ZBTB20,ZNF202",4,-1.0722478168198668,1.0722478168198668
4,JUN+SMAD7+AEBP1+ZNF165,"AEBP1,JUN,SMAD7,ZNF165",4,-1.0719799429372179,1.0719799429372179
4,JUN+ATF4+SMAD7+HOXC13,"ATF4,HOXC13,JUN,SMAD7",4,-1.0712179520186706,1.0712179520186706
4,JUN+ATF4+FOXP3+AEBP1,"AEBP1,ATF4,FOXP3,JUN",4,-1.0708885443035452,1.0708885443035452
4,JUN+SMAD7+HES1+AEBP1,"AEBP1,HES1,JUN,SMAD7",4,-1.0708490591799815,1.0708490591799815
4,JUN+NFIA+NPM1+AEBP1,"AEBP1,JUN,NFIA,NPM1",4,-1.0705578266657207,1.0705578266657207
4,JUN+ATF4+SFPQ+NFIA,"ATF4,JUN,NFIA,SFPQ",4,-1.0700354879970055,1.0700354879970055
4,JUN+ZBTB20+SFPQ+SRF,"JUN,SFPQ,SRF,ZBTB20",4,-1.0700138738794507,1.0700138738794507
4,JUN+SFPQ+DNMT3B+AEBP1,"AEBP1,DNMT3B,JUN,SFPQ",4,-1.0699928247662813,1.0699928247662813
4,JUN+PAX3+NFIA+AEBP1,"AEBP1,JUN,NFIA,PAX3",4,-1.0698875119573565,1.0698875119573565
4,JUN+ZBTB20+RARG+DNMT3B,"DNMT3B,JUN,RARG,ZBTB20",4,-1.06977153892935,1.06977153892935
4,JUN+NPM1+AEBP1+ZNF165,"AEBP1,JUN,NPM1,ZNF165",4,-1.0697335754279729,1.0697335754279729
4,JUN+HEYL+HOXC13+AEBP1,"AEBP1,HEYL,HOXC13,JUN",4,-1.0696986513919582,1.0696986513919582
4,JUN+ATF4+SFPQ+ZNF165,"ATF4,JUN,SFPQ,ZNF165",4,-1.0692112367592577,1.0692112367592577
4,JUN+PAX3+AEBP1+ZNF165,"AEBP1,JUN,PAX3,ZNF165",4,-1.0690632607196084,1.0690632607196084
4,JUN+ATF4+NPM1+HOXC13,"ATF4,HOXC13,JUN,NPM1",4,-1.0689715845094254,1.0689715845094254
4,JUN+HES1+NPM1+AEBP1,"AEBP1,HES1,JUN,NPM1",4,-1.0686026916707363,1.0686026916707363
4,JUN+ATF4+RARG+AEBP1,"AEBP1,ATF4,JUN,RARG",4,-1.0684002359447042,1.0684002359447042
4,JUN+STAT1+FOXP3+SRF,"FOXP3,JUN,SRF,STAT1",4,-1.068390790278517,1.068390790278517
4,JUN+ATF4+PAX3+HOXC13,"ATF4,HOXC13,JUN,PAX3",4,-1.0683012698010612,1.0683012698010612
4,JUN+ATF4+SFPQ+HES1,"ATF4,HES1,JUN,SFPQ",4,-1.0680803530020213,1.0680803530020213
4,JUN+ZNF202+HOXC13+AEBP1,"AEBP1,HOXC13,JUN,ZNF202",4,-1.0679742003428234,1.0679742003428234
4,JUN+PAX3+HES1+AEBP1,"AEBP1,HES1,JUN,PAX3",4,-1.067932376962372,1.067932376962372
3,JUN+STAT1+HEYL,"HEYL,JUN,STAT1",3,-1.0674397989315276,1.0674397989315276
3,JUN+ZBTB20+NFIA,"JUN,NFIA,ZBTB20",3,-1.0672451491427257,1.0672451491427257
4,JUN+HEYL+ZBTB20+ZNF202,"HEYL,JUN,ZBTB20,ZNF202",4,-1.0669595132189087,1.0669595132189087
4,JUN+FOXP3+ZBTB20+SFPQ,"FOXP3,JUN,SFPQ,ZBTB20",4,-1.0668348389794178,1.0668348389794178
3,JUN+ZBTB20+ZNF165,"JUN,ZBTB20,ZNF165",3,-1.0664208979049778,1.0664208979049778
4,JUN+NFIA+HOXC13+ZNF165,"HOXC13,JUN,NFIA,ZNF165",4,-1.0662036104579353,1.0662036104579353
4,JUN+ATF4+SMAD7+NFIA,"ATF4,JUN,NFIA,SMAD7",4,-1.0661185089831107,1.0661185089831107
4,JUN+SMAD7+ZBTB20+SRF,"JUN,SMAD7,SRF,ZBTB20",4,-1.0660968948655558,1.0660968948655558
4,JUN+SMAD7+DNMT3B+AEBP1,"AEBP1,DNMT3B,JUN,SMAD7",4,-1.0660758457523865,1.0660758457523865
4,JUN+STAT1+RARG+SRF,"JUN,RARG,SRF,STAT1",4,-1.065902481919676,1.065902481919676
3,JUN+STAT1+ZNF202,"JUN,STAT1,ZNF202",3,-1.0657153478823929,1.0657153478823929
4,JUN+ATF4+SMAD7+ZNF165,"ATF4,JUN,SMAD7,ZNF165",4,-1.0652942577453628,1.0652942577453628
3,JUN+ZBTB20+HES1,"HES1,JUN,ZBTB20",3,-1.0652900141477415,1.0652900141477415
4,JUN+HES1+NFIA+HOXC13,"HES1,HOXC13,JUN,NFIA",4,-1.0650727267006987,1.0650727267006987
4,JUN+HEYL+NFIA+AEBP1,"AEBP1,HEYL,JUN,NFIA",4,-1.0645992083563984,1.0645992083563984
4,JUN+ZBTB20+RARG+SFPQ,"JUN,RARG,SFPQ,ZBTB20",4,-1.0643465306205768,1.0643465306205768
4,JUN+HES1+HOXC13+ZNF165,"HES1,HOXC13,JUN,ZNF165",4,-1.0642484754629509,1.0642484754629509
4,JUN+ATF4+SMAD7+HES1,"ATF4,HES1,JUN,SMAD7",4,-1.0641633739881264,1.0641633739881264
4,JUN+ATF4+NFIA+NPM1,"ATF4,JUN,NFIA,NPM1",4,-1.0638721414738654,1.0638721414738654
4,JUN+ZBTB20+SRF+NPM1,"JUN,NPM1,SRF,ZBTB20",4,-1.0638505273563106,1.0638505273563106
4,JUN+DNMT3B+NPM1+AEBP1,"AEBP1,DNMT3B,JUN,NPM1",4,-1.0638294782431414,1.0638294782431414
4,JUN+HEYL+AEBP1+ZNF165,"AEBP1,HEYL,JUN,ZNF165",4,-1.0637749571186503,1.0637749571186503
4,JUN+ATF4+SFPQ+DNMT3B,"ATF4,DNMT3B,JUN,SFPQ",4,-1.0633071395744262,1.0633071395744262
4,JUN+ATF4+PAX3+NFIA,"ATF4,JUN,NFIA,PAX3",4,-1.0632018267655012,1.0632018267655012
4,JUN+PAX3+ZBTB20+SRF,"JUN,PAX3,SRF,ZBTB20",4,-1.0631802126479464,1.0631802126479464
4,JUN+PAX3+DNMT3B+AEBP1,"AEBP1,DNMT3B,JUN,PAX3",4,-1.063159163534777,1.063159163534777
4,JUN+ATF4+NPM1+ZNF165,"ATF4,JUN,NPM1,ZNF165",4,-1.0630478902361176,1.0630478902361176
4,JUN+ATF4+HEYL+HOXC13,"ATF4,HEYL,HOXC13,JUN",4,-1.063012966200103,1.063012966200103
4,JUN+FOXP3+SMAD7+ZBTB20,"FOXP3,JUN,SMAD7,ZBTB20",4,-1.062917859965523,1.062917859965523
4,JUN+NFIA+ZNF202+AEBP1,"AEBP1,JUN,NFIA,ZNF202",4,-1.0628747573072637,1.0628747573072637
4,JUN+STAT1+FOXP3+RARG,"FOXP3,JUN,RARG,STAT1",4,-1.0627234470196432,1.0627234470196432
4,JUN+HEYL+HES1+AEBP1,"AEBP1,HES1,HEYL,JUN",4,-1.062644073361414,1.062644073361414
4,JUN+ATF4+PAX3+ZNF165,"ATF4,JUN,PAX3,ZNF165",4,-1.0623775755277534,1.0623775755277534
4,JUN+ZNF202+AEBP1+ZNF165,"AEBP1,JUN,ZNF165,ZNF202",4,-1.0620505060695156,1.0620505060695156
4,JUN+ATF4+HES1+NPM1,"ATF4,HES1,JUN,NPM1",4,-1.0619170064788812,1.0619170064788812
4,JUN+ATF4+ZNF202+HOXC13,"ATF4,HOXC13,JUN,ZNF202",4,-1.0612885151509683,1.0612885151509683
4,JUN+ATF4+PAX3+HES1,"ATF4,HES1,JUN,PAX3",4,-1.061246691770517,1.061246691770517
4,JUN+HES1+ZNF202+AEBP1,"AEBP1,HES1,JUN,ZNF202",4,-1.0609196223122792,1.0609196223122792
4,JUN+FOXP3+ZBTB20+NPM1,"FOXP3,JUN,NPM1,ZBTB20",4,-1.0606714924562777,1.0606714924562777
4,JUN+SMAD7+SFPQ+AEBP1,"AEBP1,JUN,SFPQ,SMAD7",4,-1.0606508374436132,1.0606508374436132
3,JUN+ZBTB20+DNMT3B,"DNMT3B,JUN,ZBTB20",3,-1.0605168007201464,1.0605168007201464
4,JUN+SMAD7+ZBTB20+RARG,"JUN,RARG,SMAD7,ZBTB20",4,-1.060429551606682,1.060429551606682
4,JUN+DNMT3B+NFIA+HOXC13,"DNMT3B,HOXC13,JUN,NFIA",4,-1.060299513273104,1.060299513273104
4,JUN+FOXP3+PAX3+ZBTB20,"FOXP3,JUN,PAX3,ZBTB20",4,-1.0600011777479135,1.0600011777479135
4,JUN+DNMT3B+HOXC13+ZNF165,"DNMT3B,HOXC13,JUN,ZNF165",4,-1.0594752620353558,1.0594752620353558
4,JUN+ATF4+SMAD7+DNMT3B,"ATF4,DNMT3B,JUN,SMAD7",4,-1.0593901605605314,1.0593901605605314
4,JUN+HES1+NFIA+ZNF165,"HES1,JUN,NFIA,ZNF165",4,-1.059149032427391,1.059149032427391
3,JUN+ATF4+AEBP1,"AEBP1,ATF4,JUN",3,-1.0591454977355006,1.0591454977355006
4,JUN+SRF+HOXC13+AEBP1,"AEBP1,HOXC13,JUN,SRF",4,-1.058906596170903,1.058906596170903
4,JUN+SFPQ+NPM1+AEBP1,"AEBP1,JUN,NPM1,SFPQ",4,-1.0584044699343682,1.0584044699343682
4,JUN+DNMT3B+HES1+HOXC13,"DNMT3B,HES1,HOXC13,JUN",4,-1.0583443782781194,1.0583443782781194
4,JUN+ZBTB20+RARG+NPM1,"JUN,NPM1,RARG,ZBTB20",4,-1.0581831840974367,1.0581831840974367
4,JUN+ATF4+HEYL+NFIA,"ATF4,HEYL,JUN,NFIA",4,-1.0579135231645431,1.0579135231645431
4,JUN+HEYL+ZBTB20+SRF,"HEYL,JUN,SRF,ZBTB20",4,-1.0578919090469883,1.0578919090469883
4,JUN+HEYL+DNMT3B+AEBP1,"AEBP1,DNMT3B,HEYL,JUN",4,-1.057870859933819,1.057870859933819
4,JUN+PAX3+SFPQ+AEBP1,"AEBP1,JUN,PAX3,SFPQ",4,-1.0577341552260038,1.0577341552260038
4,JUN+PAX3+ZBTB20+RARG,"JUN,PAX3,RARG,ZBTB20",4,-1.0575128693890725,1.0575128693890725
4,JUN+ATF4+DNMT3B+NPM1,"ATF4,DNMT3B,JUN,NPM1",4,-1.0571437930512861,1.0571437930512861
4,JUN+ATF4+HEYL+ZNF165,"ATF4,HEYL,JUN,ZNF165",4,-1.0570892719267952,1.0570892719267952
3,JUN+STAT1+SRF,"JUN,SRF,STAT1",3,-1.0566477437104724,1.0566477437104724
4,JUN+ATF4+PAX3+DNMT3B,"ATF4,DNMT3B,JUN,PAX3",4,-1.056473478342922,1.056473478342922
4,JUN+ATF4+NFIA+ZNF202,"ATF4,JUN,NFIA,ZNF202",4,-1.0561890721154084,1.0561890721154084
4,JUN+ZBTB20+ZNF202+SRF,"JUN,SRF,ZBTB20,ZNF202",4,-1.0561674579978535,1.0561674579978535
4,JUN+DNMT3B+ZNF202+AEBP1,"AEBP1,DNMT3B,JUN,ZNF202",4,-1.0561464088846841,1.0561464088846841
4,JUN+ATF4+HEYL+HES1,"ATF4,HES1,HEYL,JUN",4,-1.055958388169559,1.055958388169559
4,JUN+FOXP3+HOXC13+AEBP1,"AEBP1,FOXP3,HOXC13,JUN",4,-1.05572756127087,1.05572756127087
4,JUN+ATF4+ZNF202+ZNF165,"ATF4,JUN,ZNF165,ZNF202",4,-1.0553648208776605,1.0553648208776605
3,JUN+ZBTB20+SFPQ,"JUN,SFPQ,ZBTB20",3,-1.0550917924113732,1.0550917924113732
4,JUN+SFPQ+NFIA+HOXC13,"HOXC13,JUN,NFIA,SFPQ",4,-1.0548745049643307,1.0548745049643307
4,JUN+FOXP3+HEYL+ZBTB20,"FOXP3,HEYL,JUN,ZBTB20",4,-1.0547128741469554,1.0547128741469554
4,JUN+SMAD7+NPM1+AEBP1,"AEBP1,JUN,NPM1,SMAD7",4,-1.0544874909204733,1.0544874909204733
4,JUN+DNMT3B+NFIA+ZNF165,"DNMT3B,JUN,NFIA,ZNF165",4,-1.054375818999796,1.054375818999796
4,JUN+ATF4+HES1+ZNF202,"ATF4,HES1,JUN,ZNF202",4,-1.0542339371204241,1.0542339371204241
4,JUN+SFPQ+HOXC13+ZNF165,"HOXC13,JUN,SFPQ,ZNF165",4,-1.0540502537265826,1.0540502537265826
4,JUN+ATF4+SMAD7+SFPQ,"ATF4,JUN,SFPQ,SMAD7",4,-1.0539651522517581,1.0539651522517581
4,JUN+PAX3+SMAD7+AEBP1,"AEBP1,JUN,PAX3,SMAD7",4,-1.053817176212109,1.053817176212109
4,JUN+NFIA+SRF+AEBP1,"AEBP1,JUN,NFIA,SRF",4,-1.0538071531353432,1.0538071531353432
3,JUN+STAT1+FOXP3,"FOXP3,JUN,STAT1",3,-1.0534687088104395,1.0534687088104395
4,JUN+DNMT3B+HES1+NFIA,"DNMT3B,HES1,JUN,NFIA",4,-1.0532449352425595,1.0532449352425595
4,JUN+RARG+HOXC13+AEBP1,"AEBP1,HOXC13,JUN,RARG",4,-1.0532392529120291,1.0532392529120291
4,JUN+FOXP3+ZBTB20+ZNF202,"FOXP3,JUN,ZBTB20,ZNF202",4,-1.0529884230978206,1.0529884230978206
4,JUN+SRF+AEBP1+ZNF165,"AEBP1,JUN,SRF,ZNF165",4,-1.0529829018975954,1.0529829018975954
4,JUN+SFPQ+HES1+HOXC13,"HES1,HOXC13,JUN,SFPQ",4,-1.0529193699693462,1.0529193699693462
4,JUN+HEYL+SFPQ+AEBP1,"AEBP1,HEYL,JUN,SFPQ",4,-1.0524458516250457,1.0524458516250457
4,JUN+DNMT3B+HES1+ZNF165,"DNMT3B,HES1,JUN,ZNF165",4,-1.0524206840048116,1.0524206840048116
4,JUN+HEYL+ZBTB20+RARG,"HEYL,JUN,RARG,ZBTB20",4,-1.0522245657881144,1.0522245657881144
4,JUN+ATF4+SRF+HOXC13,"ATF4,HOXC13,JUN,SRF",4,-1.052220910979048,1.052220910979048
4,JUN+HES1+SRF+AEBP1,"AEBP1,HES1,JUN,SRF",4,-1.0518520181403588,1.0518520181403588
4,JUN+ATF4+SFPQ+NPM1,"ATF4,JUN,NPM1,SFPQ",4,-1.051718784742513,1.051718784742513
4,JUN+PAX3+NPM1+AEBP1,"AEBP1,JUN,NPM1,PAX3",4,-1.051570808702864,1.051570808702864
4,JUN+ATF4+HEYL+DNMT3B,"ATF4,DNMT3B,HEYL,JUN",4,-1.0511851747419638,1.0511851747419638
3,JUN+SMAD7+ZBTB20,"JUN,SMAD7,ZBTB20",3,-1.0511748133974783,1.0511748133974783
4,JUN+ATF4+PAX3+SFPQ,"ATF4,JUN,PAX3,SFPQ",4,-1.0510484700341487,1.0510484700341487
3,JUN+STAT1+RARG,"JUN,RARG,STAT1",3,-1.0509804004515986,1.0509804004515986
4,JUN+SMAD7+NFIA+HOXC13,"HOXC13,JUN,NFIA,SMAD7",4,-1.0509575259504358,1.0509575259504358
4,JUN+SFPQ+ZNF202+AEBP1,"AEBP1,JUN,SFPQ,ZNF202",4,-1.050721400575911,1.050721400575911
4,JUN+FOXP3+NFIA+AEBP1,"AEBP1,FOXP3,JUN,NFIA",4,-1.0506281182353103,1.0506281182353103
4,JUN+ZBTB20+RARG+ZNF202,"JUN,RARG,ZBTB20,ZNF202",4,-1.0505001147389796,1.0505001147389796
4,JUN+SMAD7+HOXC13+ZNF165,"HOXC13,JUN,SMAD7,ZNF165",4,-1.0501332747126877,1.0501332747126877
4,JUN+FOXP3+AEBP1+ZNF165,"AEBP1,FOXP3,JUN,ZNF165",4,-1.0498038669975622,1.0498038669975622
4,JUN+ATF4+DNMT3B+ZNF202,"ATF4,DNMT3B,JUN,ZNF202",4,-1.049460723692829,1.049460723692829
4,JUN+ATF4+FOXP3+HOXC13,"ATF4,FOXP3,HOXC13,JUN",4,-1.049041876079015,1.049041876079015
4,JUN+SMAD7+HES1+HOXC13,"HES1,HOXC13,JUN,SMAD7",4,-1.0490023909554513,1.0490023909554513
4,JUN+SFPQ+NFIA+ZNF165,"JUN,NFIA,SFPQ,ZNF165",4,-1.0489508106910228,1.0489508106910228
3,JUN+ZBTB20+NPM1,"JUN,NPM1,ZBTB20",3,-1.048928445888233,1.048928445888233
4,JUN+NFIA+NPM1+HOXC13,"HOXC13,JUN,NFIA,NPM1",4,-1.0487111584411906,1.0487111584411906
4,JUN+FOXP3+HES1+AEBP1,"AEBP1,FOXP3,HES1,JUN",4,-1.0486729832403259,1.0486729832403259
4,JUN+SMAD7+HEYL+AEBP1,"AEBP1,HEYL,JUN,SMAD7",4,-1.0485288726111508,1.0485288726111508
3,JUN+PAX3+ZBTB20,"JUN,PAX3,ZBTB20",3,-1.0482581311798689,1.0482581311798689
4,JUN+SFPQ+DNMT3B+HOXC13,"DNMT3B,HOXC13,JUN,SFPQ",4,-1.0481461565417511,1.0481461565417511
4,JUN+RARG+NFIA+AEBP1,"AEBP1,JUN,NFIA,RARG",4,-1.0481398098764694,1.0481398098764694
4,JUN+PAX3+NFIA+HOXC13,"HOXC13,JUN,NFIA,PAX3",4,-1.0480408437328264,1.0480408437328264
4,JUN+NPM1+HOXC13+ZNF165,"HOXC13,JUN,NPM1,ZNF165",4,-1.0478869072034425,1.0478869072034425
4,JUN+SFPQ+HES1+NFIA,"HES1,JUN,NFIA,SFPQ",4,-1.0478199269337862,1.0478199269337862
4,JUN+ATF4+SMAD7+NPM1,"ATF4,JUN,NPM1,SMAD7",4,-1.047801805728618,1.047801805728618
4,JUN+RARG+AEBP1+ZNF165,"AEBP1,JUN,RARG,ZNF165",4,-1.0473155586387213,1.0473155586387213
4,JUN+PAX3+HOXC13+ZNF165,"HOXC13,JUN,PAX3,ZNF165",4,-1.0472165924950783,1.0472165924950783
4,JUN+ATF4+PAX3+SMAD7,"ATF4,JUN,PAX3,SMAD7",4,-1.0471314910202538,1.0471314910202538
4,JUN+ATF4+NFIA+SRF,"ATF4,JUN,NFIA,SRF",4,-1.047121467943488,1.047121467943488
4,JUN+DNMT3B+SRF+AEBP1,"AEBP1,DNMT3B,JUN,SRF",4,-1.047078804712764,1.047078804712764
4,JUN+SFPQ+HES1+ZNF165,"HES1,JUN,SFPQ,ZNF165",4,-1.0469956756960384,1.0469956756960384
4,JUN+SMAD7+ZNF202+AEBP1,"AEBP1,JUN,SMAD7,ZNF202",4,-1.046804421562016,1.046804421562016
4,JUN+HES1+NPM1+HOXC13,"HES1,HOXC13,JUN,NPM1",4,-1.046756023446206,1.046756023446206
4,JUN+ATF4+RARG+HOXC13,"ATF4,HOXC13,JUN,RARG",4,-1.046553567720174,1.046553567720174
4,JUN+ATF4+SRF+ZNF165,"ATF4,JUN,SRF,ZNF165",4,-1.04629721670574,1.04629721670574
4,JUN+HEYL+NPM1+AEBP1,"AEBP1,HEYL,JUN,NPM1",4,-1.0462825051019058,1.0462825051019058
4,JUN+RARG+HES1+AEBP1,"AEBP1,HES1,JUN,RARG",4,-1.046184674881485,1.046184674881485
4,JUN+PAX3+HES1+HOXC13,"HES1,HOXC13,JUN,PAX3",4,-1.046085708737842,1.046085708737842
4,JUN+ATF4+HEYL+SFPQ,"ATF4,HEYL,JUN,SFPQ",4,-1.0457601664331906,1.0457601664331906
4,JUN+PAX3+HEYL+AEBP1,"AEBP1,HEYL,JUN,PAX3",4,-1.0456121903935414,1.0456121903935414
4,JUN+ATF4+HES1+SRF,"ATF4,HES1,JUN,SRF",4,-1.0451663329485037,1.0451663329485037
4,JUN+SMAD7+NFIA+ZNF165,"JUN,NFIA,SMAD7,ZNF165",4,-1.045033831677128,1.045033831677128
4,JUN+ATF4+PAX3+NPM1,"ATF4,JUN,NPM1,PAX3",4,-1.0448851235110086,1.0448851235110086
4,JUN+ZNF202+NPM1+AEBP1,"AEBP1,JUN,NPM1,ZNF202",4,-1.044558054052771,1.044558054052771
4,JUN+SMAD7+DNMT3B+HOXC13,"DNMT3B,HOXC13,JUN,SMAD7",4,-1.0442291775278563,1.0442291775278563
4,JUN+ATF4+SFPQ+ZNF202,"ATF4,JUN,SFPQ,ZNF202",4,-1.0440357153840558,1.0440357153840558
3,JUN+HOXC13+AEBP1,"AEBP1,HOXC13,JUN",3,-1.0439845147028255,1.0439845147028255
4,JUN+ATF4+FOXP3+NFIA,"ATF4,FOXP3,JUN,NFIA",4,-1.043942433043455,1.043942433043455
4,JUN+FOXP3+ZBTB20+SRF,"FOXP3,JUN,SRF,ZBTB20",4,-1.0439208189259002,1.0439208189259002
4,JUN+SMAD7+HES1+NFIA,"HES1,JUN,NFIA,SMAD7",4,-1.0439029479198914,1.0439029479198914
4,JUN+FOXP3+DNMT3B+AEBP1,"AEBP1,DNMT3B,FOXP3,JUN",4,-1.0438997698127308,1.0438997698127308
4,JUN+PAX3+ZNF202+AEBP1,"AEBP1,JUN,PAX3,ZNF202",4,-1.0438877393444066,1.0438877393444066
4,JUN+ATF4+FOXP3+ZNF165,"ATF4,FOXP3,JUN,ZNF165",4,-1.0431181818057071,1.0431181818057071
4,JUN+SMAD7+HES1+ZNF165,"HES1,JUN,SMAD7,ZNF165",4,-1.0430786966821435,1.0430786966821435
4,JUN+SFPQ+DNMT3B+NFIA,"DNMT3B,JUN,NFIA,SFPQ",4,-1.0430467135061914,1.0430467135061914
3,JUN+HEYL+ZBTB20,"HEYL,JUN,ZBTB20",3,-1.0429698275789108,1.0429698275789108
4,JUN+NFIA+NPM1+ZNF165,"JUN,NFIA,NPM1,ZNF165",4,-1.0427874641678827,1.0427874641678827
4,JUN+HEYL+NFIA+HOXC13,"HEYL,HOXC13,JUN,NFIA",4,-1.0427525401318682,1.0427525401318682
4,JUN+SFPQ+DNMT3B+ZNF165,"DNMT3B,JUN,SFPQ,ZNF165",4,-1.0422224622684433,1.0422224622684433
4,JUN+PAX3+NFIA+ZNF165,"JUN,NFIA,PAX3,ZNF165",4,-1.0421171494595185,1.0421171494595185
4,JUN+ATF4+FOXP3+HES1,"ATF4,FOXP3,HES1,JUN",4,-1.0419872980484708,1.0419872980484708
4,JUN+DNMT3B+NPM1+HOXC13,"DNMT3B,HOXC13,JUN,NPM1",4,-1.0419828100186113,1.0419828100186113
4,JUN+HEYL+HOXC13+ZNF165,"HEYL,HOXC13,JUN,ZNF165",4,-1.0419282888941201,1.0419282888941201
4,JUN+ATF4+SMAD7+HEYL,"ATF4,HEYL,JUN,SMAD7",4,-1.0418431874192957,1.0418431874192957
2,JUN+STAT1,"JUN,STAT1",2,-1.041725662242395,1.041725662242395
4,JUN+HES1+NFIA+NPM1,"HES1,JUN,NFIA,NPM1",4,-1.0416565804106461,1.0416565804106461
4,JUN+SFPQ+SRF+AEBP1,"AEBP1,JUN,SFPQ,SRF",4,-1.0416537964039907,1.0416537964039907
4,JUN+ATF4+RARG+NFIA,"ATF4,JUN,NFIA,RARG",4,-1.041454124684614,1.041454124684614
4,JUN+ZBTB20+RARG+SRF,"JUN,RARG,SRF,ZBTB20",4,-1.0414325105670592,1.0414325105670592
4,JUN+RARG+DNMT3B+AEBP1,"AEBP1,DNMT3B,JUN,RARG",4,-1.0414114614538899,1.0414114614538899
4,JUN+PAX3+DNMT3B+HOXC13,"DNMT3B,HOXC13,JUN,PAX3",4,-1.0413124953102468,1.0413124953102468
3,JUN+ZBTB20+ZNF202,"JUN,ZBTB20,ZNF202",3,-1.041245376529776,1.041245376529776
4,JUN+SFPQ+DNMT3B+HES1,"DNMT3B,HES1,JUN,SFPQ",4,-1.041091578511207,1.041091578511207
4,JUN+NFIA+ZNF202+HOXC13,"HOXC13,JUN,NFIA,ZNF202",4,-1.0410280890827335,1.0410280890827335
4,JUN+PAX3+HES1+NFIA,"HES1,JUN,NFIA,PAX3",4,-1.040986265702282,1.040986265702282
4,JUN+HES1+NPM1+ZNF165,"HES1,JUN,NPM1,ZNF165",4,-1.0408323291728983,1.0408323291728983
4,JUN+HEYL+HES1+HOXC13,"HES1,HEYL,HOXC13,JUN",4,-1.0407974051368838,1.0407974051368838
4,JUN+ATF4+RARG+ZNF165,"ATF4,JUN,RARG,ZNF165",4,-1.0406298734468662,1.0406298734468662
4,JUN+ATF4+DNMT3B+SRF,"ATF4,DNMT3B,JUN,SRF",4,-1.0403931195209086,1.0403931195209086
4,JUN+ZNF202+HOXC13+ZNF165,"HOXC13,JUN,ZNF165,ZNF202",4,-1.0402038378449854,1.0402038378449854
4,JUN+PAX3+HES1+ZNF165,"HES1,JUN,PAX3,ZNF165",4,-1.040162014464534,1.040162014464534
4,JUN+ATF4+SMAD7+ZNF202,"ATF4,JUN,SMAD7,ZNF202",4,-1.040118736370161,1.040118736370161
4,JUN+ATF4+HEYL+NPM1,"ATF4,HEYL,JUN,NPM1",4,-1.0395968199100505,1.0395968199100505
4,JUN+ATF4+RARG+HES1,"ATF4,HES1,JUN,RARG",4,-1.0394989896896298,1.0394989896896298
4,JUN+SMAD7+DNMT3B+NFIA,"DNMT3B,JUN,NFIA,SMAD7",4,-1.0391297344922965,1.0391297344922965
4,JUN+HES1+ZNF202+HOXC13,"HES1,HOXC13,JUN,ZNF202",4,-1.039072954087749,1.039072954087749
4,JUN+ATF4+PAX3+HEYL,"ATF4,HEYL,JUN,PAX3",4,-1.0389265052016863,1.0389265052016863
3,JUN+NFIA+AEBP1,"AEBP1,JUN,NFIA",3,-1.0388850716672657,1.0388850716672657
4,JUN+SMAD7+SFPQ+HOXC13,"HOXC13,JUN,SFPQ,SMAD7",4,-1.038804169219083,1.038804169219083
4,JUN+HEYL+ZNF202+AEBP1,"AEBP1,HEYL,JUN,ZNF202",4,-1.0385994357434485,1.0385994357434485
4,JUN+FOXP3+SFPQ+AEBP1,"AEBP1,FOXP3,JUN,SFPQ",4,-1.0384747615039576,1.0384747615039576
4,JUN+SMAD7+DNMT3B+ZNF165,"DNMT3B,JUN,SMAD7,ZNF165",4,-1.0383054832545484,1.0383054832545484
4,JUN+FOXP3+ZBTB20+RARG,"FOXP3,JUN,RARG,ZBTB20",4,-1.0382534756670263,1.0382534756670263
3,JUN+AEBP1+ZNF165,"AEBP1,JUN,ZNF165",3,-1.0380608204295176,1.0380608204295176
4,JUN+ATF4+ZNF202+NPM1,"ATF4,JUN,NPM1,ZNF202",4,-1.0378723688609157,1.0378723688609157
4,JUN+SMAD7+SRF+AEBP1,"AEBP1,JUN,SMAD7,SRF",4,-1.0377368173900958,1.0377368173900958
3,JUN+ATF4+HOXC13,"ATF4,HOXC13,JUN",3,-1.0372988295109704,1.0372988295109704
4,JUN+ATF4+FOXP3+DNMT3B,"ATF4,DNMT3B,FOXP3,JUN",4,-1.0372140846208757,1.0372140846208757
4,JUN+ATF4+PAX3+ZNF202,"ATF4,JUN,PAX3,ZNF202",4,-1.0372020541525515,1.0372020541525515
4,JUN+SMAD7+DNMT3B+HES1,"DNMT3B,HES1,JUN,SMAD7",4,-1.037174599497312,1.037174599497312
3,JUN+HES1+AEBP1,"AEBP1,HES1,JUN",3,-1.0369299366722813,1.0369299366722813
4,JUN+DNMT3B+NFIA+NPM1,"DNMT3B,JUN,NFIA,NPM1",4,-1.0368833669830513,1.0368833669830513
4,JUN+HEYL+NFIA+ZNF165,"HEYL,JUN,NFIA,ZNF165",4,-1.0368288458585604,1.0368288458585604
4,JUN+SFPQ+NPM1+HOXC13,"HOXC13,JUN,NPM1,SFPQ",4,-1.036557801709838,1.036557801709838
4,JUN+PAX3+DNMT3B+NFIA,"DNMT3B,JUN,NFIA,PAX3",4,-1.036213052274687,1.036213052274687
4,JUN+DNMT3B+NPM1+ZNF165,"DNMT3B,JUN,NPM1,ZNF165",4,-1.0360591157453034,1.0360591157453034
4,JUN+HEYL+DNMT3B+HOXC13,"DNMT3B,HEYL,HOXC13,JUN",4,-1.0360241917092887,1.0360241917092887
4,JUN+RARG+SFPQ+AEBP1,"AEBP1,JUN,RARG,SFPQ",4,-1.0359864531451166,1.0359864531451166
4,JUN+PAX3+SFPQ+HOXC13,"HOXC13,JUN,PAX3,SFPQ",4,-1.0358874870014736,1.0358874870014736
4,JUN+HEYL+HES1+NFIA,"HES1,HEYL,JUN,NFIA",4,-1.0356979621013238,1.0356979621013238
4,JUN+SRF+NPM1+AEBP1,"AEBP1,JUN,NPM1,SRF",4,-1.0354904498808506,1.0354904498808506
4,JUN+PAX3+DNMT3B+ZNF165,"DNMT3B,JUN,PAX3,ZNF165",4,-1.035388801036939,1.035388801036939
4,JUN+NFIA+ZNF202+ZNF165,"JUN,NFIA,ZNF165,ZNF202",4,-1.0351043948094256,1.0351043948094256
4,JUN+ATF4+SFPQ+SRF,"ATF4,JUN,SFPQ,SRF",4,-1.0349681112121354,1.0349681112121354
4,JUN+DNMT3B+HES1+NPM1,"DNMT3B,HES1,JUN,NPM1",4,-1.0349282319880668,1.0349282319880668
4,JUN+HEYL+HES1+ZNF165,"HES1,HEYL,JUN,ZNF165",4,-1.034873710863576,1.034873710863576
4,JUN+PAX3+SRF+AEBP1,"AEBP1,JUN,PAX3,SRF",4,-1.0348201351724864,1.0348201351724864
4,JUN+ATF4+RARG+DNMT3B,"ATF4,DNMT3B,JUN,RARG",4,-1.0347257762620348,1.0347257762620348
4,JUN+FOXP3+SMAD7+AEBP1,"AEBP1,FOXP3,JUN,SMAD7",4,-1.0345577824900627,1.0345577824900627
4,JUN+DNMT3B+ZNF202+HOXC13,"DNMT3B,HOXC13,JUN,ZNF202",4,-1.034299740660154,1.034299740660154
4,JUN+PAX3+DNMT3B+HES1,"DNMT3B,HES1,JUN,PAX3",4,-1.0342579172797026,1.0342579172797026
4,JUN+HES1+NFIA+ZNF202,"HES1,JUN,NFIA,ZNF202",4,-1.033973511052189,1.033973511052189
4,JUN+SMAD7+SFPQ+NFIA,"JUN,NFIA,SFPQ,SMAD7",4,-1.0337047261835233,1.0337047261835233
4,JUN+HES1+ZNF202+ZNF165,"HES1,JUN,ZNF165,ZNF202",4,-1.0331492598144412,1.0331492598144412
4,JUN+SMAD7+SFPQ+ZNF165,"JUN,SFPQ,SMAD7,ZNF165",4,-1.0328804749457752,1.0328804749457752
4,JUN+SMAD7+NPM1+HOXC13,"HOXC13,JUN,NPM1,SMAD7",4,-1.0326408226959432,1.0326408226959432
4,JUN+FOXP3+NPM1+AEBP1,"AEBP1,FOXP3,JUN,NPM1",4,-1.0323114149808177,1.0323114149808177
3,JUN+ATF4+NFIA,"ATF4,JUN,NFIA",3,-1.0321993864754104,1.0321993864754104
3,JUN+ZBTB20+SRF,"JUN,SRF,ZBTB20",3,-1.0321777723578556,1.0321777723578556
3,JUN+DNMT3B+AEBP1,"AEBP1,DNMT3B,JUN",3,-1.0321567232446862,1.0321567232446862
4,JUN+SMAD7+RARG+AEBP1,"AEBP1,JUN,RARG,SMAD7",4,-1.0320694741312217,1.0320694741312217
4,JUN+PAX3+SMAD7+HOXC13,"HOXC13,JUN,PAX3,SMAD7",4,-1.0319705079875787,1.0319705079875787
4,JUN+NFIA+SRF+HOXC13,"HOXC13,JUN,NFIA,SRF",4,-1.031960484910813,1.031960484910813
4,JUN+ATF4+HEYL+ZNF202,"ATF4,HEYL,JUN,ZNF202",4,-1.0319137505515934,1.0319137505515934
4,JUN+ATF4+FOXP3+SFPQ,"ATF4,FOXP3,JUN,SFPQ",4,-1.0317890763121025,1.0317890763121025
4,JUN+SMAD7+SFPQ+HES1,"HES1,JUN,SFPQ,SMAD7",4,-1.0317495911885388,1.0317495911885388
4,JUN+FOXP3+PAX3+AEBP1,"AEBP1,FOXP3,JUN,PAX3",4,-1.0316411002724533,1.0316411002724533
4,JUN+SFPQ+NFIA+NPM1,"JUN,NFIA,NPM1,SFPQ",4,-1.031458358674278,1.031458358674278
3,JUN+ATF4+ZNF165,"ATF4,JUN,ZNF165",3,-1.0313751352376626,1.0313751352376626
4,JUN+SRF+HOXC13+ZNF165,"HOXC13,JUN,SRF,ZNF165",4,-1.031136233673065,1.031136233673065
4,JUN+ATF4+SMAD7+SRF,"ATF4,JUN,SMAD7,SRF",4,-1.0310511321982405,1.0310511321982405
4,JUN+HEYL+DNMT3B+NFIA,"DNMT3B,HEYL,JUN,NFIA",4,-1.030924748673729,1.030924748673729
4,JUN+PAX3+SFPQ+NFIA,"JUN,NFIA,PAX3,SFPQ",4,-1.0307880439659138,1.0307880439659138
4,JUN+SFPQ+NPM1+ZNF165,"JUN,NPM1,SFPQ,ZNF165",4,-1.0306341074365302,1.0306341074365302
4,JUN+HEYL+SFPQ+HOXC13,"HEYL,HOXC13,JUN,SFPQ",4,-1.0305991834005155,1.0305991834005155
3,JUN+ATF4+HES1,"ATF4,HES1,JUN",3,-1.0302442514804262,1.0302442514804262
4,JUN+HEYL+DNMT3B+ZNF165,"DNMT3B,HEYL,JUN,ZNF165",4,-1.0301004974359809,1.0301004974359809
4,JUN+HES1+SRF+HOXC13,"HES1,HOXC13,JUN,SRF",4,-1.0300053499158286,1.0300053499158286
4,JUN+PAX3+SFPQ+ZNF165,"JUN,PAX3,SFPQ,ZNF165",4,-1.0299637927281657,1.0299637927281657
4,JUN+RARG+NPM1+AEBP1,"AEBP1,JUN,NPM1,RARG",4,-1.0298231066219767,1.0298231066219767
4,JUN+PAX3+NPM1+HOXC13,"HOXC13,JUN,NPM1,PAX3",4,-1.0297241404783337,1.0297241404783337
4,JUN+HEYL+SRF+AEBP1,"AEBP1,HEYL,JUN,SRF",4,-1.0295318315715283,1.0295318315715283
4,JUN+SFPQ+HES1+NPM1,"HES1,JUN,NPM1,SFPQ",4,-1.0295032236792936,1.0295032236792936
4,JUN+ATF4+RARG+SFPQ,"ATF4,JUN,RARG,SFPQ",4,-1.0293007679532615,1.0293007679532615
4,JUN+DNMT3B+NFIA+ZNF202,"DNMT3B,JUN,NFIA,ZNF202",4,-1.0292002976245942,1.0292002976245942
4,JUN+PAX3+RARG+AEBP1,"AEBP1,JUN,PAX3,RARG",4,-1.0291527919136123,1.0291527919136123
3,JUN+FOXP3+ZBTB20,"FOXP3,JUN,ZBTB20",3,-1.0289987374578227,1.0289987374578227
4,JUN+HEYL+DNMT3B+HES1,"DNMT3B,HES1,HEYL,JUN",4,-1.0289696136787445,1.0289696136787445
4,JUN+SFPQ+ZNF202+HOXC13,"HOXC13,JUN,SFPQ,ZNF202",4,-1.0288747323513807,1.0288747323513807
4,JUN+PAX3+SFPQ+HES1,"HES1,JUN,PAX3,SFPQ",4,-1.0288329089709294,1.0288329089709294
4,JUN+ATF4+SRF+NPM1,"ATF4,JUN,NPM1,SRF",4,-1.0288047646889955,1.0288047646889955
4,JUN+FOXP3+NFIA+HOXC13,"FOXP3,HOXC13,JUN,NFIA",4,-1.0287814500107801,1.0287814500107801
4,JUN+DNMT3B+ZNF202+ZNF165,"DNMT3B,JUN,ZNF165,ZNF202",4,-1.028376046386846,1.028376046386846
4,JUN+ATF4+PAX3+SRF,"ATF4,JUN,PAX3,SRF",4,-1.028134449980631,1.028134449980631
4,JUN+FOXP3+HOXC13+ZNF165,"FOXP3,HOXC13,JUN,ZNF165",4,-1.027957198773032,1.027957198773032
4,JUN+ATF4+FOXP3+SMAD7,"ATF4,FOXP3,JUN,SMAD7",4,-1.0278720972982076,1.0278720972982076
4,JUN+ZNF202+SRF+AEBP1,"AEBP1,JUN,SRF,ZNF202",4,-1.0278073805223935,1.0278073805223935
4,JUN+SMAD7+NFIA+NPM1,"JUN,NFIA,NPM1,SMAD7",4,-1.0275413796603832,1.0275413796603832
4,JUN+DNMT3B+HES1+ZNF202,"DNMT3B,HES1,JUN,ZNF202",4,-1.0272451626296097,1.0272451626296097
4,JUN+SMAD7+SFPQ+DNMT3B,"DNMT3B,JUN,SFPQ,SMAD7",4,-1.0269763777609437,1.0269763777609437
4,JUN+PAX3+SMAD7+NFIA,"JUN,NFIA,PAX3,SMAD7",4,-1.026871064952019,1.026871064952019
4,JUN+FOXP3+HES1+HOXC13,"FOXP3,HES1,HOXC13,JUN",4,-1.0268263150157957,1.0268263150157957
3,JUN+SFPQ+AEBP1,"AEBP1,JUN,SFPQ",3,-1.026731714935913,1.026731714935913
4,JUN+SMAD7+NPM1+ZNF165,"JUN,NPM1,SMAD7,ZNF165",4,-1.0267171284226353,1.0267171284226353
4,JUN+SMAD7+HEYL+HOXC13,"HEYL,HOXC13,JUN,SMAD7",4,-1.0266822043866206,1.0266822043866206
3,JUN+ZBTB20+RARG,"JUN,RARG,ZBTB20",3,-1.0265104290989817,1.0265104290989817
4,JUN+FOXP3+HEYL+AEBP1,"AEBP1,FOXP3,HEYL,JUN",4,-1.0263527966714951,1.0263527966714951
4,JUN+RARG+NFIA+HOXC13,"HOXC13,JUN,NFIA,RARG",4,-1.0262931416519392,1.0262931416519392
4,JUN+PAX3+SMAD7+ZNF165,"JUN,PAX3,SMAD7,ZNF165",4,-1.0260468137142709,1.0260468137142709
4,JUN+NFIA+SRF+ZNF165,"JUN,NFIA,SRF,ZNF165",4,-1.0260367906375052,1.0260367906375052
4,JUN+ATF4+FOXP3+NPM1,"ATF4,FOXP3,JUN,NPM1",4,-1.0256257297889624,1.0256257297889624
4,JUN+SMAD7+HES1+NPM1,"HES1,JUN,NPM1,SMAD7",4,-1.0255862446653987,1.0255862446653987
4,JUN+HEYL+SFPQ+NFIA,"HEYL,JUN,NFIA,SFPQ",4,-1.0254997403649557,1.0254997403649557
3,JUN+ATF4+DNMT3B,"ATF4,DNMT3B,JUN",3,-1.0254710380528311,1.0254710380528311
4,JUN+RARG+HOXC13+ZNF165,"HOXC13,JUN,RARG,ZNF165",4,-1.025468890414191,1.025468890414191
4,JUN+ATF4+SMAD7+RARG,"ATF4,JUN,RARG,SMAD7",4,-1.0253837889393667,1.0253837889393667
4,JUN+DNMT3B+SRF+HOXC13,"DNMT3B,HOXC13,JUN,SRF",4,-1.0252321364882337,1.0252321364882337
4,JUN+SMAD7+ZNF202+HOXC13,"HOXC13,JUN,SMAD7,ZNF202",4,-1.0249577533374858,1.0249577533374858
4,JUN+ATF4+FOXP3+PAX3,"ATF4,FOXP3,JUN,PAX3",4,-1.0249554150805982,1.0249554150805982
4,JUN+PAX3+SMAD7+HES1,"HES1,JUN,PAX3,SMAD7",4,-1.0249159299570345,1.0249159299570345
4,JUN+HES1+NFIA+SRF,"HES1,JUN,NFIA,SRF",4,-1.0249059068802686,1.0249059068802686
4,JUN+SFPQ+DNMT3B+NPM1,"DNMT3B,JUN,NPM1,SFPQ",4,-1.0247300102516987,1.0247300102516987
4,JUN+HEYL+SFPQ+ZNF165,"HEYL,JUN,SFPQ,ZNF165",4,-1.0246754891272076,1.0246754891272076
4,JUN+FOXP3+ZNF202+AEBP1,"AEBP1,FOXP3,JUN,ZNF202",4,-1.0246283456223604,1.0246283456223604
4,JUN+PAX3+NFIA+NPM1,"JUN,NFIA,NPM1,PAX3",4,-1.0246246974427737,1.0246246974427737
4,JUN+HEYL+NPM1+HOXC13,"HEYL,HOXC13,JUN,NPM1",4,-1.0244358368773756,1.0244358368773756
4,JUN+RARG+HES1+HOXC13,"HES1,HOXC13,JUN,RARG",4,-1.0243380066569547,1.0243380066569547
4,JUN+HES1+SRF+ZNF165,"HES1,JUN,SRF,ZNF165",4,-1.0240816556425207,1.0240816556425207
4,JUN+PAX3+SFPQ+DNMT3B,"DNMT3B,JUN,PAX3,SFPQ",4,-1.0240596955433343,1.0240596955433343
4,JUN+HEYL+RARG+AEBP1,"AEBP1,HEYL,JUN,RARG",4,-1.0238644883126542,1.0238644883126542
4,JUN+PAX3+NPM1+ZNF165,"JUN,NPM1,PAX3,ZNF165",4,-1.0238004462050259,1.0238004462050259
4,JUN+SFPQ+NFIA+ZNF202,"JUN,NFIA,SFPQ,ZNF202",4,-1.023775289315821,1.023775289315821
4,JUN+PAX3+HEYL+HOXC13,"HEYL,HOXC13,JUN,PAX3",4,-1.0237655221690112,1.0237655221690112
4,JUN+HEYL+SFPQ+HES1,"HES1,HEYL,JUN,SFPQ",4,-1.0235446053699713,1.0235446053699713
4,JUN+ATF4+RARG+NPM1,"ATF4,JUN,NPM1,RARG",4,-1.0231374214301214,1.0231374214301214
4,JUN+SFPQ+ZNF202+ZNF165,"JUN,SFPQ,ZNF165,ZNF202",4,-1.0229510380780729,1.0229510380780729
4,JUN+FOXP3+NFIA+ZNF165,"FOXP3,JUN,NFIA,ZNF165",4,-1.0228577557374723,1.0228577557374723
4,JUN+ATF4+HEYL+SRF,"ATF4,HEYL,JUN,SRF",4,-1.022846146379673,1.022846146379673
3,JUN+SMAD7+AEBP1,"AEBP1,JUN,SMAD7",3,-1.022814735922018,1.022814735922018
4,JUN+ZNF202+NPM1+HOXC13,"HOXC13,JUN,NPM1,ZNF202",4,-1.0227113858282408,1.0227113858282408
4,JUN+PAX3+HES1+NPM1,"HES1,JUN,NPM1,PAX3",4,-1.0226695624477893,1.0226695624477893
4,JUN+ATF4+PAX3+RARG,"ATF4,JUN,PAX3,RARG",4,-1.0224671067217572,1.0224671067217572
4,JUN+RARG+ZNF202+AEBP1,"AEBP1,JUN,RARG,ZNF202",4,-1.0221400372635194,1.0221400372635194
4,JUN+FOXP3+DNMT3B+HOXC13,"DNMT3B,FOXP3,HOXC13,JUN",4,-1.0220531015882006,1.0220531015882006
4,JUN+PAX3+ZNF202+HOXC13,"HOXC13,JUN,PAX3,ZNF202",4,-1.0220410711198764,1.0220410711198764
4,JUN+SFPQ+HES1+ZNF202,"HES1,JUN,SFPQ,ZNF202",4,-1.0218201543208365,1.0218201543208365
4,JUN+FOXP3+HES1+NFIA,"FOXP3,HES1,JUN,NFIA",4,-1.0217268719802357,1.0217268719802357
4,JUN+SMAD7+HEYL+NFIA,"HEYL,JUN,NFIA,SMAD7",4,-1.0215827613510609,1.0215827613510609
4,JUN+ATF4+ZNF202+SRF,"ATF4,JUN,SRF,ZNF202",4,-1.0211216953305382,1.0211216953305382
4,JUN+FOXP3+HES1+ZNF165,"FOXP3,HES1,JUN,ZNF165",4,-1.0209026207424878,1.0209026207424878
4,JUN+SMAD7+DNMT3B+NPM1,"DNMT3B,JUN,NPM1,SMAD7",4,-1.0208130312378039,1.0208130312378039
4,JUN+SMAD7+HEYL+ZNF165,"HEYL,JUN,SMAD7,ZNF165",4,-1.0207585101133128,1.0207585101133128
3,JUN+NPM1+AEBP1,"AEBP1,JUN,NPM1",3,-1.020568368412773,1.020568368412773
4,JUN+RARG+NFIA+ZNF165,"JUN,NFIA,RARG,ZNF165",4,-1.0203694473786313,1.0203694473786313
4,JUN+PAX3+SMAD7+DNMT3B,"DNMT3B,JUN,PAX3,SMAD7",4,-1.0201427165294394,1.0201427165294394
4,JUN+DNMT3B+NFIA+SRF,"DNMT3B,JUN,NFIA,SRF",4,-1.0201326934526738,1.0201326934526738
3,JUN+ATF4+SFPQ,"ATF4,JUN,SFPQ",3,-1.020046029744058,1.020046029744058
3,JUN+PAX3+AEBP1,"AEBP1,JUN,PAX3",3,-1.0198980537044087,1.0198980537044087
4,JUN+SMAD7+NFIA+ZNF202,"JUN,NFIA,SMAD7,ZNF202",4,-1.019858310301926,1.019858310301926
4,JUN+SFPQ+SRF+HOXC13,"HOXC13,JUN,SFPQ,SRF",4,-1.0198071281794605,1.0198071281794605
4,JUN+ATF4+FOXP3+HEYL,"ATF4,FOXP3,HEYL,JUN",4,-1.01966711147964,1.01966711147964
4,JUN+SMAD7+HEYL+HES1,"HES1,HEYL,JUN,SMAD7",4,-1.0196276263560764,1.0196276263560764
4,JUN+RARG+DNMT3B+HOXC13,"DNMT3B,HOXC13,JUN,RARG",4,-1.0195647932293597,1.0195647932293597
4,JUN+HEYL+NFIA+NPM1,"HEYL,JUN,NFIA,NPM1",4,-1.0193363938418156,1.0193363938418156
4,JUN+DNMT3B+SRF+ZNF165,"DNMT3B,JUN,SRF,ZNF165",4,-1.019308442214926,1.019308442214926
4,JUN+RARG+HES1+NFIA,"HES1,JUN,NFIA,RARG",4,-1.0192385636213948,1.0192385636213948
4,JUN+SMAD7+ZNF202+ZNF165,"JUN,SMAD7,ZNF165,ZNF202",4,-1.019034059064178,1.019034059064178
4,JUN+HEYL+SFPQ+DNMT3B,"DNMT3B,HEYL,JUN,SFPQ",4,-1.0187713919423762,1.0187713919423762
4,JUN+PAX3+HEYL+NFIA,"HEYL,JUN,NFIA,PAX3",4,-1.0186660791334514,1.0186660791334514
4,JUN+HEYL+NPM1+ZNF165,"HEYL,JUN,NPM1,ZNF165",4,-1.0185121426040677,1.0185121426040677
4,JUN+RARG+HES1+ZNF165,"HES1,JUN,RARG,ZNF165",4,-1.0184143123836469,1.0184143123836469
4,JUN+DNMT3B+HES1+SRF,"DNMT3B,HES1,JUN,SRF",4,-1.0181775584576893,1.0181775584576893
4,JUN+ATF4+FOXP3+ZNF202,"ATF4,FOXP3,JUN,ZNF202",4,-1.0179426604305053,1.0179426604305053
4,JUN+SMAD7+HES1+ZNF202,"HES1,JUN,SMAD7,ZNF202",4,-1.0179031753069416,1.0179031753069416
4,JUN+PAX3+DNMT3B+NPM1,"DNMT3B,JUN,NPM1,PAX3",4,-1.0178963490201944,1.0178963490201944
4,JUN+PAX3+HEYL+ZNF165,"HEYL,JUN,PAX3,ZNF165",4,-1.0178418278957033,1.0178418278957033
4,JUN+NFIA+ZNF202+NPM1,"JUN,NFIA,NPM1,ZNF202",4,-1.0176119427926809,1.0176119427926809
4,JUN+HEYL+HES1+NPM1,"HES1,HEYL,JUN,NPM1",4,-1.0173812588468312,1.0173812588468312
2,JUN+ZBTB20,"JUN,ZBTB20",2,-1.017255690889778,1.017255690889778
4,JUN+ATF4+HEYL+RARG,"ATF4,HEYL,JUN,RARG",4,-1.0171788031207991,1.0171788031207991
4,JUN+SFPQ+DNMT3B+ZNF202,"DNMT3B,JUN,SFPQ,ZNF202",4,-1.0170469408932417,1.0170469408932417
3,JUN+NFIA+HOXC13,"HOXC13,JUN,NFIA",3,-1.0170384034427356,1.0170384034427356
4,JUN+FOXP3+DNMT3B+NFIA,"DNMT3B,FOXP3,JUN,NFIA",4,-1.0169536585526409,1.0169536585526409
4,JUN+PAX3+NFIA+ZNF202,"JUN,NFIA,PAX3,ZNF202",4,-1.0169416280843167,1.0169416280843167
4,JUN+ZNF202+NPM1+ZNF165,"JUN,NPM1,ZNF165,ZNF202",4,-1.016787691554933,1.016787691554933
4,JUN+HEYL+ZNF202+HOXC13,"HEYL,HOXC13,JUN,ZNF202",4,-1.0167527675189183,1.0167527675189183
4,JUN+PAX3+HEYL+HES1,"HES1,HEYL,JUN,PAX3",4,-1.016710944138467,1.016710944138467
4,JUN+FOXP3+SFPQ+HOXC13,"FOXP3,HOXC13,JUN,SFPQ",4,-1.0166280932794274,1.0166280932794274
3,JUN+HOXC13+ZNF165,"HOXC13,JUN,ZNF165",3,-1.0162141522049875,1.0162141522049875
4,JUN+FOXP3+DNMT3B+ZNF165,"DNMT3B,FOXP3,JUN,ZNF165",4,-1.0161294073148928,1.0161294073148928
3,JUN+ATF4+SMAD7,"ATF4,JUN,SMAD7",3,-1.016129050730163,1.016129050730163
4,JUN+PAX3+ZNF202+ZNF165,"JUN,PAX3,ZNF165,ZNF202",4,-1.0161173768465686,1.0161173768465686
4,JUN+SMAD7+SRF+HOXC13,"HOXC13,JUN,SMAD7,SRF",4,-1.0158901491655656,1.0158901491655656
4,JUN+HES1+ZNF202+NPM1,"HES1,JUN,NPM1,ZNF202",4,-1.0156568077976964,1.0156568077976964
4,JUN+FOXP3+SRF+AEBP1,"AEBP1,FOXP3,JUN,SRF",4,-1.0155607414504402,1.0155607414504402
4,JUN+ATF4+RARG+ZNF202,"ATF4,JUN,RARG,ZNF202",4,-1.0154543520716643,1.0154543520716643
4,JUN+SMAD7+SFPQ+NPM1,"JUN,NPM1,SFPQ,SMAD7",4,-1.0153880229290306,1.0153880229290306
3,JUN+HES1+HOXC13,"HES1,HOXC13,JUN",3,-1.015083268447751,1.015083268447751
4,JUN+FOXP3+DNMT3B+HES1,"DNMT3B,FOXP3,HES1,JUN",4,-1.0149985235576564,1.0149985235576564
4,JUN+PAX3+HES1+ZNF202,"HES1,JUN,PAX3,ZNF202",4,-1.0149864930893322,1.0149864930893322
4,JUN+SMAD7+HEYL+DNMT3B,"DNMT3B,HEYL,JUN,SMAD7",4,-1.0148544129284813,1.0148544129284813
4,JUN+PAX3+SMAD7+SFPQ,"JUN,PAX3,SFPQ,SMAD7",4,-1.0147177082206664,1.0147177082206664
4,JUN+SFPQ+NFIA+SRF,"JUN,NFIA,SFPQ,SRF",4,-1.0147076851439005,1.0147076851439005
3,JUN+HEYL+AEBP1,"AEBP1,HEYL,JUN",3,-1.0146097501034506,1.0146097501034506
4,JUN+RARG+DNMT3B+NFIA,"DNMT3B,JUN,NFIA,RARG",4,-1.0144653501938,1.0144653501938
4,JUN+RARG+SFPQ+HOXC13,"HOXC13,JUN,RARG,SFPQ",4,-1.0141397849205864,1.0141397849205864
4,JUN+SFPQ+SRF+ZNF165,"JUN,SFPQ,SRF,ZNF165",4,-1.0138834339061527,1.0138834339061527
3,JUN+ATF4+NPM1,"ATF4,JUN,NPM1",3,-1.0138826832209178,1.0138826832209178
4,JUN+SRF+NPM1+HOXC13,"HOXC13,JUN,NPM1,SRF",4,-1.0136437816563204,1.0136437816563204
4,JUN+RARG+DNMT3B+ZNF165,"DNMT3B,JUN,RARG,ZNF165",4,-1.0136410989560518,1.0136410989560518
3,JUN+ATF4+PAX3,"ATF4,JUN,PAX3",3,-1.0132123685125536,1.0132123685125536
4,JUN+SMAD7+DNMT3B+ZNF202,"DNMT3B,JUN,SMAD7,ZNF202",4,-1.0131299618793468,1.0131299618793468
4,JUN+RARG+SRF+AEBP1,"AEBP1,JUN,RARG,SRF",4,-1.0130724330915992,1.0130724330915992
4,JUN+PAX3+SRF+HOXC13,"HOXC13,JUN,PAX3,SRF",4,-1.0129734669479562,1.0129734669479562
3,JUN+ZNF202+AEBP1,"AEBP1,JUN,ZNF202",3,-1.0128852990543158,1.0128852990543158
4,JUN+SFPQ+HES1+SRF,"HES1,JUN,SFPQ,SRF",4,-1.012752550148916,1.012752550148916
4,JUN+FOXP3+SMAD7+HOXC13,"FOXP3,HOXC13,JUN,SMAD7",4,-1.0127111142655325,1.0127111142655325
4,JUN+HEYL+DNMT3B+NPM1,"DNMT3B,HEYL,JUN,NPM1",4,-1.0126080454192363,1.0126080454192363
4,JUN+RARG+DNMT3B+HES1,"DNMT3B,HES1,JUN,RARG",4,-1.0125102151988155,1.0125102151988155
4,JUN+PAX3+SFPQ+NPM1,"JUN,NPM1,PAX3,SFPQ",4,-1.0124713407114212,1.0124713407114212
4,JUN+PAX3+HEYL+DNMT3B,"DNMT3B,HEYL,JUN,PAX3",4,-1.011937730710872,1.011937730710872
4,JUN+HEYL+NFIA+ZNF202,"HEYL,JUN,NFIA,ZNF202",4,-1.0116533244833585,1.0116533244833585
4,JUN+FOXP3+SFPQ+NFIA,"FOXP3,JUN,NFIA,SFPQ",4,-1.0115286502438676,1.0115286502438676
3,JUN+NFIA+ZNF165,"JUN,NFIA,ZNF165",3,-1.0111147091694277,1.0111147091694277
4,JUN+DNMT3B+ZNF202+NPM1,"DNMT3B,JUN,NPM1,ZNF202",4,-1.0108835943701016,1.0108835943701016
4,JUN+HEYL+ZNF202+ZNF165,"HEYL,JUN,ZNF165,ZNF202",4,-1.0108290732456104,1.0108290732456104
4,JUN+SMAD7+NFIA+SRF,"JUN,NFIA,SMAD7,SRF",4,-1.0107907061300057,1.0107907061300057
4,JUN+FOXP3+SFPQ+ZNF165,"FOXP3,JUN,SFPQ,ZNF165",4,-1.0107043990061195,1.0107043990061195
4,JUN+FOXP3+NPM1+HOXC13,"FOXP3,HOXC13,JUN,NPM1",4,-1.0104647467562875,1.0104647467562875
3,JUN+DNMT3B+HOXC13,"DNMT3B,HOXC13,JUN",3,-1.010310055020156,1.010310055020156
4,JUN+SMAD7+RARG+HOXC13,"HOXC13,JUN,RARG,SMAD7",4,-1.0102228059066916,1.0102228059066916
4,JUN+PAX3+DNMT3B+ZNF202,"DNMT3B,JUN,PAX3,ZNF202",4,-1.0102132796617374,1.0102132796617374
3,JUN+HES1+NFIA,"HES1,JUN,NFIA",3,-1.0099838254121911,1.0099838254121911
4,JUN+SMAD7+SRF+ZNF165,"JUN,SMAD7,SRF,ZNF165",4,-1.0099664548922578,1.0099664548922578
4,JUN+FOXP3+RARG+AEBP1,"AEBP1,FOXP3,JUN,RARG",4,-1.009893398191566,1.009893398191566
4,JUN+FOXP3+PAX3+HOXC13,"FOXP3,HOXC13,JUN,PAX3",4,-1.009794432047923,1.009794432047923
4,JUN+HEYL+HES1+ZNF202,"HES1,HEYL,JUN,ZNF202",4,-1.009698189488374,1.009698189488374
4,JUN+FOXP3+SFPQ+HES1,"FOXP3,HES1,JUN,SFPQ",4,-1.0095735152488832,1.0095735152488832
4,JUN+SMAD7+HEYL+SFPQ,"HEYL,JUN,SFPQ,SMAD7",4,-1.0094294046197083,1.0094294046197083
3,JUN+HES1+ZNF165,"HES1,JUN,ZNF165",3,-1.0091595741744432,1.0091595741744432
4,JUN+RARG+SFPQ+NFIA,"JUN,NFIA,RARG,SFPQ",4,-1.0090403418850267,1.0090403418850267
4,JUN+ATF4+FOXP3+SRF,"ATF4,FOXP3,JUN,SRF",4,-1.0088750562585849,1.0088750562585849
4,JUN+SMAD7+HES1+SRF,"HES1,JUN,SMAD7,SRF",4,-1.0088355711350212,1.0088355711350212
4,JUN+PAX3+SMAD7+NPM1,"JUN,NPM1,PAX3,SMAD7",4,-1.0085543616975263,1.0085543616975263
4,JUN+NFIA+SRF+NPM1,"JUN,NFIA,NPM1,SRF",4,-1.0085443386207606,1.0085443386207606
4,JUN+RARG+SFPQ+ZNF165,"JUN,RARG,SFPQ,ZNF165",4,-1.0082160906472786,1.0082160906472786
4,JUN+SFPQ+DNMT3B+SRF,"DNMT3B,JUN,SFPQ,SRF",4,-1.0079793367213212,1.0079793367213212
4,JUN+RARG+NPM1+HOXC13,"HOXC13,JUN,NPM1,RARG",4,-1.0079764383974466,1.0079764383974466
3,JUN+ATF4+HEYL,"ATF4,HEYL,JUN",3,-1.0079240649115955,1.0079240649115955
4,JUN+PAX3+NFIA+SRF,"JUN,NFIA,PAX3,SRF",4,-1.0078740239123962,1.0078740239123962
4,JUN+SRF+NPM1+ZNF165,"JUN,NPM1,SRF,ZNF165",4,-1.0077200873830126,1.0077200873830126
4,JUN+SMAD7+SFPQ+ZNF202,"JUN,SFPQ,SMAD7,ZNF202",4,-1.0077049535705735,1.0077049535705735
4,JUN+HEYL+SRF+HOXC13,"HEYL,HOXC13,JUN,SRF",4,-1.007685163346998,1.007685163346998
4,JUN+FOXP3+SMAD7+NFIA,"FOXP3,JUN,NFIA,SMAD7",4,-1.0076116712299727,1.0076116712299727
4,JUN+PAX3+RARG+HOXC13,"HOXC13,JUN,PAX3,RARG",4,-1.0073061236890821,1.0073061236890821
4,JUN+HEYL+SFPQ+NPM1,"HEYL,JUN,NPM1,SFPQ",4,-1.007183037110463,1.007183037110463
4,JUN+RARG+SFPQ+HES1,"HES1,JUN,RARG,SFPQ",4,-1.0070852068900422,1.0070852068900422
4,JUN+PAX3+SRF+ZNF165,"JUN,PAX3,SRF,ZNF165",4,-1.0070497726746483,1.0070497726746483
4,JUN+FOXP3+SMAD7+ZNF165,"FOXP3,JUN,SMAD7,ZNF165",4,-1.0067874199922247,1.0067874199922247
4,JUN+HES1+SRF+NPM1,"HES1,JUN,NPM1,SRF",4,-1.0065892036257762,1.0065892036257762
4,JUN+PAX3+HEYL+SFPQ,"HEYL,JUN,PAX3,SFPQ",4,-1.0065127224020989,1.0065127224020989
4,JUN+ATF4+RARG+SRF,"ATF4,JUN,RARG,SRF",4,-1.006386747899744,1.006386747899744
3,JUN+ATF4+ZNF202,"ATF4,JUN,ZNF202",3,-1.0061996138624607,1.0061996138624607
4,JUN+ZNF202+SRF+HOXC13,"HOXC13,JUN,SRF,ZNF202",4,-1.0059607122978633,1.0059607122978633
4,JUN+PAX3+HES1+SRF,"HES1,JUN,PAX3,SRF",4,-1.0059188889174118,1.0059188889174118
4,JUN+FOXP3+SMAD7+HES1,"FOXP3,HES1,JUN,SMAD7",4,-1.0056565362349883,1.0056565362349883
4,JUN+SFPQ+ZNF202+NPM1,"JUN,NPM1,SFPQ,ZNF202",4,-1.0054585860613283,1.0054585860613283
4,JUN+FOXP3+NFIA+NPM1,"FOXP3,JUN,NFIA,NPM1",4,-1.0053653037207275,1.0053653037207275
3,JUN+DNMT3B+NFIA,"DNMT3B,JUN,NFIA",3,-1.0052106119845963,1.0052106119845963
4,JUN+SMAD7+RARG+NFIA,"JUN,NFIA,RARG,SMAD7",4,-1.0051233628711318,1.0051233628711318
4,JUN+HEYL+DNMT3B+ZNF202,"DNMT3B,HEYL,JUN,ZNF202",4,-1.0049249760607792,1.0049249760607792
3,JUN+SFPQ+HOXC13,"HOXC13,JUN,SFPQ",3,-1.0048850467113828,1.0048850467113828
4,JUN+FOXP3+SFPQ+DNMT3B,"DNMT3B,FOXP3,JUN,SFPQ",4,-1.004800301821288,1.004800301821288
4,JUN+PAX3+SFPQ+ZNF202,"JUN,PAX3,SFPQ,ZNF202",4,-1.0047882713529641,1.0047882713529641
4,JUN+FOXP3+PAX3+NFIA,"FOXP3,JUN,NFIA,PAX3",4,-1.0046949890123633,1.0046949890123633
4,JUN+FOXP3+NPM1+ZNF165,"FOXP3,JUN,NPM1,ZNF165",4,-1.0045410524829796,1.0045410524829796
4,JUN+FOXP3+HEYL+HOXC13,"FOXP3,HEYL,HOXC13,JUN",4,-1.004506128446965,1.004506128446965
3,JUN+DNMT3B+ZNF165,"DNMT3B,JUN,ZNF165",3,-1.0043863607468482,1.0043863607468482
4,JUN+SMAD7+RARG+ZNF165,"JUN,RARG,SMAD7,ZNF165",4,-1.0042991116333837,1.0042991116333837
4,JUN+SMAD7+DNMT3B+SRF,"DNMT3B,JUN,SMAD7,SRF",4,-1.0040623577074264,1.0040623577074264
4,JUN+FOXP3+PAX3+ZNF165,"FOXP3,JUN,PAX3,ZNF165",4,-1.0038707377746152,1.0038707377746152
3,JUN+SRF+AEBP1,"AEBP1,JUN,SRF",3,-1.0038176948823956,1.0038176948823956
4,JUN+FOXP3+HES1+NPM1,"FOXP3,HES1,JUN,NPM1",4,-1.003410168725743,1.003410168725743
4,JUN+SMAD7+HEYL+NPM1,"HEYL,JUN,NPM1,SMAD7",4,-1.0032660580965682,1.0032660580965682
3,JUN+DNMT3B+HES1,"DNMT3B,HES1,JUN",3,-1.0032554769896118,1.0032554769896118
4,JUN+ATF4+FOXP3+RARG,"ATF4,FOXP3,JUN,RARG",4,-1.003207712999711,1.003207712999711
4,JUN+SMAD7+RARG+HES1,"HES1,JUN,RARG,SMAD7",4,-1.0031682278761473,1.0031682278761473
4,JUN+RARG+NFIA+NPM1,"JUN,NFIA,NPM1,RARG",4,-1.0028769953618866,1.0028769953618866
4,JUN+FOXP3+ZNF202+HOXC13,"FOXP3,HOXC13,JUN,ZNF202",4,-1.0027816773978302,1.0027816773978302
4,JUN+FOXP3+PAX3+HES1,"FOXP3,HES1,JUN,PAX3",4,-1.0027398540173789,1.0027398540173789
4,JUN+PAX3+SMAD7+HEYL,"HEYL,JUN,PAX3,SMAD7",4,-1.0025957433882038,1.0025957433882038
4,JUN+HEYL+NFIA+SRF,"HEYL,JUN,NFIA,SRF",4,-1.0025857203114381,1.0025857203114381
4,JUN+RARG+SFPQ+DNMT3B,"DNMT3B,JUN,RARG,SFPQ",4,-1.0023119934624471,1.0023119934624471
4,JUN+PAX3+RARG+NFIA,"JUN,NFIA,PAX3,RARG",4,-1.0022066806535224,1.0022066806535224
4,JUN+RARG+NPM1+ZNF165,"JUN,NPM1,RARG,ZNF165",4,-1.0020527441241387,1.0020527441241387
4,JUN+HEYL+RARG+HOXC13,"HEYL,HOXC13,JUN,RARG",4,-1.002017820088124,1.002017820088124
4,JUN+DNMT3B+SRF+NPM1,"DNMT3B,JUN,NPM1,SRF",4,-1.0018159901981811,1.0018159901981811
4,JUN+HEYL+SRF+ZNF165,"HEYL,JUN,SRF,ZNF165",4,-1.0017614690736902,1.0017614690736902
4,JUN+SMAD7+ZNF202+NPM1,"JUN,NPM1,SMAD7,ZNF202",4,-1.0015416070474334,1.0015416070474334
4,JUN+PAX3+RARG+ZNF165,"JUN,PAX3,RARG,ZNF165",4,-1.0013824294157743,1.0013824294157743
4,JUN+PAX3+DNMT3B+SRF,"DNMT3B,JUN,PAX3,SRF",4,-1.001145675489817,1.001145675489817
3,JUN+SMAD7+HOXC13,"HOXC13,JUN,SMAD7",3,-1.000968067697488,1.000968067697488
4,JUN+RARG+HES1+NPM1,"HES1,JUN,NPM1,RARG",4,-1.0009218603669021,1.0009218603669021
4,JUN+FOXP3+SMAD7+DNMT3B,"DNMT3B,FOXP3,JUN,SMAD7",4,-1.0008833228073932,1.0008833228073932
4,JUN+PAX3+SMAD7+ZNF202,"JUN,PAX3,SMAD7,ZNF202",4,-1.0008712923390692,1.0008712923390692
4,JUN+NFIA+ZNF202+SRF,"JUN,NFIA,SRF,ZNF202",4,-1.0008612692623033,1.0008612692623033
3,JUN+FOXP3+AEBP1,"AEBP1,FOXP3,JUN",3,-1.0006386599823625,1.0006386599823625
4,JUN+HEYL+HES1+SRF,"HES1,HEYL,JUN,SRF",4,-1.0006305853164537,1.0006305853164537
4,JUN+PAX3+HEYL+NPM1,"HEYL,JUN,NPM1,PAX3",4,-1.0003493758789588,1.0003493758789588
4,JUN+RARG+ZNF202+HOXC13,"HOXC13,JUN,RARG,ZNF202",4,-1.0002933690389892,1.0002933690389892
4,JUN+PAX3+RARG+HES1,"HES1,JUN,PAX3,RARG",4,-1.000251545658538,1.000251545658538
4,JUN+ZNF202+SRF+ZNF165,"JUN,SRF,ZNF165,ZNF202",4,-1.0000370180245555,1.0000370180245555
3,JUN+SFPQ+NFIA,"JUN,NFIA,SFPQ",3,-0.999785603675823,0.999785603675823
4,JUN+HEYL+SFPQ+ZNF202,"HEYL,JUN,SFPQ,ZNF202",4,-0.9994999677520059,0.9994999677520059
4,JUN+FOXP3+HEYL+NFIA,"FOXP3,HEYL,JUN,NFIA",4,-0.9994066854114052,0.9994066854114052
3,JUN+SFPQ+ZNF165,"JUN,SFPQ,ZNF165",3,-0.998961352438075,0.998961352438075
4,JUN+HES1+ZNF202+SRF,"HES1,JUN,SRF,ZNF202",4,-0.998906134267319,0.998906134267319
3,JUN+NPM1+HOXC13,"HOXC13,JUN,NPM1",3,-0.9987217001882428,0.9987217001882428
4,JUN+SMAD7+SFPQ+SRF,"JUN,SFPQ,SMAD7,SRF",4,-0.9986373493986531,0.9986373493986531
4,JUN+FOXP3+DNMT3B+NPM1,"DNMT3B,FOXP3,JUN,NPM1",4,-0.9986369552981482,0.9986369552981482
4,JUN+PAX3+ZNF202+NPM1,"JUN,NPM1,PAX3,ZNF202",4,-0.998624924829824,0.998624924829824
4,JUN+FOXP3+HEYL+ZNF165,"FOXP3,HEYL,JUN,ZNF165",4,-0.9985824341736572,0.9985824341736572
4,JUN+SMAD7+RARG+DNMT3B,"DNMT3B,JUN,RARG,SMAD7",4,-0.9983950144485524,0.9983950144485524
3,JUN+RARG+AEBP1,"AEBP1,JUN,RARG",3,-0.9981503516235216,0.9981503516235216
3,JUN+PAX3+HOXC13,"HOXC13,JUN,PAX3",3,-0.9980513854798785,0.9980513854798785
4,JUN+FOXP3+PAX3+DNMT3B,"DNMT3B,FOXP3,JUN,PAX3",4,-0.9979666405897839,0.9979666405897839
3,JUN+SFPQ+HES1,"HES1,JUN,SFPQ",3,-0.9978304686808386,0.9978304686808386
4,JUN+FOXP3+NFIA+ZNF202,"FOXP3,JUN,NFIA,ZNF202",4,-0.9976822343622704,0.9976822343622704
4,JUN+FOXP3+HEYL+HES1,"FOXP3,HES1,HEYL,JUN",4,-0.9974515504164208,0.9974515504164208
3,JUN+ATF4+SRF,"ATF4,JUN,SRF",3,-0.9971320096905404,0.9971320096905404
4,JUN+HEYL+RARG+NFIA,"HEYL,JUN,NFIA,RARG",4,-0.9969183770525643,0.9969183770525643
4,JUN+FOXP3+ZNF202+ZNF165,"FOXP3,JUN,ZNF165,ZNF202",4,-0.9968579831245225,0.9968579831245225
4,JUN+SFPQ+SRF+NPM1,"JUN,NPM1,SFPQ,SRF",4,-0.996390981889408,0.996390981889408
4,JUN+RARG+DNMT3B+NPM1,"DNMT3B,JUN,NPM1,RARG",4,-0.9961486469393073,0.9961486469393073
4,JUN+HEYL+RARG+ZNF165,"HEYL,JUN,RARG,ZNF165",4,-0.9960941258148163,0.9960941258148163
3,JUN+SMAD7+NFIA,"JUN,NFIA,SMAD7",3,-0.9958686246619282,0.9958686246619282
4,JUN+HEYL+DNMT3B+SRF,"DNMT3B,HEYL,JUN,SRF",4,-0.9958573718888588,0.9958573718888588
4,JUN+FOXP3+HES1+ZNF202,"FOXP3,HES1,JUN,ZNF202",4,-0.995727099367286,0.995727099367286
4,JUN+PAX3+SFPQ+SRF,"JUN,PAX3,SFPQ,SRF",4,-0.9957206671810437,0.9957206671810437
4,JUN+SMAD7+HEYL+ZNF202,"HEYL,JUN,SMAD7,ZNF202",4,-0.995582988738111,0.995582988738111
4,JUN+PAX3+RARG+DNMT3B,"DNMT3B,JUN,PAX3,RARG",4,-0.995478332230943,0.995478332230943
4,JUN+FOXP3+SMAD7+SFPQ,"FOXP3,JUN,SFPQ,SMAD7",4,-0.9954583144986201,0.9954583144986201
4,JUN+RARG+NFIA+ZNF202,"JUN,NFIA,RARG,ZNF202",4,-0.9951939260034295,0.9951939260034295
3,JUN+SMAD7+ZNF165,"JUN,SMAD7,ZNF165",3,-0.9950443734241802,0.9950443734241802
4,JUN+HEYL+RARG+HES1,"HES1,HEYL,JUN,RARG",4,-0.9949632420575798,0.9949632420575798
4,JUN+RARG+ZNF202+ZNF165,"JUN,RARG,ZNF165,ZNF202",4,-0.9943696747656815,0.9943696747656815
4,JUN+DNMT3B+ZNF202+SRF,"DNMT3B,JUN,SRF,ZNF202",4,-0.994132920839724,0.994132920839724
3,JUN+ATF4+FOXP3,"ATF4,FOXP3,JUN",3,-0.9939529747905074,0.9939529747905074
3,JUN+SMAD7+HES1,"HES1,JUN,SMAD7",3,-0.9939134896669437,0.9939134896669437
4,JUN+FOXP3+SRF+HOXC13,"FOXP3,HOXC13,JUN,SRF",4,-0.9937140732259099,0.9937140732259099
3,JUN+NFIA+NPM1,"JUN,NFIA,NPM1",3,-0.993622257152683,0.993622257152683
4,JUN+HEYL+ZNF202+NPM1,"HEYL,JUN,NPM1,ZNF202",4,-0.9933366212288659,0.9933366212288659
4,JUN+RARG+HES1+ZNF202,"HES1,JUN,RARG,ZNF202",4,-0.993238791008445,0.993238791008445
4,JUN+FOXP3+SFPQ+NPM1,"FOXP3,JUN,NPM1,SFPQ",4,-0.993211946989375,0.993211946989375
3,JUN+SFPQ+DNMT3B,"DNMT3B,JUN,SFPQ",3,-0.9930572552532436,0.9930572552532436
4,JUN+SMAD7+RARG+SFPQ,"JUN,RARG,SFPQ,SMAD7",4,-0.9929700061397791,0.9929700061397791
3,JUN+PAX3+NFIA,"JUN,NFIA,PAX3",3,-0.9929519424443187,0.9929519424443187
3,JUN+NPM1+ZNF165,"JUN,NPM1,ZNF165",3,-0.9927980059149351,0.9927980059149351
3,JUN+HEYL+HOXC13,"HEYL,HOXC13,JUN",3,-0.9927630818789204,0.9927630818789204
4,JUN+FOXP3+HEYL+DNMT3B,"DNMT3B,FOXP3,HEYL,JUN",4,-0.9926783369888258,0.9926783369888258
4,JUN+PAX3+HEYL+ZNF202,"HEYL,JUN,PAX3,ZNF202",4,-0.9926663065205016,0.9926663065205016
4,JUN+FOXP3+PAX3+SFPQ,"FOXP3,JUN,PAX3,SFPQ",4,-0.9925416322810107,0.9925416322810107
4,JUN+SMAD7+SRF+NPM1,"JUN,NPM1,SMAD7,SRF",4,-0.9924740028755131,0.9924740028755131
3,JUN+PAX3+ZNF165,"JUN,PAX3,ZNF165",3,-0.9921276912065707,0.9921276912065707
4,JUN+PAX3+SMAD7+SRF,"JUN,PAX3,SMAD7,SRF",4,-0.9918036881671488,0.9918036881671488
3,JUN+HES1+NPM1,"HES1,JUN,NPM1",3,-0.9916671221576986,0.9916671221576986
3,JUN+ATF4+RARG,"ATF4,JUN,RARG",3,-0.9914646664316664,0.9914646664316664
4,JUN+RARG+SRF+HOXC13,"HOXC13,JUN,RARG,SRF",4,-0.9912257648670689,0.9912257648670689
3,JUN+ZNF202+HOXC13,"HOXC13,JUN,ZNF202",3,-0.9910386308297856,0.9910386308297856
3,JUN+PAX3+HES1,"HES1,JUN,PAX3",3,-0.9909968074493343,0.9909968074493343
4,JUN+FOXP3+DNMT3B+ZNF202,"DNMT3B,FOXP3,JUN,ZNF202",4,-0.990953885939691,0.990953885939691
4,JUN+RARG+SFPQ+NPM1,"JUN,NPM1,RARG,SFPQ",4,-0.990723638630534,0.990723638630534
4,JUN+HEYL+SFPQ+SRF,"HEYL,JUN,SFPQ,SRF",4,-0.9904323635800856,0.9904323635800856
4,JUN+HEYL+RARG+DNMT3B,"DNMT3B,HEYL,JUN,RARG",4,-0.9901900286299848,0.9901900286299848
4,JUN+PAX3+RARG+SFPQ,"JUN,PAX3,RARG,SFPQ",4,-0.9900533239221697,0.9900533239221697
4,JUN+PAX3+SRF+NPM1,"JUN,NPM1,PAX3,SRF",4,-0.9895573206579037,0.9895573206579037
4,JUN+FOXP3+SMAD7+NPM1,"FOXP3,JUN,NPM1,SMAD7",4,-0.9892949679754801,0.9892949679754801
3,JUN+SMAD7+DNMT3B,"DNMT3B,JUN,SMAD7",3,-0.9891402762393487,0.9891402762393487
2,JUN+AEBP1,"AEBP1,JUN",2,-0.988895613414318,0.988895613414318
4,JUN+SFPQ+ZNF202+SRF,"JUN,SFPQ,SRF,ZNF202",4,-0.9887079125309508,0.9887079125309508
4,JUN+FOXP3+PAX3+SMAD7,"FOXP3,JUN,PAX3,SMAD7",4,-0.9886246532671158,0.9886246532671158
4,JUN+FOXP3+NFIA+SRF,"FOXP3,JUN,NFIA,SRF",4,-0.9886146301903501,0.9886146301903501
4,JUN+RARG+DNMT3B+ZNF202,"DNMT3B,JUN,RARG,ZNF202",4,-0.9884655775808501,0.9884655775808501
4,JUN+FOXP3+RARG+HOXC13,"FOXP3,HOXC13,JUN,RARG",4,-0.9880467299670359,0.9880467299670359
4,JUN+FOXP3+SRF+ZNF165,"FOXP3,JUN,SRF,ZNF165",4,-0.9877903789526021,0.9877903789526021
3,JUN+HEYL+NFIA,"HEYL,JUN,NFIA",3,-0.9876636388433606,0.9876636388433606
4,JUN+FOXP3+HEYL+SFPQ,"FOXP3,HEYL,JUN,SFPQ",4,-0.9872533286800526,0.9872533286800526
3,JUN+DNMT3B+NPM1,"DNMT3B,JUN,NPM1",3,-0.9868939087301036,0.9868939087301036
3,JUN+HEYL+ZNF165,"HEYL,JUN,ZNF165",3,-0.9868393876056126,0.9868393876056126
4,JUN+SMAD7+RARG+NPM1,"JUN,NPM1,RARG,SMAD7",4,-0.9868066596166392,0.9868066596166392
4,JUN+FOXP3+HES1+SRF,"FOXP3,HES1,JUN,SRF",4,-0.9866594951953657,0.9866594951953657
4,JUN+SMAD7+HEYL+SRF,"HEYL,JUN,SMAD7,SRF",4,-0.9865153845661907,0.9865153845661907
4,JUN+FOXP3+PAX3+NPM1,"FOXP3,JUN,NPM1,PAX3",4,-0.9863782857578707,0.9863782857578707
3,JUN+PAX3+DNMT3B,"DNMT3B,JUN,PAX3",3,-0.9862235940217393,0.9862235940217393
4,JUN+PAX3+SMAD7+RARG,"JUN,PAX3,RARG,SMAD7",4,-0.9861363449082748,0.9861363449082748
4,JUN+RARG+NFIA+SRF,"JUN,NFIA,RARG,SRF",4,-0.9861263218315092,0.9861263218315092
3,JUN+NFIA+ZNF202,"JUN,NFIA,ZNF202",3,-0.9859391877942258,0.9859391877942258
3,JUN+HEYL+HES1,"HES1,HEYL,JUN",3,-0.9857085038483762,0.9857085038483762
4,JUN+FOXP3+SFPQ+ZNF202,"FOXP3,JUN,SFPQ,ZNF202",4,-0.9855288776309178,0.9855288776309178
4,JUN+RARG+SRF+ZNF165,"JUN,RARG,SRF,ZNF165",4,-0.9853020705937612,0.9853020705937612
3,JUN+ZNF202+ZNF165,"JUN,ZNF165,ZNF202",3,-0.9851149365564779,0.9851149365564779
4,JUN+SMAD7+ZNF202+SRF,"JUN,SMAD7,SRF,ZNF202",4,-0.9847909335170559,0.9847909335170559
4,JUN+HEYL+RARG+SFPQ,"HEYL,JUN,RARG,SFPQ",4,-0.9847650203212116,0.9847650203212116
4,JUN+HEYL+SRF+NPM1,"HEYL,JUN,NPM1,SRF",4,-0.9842690170569456,0.9842690170569456
4,JUN+RARG+HES1+SRF,"HES1,JUN,RARG,SRF",4,-0.9841711868365247,0.9841711868365247
3,JUN+HES1+ZNF202,"HES1,JUN,ZNF202",3,-0.9839840527992414,0.9839840527992414
4,JUN+PAX3+RARG+NPM1,"JUN,NPM1,PAX3,RARG",4,-0.9838899773990297,0.9838899773990297
3,JUN+SMAD7+SFPQ,"JUN,SFPQ,SMAD7",3,-0.9837152679305755,0.9837152679305755
4,JUN+PAX3+HEYL+SRF,"HEYL,JUN,PAX3,SRF",4,-0.9835987023485813,0.9835987023485813
4,JUN+FOXP3+SMAD7+HEYL,"FOXP3,HEYL,JUN,SMAD7",4,-0.9833363496661577,0.9833363496661577
4,JUN+RARG+SFPQ+ZNF202,"JUN,RARG,SFPQ,ZNF202",4,-0.9830405692720768,0.9830405692720768
4,JUN+FOXP3+RARG+NFIA,"FOXP3,JUN,NFIA,RARG",4,-0.9829472869314761,0.9829472869314761
4,JUN+ZNF202+SRF+NPM1,"JUN,NPM1,SRF,ZNF202",4,-0.9825445660078108,0.9825445660078108
2,JUN+ATF4,"ATF4,JUN",2,-0.9822099282224628,0.9822099282224628
4,JUN+FOXP3+RARG+ZNF165,"FOXP3,JUN,RARG,ZNF165",4,-0.9821230356937282,0.9821230356937282
3,JUN+SRF+HOXC13,"HOXC13,JUN,SRF",3,-0.9819710266578653,0.9819710266578653
4,JUN+FOXP3+DNMT3B+SRF,"DNMT3B,FOXP3,JUN,SRF",4,-0.9818862817677707,0.9818862817677707
4,JUN+PAX3+ZNF202+SRF,"JUN,PAX3,SRF,ZNF202",4,-0.9818742512994465,0.9818742512994465
4,JUN+FOXP3+SMAD7+ZNF202,"FOXP3,JUN,SMAD7,ZNF202",4,-0.9816118986170229,0.9816118986170229
3,JUN+SFPQ+NPM1,"JUN,NPM1,SFPQ",3,-0.9814689004213304,0.9814689004213304
4,JUN+FOXP3+HEYL+NPM1,"FOXP3,HEYL,JUN,NPM1",4,-0.9810899821569126,0.9810899821569126
4,JUN+FOXP3+RARG+HES1,"FOXP3,HES1,JUN,RARG",4,-0.9809921519364917,0.9809921519364917
3,JUN+HEYL+DNMT3B,"DNMT3B,HEYL,JUN",3,-0.9809352904207812,0.9809352904207812
4,JUN+SMAD7+HEYL+RARG,"HEYL,JUN,RARG,SMAD7",4,-0.9808480413073167,0.9808480413073167
3,JUN+PAX3+SFPQ,"JUN,PAX3,SFPQ",3,-0.9807985857129661,0.9807985857129661
4,JUN+FOXP3+PAX3+HEYL,"FOXP3,HEYL,JUN,PAX3",4,-0.9804196674485482,0.9804196674485482
4,JUN+RARG+DNMT3B+SRF,"DNMT3B,JUN,RARG,SRF",4,-0.9793979734089298,0.9793979734089298
4,JUN+FOXP3+ZNF202+NPM1,"FOXP3,JUN,NPM1,ZNF202",4,-0.9793655311077778,0.9793655311077778
3,JUN+DNMT3B+ZNF202,"DNMT3B,JUN,ZNF202",3,-0.9792108393716464,0.9792108393716464
4,JUN+SMAD7+RARG+ZNF202,"JUN,RARG,SMAD7,ZNF202",4,-0.979123590258182,0.979123590258182
3,JUN+FOXP3+HOXC13,"FOXP3,HOXC13,JUN",3,-0.9787919917578323,0.9787919917578323
4,JUN+FOXP3+PAX3+ZNF202,"FOXP3,JUN,PAX3,ZNF202",4,-0.9786952163994135,0.9786952163994135
4,JUN+HEYL+RARG+NPM1,"HEYL,JUN,NPM1,RARG",4,-0.9786016737980716,0.9786016737980716
4,JUN+PAX3+HEYL+RARG,"HEYL,JUN,PAX3,RARG",4,-0.9779313590897073,0.9779313590897073
3,JUN+SMAD7+NPM1,"JUN,NPM1,SMAD7",3,-0.9775519214074355,0.9775519214074355
3,JUN+PAX3+SMAD7,"JUN,PAX3,SMAD7",3,-0.9768816066990712,0.9768816066990712
4,JUN+RARG+ZNF202+NPM1,"JUN,NPM1,RARG,ZNF202",4,-0.9768772227489368,0.9768772227489368
3,JUN+NFIA+SRF,"JUN,NFIA,SRF",3,-0.9768715836223055,0.9768715836223055
4,JUN+HEYL+ZNF202+SRF,"HEYL,JUN,SRF,ZNF202",4,-0.9765859476984884,0.9765859476984884
4,JUN+FOXP3+SFPQ+SRF,"FOXP3,JUN,SFPQ,SRF",4,-0.9764612734589975,0.9764612734589975
3,JUN+RARG+HOXC13,"HOXC13,JUN,RARG",3,-0.9763036833989913,0.9763036833989913
4,JUN+FOXP3+RARG+DNMT3B,"DNMT3B,FOXP3,JUN,RARG",4,-0.9762189385088967,0.9762189385088967
4,JUN+PAX3+RARG+ZNF202,"JUN,PAX3,RARG,ZNF202",4,-0.9762069080405725,0.9762069080405725
3,JUN+SRF+ZNF165,"JUN,SRF,ZNF165",3,-0.9760473323845575,0.9760473323845575
3,JUN+HEYL+SFPQ,"HEYL,JUN,SFPQ",3,-0.975510282112008,0.975510282112008
3,JUN+HES1+SRF,"HES1,JUN,SRF",3,-0.9749164486273211,0.9749164486273211
3,JUN+PAX3+NPM1,"JUN,NPM1,PAX3",3,-0.9746352391898261,0.9746352391898261
4,JUN+RARG+SFPQ+SRF,"JUN,RARG,SFPQ,SRF",4,-0.9739729651001565,0.9739729651001565
3,JUN+SFPQ+ZNF202,"JUN,SFPQ,ZNF202",3,-0.9737858310628732,0.9737858310628732
3,JUN+FOXP3+NFIA,"FOXP3,JUN,NFIA",3,-0.9736925487222725,0.9736925487222725
4,JUN+FOXP3+HEYL+ZNF202,"FOXP3,HEYL,JUN,ZNF202",4,-0.9734069127984554,0.9734069127984554
3,JUN+FOXP3+ZNF165,"FOXP3,JUN,ZNF165",3,-0.9728682974845245,0.9728682974845245
4,JUN+FOXP3+SMAD7+SRF,"FOXP3,JUN,SMAD7,SRF",4,-0.9725442944451026,0.9725442944451026
3,JUN+FOXP3+HES1,"FOXP3,HES1,JUN",3,-0.9717374137272881,0.9717374137272881
3,JUN+SMAD7+HEYL,"HEYL,JUN,SMAD7",3,-0.9715933030981131,0.9715933030981131
3,JUN+RARG+NFIA,"JUN,NFIA,RARG",3,-0.9712042403634316,0.9712042403634316
4,JUN+HEYL+RARG+ZNF202,"HEYL,JUN,RARG,ZNF202",4,-0.9709186044396144,0.9709186044396144
4,JUN+FOXP3+RARG+SFPQ,"FOXP3,JUN,RARG,SFPQ",4,-0.9707939302001235,0.9707939302001235
3,JUN+RARG+ZNF165,"JUN,RARG,ZNF165",3,-0.9703799891256836,0.9703799891256836
4,JUN+FOXP3+SRF+NPM1,"FOXP3,JUN,NPM1,SRF",4,-0.9702979269358575,0.9702979269358575
3,JUN+DNMT3B+SRF,"DNMT3B,JUN,SRF",3,-0.9701432351997261,0.9701432351997261
4,JUN+SMAD7+RARG+SRF,"JUN,RARG,SMAD7,SRF",4,-0.9700559860862616,0.9700559860862616
3,JUN+SMAD7+ZNF202,"JUN,SMAD7,ZNF202",3,-0.9698688520489783,0.9698688520489783
4,JUN+FOXP3+PAX3+SRF,"FOXP3,JUN,PAX3,SRF",4,-0.9696276122274932,0.9696276122274932
3,JUN+HEYL+NPM1,"HEYL,JUN,NPM1",3,-0.969346935588868,0.969346935588868
3,JUN+RARG+HES1,"HES1,JUN,RARG",3,-0.9692491053684471,0.9692491053684471
3,JUN+PAX3+HEYL,"HEYL,JUN,PAX3",3,-0.9686766208805037,0.9686766208805037
4,JUN+RARG+SRF+NPM1,"JUN,NPM1,RARG,SRF",4,-0.9678096185770165,0.9678096185770165
3,JUN+ZNF202+NPM1,"JUN,NPM1,ZNF202",3,-0.9676224845397332,0.9676224845397332
4,JUN+PAX3+RARG+SRF,"JUN,PAX3,RARG,SRF",4,-0.9671393038686522,0.9671393038686522
2,JUN+HOXC13,"HOXC13,JUN",2,-0.9670489451897877,0.9670489451897877
3,JUN+FOXP3+DNMT3B,"DNMT3B,FOXP3,JUN",3,-0.9669642002996931,0.9669642002996931
3,JUN+PAX3+ZNF202,"JUN,PAX3,ZNF202",3,-0.9669521698313689,0.9669521698313689
4,JUN+FOXP3+SMAD7+RARG,"FOXP3,JUN,RARG,SMAD7",4,-0.9668769511862286,0.9668769511862286
3,JUN+SFPQ+SRF,"JUN,SFPQ,SRF",3,-0.9647182268909529,0.9647182268909529
4,JUN+FOXP3+RARG+NPM1,"FOXP3,JUN,NPM1,RARG",4,-0.9646305836769835,0.9646305836769835
3,JUN+RARG+DNMT3B,"DNMT3B,JUN,RARG",3,-0.9644758919408521,0.9644758919408521
4,JUN+FOXP3+HEYL+SRF,"FOXP3,HEYL,JUN,SRF",4,-0.964339308626535,0.964339308626535
4,JUN+FOXP3+PAX3+RARG,"FOXP3,JUN,PAX3,RARG",4,-0.9639602689686192,0.9639602689686192
4,JUN+FOXP3+ZNF202+SRF,"FOXP3,JUN,SRF,ZNF202",4,-0.9626148575774003,0.9626148575774003
2,JUN+NFIA,"JUN,NFIA",2,-0.9619495021542279,0.9619495021542279
4,JUN+HEYL+RARG+SRF,"HEYL,JUN,RARG,SRF",4,-0.9618510002676941,0.9618510002676941
3,JUN+HEYL+ZNF202,"HEYL,JUN,ZNF202",3,-0.9616638662304108,0.9616638662304108
3,JUN+FOXP3+SFPQ,"FOXP3,JUN,SFPQ",3,-0.9615391919909199,0.9615391919909199
2,JUN+ZNF165,"JUN,ZNF165",2,-0.9611252509164799,0.9611252509164799
3,JUN+SMAD7+SRF,"JUN,SMAD7,SRF",3,-0.960801247877058,0.960801247877058
4,JUN+RARG+ZNF202+SRF,"JUN,RARG,SRF,ZNF202",4,-0.9601265492185593,0.9601265492185593
2,JUN+HES1,"HES1,JUN",2,-0.9599943671592435,0.9599943671592435
3,JUN+RARG+SFPQ,"JUN,RARG,SFPQ",3,-0.9590508836320789,0.9590508836320789
4,JUN+FOXP3+HEYL+RARG,"FOXP3,HEYL,JUN,RARG",4,-0.9586719653676611,0.9586719653676611
3,JUN+SRF+NPM1,"JUN,NPM1,SRF",3,-0.9585548803678129,0.9585548803678129
3,JUN+PAX3+SRF,"JUN,PAX3,SRF",3,-0.9578845656594486,0.9578845656594486
3,JUN+FOXP3+SMAD7,"FOXP3,JUN,SMAD7",3,-0.957622212977025,0.957622212977025
4,JUN+FOXP3+RARG+ZNF202,"FOXP3,JUN,RARG,ZNF202",4,-0.9569475143185263,0.9569475143185263
3,JUN+FOXP3+NPM1,"FOXP3,JUN,NPM1",3,-0.9553758454677799,0.9553758454677799
2,JUN+DNMT3B,"DNMT3B,JUN",2,-0.9552211537316485,0.9552211537316485
3,JUN+SMAD7+RARG,"JUN,RARG,SMAD7",3,-0.955133904618184,0.955133904618184
3,JUN+FOXP3+PAX3,"FOXP3,JUN,PAX3",3,-0.9547055307594156,0.9547055307594156
3,JUN+RARG+NPM1,"JUN,NPM1,RARG",3,-0.9528875371089389,0.9528875371089389
3,JUN+HEYL+SRF,"HEYL,JUN,SRF",3,-0.9525962620584905,0.9525962620584905
3,JUN+PAX3+RARG,"JUN,PAX3,RARG",3,-0.9522172224005746,0.9522172224005746
3,JUN+ZNF202+SRF,"JUN,SRF,ZNF202",3,-0.9508718110093557,0.9508718110093557
2,JUN+SFPQ,"JUN,SFPQ",2,-0.9497961454228753,0.9497961454228753
3,JUN+FOXP3+HEYL,"FOXP3,HEYL,JUN",3,-0.9494172271584574,0.9494172271584574
4,JUN+FOXP3+RARG+SRF,"FOXP3,JUN,RARG,SRF",4,-0.947879910146606,0.947879910146606
3,JUN+FOXP3+ZNF202,"FOXP3,JUN,ZNF202",3,-0.9476927761093227,0.9476927761093227
3,JUN+HEYL+RARG,"HEYL,JUN,RARG",3,-0.9469289187996165,0.9469289187996165
2,JUN+SMAD7,"JUN,SMAD7",2,-0.9458791664089804,0.9458791664089804
3,JUN+RARG+ZNF202,"JUN,RARG,ZNF202",3,-0.9452044677504817,0.9452044677504817
2,JUN+NPM1,"JUN,NPM1",2,-0.9436327988997353,0.9436327988997353
2,JUN+PAX3,"JUN,PAX3",2,-0.942962484191371,0.942962484191371
3,JUN+FOXP3+SRF,"FOXP3,JUN,SRF",3,-0.9386251719374024,0.9386251719374024
2,JUN+HEYL,"HEYL,JUN",2,-0.9376741805904129,0.9376741805904129
3,JUN+RARG+SRF,"JUN,RARG,SRF",3,-0.9361368635785614,0.9361368635785614
2,JUN+ZNF202,"JUN,ZNF202",2,-0.9359497295412781,0.9359497295412781
3,JUN+FOXP3+RARG,"FOXP3,JUN,RARG",3,-0.9329578286785284,0.9329578286785284
2,JUN+SRF,"JUN,SRF",2,-0.9268821253693578,0.9268821253693578
2,JUN+FOXP3,"FOXP3,JUN",2,-0.9237030904693248,0.9237030904693248
2,JUN+RARG,"JUN,RARG",2,-0.9212147821104838,0.9212147821104838
4,FOS+STAT1+ZBTB20+AEBP1,"AEBP1,FOS,STAT1,ZBTB20",4,-0.6138995570798533,0.6138995570798533
4,ATF4+FOS+STAT1+ZBTB20,"ATF4,FOS,STAT1,ZBTB20",4,-0.6072138718879981,0.6072138718879981
4,FOS+STAT1+ZBTB20+HOXC13,"FOS,HOXC13,STAT1,ZBTB20",4,-0.592052888855323,0.592052888855323
4,FOS+STAT1+ZBTB20+NFIA,"FOS,NFIA,STAT1,ZBTB20",4,-0.5869534458197633,0.5869534458197633
4,FOS+STAT1+ZBTB20+ZNF165,"FOS,STAT1,ZBTB20,ZNF165",4,-0.5861291945820153,0.5861291945820153
4,FOS+STAT1+ZBTB20+HES1,"FOS,HES1,STAT1,ZBTB20",4,-0.5849983108247789,0.5849983108247789
4,FOS+STAT1+ZBTB20+DNMT3B,"DNMT3B,FOS,STAT1,ZBTB20",4,-0.5802250973971839,0.5802250973971839
4,ATF4+FOS+STAT1+AEBP1,"AEBP1,ATF4,FOS,STAT1",4,-0.578853794412538,0.578853794412538
4,FOS+STAT1+ZBTB20+SFPQ,"FOS,SFPQ,STAT1,ZBTB20",4,-0.5748000890884106,0.5748000890884106
4,FOS+STAT1+SMAD7+ZBTB20,"FOS,SMAD7,STAT1,ZBTB20",4,-0.5708831100745159,0.5708831100745159
4,FOS+STAT1+ZBTB20+NPM1,"FOS,NPM1,STAT1,ZBTB20",4,-0.5686367425652706,0.5686367425652706
4,FOS+STAT1+PAX3+ZBTB20,"FOS,PAX3,STAT1,ZBTB20",4,-0.5679664278569063,0.5679664278569063
4,FOS+STAT1+HOXC13+AEBP1,"AEBP1,FOS,HOXC13,STAT1",4,-0.5636928113798629,0.5636928113798629
4,FOS+STAT1+HEYL+ZBTB20,"FOS,HEYL,STAT1,ZBTB20",4,-0.5626781242559482,0.5626781242559482
4,FOS+STAT1+ZBTB20+ZNF202,"FOS,STAT1,ZBTB20,ZNF202",4,-0.5609536732068134,0.5609536732068134
4,FOS+STAT1+NFIA+AEBP1,"AEBP1,FOS,NFIA,STAT1",4,-0.5585933683443032,0.5585933683443032
4,FOS+STAT1+AEBP1+ZNF165,"AEBP1,FOS,STAT1,ZNF165",4,-0.5577691171065552,0.5577691171065552
4,ATF4+FOS+STAT1+HOXC13,"ATF4,FOS,HOXC13,STAT1",4,-0.5570071261880077,0.5570071261880077
4,FOS+STAT1+HES1+AEBP1,"AEBP1,FOS,HES1,STAT1",4,-0.5566382333493188,0.5566382333493188
4,ATF4+FOS+ZBTB20+AEBP1,"AEBP1,ATF4,FOS,ZBTB20",4,-0.5543838230599211,0.5543838230599211
4,ATF4+FOS+STAT1+NFIA,"ATF4,FOS,NFIA,STAT1",4,-0.551907683152448,0.551907683152448
4,FOS+STAT1+ZBTB20+SRF,"FOS,SRF,STAT1,ZBTB20",4,-0.5518860690348931,0.5518860690348931
4,FOS+STAT1+DNMT3B+AEBP1,"AEBP1,DNMT3B,FOS,STAT1",4,-0.5518650199217238,0.5518650199217238
4,ATF4+FOS+STAT1+ZNF165,"ATF4,FOS,STAT1,ZNF165",4,-0.5510834319147,0.5510834319147
4,ATF4+FOS+STAT1+HES1,"ATF4,FOS,HES1,STAT1",4,-0.5499525481574636,0.5499525481574636
4,FOS+STAT1+FOXP3+ZBTB20,"FOS,FOXP3,STAT1,ZBTB20",4,-0.5487070341348601,0.5487070341348601
4,FOS+STAT1+SFPQ+AEBP1,"AEBP1,FOS,SFPQ,STAT1",4,-0.5464400116129506,0.5464400116129506
4,FOS+STAT1+ZBTB20+RARG,"FOS,RARG,STAT1,ZBTB20",4,-0.5462187257760192,0.5462187257760192
4,ATF4+FOS+STAT1+DNMT3B,"ATF4,DNMT3B,FOS,STAT1",4,-0.5451793347298686,0.5451793347298686
4,FOS+STAT1+SMAD7+AEBP1,"AEBP1,FOS,SMAD7,STAT1",4,-0.5425230325990558,0.5425230325990558
4,FOS+STAT1+NPM1+AEBP1,"AEBP1,FOS,NPM1,STAT1",4,-0.5402766650898105,0.5402766650898105
4,ATF4+FOS+STAT1+SFPQ,"ATF4,FOS,SFPQ,STAT1",4,-0.5397543264210953,0.5397543264210953
4,FOS+STAT1+PAX3+AEBP1,"AEBP1,FOS,PAX3,STAT1",4,-0.5396063503814462,0.5396063503814462
4,FOS+ZBTB20+HOXC13+AEBP1,"AEBP1,FOS,HOXC13,ZBTB20",4,-0.5392228400272461,0.5392228400272461
3,FOS+STAT1+ZBTB20,"FOS,STAT1,ZBTB20",3,-0.5369639875668155,0.5369639875668155
4,FOS+STAT1+NFIA+HOXC13,"FOS,HOXC13,NFIA,STAT1",4,-0.536746700119773,0.536746700119773
4,FOS+STAT1+HOXC13+ZNF165,"FOS,HOXC13,STAT1,ZNF165",4,-0.5359224488820249,0.5359224488820249
4,ATF4+FOS+STAT1+SMAD7,"ATF4,FOS,SMAD7,STAT1",4,-0.5358373474072005,0.5358373474072005
4,FOS+STAT1+HES1+HOXC13,"FOS,HES1,HOXC13,STAT1",4,-0.5347915651247885,0.5347915651247885
4,FOS+STAT1+HEYL+AEBP1,"AEBP1,FOS,HEYL,STAT1",4,-0.5343180467804881,0.5343180467804881
4,FOS+ZBTB20+NFIA+AEBP1,"AEBP1,FOS,NFIA,ZBTB20",4,-0.5341233969916863,0.5341233969916863
4,ATF4+FOS+STAT1+NPM1,"ATF4,FOS,NPM1,STAT1",4,-0.5335909798979553,0.5335909798979553
4,FOS+ZBTB20+AEBP1+ZNF165,"AEBP1,FOS,ZBTB20,ZNF165",4,-0.5332991457539382,0.5332991457539382
4,ATF4+FOS+STAT1+PAX3,"ATF4,FOS,PAX3,STAT1",4,-0.532920665189591,0.532920665189591
4,FOS+STAT1+ZNF202+AEBP1,"AEBP1,FOS,STAT1,ZNF202",4,-0.5325935957313533,0.5325935957313533
4,ATF4+FOS+ZBTB20+HOXC13,"ATF4,FOS,HOXC13,ZBTB20",4,-0.5325371548353909,0.5325371548353909
4,FOS+ZBTB20+HES1+AEBP1,"AEBP1,FOS,HES1,ZBTB20",4,-0.5321682619967019,0.5321682619967019
4,FOS+STAT1+NFIA+ZNF165,"FOS,NFIA,STAT1,ZNF165",4,-0.5308230058464651,0.5308230058464651
4,FOS+STAT1+DNMT3B+HOXC13,"DNMT3B,FOS,HOXC13,STAT1",4,-0.5300183516971936,0.5300183516971936
4,FOS+STAT1+HES1+NFIA,"FOS,HES1,NFIA,STAT1",4,-0.5296921220892288,0.5296921220892288
4,FOS+STAT1+HES1+ZNF165,"FOS,HES1,STAT1,ZNF165",4,-0.5288678708514808,0.5288678708514808
4,ATF4+FOS+STAT1+HEYL,"ATF4,FOS,HEYL,STAT1",4,-0.5276323615886329,0.5276323615886329
4,ATF4+FOS+ZBTB20+NFIA,"ATF4,FOS,NFIA,ZBTB20",4,-0.527437711799831,0.527437711799831
4,FOS+ZBTB20+DNMT3B+AEBP1,"AEBP1,DNMT3B,FOS,ZBTB20",4,-0.5273950485691069,0.5273950485691069
4,ATF4+FOS+ZBTB20+ZNF165,"ATF4,FOS,ZBTB20,ZNF165",4,-0.526613460562083,0.526613460562083
4,ATF4+FOS+STAT1+ZNF202,"ATF4,FOS,STAT1,ZNF202",4,-0.5259079105394981,0.5259079105394981
4,ATF4+FOS+ZBTB20+HES1,"ATF4,FOS,HES1,ZBTB20",4,-0.5254825768048467,0.5254825768048467
4,FOS+STAT1+DNMT3B+NFIA,"DNMT3B,FOS,NFIA,STAT1",4,-0.5249189086616337,0.5249189086616337
4,FOS+STAT1+SFPQ+HOXC13,"FOS,HOXC13,SFPQ,STAT1",4,-0.5245933433884203,0.5245933433884203
4,FOS+STAT1+DNMT3B+ZNF165,"DNMT3B,FOS,STAT1,ZNF165",4,-0.5240946574238857,0.5240946574238857
4,FOS+STAT1+SRF+AEBP1,"AEBP1,FOS,SRF,STAT1",4,-0.523525991559433,0.523525991559433
4,FOS+STAT1+DNMT3B+HES1,"DNMT3B,FOS,HES1,STAT1",4,-0.5229637736666494,0.5229637736666494
4,FOS+ZBTB20+SFPQ+AEBP1,"AEBP1,FOS,SFPQ,ZBTB20",4,-0.5219700402603337,0.5219700402603337
4,ATF4+FOS+ZBTB20+DNMT3B,"ATF4,DNMT3B,FOS,ZBTB20",4,-0.5207093633772516,0.5207093633772516
4,FOS+STAT1+SMAD7+HOXC13,"FOS,HOXC13,SMAD7,STAT1",4,-0.5206763643745255,0.5206763643745255
4,FOS+STAT1+FOXP3+AEBP1,"AEBP1,FOS,FOXP3,STAT1",4,-0.5203469566594,0.5203469566594
4,FOS+STAT1+SFPQ+NFIA,"FOS,NFIA,SFPQ,STAT1",4,-0.5194939003528606,0.5194939003528606
4,FOS+STAT1+SFPQ+ZNF165,"FOS,SFPQ,STAT1,ZNF165",4,-0.5186696491151126,0.5186696491151126
4,FOS+STAT1+NPM1+HOXC13,"FOS,HOXC13,NPM1,STAT1",4,-0.5184299968652802,0.5184299968652802
4,FOS+SMAD7+ZBTB20+AEBP1,"AEBP1,FOS,SMAD7,ZBTB20",4,-0.5180530612464388,0.5180530612464388
4,FOS+STAT1+RARG+AEBP1,"AEBP1,FOS,RARG,STAT1",4,-0.517858648300559,0.517858648300559
4,FOS+STAT1+PAX3+HOXC13,"FOS,HOXC13,PAX3,STAT1",4,-0.5177596821569159,0.5177596821569159
4,FOS+STAT1+SFPQ+HES1,"FOS,HES1,SFPQ,STAT1",4,-0.5175387653578762,0.5175387653578762
4,ATF4+FOS+STAT1+SRF,"ATF4,FOS,SRF,STAT1",4,-0.5168403063675778,0.5168403063675778
4,FOS+ZBTB20+NPM1+AEBP1,"AEBP1,FOS,NPM1,ZBTB20",4,-0.5158066937371936,0.5158066937371936
4,FOS+STAT1+SMAD7+NFIA,"FOS,NFIA,SMAD7,STAT1",4,-0.5155769213389657,0.5155769213389657
4,ATF4+FOS+ZBTB20+SFPQ,"ATF4,FOS,SFPQ,ZBTB20",4,-0.5152843550684785,0.5152843550684785
4,FOS+PAX3+ZBTB20+AEBP1,"AEBP1,FOS,PAX3,ZBTB20",4,-0.5151363790288292,0.5151363790288292
4,FOS+STAT1+SMAD7+ZNF165,"FOS,SMAD7,STAT1,ZNF165",4,-0.5147526701012177,0.5147526701012177
4,ATF4+FOS+STAT1+FOXP3,"ATF4,FOS,FOXP3,STAT1",4,-0.5136612714675448,0.5136612714675448
4,FOS+STAT1+SMAD7+HES1,"FOS,HES1,SMAD7,STAT1",4,-0.5136217863439814,0.5136217863439814
4,FOS+STAT1+NFIA+NPM1,"FOS,NFIA,NPM1,STAT1",4,-0.5133305538297205,0.5133305538297205
4,FOS+STAT1+SFPQ+DNMT3B,"DNMT3B,FOS,SFPQ,STAT1",4,-0.5127655519302812,0.5127655519302812
4,FOS+STAT1+PAX3+NFIA,"FOS,NFIA,PAX3,STAT1",4,-0.5126602391213562,0.5126602391213562
4,FOS+STAT1+NPM1+ZNF165,"FOS,NPM1,STAT1,ZNF165",4,-0.5125063025919725,0.5125063025919725
4,FOS+STAT1+HEYL+HOXC13,"FOS,HEYL,HOXC13,STAT1",4,-0.5124713785559579,0.5124713785559579
4,FOS+ZBTB20+NFIA+HOXC13,"FOS,HOXC13,NFIA,ZBTB20",4,-0.512276728767156,0.512276728767156
4,FOS+STAT1+PAX3+ZNF165,"FOS,PAX3,STAT1,ZNF165",4,-0.5118359878836082,0.5118359878836082
4,FOS+ZBTB20+HOXC13+ZNF165,"FOS,HOXC13,ZBTB20,ZNF165",4,-0.511452477529408,0.511452477529408
4,FOS+STAT1+HES1+NPM1,"FOS,HES1,NPM1,STAT1",4,-0.5113754188347361,0.5113754188347361
4,ATF4+FOS+SMAD7+ZBTB20,"ATF4,FOS,SMAD7,ZBTB20",4,-0.5113673760545836,0.5113673760545836
4,ATF4+FOS+STAT1+RARG,"ATF4,FOS,RARG,STAT1",4,-0.5111729631087039,0.5111729631087039
4,FOS+STAT1+ZNF202+HOXC13,"FOS,HOXC13,STAT1,ZNF202",4,-0.5107469275068232,0.5107469275068232
4,FOS+STAT1+PAX3+HES1,"FOS,HES1,PAX3,STAT1",4,-0.5107051041263717,0.5107051041263717
4,FOS+ZBTB20+HES1+HOXC13,"FOS,HES1,HOXC13,ZBTB20",4,-0.5103215937721717,0.5103215937721717
4,FOS+HEYL+ZBTB20+AEBP1,"AEBP1,FOS,HEYL,ZBTB20",4,-0.5098480754278713,0.5098480754278713
4,ATF4+FOS+ZBTB20+NPM1,"ATF4,FOS,NPM1,ZBTB20",4,-0.5091210085453384,0.5091210085453384
4,FOS+STAT1+SMAD7+DNMT3B,"DNMT3B,FOS,SMAD7,STAT1",4,-0.5088485729163863,0.5088485729163863
3,FOS+STAT1+AEBP1,"AEBP1,FOS,STAT1",3,-0.5086039100913554,0.5086039100913554
4,ATF4+FOS+PAX3+ZBTB20,"ATF4,FOS,PAX3,ZBTB20",4,-0.508450693836974,0.508450693836974
4,FOS+ZBTB20+ZNF202+AEBP1,"AEBP1,FOS,ZBTB20,ZNF202",4,-0.5081236243787365,0.5081236243787365
4,FOS+STAT1+HEYL+NFIA,"FOS,HEYL,NFIA,STAT1",4,-0.507371935520398,0.507371935520398
4,FOS+STAT1+DNMT3B+NPM1,"DNMT3B,FOS,NPM1,STAT1",4,-0.5066022054071411,0.5066022054071411
4,FOS+STAT1+HEYL+ZNF165,"FOS,HEYL,STAT1,ZNF165",4,-0.5065476842826501,0.5065476842826501
4,FOS+ZBTB20+NFIA+ZNF165,"FOS,NFIA,ZBTB20,ZNF165",4,-0.5063530344938483,0.5063530344938483
4,FOS+STAT1+PAX3+DNMT3B,"DNMT3B,FOS,PAX3,STAT1",4,-0.5059318906987768,0.5059318906987768
4,FOS+STAT1+NFIA+ZNF202,"FOS,NFIA,STAT1,ZNF202",4,-0.5056474844712634,0.5056474844712634
4,FOS+ZBTB20+DNMT3B+HOXC13,"DNMT3B,FOS,HOXC13,ZBTB20",4,-0.5055483803445766,0.5055483803445766
4,FOS+STAT1+HEYL+HES1,"FOS,HES1,HEYL,STAT1",4,-0.5054168005254137,0.5054168005254137
4,FOS+ZBTB20+HES1+NFIA,"FOS,HES1,NFIA,ZBTB20",4,-0.5052221507366118,0.5052221507366118
4,FOS+STAT1+ZNF202+ZNF165,"FOS,STAT1,ZNF165,ZNF202",4,-0.5048232332335153,0.5048232332335153
4,FOS+ZBTB20+HES1+ZNF165,"FOS,HES1,ZBTB20,ZNF165",4,-0.5043978994988638,0.5043978994988638
4,ATF4+FOS+HOXC13+AEBP1,"AEBP1,ATF4,FOS,HOXC13",4,-0.5041770773599307,0.5041770773599307
4,FOS+STAT1+HES1+ZNF202,"FOS,HES1,STAT1,ZNF202",4,-0.5036923494762789,0.5036923494762789
4,FOS+STAT1+SMAD7+SFPQ,"FOS,SFPQ,SMAD7,STAT1",4,-0.5034235646076131,0.5034235646076131
4,ATF4+FOS+HEYL+ZBTB20,"ATF4,FOS,HEYL,ZBTB20",4,-0.5031623902360159,0.5031623902360159
3,ATF4+FOS+STAT1,"ATF4,FOS,STAT1",3,-0.5019182248995002,0.5019182248995002
4,FOS+STAT1+SRF+HOXC13,"FOS,HOXC13,SRF,STAT1",4,-0.5016793233349027,0.5016793233349027
4,ATF4+FOS+ZBTB20+ZNF202,"ATF4,FOS,ZBTB20,ZNF202",4,-0.5014379391868813,0.5014379391868813
4,FOS+STAT1+SFPQ+NPM1,"FOS,NPM1,SFPQ,STAT1",4,-0.5011771970983679,0.5011771970983679
4,FOS+STAT1+HEYL+DNMT3B,"DNMT3B,FOS,HEYL,STAT1",4,-0.5006435870978186,0.5006435870978186
4,FOS+STAT1+PAX3+SFPQ,"FOS,PAX3,SFPQ,STAT1",4,-0.5005068823900035,0.5005068823900035
4,FOS+ZBTB20+DNMT3B+NFIA,"DNMT3B,FOS,NFIA,ZBTB20",4,-0.5004489373090169,0.5004489373090169
4,FOS+ZBTB20+SFPQ+HOXC13,"FOS,HOXC13,SFPQ,ZBTB20",4,-0.5001233720358035,0.5001233720358035
4,FOS+ZBTB20+DNMT3B+ZNF165,"DNMT3B,FOS,ZBTB20,ZNF165",4,-0.4996246860712688,0.4996246860712688
4,ATF4+FOS+NFIA+AEBP1,"AEBP1,ATF4,FOS,NFIA",4,-0.4990776343243709,0.4990776343243709
4,FOS+ZBTB20+SRF+AEBP1,"AEBP1,FOS,SRF,ZBTB20",4,-0.49905602020681605,0.49905602020681605
4,FOS+STAT1+DNMT3B+ZNF202,"DNMT3B,FOS,STAT1,ZNF202",4,-0.49891913604868393,0.49891913604868393
4,FOS+STAT1+FOXP3+HOXC13,"FOS,FOXP3,HOXC13,STAT1",4,-0.49850028843486976,0.49850028843486976
4,FOS+ZBTB20+DNMT3B+HES1,"DNMT3B,FOS,HES1,ZBTB20",4,-0.49849380231403245,0.49849380231403245
4,ATF4+FOS+AEBP1+ZNF165,"AEBP1,ATF4,FOS,ZNF165",4,-0.49825338308662287,0.49825338308662287
4,FOS+STAT1+SMAD7+NPM1,"FOS,NPM1,SMAD7,STAT1",4,-0.497260218084473,0.497260218084473
4,ATF4+FOS+HES1+AEBP1,"AEBP1,ATF4,FOS,HES1",4,-0.4971224993293865,0.4971224993293865
4,FOS+STAT1+PAX3+SMAD7,"FOS,PAX3,SMAD7,STAT1",4,-0.4965899033761087,0.4965899033761087
4,FOS+STAT1+NFIA+SRF,"FOS,NFIA,SRF,STAT1",4,-0.49657988029934297,0.49657988029934297
4,FOS+SMAD7+ZBTB20+HOXC13,"FOS,HOXC13,SMAD7,ZBTB20",4,-0.49620639302190855,0.49620639302190855
4,FOS+STAT1+RARG+HOXC13,"FOS,HOXC13,RARG,STAT1",4,-0.49601198007602876,0.49601198007602876
4,FOS+FOXP3+ZBTB20+AEBP1,"AEBP1,FOS,FOXP3,ZBTB20",4,-0.4958769853067831,0.4958769853067831
4,FOS+STAT1+SRF+ZNF165,"FOS,SRF,STAT1,ZNF165",4,-0.4957556290615949,0.4957556290615949
4,FOS+STAT1+HEYL+SFPQ,"FOS,HEYL,SFPQ,STAT1",4,-0.4952185787890455,0.4952185787890455
4,FOS+ZBTB20+SFPQ+NFIA,"FOS,NFIA,SFPQ,ZBTB20",4,-0.49502392900024367,0.49502392900024367
4,FOS+STAT1+HES1+SRF,"FOS,HES1,SRF,STAT1",4,-0.49462474530435857,0.49462474530435857
4,FOS+STAT1+PAX3+NPM1,"FOS,NPM1,PAX3,STAT1",4,-0.49434353586686347,0.49434353586686347
4,FOS+ZBTB20+SFPQ+ZNF165,"FOS,SFPQ,ZBTB20,ZNF165",4,-0.4941996777624956,0.4941996777624956
4,FOS+ZBTB20+NPM1+HOXC13,"FOS,HOXC13,NPM1,ZBTB20",4,-0.4939600255126633,0.4939600255126633
4,FOS+STAT1+SFPQ+ZNF202,"FOS,SFPQ,STAT1,ZNF202",4,-0.49349412773991075,0.49349412773991075
4,FOS+STAT1+FOXP3+NFIA,"FOS,FOXP3,NFIA,STAT1",4,-0.49340084539931,0.49340084539931
4,FOS+ZBTB20+RARG+AEBP1,"AEBP1,FOS,RARG,ZBTB20",4,-0.4933886769479421,0.4933886769479421
4,FOS+PAX3+ZBTB20+HOXC13,"FOS,HOXC13,PAX3,ZBTB20",4,-0.493289710804299,0.493289710804299
4,FOS+ZBTB20+SFPQ+HES1,"FOS,HES1,SFPQ,ZBTB20",4,-0.49306879400525927,0.49306879400525927
4,FOS+STAT1+FOXP3+ZNF165,"FOS,FOXP3,STAT1,ZNF165",4,-0.49257659416156196,0.49257659416156196
4,ATF4+FOS+ZBTB20+SRF,"ATF4,FOS,SRF,ZBTB20",4,-0.49237033501496086,0.49237033501496086
4,ATF4+FOS+DNMT3B+AEBP1,"AEBP1,ATF4,DNMT3B,FOS",4,-0.4923492859017915,0.4923492859017915
4,FOS+STAT1+FOXP3+HES1,"FOS,FOXP3,HES1,STAT1",4,-0.4914457104043256,0.4914457104043256
4,FOS+STAT1+SMAD7+HEYL,"FOS,HEYL,SMAD7,STAT1",4,-0.49130159977515064,0.49130159977515064
4,FOS+SMAD7+ZBTB20+NFIA,"FOS,NFIA,SMAD7,ZBTB20",4,-0.4911069499863488,0.4911069499863488
4,FOS+STAT1+RARG+NFIA,"FOS,NFIA,RARG,STAT1",4,-0.490912537040469,0.490912537040469
4,FOS+SMAD7+ZBTB20+ZNF165,"FOS,SMAD7,ZBTB20,ZNF165",4,-0.49028269874860075,0.49028269874860075
4,FOS+STAT1+RARG+ZNF165,"FOS,RARG,STAT1,ZNF165",4,-0.49008828580272096,0.49008828580272096
4,FOS+STAT1+DNMT3B+SRF,"DNMT3B,FOS,SRF,STAT1",4,-0.48985153187676356,0.48985153187676356
4,FOS+STAT1+SMAD7+ZNF202,"FOS,SMAD7,STAT1,ZNF202",4,-0.4895771487260159,0.4895771487260159
4,ATF4+FOS+FOXP3+ZBTB20,"ATF4,FOS,FOXP3,ZBTB20",4,-0.4891913001149279,0.4891913001149279
4,FOS+SMAD7+ZBTB20+HES1,"FOS,HES1,SMAD7,ZBTB20",4,-0.4891518149913644,0.4891518149913644
4,FOS+STAT1+HEYL+NPM1,"FOS,HEYL,NPM1,STAT1",4,-0.4890552322659054,0.4890552322659054
4,FOS+STAT1+RARG+HES1,"FOS,HES1,RARG,STAT1",4,-0.4889574020454846,0.4889574020454846
4,FOS+ZBTB20+NFIA+NPM1,"FOS,NFIA,NPM1,ZBTB20",4,-0.48886058247710357,0.48886058247710357
4,FOS+STAT1+PAX3+HEYL,"FOS,HEYL,PAX3,STAT1",4,-0.4883849175575411,0.4883849175575411
4,FOS+ZBTB20+SFPQ+DNMT3B,"DNMT3B,FOS,SFPQ,ZBTB20",4,-0.48829558057766426,0.48829558057766426
4,FOS+PAX3+ZBTB20+NFIA,"FOS,NFIA,PAX3,ZBTB20",4,-0.48819026776873925,0.48819026776873925
4,FOS+ZBTB20+NPM1+ZNF165,"FOS,NPM1,ZBTB20,ZNF165",4,-0.4880363312393555,0.4880363312393555
4,FOS+HEYL+ZBTB20+HOXC13,"FOS,HEYL,HOXC13,ZBTB20",4,-0.48800140720334095,0.48800140720334095
4,FOS+PAX3+ZBTB20+ZNF165,"FOS,PAX3,ZBTB20,ZNF165",4,-0.4873660165309912,0.4873660165309912
4,FOS+STAT1+ZNF202+NPM1,"FOS,NPM1,STAT1,ZNF202",4,-0.48733078121677065,0.48733078121677065
4,ATF4+FOS+SFPQ+AEBP1,"AEBP1,ATF4,FOS,SFPQ",4,-0.4869242775930183,0.4869242775930183
4,FOS+ZBTB20+HES1+NPM1,"FOS,HES1,NPM1,ZBTB20",4,-0.48690544748211917,0.48690544748211917
3,FOS+STAT1+HOXC13,"FOS,HOXC13,STAT1",3,-0.4867572418668252,0.4867572418668252
4,ATF4+FOS+ZBTB20+RARG,"ATF4,FOS,RARG,ZBTB20",4,-0.4867029917560869,0.4867029917560869
4,FOS+STAT1+FOXP3+DNMT3B,"DNMT3B,FOS,FOXP3,STAT1",4,-0.4866724969767306,0.4866724969767306
4,FOS+STAT1+PAX3+ZNF202,"FOS,PAX3,STAT1,ZNF202",4,-0.48666046650840633,0.48666046650840633
4,FOS+ZBTB20+ZNF202+HOXC13,"FOS,HOXC13,ZBTB20,ZNF202",4,-0.4862769561542062,0.4862769561542062
4,FOS+PAX3+ZBTB20+HES1,"FOS,HES1,PAX3,ZBTB20",4,-0.48623513277375485,0.48623513277375485
4,FOS+STAT1+SFPQ+SRF,"FOS,SFPQ,SRF,STAT1",4,-0.4844265235679904,0.4844265235679904
4,FOS+SMAD7+ZBTB20+DNMT3B,"DNMT3B,FOS,SMAD7,ZBTB20",4,-0.4843786015637694,0.4843786015637694
4,FOS+STAT1+RARG+DNMT3B,"DNMT3B,FOS,RARG,STAT1",4,-0.4841841886178896,0.4841841886178896
3,FOS+ZBTB20+AEBP1,"AEBP1,FOS,ZBTB20",3,-0.4841339387387385,0.4841339387387385
4,FOS+NFIA+HOXC13+AEBP1,"AEBP1,FOS,HOXC13,NFIA",4,-0.48391665129169587,0.48391665129169587
4,FOS+HOXC13+AEBP1+ZNF165,"AEBP1,FOS,HOXC13,ZNF165",4,-0.4830924000539478,0.4830924000539478
4,ATF4+FOS+SMAD7+AEBP1,"AEBP1,ATF4,FOS,SMAD7",4,-0.48300729857912345,0.48300729857912345
4,FOS+HEYL+ZBTB20+NFIA,"FOS,HEYL,NFIA,ZBTB20",4,-0.4829019641677812,0.4829019641677812
4,FOS+ZBTB20+DNMT3B+NPM1,"DNMT3B,FOS,NPM1,ZBTB20",4,-0.48213223405452416,0.48213223405452416
4,FOS+HEYL+ZBTB20+ZNF165,"FOS,HEYL,ZBTB20,ZNF165",4,-0.48207771293003315,0.48207771293003315
4,FOS+HES1+HOXC13+AEBP1,"AEBP1,FOS,HES1,HOXC13",4,-0.48196151629671147,0.48196151629671147
3,FOS+STAT1+NFIA,"FOS,NFIA,STAT1",3,-0.4816577988312654,0.4816577988312654
4,FOS+PAX3+ZBTB20+DNMT3B,"DNMT3B,FOS,PAX3,ZBTB20",4,-0.48146191934615984,0.48146191934615984
4,FOS+STAT1+HEYL+ZNF202,"FOS,HEYL,STAT1,ZNF202",4,-0.4813721629074483,0.4813721629074483
4,FOS+STAT1+FOXP3+SFPQ,"FOS,FOXP3,SFPQ,STAT1",4,-0.4812474886679574,0.4812474886679574
4,FOS+ZBTB20+NFIA+ZNF202,"FOS,NFIA,ZBTB20,ZNF202",4,-0.4811775131186464,0.4811775131186464
4,FOS+HEYL+ZBTB20+HES1,"FOS,HES1,HEYL,ZBTB20",4,-0.4809468291727968,0.4809468291727968
3,FOS+STAT1+ZNF165,"FOS,STAT1,ZNF165",3,-0.4808335475935174,0.4808335475935174
4,ATF4+FOS+NPM1+AEBP1,"AEBP1,ATF4,FOS,NPM1",4,-0.4807609310698782,0.4807609310698782
4,FOS+STAT1+SMAD7+SRF,"FOS,SMAD7,SRF,STAT1",4,-0.4805095445540955,0.4805095445540955
4,FOS+ZBTB20+ZNF202+ZNF165,"FOS,ZBTB20,ZNF165,ZNF202",4,-0.4803532618808984,0.4803532618808984
4,ATF4+FOS+PAX3+AEBP1,"AEBP1,ATF4,FOS,PAX3",4,-0.4800906163615139,0.4800906163615139
3,FOS+STAT1+HES1,"FOS,HES1,STAT1",3,-0.479702663836281,0.479702663836281
4,FOS+ZBTB20+HES1+ZNF202,"FOS,HES1,ZBTB20,ZNF202",4,-0.47922237812366203,0.47922237812366203
4,FOS+SMAD7+ZBTB20+SFPQ,"FOS,SFPQ,SMAD7,ZBTB20",4,-0.4789535932549962,0.4789535932549962
4,FOS+STAT1+RARG+SFPQ,"FOS,RARG,SFPQ,STAT1",4,-0.4787591803091164,0.4787591803091164
4,FOS+STAT1+SRF+NPM1,"FOS,NPM1,SRF,STAT1",4,-0.4782631770448503,0.4782631770448503
4,FOS+NFIA+AEBP1+ZNF165,"AEBP1,FOS,NFIA,ZNF165",4,-0.47799295701838806,0.47799295701838806
4,FOS+STAT1+PAX3+SRF,"FOS,PAX3,SRF,STAT1",4,-0.47759286233648596,0.47759286233648596
3,ATF4+FOS+ZBTB20,"ATF4,FOS,ZBTB20",3,-0.4774482535468833,0.4774482535468833
4,FOS+STAT1+FOXP3+SMAD7,"FOS,FOXP3,SMAD7,STAT1",4,-0.47733050965406254,0.47733050965406254
4,ATF4+FOS+NFIA+HOXC13,"ATF4,FOS,HOXC13,NFIA",4,-0.47723096609984067,0.47723096609984067
4,FOS+ZBTB20+SRF+HOXC13,"FOS,HOXC13,SRF,ZBTB20",4,-0.4772093519822858,0.4772093519822858
4,FOS+DNMT3B+HOXC13+AEBP1,"AEBP1,DNMT3B,FOS,HOXC13",4,-0.47718830286911645,0.47718830286911645
4,FOS+HES1+NFIA+AEBP1,"AEBP1,FOS,HES1,NFIA",4,-0.4768620732611517,0.4768620732611517
4,FOS+ZBTB20+SFPQ+NPM1,"FOS,NPM1,SFPQ,ZBTB20",4,-0.476707225745751,0.476707225745751
4,ATF4+FOS+HOXC13+ZNF165,"ATF4,FOS,HOXC13,ZNF165",4,-0.47640671486209263,0.47640671486209263
4,FOS+HEYL+ZBTB20+DNMT3B,"DNMT3B,FOS,HEYL,ZBTB20",4,-0.4761736157452018,0.4761736157452018
4,FOS+HES1+AEBP1+ZNF165,"AEBP1,FOS,HES1,ZNF165",4,-0.47603782202340367,0.47603782202340367
4,FOS+PAX3+ZBTB20+SFPQ,"FOS,PAX3,SFPQ,ZBTB20",4,-0.47603691103738666,0.47603691103738666
4,ATF4+FOS+HES1+HOXC13,"ATF4,FOS,HES1,HOXC13",4,-0.4752758311048563,0.4752758311048563
4,FOS+STAT1+FOXP3+NPM1,"FOS,FOXP3,NPM1,STAT1",4,-0.4750841421448173,0.4750841421448173
3,FOS+STAT1+DNMT3B,"DNMT3B,FOS,STAT1",3,-0.474929450408686,0.474929450408686
4,FOS+STAT1+SMAD7+RARG,"FOS,RARG,SMAD7,STAT1",4,-0.47484220129522153,0.47484220129522153
4,ATF4+FOS+HEYL+AEBP1,"AEBP1,ATF4,FOS,HEYL",4,-0.47480231276055584,0.47480231276055584
4,FOS+ZBTB20+DNMT3B+ZNF202,"DNMT3B,FOS,ZBTB20,ZNF202",4,-0.474449164696067,0.474449164696067
4,FOS+STAT1+FOXP3+PAX3,"FOS,FOXP3,PAX3,STAT1",4,-0.474413827436453,0.474413827436453
4,FOS+FOXP3+ZBTB20+HOXC13,"FOS,FOXP3,HOXC13,ZBTB20",4,-0.47403031708225285,0.47403031708225285
4,ATF4+FOS+ZNF202+AEBP1,"AEBP1,ATF4,FOS,ZNF202",4,-0.4730778617114211,0.4730778617114211
4,FOS+SMAD7+ZBTB20+NPM1,"FOS,NPM1,SMAD7,ZBTB20",4,-0.4727902467318561,0.4727902467318561
4,FOS+STAT1+RARG+NPM1,"FOS,NPM1,RARG,STAT1",4,-0.4725958337859763,0.4725958337859763
4,FOS+STAT1+HEYL+SRF,"FOS,HEYL,SRF,STAT1",4,-0.4723045587355279,0.4723045587355279
4,FOS+PAX3+SMAD7+ZBTB20,"FOS,PAX3,SMAD7,ZBTB20",4,-0.4721199320234918,0.4721199320234918
4,FOS+ZBTB20+NFIA+SRF,"FOS,NFIA,SRF,ZBTB20",4,-0.47210990894672605,0.47210990894672605
4,FOS+DNMT3B+NFIA+AEBP1,"AEBP1,DNMT3B,FOS,NFIA",4,-0.4720888598335567,0.4720888598335567
4,FOS+STAT1+PAX3+RARG,"FOS,PAX3,RARG,STAT1",4,-0.471925519077612,0.471925519077612
4,FOS+SFPQ+HOXC13+AEBP1,"AEBP1,FOS,HOXC13,SFPQ",4,-0.47176329456034327,0.47176329456034327
4,FOS+ZBTB20+RARG+HOXC13,"FOS,HOXC13,RARG,ZBTB20",4,-0.47154200872341184,0.47154200872341184
4,ATF4+FOS+NFIA+ZNF165,"ATF4,FOS,NFIA,ZNF165",4,-0.47130727182653287,0.47130727182653287
4,FOS+ZBTB20+SRF+ZNF165,"FOS,SRF,ZBTB20,ZNF165",4,-0.471285657708978,0.471285657708978
4,FOS+DNMT3B+AEBP1+ZNF165,"AEBP1,DNMT3B,FOS,ZNF165",4,-0.47126460859580865,0.47126460859580865
4,FOS+HEYL+ZBTB20+SFPQ,"FOS,HEYL,SFPQ,ZBTB20",4,-0.4707486074364286,0.4707486074364286
4,FOS+STAT1+ZNF202+SRF,"FOS,SRF,STAT1,ZNF202",4,-0.47058010768639313,0.47058010768639313
4,ATF4+FOS+DNMT3B+HOXC13,"ATF4,DNMT3B,FOS,HOXC13",4,-0.47050261767726126,0.47050261767726126
4,ATF4+FOS+HES1+NFIA,"ATF4,FOS,HES1,NFIA",4,-0.4701763880692965,0.4701763880692965
4,FOS+ZBTB20+HES1+SRF,"FOS,HES1,SRF,ZBTB20",4,-0.47015477395174166,0.47015477395174166
4,FOS+DNMT3B+HES1+AEBP1,"AEBP1,DNMT3B,FOS,HES1",4,-0.4701337248385723,0.4701337248385723
4,FOS+PAX3+ZBTB20+NPM1,"FOS,NPM1,PAX3,ZBTB20",4,-0.46987356451424656,0.46987356451424656
3,FOS+STAT1+SFPQ,"FOS,SFPQ,STAT1",3,-0.4695044420999128,0.4695044420999128
4,ATF4+FOS+HES1+ZNF165,"ATF4,FOS,HES1,ZNF165",4,-0.46935213683154847,0.46935213683154847
4,FOS+STAT1+FOXP3+HEYL,"FOS,FOXP3,HEYL,STAT1",4,-0.46912552383549494,0.46912552383549494
4,FOS+ZBTB20+SFPQ+ZNF202,"FOS,SFPQ,ZBTB20,ZNF202",4,-0.46902415638729383,0.46902415638729383
4,FOS+FOXP3+ZBTB20+NFIA,"FOS,FOXP3,NFIA,ZBTB20",4,-0.4689308740466931,0.4689308740466931
4,FOS+FOXP3+ZBTB20+ZNF165,"FOS,FOXP3,ZBTB20,ZNF165",4,-0.46810662280894505,0.46810662280894505
4,FOS+SMAD7+HOXC13+AEBP1,"AEBP1,FOS,HOXC13,SMAD7",4,-0.4678463155464484,0.4678463155464484
4,FOS+STAT1+FOXP3+ZNF202,"FOS,FOXP3,STAT1,ZNF202",4,-0.46740107278636017,0.46740107278636017
4,FOS+FOXP3+ZBTB20+HES1,"FOS,FOXP3,HES1,ZBTB20",4,-0.4669757390517087,0.4669757390517087
4,FOS+SMAD7+HEYL+ZBTB20,"FOS,HEYL,SMAD7,ZBTB20",4,-0.46683162842253373,0.46683162842253373
4,FOS+SFPQ+NFIA+AEBP1,"AEBP1,FOS,NFIA,SFPQ",4,-0.4666638515247835,0.4666638515247835
4,FOS+STAT1+HEYL+RARG,"FOS,HEYL,RARG,STAT1",4,-0.46663721547665393,0.46663721547665393
4,FOS+ZBTB20+RARG+NFIA,"FOS,NFIA,RARG,ZBTB20",4,-0.4664425656878521,0.4664425656878521
4,FOS+SFPQ+AEBP1+ZNF165,"AEBP1,FOS,SFPQ,ZNF165",4,-0.46583960028703547,0.46583960028703547
4,FOS+ZBTB20+RARG+ZNF165,"FOS,RARG,ZBTB20,ZNF165",4,-0.46561831445010404,0.46561831445010404
4,FOS+NPM1+HOXC13+AEBP1,"AEBP1,FOS,HOXC13,NPM1",4,-0.46559994803720317,0.46559994803720317
3,FOS+STAT1+SMAD7,"FOS,SMAD7,STAT1",3,-0.46558746308601795,0.46558746308601795
4,ATF4+FOS+DNMT3B+NFIA,"ATF4,DNMT3B,FOS,NFIA",4,-0.4654031746417015,0.4654031746417015
4,FOS+ZBTB20+DNMT3B+SRF,"DNMT3B,FOS,SRF,ZBTB20",4,-0.46538156052414664,0.46538156052414664
4,FOS+SMAD7+ZBTB20+ZNF202,"FOS,SMAD7,ZBTB20,ZNF202",4,-0.46510717737339896,0.46510717737339896
4,ATF4+FOS+SFPQ+HOXC13,"ATF4,FOS,HOXC13,SFPQ",4,-0.4650776093684881,0.4650776093684881
4,FOS+PAX3+HOXC13+AEBP1,"AEBP1,FOS,HOXC13,PAX3",4,-0.46492963332883885,0.46492963332883885
4,FOS+STAT1+RARG+ZNF202,"FOS,RARG,STAT1,ZNF202",4,-0.46491276442751917,0.46491276442751917
4,FOS+SFPQ+HES1+AEBP1,"AEBP1,FOS,HES1,SFPQ",4,-0.4647087165297991,0.4647087165297991
4,FOS+HEYL+ZBTB20+NPM1,"FOS,HEYL,NPM1,ZBTB20",4,-0.4645852609132885,0.4645852609132885
4,ATF4+FOS+DNMT3B+ZNF165,"ATF4,DNMT3B,FOS,ZNF165",4,-0.46457892340395346,0.46457892340395346
4,FOS+ZBTB20+RARG+HES1,"FOS,HES1,RARG,ZBTB20",4,-0.4644874306928677,0.4644874306928677
4,ATF4+FOS+SRF+AEBP1,"AEBP1,ATF4,FOS,SRF",4,-0.4640102575395007,0.4640102575395007
4,FOS+PAX3+HEYL+ZBTB20,"FOS,HEYL,PAX3,ZBTB20",4,-0.4639149462049242,0.4639149462049242
4,ATF4+FOS+DNMT3B+HES1,"ATF4,DNMT3B,FOS,HES1",4,-0.4634480396467171,0.4634480396467171
3,FOS+STAT1+NPM1,"FOS,NPM1,STAT1",3,-0.4633410955767727,0.4633410955767727
4,FOS+ZBTB20+ZNF202+NPM1,"FOS,NPM1,ZBTB20,ZNF202",4,-0.46286080986415373,0.46286080986415373
4,FOS+SMAD7+NFIA+AEBP1,"AEBP1,FOS,NFIA,SMAD7",4,-0.46274687251088864,0.46274687251088864
3,FOS+STAT1+PAX3,"FOS,PAX3,STAT1",3,-0.4626707808684084,0.4626707808684084
3,FOS+ZBTB20+HOXC13,"FOS,HOXC13,ZBTB20",3,-0.46228727051420826,0.46228727051420826
4,FOS+FOXP3+ZBTB20+DNMT3B,"DNMT3B,FOS,FOXP3,ZBTB20",4,-0.4622025256241137,0.4622025256241137
4,FOS+PAX3+ZBTB20+ZNF202,"FOS,PAX3,ZBTB20,ZNF202",4,-0.4621904951557894,0.4621904951557894
4,FOS+SMAD7+AEBP1+ZNF165,"AEBP1,FOS,SMAD7,ZNF165",4,-0.4619226212731406,0.4619226212731406
4,ATF4+FOS+SMAD7+HOXC13,"ATF4,FOS,HOXC13,SMAD7",4,-0.4611606303545932,0.4611606303545932
4,ATF4+FOS+FOXP3+AEBP1,"AEBP1,ATF4,FOS,FOXP3",4,-0.46083122263946774,0.46083122263946774
4,FOS+SMAD7+HES1+AEBP1,"AEBP1,FOS,HES1,SMAD7",4,-0.46079173751590424,0.46079173751590424
4,FOS+NFIA+NPM1+AEBP1,"AEBP1,FOS,NFIA,NPM1",4,-0.4605005050016434,0.4605005050016434
4,ATF4+FOS+SFPQ+NFIA,"ATF4,FOS,NFIA,SFPQ",4,-0.4599781663329283,0.4599781663329283
4,FOS+ZBTB20+SFPQ+SRF,"FOS,SFPQ,SRF,ZBTB20",4,-0.45995655221537346,0.45995655221537346
4,FOS+SFPQ+DNMT3B+AEBP1,"AEBP1,DNMT3B,FOS,SFPQ",4,-0.4599355031022041,0.4599355031022041
4,FOS+PAX3+NFIA+AEBP1,"AEBP1,FOS,NFIA,PAX3",4,-0.4598301902932791,0.4598301902932791
4,FOS+ZBTB20+RARG+DNMT3B,"DNMT3B,FOS,RARG,ZBTB20",4,-0.4597142172652727,0.4597142172652727
4,FOS+NPM1+AEBP1+ZNF165,"AEBP1,FOS,NPM1,ZNF165",4,-0.45967625376389537,0.45967625376389537
4,FOS+HEYL+HOXC13+AEBP1,"AEBP1,FOS,HEYL,HOXC13",4,-0.4596413297278808,0.4596413297278808
4,ATF4+FOS+SFPQ+ZNF165,"ATF4,FOS,SFPQ,ZNF165",4,-0.4591539150951803,0.4591539150951803
4,FOS+PAX3+AEBP1+ZNF165,"AEBP1,FOS,PAX3,ZNF165",4,-0.45900593905553105,0.45900593905553105
4,ATF4+FOS+NPM1+HOXC13,"ATF4,FOS,HOXC13,NPM1",4,-0.458914262845348,0.458914262845348
4,FOS+HES1+NPM1+AEBP1,"AEBP1,FOS,HES1,NPM1",4,-0.458545370006659,0.458545370006659
4,ATF4+FOS+RARG+AEBP1,"AEBP1,ATF4,FOS,RARG",4,-0.45834291428062673,0.45834291428062673
4,FOS+STAT1+FOXP3+SRF,"FOS,FOXP3,SRF,STAT1",4,-0.4583334686144398,0.4583334686144398
4,ATF4+FOS+PAX3+HOXC13,"ATF4,FOS,HOXC13,PAX3",4,-0.45824394813698366,0.45824394813698366
4,ATF4+FOS+SFPQ+HES1,"ATF4,FOS,HES1,SFPQ",4,-0.4580230313379439,0.4580230313379439
4,FOS+ZNF202+HOXC13+AEBP1,"AEBP1,FOS,HOXC13,ZNF202",4,-0.45791687867874603,0.45791687867874603
4,FOS+PAX3+HES1+AEBP1,"AEBP1,FOS,HES1,PAX3",4,-0.4578750552982947,0.4578750552982947
3,FOS+STAT1+HEYL,"FOS,HEYL,STAT1",3,-0.45738247726745035,0.45738247726745035
3,FOS+ZBTB20+NFIA,"FOS,NFIA,ZBTB20",3,-0.4571878274786485,0.4571878274786485
4,FOS+HEYL+ZBTB20+ZNF202,"FOS,HEYL,ZBTB20,ZNF202",4,-0.45690219155483136,0.45690219155483136
4,FOS+FOXP3+ZBTB20+SFPQ,"FOS,FOXP3,SFPQ,ZBTB20",4,-0.4567775173153405,0.4567775173153405
3,FOS+ZBTB20+ZNF165,"FOS,ZBTB20,ZNF165",3,-0.45636357624090046,0.45636357624090046
4,FOS+NFIA+HOXC13+ZNF165,"FOS,HOXC13,NFIA,ZNF165",4,-0.4561462887938578,0.4561462887938578
4,ATF4+FOS+SMAD7+NFIA,"ATF4,FOS,NFIA,SMAD7",4,-0.45606118731903345,0.45606118731903345
4,FOS+SMAD7+ZBTB20+SRF,"FOS,SMAD7,SRF,ZBTB20",4,-0.4560395732014786,0.4560395732014786
4,FOS+SMAD7+DNMT3B+AEBP1,"AEBP1,DNMT3B,FOS,SMAD7",4,-0.45601852408830923,0.45601852408830923
4,FOS+STAT1+RARG+SRF,"FOS,RARG,SRF,STAT1",4,-0.4558451602555988,0.4558451602555988
3,FOS+STAT1+ZNF202,"FOS,STAT1,ZNF202",3,-0.4556580262183156,0.4556580262183156
4,ATF4+FOS+SMAD7+ZNF165,"ATF4,FOS,SMAD7,ZNF165",4,-0.4552369360812854,0.4552369360812854
3,FOS+ZBTB20+HES1,"FOS,HES1,ZBTB20",3,-0.4552326924836641,0.4552326924836641
4,FOS+HES1+NFIA+HOXC13,"FOS,HES1,HOXC13,NFIA",4,-0.45501540503662147,0.45501540503662147
4,FOS+HEYL+NFIA+AEBP1,"AEBP1,FOS,HEYL,NFIA",4,-0.45454188669232104,0.45454188669232104
4,FOS+ZBTB20+RARG+SFPQ,"FOS,RARG,SFPQ,ZBTB20",4,-0.4542892089564995,0.4542892089564995
4,FOS+HES1+HOXC13+ZNF165,"FOS,HES1,HOXC13,ZNF165",4,-0.4541911537988734,0.4541911537988734
4,ATF4+FOS+SMAD7+HES1,"ATF4,FOS,HES1,SMAD7",4,-0.45410605232404905,0.45410605232404905
4,ATF4+FOS+NFIA+NPM1,"ATF4,FOS,NFIA,NPM1",4,-0.4538148198097882,0.4538148198097882
4,FOS+ZBTB20+SRF+NPM1,"FOS,NPM1,SRF,ZBTB20",4,-0.45379320569223336,0.45379320569223336
4,FOS+DNMT3B+NPM1+AEBP1,"AEBP1,DNMT3B,FOS,NPM1",4,-0.453772156579064,0.453772156579064
4,FOS+HEYL+AEBP1+ZNF165,"AEBP1,FOS,HEYL,ZNF165",4,-0.453717635454573,0.453717635454573
4,ATF4+FOS+SFPQ+DNMT3B,"ATF4,DNMT3B,FOS,SFPQ",4,-0.4532498179103489,0.4532498179103489
4,ATF4+FOS+PAX3+NFIA,"ATF4,FOS,NFIA,PAX3",4,-0.4531445051014239,0.4531445051014239
4,FOS+PAX3+ZBTB20+SRF,"FOS,PAX3,SRF,ZBTB20",4,-0.45312289098386904,0.45312289098386904
4,FOS+PAX3+DNMT3B+AEBP1,"AEBP1,DNMT3B,FOS,PAX3",4,-0.4531018418706997,0.4531018418706997
4,ATF4+FOS+NPM1+ZNF165,"ATF4,FOS,NPM1,ZNF165",4,-0.4529905685720402,0.4529905685720402
4,ATF4+FOS+HEYL+HOXC13,"ATF4,FOS,HEYL,HOXC13",4,-0.4529556445360256,0.4529556445360256
4,FOS+FOXP3+SMAD7+ZBTB20,"FOS,FOXP3,SMAD7,ZBTB20",4,-0.4528605383014456,0.4528605383014456
4,FOS+NFIA+ZNF202+AEBP1,"AEBP1,FOS,NFIA,ZNF202",4,-0.4528174356431863,0.4528174356431863
4,FOS+STAT1+FOXP3+RARG,"FOS,FOXP3,RARG,STAT1",4,-0.45266612535556583,0.45266612535556583
4,FOS+HEYL+HES1+AEBP1,"AEBP1,FOS,HES1,HEYL",4,-0.45258675169733664,0.45258675169733664
4,ATF4+FOS+PAX3+ZNF165,"ATF4,FOS,PAX3,ZNF165",4,-0.45232025386367586,0.45232025386367586
4,FOS+ZNF202+AEBP1+ZNF165,"AEBP1,FOS,ZNF165,ZNF202",4,-0.45199318440543823,0.45199318440543823
4,ATF4+FOS+HES1+NPM1,"ATF4,FOS,HES1,NPM1",4,-0.4518596848148038,0.4518596848148038
4,ATF4+FOS+ZNF202+HOXC13,"ATF4,FOS,HOXC13,ZNF202",4,-0.45123119348689084,0.45123119348689084
4,ATF4+FOS+PAX3+HES1,"ATF4,FOS,HES1,PAX3",4,-0.4511893701064395,0.4511893701064395
4,FOS+HES1+ZNF202+AEBP1,"AEBP1,FOS,HES1,ZNF202",4,-0.4508623006482019,0.4508623006482019
4,FOS+FOXP3+ZBTB20+NPM1,"FOS,FOXP3,NPM1,ZBTB20",4,-0.4506141707922004,0.4506141707922004
4,FOS+SMAD7+SFPQ+AEBP1,"AEBP1,FOS,SFPQ,SMAD7",4,-0.45059351577953605,0.45059351577953605
3,FOS+ZBTB20+DNMT3B,"DNMT3B,FOS,ZBTB20",3,-0.4504594790560691,0.4504594790560691
4,FOS+SMAD7+ZBTB20+RARG,"FOS,RARG,SMAD7,ZBTB20",4,-0.4503722299426046,0.4503722299426046
4,FOS+DNMT3B+NFIA+HOXC13,"DNMT3B,FOS,HOXC13,NFIA",4,-0.45024219160902645,0.45024219160902645
4,FOS+FOXP3+PAX3+ZBTB20,"FOS,FOXP3,PAX3,ZBTB20",4,-0.4499438560838361,0.4499438560838361
4,FOS+DNMT3B+HOXC13+ZNF165,"DNMT3B,FOS,HOXC13,ZNF165",4,-0.4494179403712784,0.4494179403712784
4,ATF4+FOS+SMAD7+DNMT3B,"ATF4,DNMT3B,FOS,SMAD7",4,-0.44933283889645403,0.44933283889645403
4,FOS+HES1+NFIA+ZNF165,"FOS,HES1,NFIA,ZNF165",4,-0.44909171076331367,0.44909171076331367
3,ATF4+FOS+AEBP1,"AEBP1,ATF4,FOS",3,-0.44908817607142315,0.44908817607142315
4,FOS+SRF+HOXC13+AEBP1,"AEBP1,FOS,HOXC13,SRF",4,-0.44884927450682566,0.44884927450682566
4,FOS+SFPQ+NPM1+AEBP1,"AEBP1,FOS,NPM1,SFPQ",4,-0.4483471482702908,0.4483471482702908
4,FOS+DNMT3B+HES1+HOXC13,"DNMT3B,FOS,HES1,HOXC13",4,-0.44828705661404206,0.44828705661404206
4,FOS+ZBTB20+RARG+NPM1,"FOS,NPM1,RARG,ZBTB20",4,-0.4481258624333594,0.4481258624333594
4,ATF4+FOS+HEYL+NFIA,"ATF4,FOS,HEYL,NFIA",4,-0.44785620150046584,0.44785620150046584
4,FOS+HEYL+ZBTB20+SRF,"FOS,HEYL,SRF,ZBTB20",4,-0.447834587382911,0.447834587382911
4,FOS+HEYL+DNMT3B+AEBP1,"AEBP1,DNMT3B,FOS,HEYL",4,-0.44781353826974163,0.44781353826974163
4,FOS+PAX3+SFPQ+AEBP1,"AEBP1,FOS,PAX3,SFPQ",4,-0.4476768335619265,0.4476768335619265
4,FOS+PAX3+ZBTB20+RARG,"FOS,PAX3,RARG,ZBTB20",4,-0.4474555477249951,0.4474555477249951
4,ATF4+FOS+DNMT3B+NPM1,"ATF4,DNMT3B,FOS,NPM1",4,-0.4470864713872088,0.4470864713872088
4,ATF4+FOS+HEYL+ZNF165,"ATF4,FOS,HEYL,ZNF165",4,-0.4470319502627178,0.4470319502627178
3,FOS+STAT1+SRF,"FOS,SRF,STAT1",3,-0.4465904220463952,0.4465904220463952
4,ATF4+FOS+PAX3+DNMT3B,"ATF4,DNMT3B,FOS,PAX3",4,-0.4464161566788445,0.4464161566788445
4,ATF4+FOS+NFIA+ZNF202,"ATF4,FOS,NFIA,ZNF202",4,-0.4461317504513311,0.4461317504513311
4,FOS+ZBTB20+ZNF202+SRF,"FOS,SRF,ZBTB20,ZNF202",4,-0.4461101363337762,0.4461101363337762
4,FOS+DNMT3B+ZNF202+AEBP1,"AEBP1,DNMT3B,FOS,ZNF202",4,-0.44608908722060686,0.44608908722060686
4,ATF4+FOS+HEYL+HES1,"ATF4,FOS,HES1,HEYL",4,-0.44590106650548145,0.44590106650548145
4,FOS+FOXP3+HOXC13+AEBP1,"AEBP1,FOS,FOXP3,HOXC13",4,-0.4456702396067927,0.4456702396067927
4,ATF4+FOS+ZNF202+ZNF165,"ATF4,FOS,ZNF165,ZNF202",4,-0.44530749921358304,0.44530749921358304
3,FOS+ZBTB20+SFPQ,"FOS,SFPQ,ZBTB20",3,-0.4450344707472959,0.4450344707472959
4,FOS+SFPQ+NFIA+HOXC13,"FOS,HOXC13,NFIA,SFPQ",4,-0.44481718330025327,0.44481718330025327
4,FOS+FOXP3+HEYL+ZBTB20,"FOS,FOXP3,HEYL,ZBTB20",4,-0.444655552482878,0.444655552482878
4,FOS+SMAD7+NPM1+AEBP1,"AEBP1,FOS,NPM1,SMAD7",4,-0.44443016925639595,0.44443016925639595
4,FOS+DNMT3B+NFIA+ZNF165,"DNMT3B,FOS,NFIA,ZNF165",4,-0.44431849733571865,0.44431849733571865
4,ATF4+FOS+HES1+ZNF202,"ATF4,FOS,HES1,ZNF202",4,-0.4441766154563467,0.4441766154563467
4,FOS+SFPQ+HOXC13+ZNF165,"FOS,HOXC13,SFPQ,ZNF165",4,-0.44399293206250523,0.44399293206250523
4,ATF4+FOS+SMAD7+SFPQ,"ATF4,FOS,SFPQ,SMAD7",4,-0.44390783058768085,0.44390783058768085
4,FOS+PAX3+SMAD7+AEBP1,"AEBP1,FOS,PAX3,SMAD7",4,-0.44375985454803163,0.44375985454803163
4,FOS+NFIA+SRF+AEBP1,"AEBP1,FOS,NFIA,SRF",4,-0.4437498314712659,0.4437498314712659
3,FOS+STAT1+FOXP3,"FOS,FOXP3,STAT1",3,-0.44341138714636225,0.44341138714636225
4,FOS+DNMT3B+HES1+NFIA,"DNMT3B,FOS,HES1,NFIA",4,-0.4431876135784823,0.4431876135784823
4,FOS+RARG+HOXC13+AEBP1,"AEBP1,FOS,HOXC13,RARG",4,-0.4431819312479517,0.4431819312479517
4,FOS+FOXP3+ZBTB20+ZNF202,"FOS,FOXP3,ZBTB20,ZNF202",4,-0.44293110143374326,0.44293110143374326
4,FOS+SRF+AEBP1+ZNF165,"AEBP1,FOS,SRF,ZNF165",4,-0.44292558023351786,0.44292558023351786
4,FOS+SFPQ+HES1+HOXC13,"FOS,HES1,HOXC13,SFPQ",4,-0.4428620483052689,0.4428620483052689
4,FOS+HEYL+SFPQ+AEBP1,"AEBP1,FOS,HEYL,SFPQ",4,-0.44238852996096845,0.44238852996096845
4,FOS+DNMT3B+HES1+ZNF165,"DNMT3B,FOS,HES1,ZNF165",4,-0.44236336234073426,0.44236336234073426
4,FOS+HEYL+ZBTB20+RARG,"FOS,HEYL,RARG,ZBTB20",4,-0.442167244124037,0.442167244124037
4,ATF4+FOS+SRF+HOXC13,"ATF4,FOS,HOXC13,SRF",4,-0.44216358931497046,0.44216358931497046
4,FOS+HES1+SRF+AEBP1,"AEBP1,FOS,HES1,SRF",4,-0.4417946964762815,0.4417946964762815
4,ATF4+FOS+SFPQ+NPM1,"ATF4,FOS,NPM1,SFPQ",4,-0.4416614630784356,0.4416614630784356
4,FOS+PAX3+NPM1+AEBP1,"AEBP1,FOS,NPM1,PAX3",4,-0.4415134870387864,0.4415134870387864
4,ATF4+FOS+HEYL+DNMT3B,"ATF4,DNMT3B,FOS,HEYL",4,-0.44112785307788643,0.44112785307788643
3,FOS+SMAD7+ZBTB20,"FOS,SMAD7,ZBTB20",3,-0.44111749173340103,0.44111749173340103
4,ATF4+FOS+PAX3+SFPQ,"ATF4,FOS,PAX3,SFPQ",4,-0.4409911483700713,0.4409911483700713
3,FOS+STAT1+RARG,"FOS,RARG,STAT1",3,-0.44092307878752124,0.44092307878752124
4,FOS+SMAD7+NFIA+HOXC13,"FOS,HOXC13,NFIA,SMAD7",4,-0.4409002042863584,0.4409002042863584
4,FOS+SFPQ+ZNF202+AEBP1,"AEBP1,FOS,SFPQ,ZNF202",4,-0.4406640789118337,0.4406640789118337
4,FOS+FOXP3+NFIA+AEBP1,"AEBP1,FOS,FOXP3,NFIA",4,-0.44057079657123294,0.44057079657123294
4,FOS+ZBTB20+RARG+ZNF202,"FOS,RARG,ZBTB20,ZNF202",4,-0.44044279307490225,0.44044279307490225
4,FOS+SMAD7+HOXC13+ZNF165,"FOS,HOXC13,SMAD7,ZNF165",4,-0.44007595304861036,0.44007595304861036
4,FOS+FOXP3+AEBP1+ZNF165,"AEBP1,FOS,FOXP3,ZNF165",4,-0.4397465453334849,0.4397465453334849
4,ATF4+FOS+DNMT3B+ZNF202,"ATF4,DNMT3B,FOS,ZNF202",4,-0.43940340202875167,0.43940340202875167
4,ATF4+FOS+FOXP3+HOXC13,"ATF4,FOS,FOXP3,HOXC13",4,-0.4389845544149375,0.4389845544149375
4,FOS+SMAD7+HES1+HOXC13,"FOS,HES1,HOXC13,SMAD7",4,-0.438945069291374,0.438945069291374
4,FOS+SFPQ+NFIA+ZNF165,"FOS,NFIA,SFPQ,ZNF165",4,-0.43889348902694547,0.43889348902694547
3,FOS+ZBTB20+NPM1,"FOS,NPM1,ZBTB20",3,-0.4388711242241558,0.4388711242241558
4,FOS+NFIA+NPM1+HOXC13,"FOS,HOXC13,NFIA,NPM1",4,-0.43865383677711317,0.43865383677711317
4,FOS+FOXP3+HES1+AEBP1,"AEBP1,FOS,FOXP3,HES1",4,-0.43861566157624854,0.43861566157624854
4,FOS+SMAD7+HEYL+AEBP1,"AEBP1,FOS,HEYL,SMAD7",4,-0.4384715509470736,0.4384715509470736
3,FOS+PAX3+ZBTB20,"FOS,PAX3,ZBTB20",3,-0.4382008095157915,0.4382008095157915
4,FOS+SFPQ+DNMT3B+HOXC13,"DNMT3B,FOS,HOXC13,SFPQ",4,-0.43808883487767386,0.43808883487767386
4,FOS+RARG+NFIA+AEBP1,"AEBP1,FOS,NFIA,RARG",4,-0.43808248821239193,0.43808248821239193
4,FOS+PAX3+NFIA+HOXC13,"FOS,HOXC13,NFIA,PAX3",4,-0.43798352206874885,0.43798352206874885
4,FOS+NPM1+HOXC13+ZNF165,"FOS,HOXC13,NPM1,ZNF165",4,-0.43782958553936513,0.43782958553936513
4,FOS+SFPQ+HES1+NFIA,"FOS,HES1,NFIA,SFPQ",4,-0.4377626052697091,0.4377626052697091
4,ATF4+FOS+SMAD7+NPM1,"ATF4,FOS,NPM1,SMAD7",4,-0.43774448406454075,0.43774448406454075
4,FOS+RARG+AEBP1+ZNF165,"AEBP1,FOS,RARG,ZNF165",4,-0.4372582369746439,0.4372582369746439
4,FOS+PAX3+HOXC13+ZNF165,"FOS,HOXC13,PAX3,ZNF165",4,-0.4371592708310008,0.4371592708310008
4,ATF4+FOS+PAX3+SMAD7,"ATF4,FOS,PAX3,SMAD7",4,-0.43707416935617643,0.43707416935617643
4,ATF4+FOS+NFIA+SRF,"ATF4,FOS,NFIA,SRF",4,-0.4370641462794107,0.4370641462794107
4,FOS+DNMT3B+SRF+AEBP1,"AEBP1,DNMT3B,FOS,SRF",4,-0.4370214830486865,0.4370214830486865
4,FOS+SFPQ+HES1+ZNF165,"FOS,HES1,SFPQ,ZNF165",4,-0.4369383540319611,0.4369383540319611
4,FOS+SMAD7+ZNF202+AEBP1,"AEBP1,FOS,SMAD7,ZNF202",4,-0.4367470998979388,0.4367470998979388
4,FOS+HES1+NPM1+HOXC13,"FOS,HES1,HOXC13,NPM1",4,-0.4366987017821288,0.4366987017821288
4,ATF4+FOS+RARG+HOXC13,"ATF4,FOS,HOXC13,RARG",4,-0.4364962460560965,0.4364962460560965
4,ATF4+FOS+SRF+ZNF165,"ATF4,FOS,SRF,ZNF165",4,-0.43623989504166266,0.43623989504166266
4,FOS+HEYL+NPM1+AEBP1,"AEBP1,FOS,HEYL,NPM1",4,-0.43622518343782835,0.43622518343782835
4,FOS+RARG+HES1+AEBP1,"AEBP1,FOS,HES1,RARG",4,-0.43612735321740753,0.43612735321740753
4,FOS+PAX3+HES1+HOXC13,"FOS,HES1,HOXC13,PAX3",4,-0.43602838707376446,0.43602838707376446
4,ATF4+FOS+HEYL+SFPQ,"ATF4,FOS,HEYL,SFPQ",4,-0.43570284476911325,0.43570284476911325
4,FOS+PAX3+HEYL+AEBP1,"AEBP1,FOS,HEYL,PAX3",4,-0.43555486872946403,0.43555486872946403
4,ATF4+FOS+HES1+SRF,"ATF4,FOS,HES1,SRF",4,-0.4351090112844263,0.4351090112844263
4,FOS+SMAD7+NFIA+ZNF165,"FOS,NFIA,SMAD7,ZNF165",4,-0.4349765100130506,0.4349765100130506
4,ATF4+FOS+PAX3+NPM1,"ATF4,FOS,NPM1,PAX3",4,-0.4348278018469312,0.4348278018469312
4,FOS+ZNF202+NPM1+AEBP1,"AEBP1,FOS,NPM1,ZNF202",4,-0.4345007323886936,0.4345007323886936
4,FOS+SMAD7+DNMT3B+HOXC13,"DNMT3B,FOS,HOXC13,SMAD7",4,-0.434171855863779,0.434171855863779
4,ATF4+FOS+SFPQ+ZNF202,"ATF4,FOS,SFPQ,ZNF202",4,-0.4339783937199785,0.4339783937199785
3,FOS+HOXC13+AEBP1,"AEBP1,FOS,HOXC13",3,-0.4339271930387481,0.4339271930387481
4,ATF4+FOS+FOXP3+NFIA,"ATF4,FOS,FOXP3,NFIA",4,-0.43388511137937774,0.43388511137937774
4,FOS+FOXP3+ZBTB20+SRF,"FOS,FOXP3,SRF,ZBTB20",4,-0.4338634972618229,0.4338634972618229
4,FOS+SMAD7+HES1+NFIA,"FOS,HES1,NFIA,SMAD7",4,-0.43384562625581424,0.43384562625581424
4,FOS+FOXP3+DNMT3B+AEBP1,"AEBP1,DNMT3B,FOS,FOXP3",4,-0.4338424481486535,0.4338424481486535
4,FOS+PAX3+ZNF202+AEBP1,"AEBP1,FOS,PAX3,ZNF202",4,-0.43383041768032926,0.43383041768032926
4,ATF4+FOS+FOXP3+ZNF165,"ATF4,FOS,FOXP3,ZNF165",4,-0.4330608601416297,0.4330608601416297
4,FOS+SMAD7+HES1+ZNF165,"FOS,HES1,SMAD7,ZNF165",4,-0.4330213750180662,0.4330213750180662
4,FOS+SFPQ+DNMT3B+NFIA,"DNMT3B,FOS,NFIA,SFPQ",4,-0.4329893918421141,0.4329893918421141
3,FOS+HEYL+ZBTB20,"FOS,HEYL,ZBTB20",3,-0.43291250591483343,0.43291250591483343
4,FOS+NFIA+NPM1+ZNF165,"FOS,NFIA,NPM1,ZNF165",4,-0.43273014250380537,0.43273014250380537
4,FOS+HEYL+NFIA+HOXC13,"FOS,HEYL,HOXC13,NFIA",4,-0.4326952184677908,0.4326952184677908
4,FOS+SFPQ+DNMT3B+ZNF165,"DNMT3B,FOS,SFPQ,ZNF165",4,-0.43216514060436606,0.43216514060436606
4,FOS+PAX3+NFIA+ZNF165,"FOS,NFIA,PAX3,ZNF165",4,-0.43205982779544105,0.43205982779544105
4,ATF4+FOS+FOXP3+HES1,"ATF4,FOS,FOXP3,HES1",4,-0.43192997638439334,0.43192997638439334
4,FOS+DNMT3B+NPM1+HOXC13,"DNMT3B,FOS,HOXC13,NPM1",4,-0.43192548835453376,0.43192548835453376
4,FOS+HEYL+HOXC13+ZNF165,"FOS,HEYL,HOXC13,ZNF165",4,-0.43187096723004276,0.43187096723004276
4,ATF4+FOS+SMAD7+HEYL,"ATF4,FOS,HEYL,SMAD7",4,-0.4317858657552184,0.4317858657552184
2,FOS+STAT1,"FOS,STAT1",2,-0.43166834057831766,0.43166834057831766
4,FOS+HES1+NFIA+NPM1,"FOS,HES1,NFIA,NPM1",4,-0.431599258746569,0.431599258746569
4,FOS+SFPQ+SRF+AEBP1,"AEBP1,FOS,SFPQ,SRF",4,-0.4315964747399133,0.4315964747399133
4,ATF4+FOS+RARG+NFIA,"ATF4,FOS,NFIA,RARG",4,-0.43139680302053673,0.43139680302053673
4,FOS+ZBTB20+RARG+SRF,"FOS,RARG,SRF,ZBTB20",4,-0.4313751889029819,0.4313751889029819
4,FOS+RARG+DNMT3B+AEBP1,"AEBP1,DNMT3B,FOS,RARG",4,-0.4313541397898125,0.4313541397898125
4,FOS+PAX3+DNMT3B+HOXC13,"DNMT3B,FOS,HOXC13,PAX3",4,-0.43125517364616944,0.43125517364616944
3,FOS+ZBTB20+ZNF202,"FOS,ZBTB20,ZNF202",3,-0.43118805486569867,0.43118805486569867
4,FOS+SFPQ+DNMT3B+HES1,"DNMT3B,FOS,HES1,SFPQ",4,-0.4310342568471297,0.4310342568471297
4,FOS+NFIA+ZNF202+HOXC13,"FOS,HOXC13,NFIA,ZNF202",4,-0.43097076741865603,0.43097076741865603
4,FOS+PAX3+HES1+NFIA,"FOS,HES1,NFIA,PAX3",4,-0.4309289440382047,0.4309289440382047
4,FOS+HES1+NPM1+ZNF165,"FOS,HES1,NPM1,ZNF165",4,-0.430775007508821,0.430775007508821
4,FOS+HEYL+HES1+HOXC13,"FOS,HES1,HEYL,HOXC13",4,-0.4307400834728064,0.4307400834728064
4,ATF4+FOS+RARG+ZNF165,"ATF4,FOS,RARG,ZNF165",4,-0.4305725517827887,0.4305725517827887
4,ATF4+FOS+DNMT3B+SRF,"ATF4,DNMT3B,FOS,SRF",4,-0.4303357978568313,0.4303357978568313
4,FOS+ZNF202+HOXC13+ZNF165,"FOS,HOXC13,ZNF165,ZNF202",4,-0.430146516180908,0.430146516180908
4,FOS+PAX3+HES1+ZNF165,"FOS,HES1,PAX3,ZNF165",4,-0.43010469280045666,0.43010469280045666
4,ATF4+FOS+SMAD7+ZNF202,"ATF4,FOS,SMAD7,ZNF202",4,-0.4300614147060836,0.4300614147060836
4,ATF4+FOS+HEYL+NPM1,"ATF4,FOS,HEYL,NPM1",4,-0.42953949824597315,0.42953949824597315
4,ATF4+FOS+RARG+HES1,"ATF4,FOS,HES1,RARG",4,-0.42944166802555234,0.42944166802555234
4,FOS+SMAD7+DNMT3B+NFIA,"DNMT3B,FOS,NFIA,SMAD7",4,-0.42907241282821923,0.42907241282821923
4,FOS+HES1+ZNF202+HOXC13,"FOS,HES1,HOXC13,ZNF202",4,-0.42901563242367163,0.42901563242367163
4,ATF4+FOS+PAX3+HEYL,"ATF4,FOS,HEYL,PAX3",4,-0.42886918353760883,0.42886918353760883
3,FOS+NFIA+AEBP1,"AEBP1,FOS,NFIA",3,-0.42882775000318835,0.42882775000318835
4,FOS+SMAD7+SFPQ+HOXC13,"FOS,HOXC13,SFPQ,SMAD7",4,-0.4287468475550058,0.4287468475550058
4,FOS+HEYL+ZNF202+AEBP1,"AEBP1,FOS,HEYL,ZNF202",4,-0.4285421140793712,0.4285421140793712
4,FOS+FOXP3+SFPQ+AEBP1,"AEBP1,FOS,FOXP3,SFPQ",4,-0.42841743983988034,0.42841743983988034
4,FOS+SMAD7+DNMT3B+ZNF165,"DNMT3B,FOS,SMAD7,ZNF165",4,-0.4282481615904712,0.4282481615904712
4,FOS+FOXP3+ZBTB20+RARG,"FOS,FOXP3,RARG,ZBTB20",4,-0.4281961540029489,0.4281961540029489
3,FOS+AEBP1+ZNF165,"AEBP1,FOS,ZNF165",3,-0.4280034987654403,0.4280034987654403
4,ATF4+FOS+ZNF202+NPM1,"ATF4,FOS,NPM1,ZNF202",4,-0.4278150471968384,0.4278150471968384
4,FOS+SMAD7+SRF+AEBP1,"AEBP1,FOS,SMAD7,SRF",4,-0.42767949572601843,0.42767949572601843
3,ATF4+FOS+HOXC13,"ATF4,FOS,HOXC13",3,-0.4272415078468929,0.4272415078468929
4,ATF4+FOS+FOXP3+DNMT3B,"ATF4,DNMT3B,FOS,FOXP3",4,-0.42715676295679833,0.42715676295679833
4,ATF4+FOS+PAX3+ZNF202,"ATF4,FOS,PAX3,ZNF202",4,-0.42714473248847407,0.42714473248847407
4,FOS+SMAD7+DNMT3B+HES1,"DNMT3B,FOS,HES1,SMAD7",4,-0.42711727783323483,0.42711727783323483
3,FOS+HES1+AEBP1,"AEBP1,FOS,HES1",3,-0.42687261500820395,0.42687261500820395
4,FOS+DNMT3B+NFIA+NPM1,"DNMT3B,FOS,NFIA,NPM1",4,-0.426826045318974,0.426826045318974
4,FOS+HEYL+NFIA+ZNF165,"FOS,HEYL,NFIA,ZNF165",4,-0.426771524194483,0.426771524194483
4,FOS+SFPQ+NPM1+HOXC13,"FOS,HOXC13,NPM1,SFPQ",4,-0.4265004800457606,0.4265004800457606
4,FOS+PAX3+DNMT3B+NFIA,"DNMT3B,FOS,NFIA,PAX3",4,-0.4261557306106097,0.4261557306106097
4,FOS+DNMT3B+NPM1+ZNF165,"DNMT3B,FOS,NPM1,ZNF165",4,-0.42600179408122596,0.42600179408122596
4,FOS+HEYL+DNMT3B+HOXC13,"DNMT3B,FOS,HEYL,HOXC13",4,-0.4259668700452114,0.4259668700452114
4,FOS+RARG+SFPQ+AEBP1,"AEBP1,FOS,RARG,SFPQ",4,-0.42592913148103934,0.42592913148103934
4,FOS+PAX3+SFPQ+HOXC13,"FOS,HOXC13,PAX3,SFPQ",4,-0.42583016533739626,0.42583016533739626
4,FOS+HEYL+HES1+NFIA,"FOS,HES1,HEYL,NFIA",4,-0.42564064043724664,0.42564064043724664
4,FOS+SRF+NPM1+AEBP1,"AEBP1,FOS,NPM1,SRF",4,-0.4254331282167732,0.4254331282167732
4,FOS+PAX3+DNMT3B+ZNF165,"DNMT3B,FOS,PAX3,ZNF165",4,-0.42533147937286164,0.42533147937286164
4,FOS+NFIA+ZNF202+ZNF165,"FOS,NFIA,ZNF165,ZNF202",4,-0.42504707314534823,0.42504707314534823
4,ATF4+FOS+SFPQ+SRF,"ATF4,FOS,SFPQ,SRF",4,-0.4249107895480581,0.4249107895480581
4,FOS+DNMT3B+HES1+NPM1,"DNMT3B,FOS,HES1,NPM1",4,-0.4248709103239896,0.4248709103239896
4,FOS+HEYL+HES1+ZNF165,"FOS,HES1,HEYL,ZNF165",4,-0.4248163891994986,0.4248163891994986
4,FOS+PAX3+SRF+AEBP1,"AEBP1,FOS,PAX3,SRF",4,-0.4247628135084089,0.4247628135084089
4,ATF4+FOS+RARG+DNMT3B,"ATF4,DNMT3B,FOS,RARG",4,-0.4246684545979573,0.4246684545979573
4,FOS+FOXP3+SMAD7+AEBP1,"AEBP1,FOS,FOXP3,SMAD7",4,-0.42450046082598547,0.42450046082598547
4,FOS+DNMT3B+ZNF202+HOXC13,"DNMT3B,FOS,HOXC13,ZNF202",4,-0.4242424189960766,0.4242424189960766
4,FOS+PAX3+DNMT3B+HES1,"DNMT3B,FOS,HES1,PAX3",4,-0.4242005956156253,0.4242005956156253
4,FOS+HES1+NFIA+ZNF202,"FOS,HES1,NFIA,ZNF202",4,-0.4239161893881119,0.4239161893881119
4,FOS+SMAD7+SFPQ+NFIA,"FOS,NFIA,SFPQ,SMAD7",4,-0.42364740451944605,0.42364740451944605
4,FOS+HES1+ZNF202+ZNF165,"FOS,HES1,ZNF165,ZNF202",4,-0.42309193815036383,0.42309193815036383
4,FOS+SMAD7+SFPQ+ZNF165,"FOS,SFPQ,SMAD7,ZNF165",4,-0.422823153281698,0.422823153281698
4,FOS+SMAD7+NPM1+HOXC13,"FOS,HOXC13,NPM1,SMAD7",4,-0.4225835010318657,0.4225835010318657
4,FOS+FOXP3+NPM1+AEBP1,"AEBP1,FOS,FOXP3,NPM1",4,-0.42225409331674024,0.42225409331674024
3,ATF4+FOS+NFIA,"ATF4,FOS,NFIA",3,-0.42214206481133315,0.42214206481133315
3,FOS+ZBTB20+SRF,"FOS,SRF,ZBTB20",3,-0.4221204506937783,0.4221204506937783
3,FOS+DNMT3B+AEBP1,"AEBP1,DNMT3B,FOS",3,-0.42209940158060894,0.42209940158060894
4,FOS+SMAD7+RARG+AEBP1,"AEBP1,FOS,RARG,SMAD7",4,-0.42201215246714446,0.42201215246714446
4,FOS+PAX3+SMAD7+HOXC13,"FOS,HOXC13,PAX3,SMAD7",4,-0.4219131863235014,0.4219131863235014
4,FOS+NFIA+SRF+HOXC13,"FOS,HOXC13,NFIA,SRF",4,-0.42190316324673566,0.42190316324673566
4,ATF4+FOS+HEYL+ZNF202,"ATF4,FOS,HEYL,ZNF202",4,-0.421856428887516,0.421856428887516
4,ATF4+FOS+FOXP3+SFPQ,"ATF4,FOS,FOXP3,SFPQ",4,-0.42173175464802515,0.42173175464802515
4,FOS+SMAD7+SFPQ+HES1,"FOS,HES1,SFPQ,SMAD7",4,-0.42169226952446165,0.42169226952446165
4,FOS+FOXP3+PAX3+AEBP1,"AEBP1,FOS,FOXP3,PAX3",4,-0.4215837786083759,0.4215837786083759
4,FOS+SFPQ+NFIA+NPM1,"FOS,NFIA,NPM1,SFPQ",4,-0.4214010370102008,0.4214010370102008
3,ATF4+FOS+ZNF165,"ATF4,FOS,ZNF165",3,-0.4213178135735851,0.4213178135735851
4,FOS+SRF+HOXC13+ZNF165,"FOS,HOXC13,SRF,ZNF165",4,-0.4210789120089876,0.4210789120089876
4,ATF4+FOS+SMAD7+SRF,"ATF4,FOS,SMAD7,SRF",4,-0.42099381053416324,0.42099381053416324
4,FOS+HEYL+DNMT3B+NFIA,"DNMT3B,FOS,HEYL,NFIA",4,-0.42086742700965163,0.42086742700965163
4,FOS+PAX3+SFPQ+NFIA,"FOS,NFIA,PAX3,SFPQ",4,-0.4207307223018365,0.4207307223018365
4,FOS+SFPQ+NPM1+ZNF165,"FOS,NPM1,SFPQ,ZNF165",4,-0.4205767857724528,0.4205767857724528
4,FOS+HEYL+SFPQ+HOXC13,"FOS,HEYL,HOXC13,SFPQ",4,-0.4205418617364382,0.4205418617364382
3,ATF4+FOS+HES1,"ATF4,FOS,HES1",3,-0.42018692981634875,0.42018692981634875
4,FOS+HEYL+DNMT3B+ZNF165,"DNMT3B,FOS,HEYL,ZNF165",4,-0.4200431757719036,0.4200431757719036
4,FOS+HES1+SRF+HOXC13,"FOS,HES1,HOXC13,SRF",4,-0.41994802825175126,0.41994802825175126
4,FOS+PAX3+SFPQ+ZNF165,"FOS,PAX3,SFPQ,ZNF165",4,-0.41990647106408846,0.41990647106408846
4,FOS+RARG+NPM1+AEBP1,"AEBP1,FOS,NPM1,RARG",4,-0.41976578495789924,0.41976578495789924
4,FOS+PAX3+NPM1+HOXC13,"FOS,HOXC13,NPM1,PAX3",4,-0.41966681881425616,0.41966681881425616
4,FOS+HEYL+SRF+AEBP1,"AEBP1,FOS,HEYL,SRF",4,-0.41947450990745083,0.41947450990745083
4,FOS+SFPQ+HES1+NPM1,"FOS,HES1,NPM1,SFPQ",4,-0.4194459020152164,0.4194459020152164
4,ATF4+FOS+RARG+SFPQ,"ATF4,FOS,RARG,SFPQ",4,-0.41924344628918414,0.41924344628918414
4,FOS+DNMT3B+NFIA+ZNF202,"DNMT3B,FOS,NFIA,ZNF202",4,-0.41914297596051686,0.41914297596051686
4,FOS+PAX3+RARG+AEBP1,"AEBP1,FOS,PAX3,RARG",4,-0.4190954702495349,0.4190954702495349
3,FOS+FOXP3+ZBTB20,"FOS,FOXP3,ZBTB20",3,-0.41894141579374533,0.41894141579374533
4,FOS+HEYL+DNMT3B+HES1,"DNMT3B,FOS,HES1,HEYL",4,-0.41891229201466723,0.41891229201466723
4,FOS+SFPQ+ZNF202+HOXC13,"FOS,HOXC13,SFPQ,ZNF202",4,-0.41881741068730344,0.41881741068730344
4,FOS+PAX3+SFPQ+HES1,"FOS,HES1,PAX3,SFPQ",4,-0.4187755873068521,0.4187755873068521
4,ATF4+FOS+SRF+NPM1,"ATF4,FOS,NPM1,SRF",4,-0.418747443024918,0.418747443024918
4,FOS+FOXP3+NFIA+HOXC13,"FOS,FOXP3,HOXC13,NFIA",4,-0.4187241283467027,0.4187241283467027
4,FOS+DNMT3B+ZNF202+ZNF165,"DNMT3B,FOS,ZNF165,ZNF202",4,-0.4183187247227688,0.4183187247227688
4,ATF4+FOS+PAX3+SRF,"ATF4,FOS,PAX3,SRF",4,-0.4180771283165537,0.4180771283165537
4,FOS+FOXP3+HOXC13+ZNF165,"FOS,FOXP3,HOXC13,ZNF165",4,-0.41789987710895465,0.41789987710895465
4,ATF4+FOS+FOXP3+SMAD7,"ATF4,FOS,FOXP3,SMAD7",4,-0.4178147756341303,0.4178147756341303
4,FOS+ZNF202+SRF+AEBP1,"AEBP1,FOS,SRF,ZNF202",4,-0.41775005885831606,0.41775005885831606
4,FOS+SMAD7+NFIA+NPM1,"FOS,NFIA,NPM1,SMAD7",4,-0.41748405799630595,0.41748405799630595
4,FOS+DNMT3B+HES1+ZNF202,"DNMT3B,FOS,HES1,ZNF202",4,-0.41718784096553246,0.41718784096553246
4,FOS+SMAD7+SFPQ+DNMT3B,"DNMT3B,FOS,SFPQ,SMAD7",4,-0.41691905609686664,0.41691905609686664
4,FOS+PAX3+SMAD7+NFIA,"FOS,NFIA,PAX3,SMAD7",4,-0.41681374328794163,0.41681374328794163
4,FOS+FOXP3+HES1+HOXC13,"FOS,FOXP3,HES1,HOXC13",4,-0.4167689933517183,0.4167689933517183
3,FOS+SFPQ+AEBP1,"AEBP1,FOS,SFPQ",3,-0.41667439327183575,0.41667439327183575
4,FOS+SMAD7+NPM1+ZNF165,"FOS,NPM1,SMAD7,ZNF165",4,-0.4166598067585579,0.4166598067585579
4,FOS+SMAD7+HEYL+HOXC13,"FOS,HEYL,HOXC13,SMAD7",4,-0.41662488272254333,0.41662488272254333
3,FOS+ZBTB20+RARG,"FOS,RARG,ZBTB20",3,-0.4164531074349043,0.4164531074349043
4,FOS+FOXP3+HEYL+AEBP1,"AEBP1,FOS,FOXP3,HEYL",4,-0.41629547500741787,0.41629547500741787
4,FOS+RARG+NFIA+HOXC13,"FOS,HOXC13,NFIA,RARG",4,-0.4162358199878617,0.4162358199878617
4,FOS+PAX3+SMAD7+ZNF165,"FOS,PAX3,SMAD7,ZNF165",4,-0.4159894920501936,0.4159894920501936
4,FOS+NFIA+SRF+ZNF165,"FOS,NFIA,SRF,ZNF165",4,-0.41597946897342786,0.41597946897342786
4,ATF4+FOS+FOXP3+NPM1,"ATF4,FOS,FOXP3,NPM1",4,-0.41556840812488505,0.41556840812488505
4,FOS+SMAD7+HES1+NPM1,"FOS,HES1,NPM1,SMAD7",4,-0.41552892300132155,0.41552892300132155
4,FOS+HEYL+SFPQ+NFIA,"FOS,HEYL,NFIA,SFPQ",4,-0.41544241870087845,0.41544241870087845
3,ATF4+FOS+DNMT3B,"ATF4,DNMT3B,FOS",3,-0.41541371638875374,0.41541371638875374
4,FOS+RARG+HOXC13+ZNF165,"FOS,HOXC13,RARG,ZNF165",4,-0.41541156875011365,0.41541156875011365
4,ATF4+FOS+SMAD7+RARG,"ATF4,FOS,RARG,SMAD7",4,-0.41532646727528927,0.41532646727528927
4,FOS+DNMT3B+SRF+HOXC13,"DNMT3B,FOS,HOXC13,SRF",4,-0.41517481482415625,0.41517481482415625
4,FOS+SMAD7+ZNF202+HOXC13,"FOS,HOXC13,SMAD7,ZNF202",4,-0.41490043167340857,0.41490043167340857
4,ATF4+FOS+FOXP3+PAX3,"ATF4,FOS,FOXP3,PAX3",4,-0.41489809341652073,0.41489809341652073
4,FOS+PAX3+SMAD7+HES1,"FOS,HES1,PAX3,SMAD7",4,-0.41485860829295723,0.41485860829295723
4,FOS+HES1+NFIA+SRF,"FOS,HES1,NFIA,SRF",4,-0.4148485852161915,0.4148485852161915
4,FOS+SFPQ+DNMT3B+NPM1,"DNMT3B,FOS,NPM1,SFPQ",4,-0.4146726885876214,0.4146726885876214
4,FOS+HEYL+SFPQ+ZNF165,"FOS,HEYL,SFPQ,ZNF165",4,-0.4146181674631304,0.4146181674631304
4,FOS+FOXP3+ZNF202+AEBP1,"AEBP1,FOS,FOXP3,ZNF202",4,-0.4145710239582831,0.4145710239582831
4,FOS+PAX3+NFIA+NPM1,"FOS,NFIA,NPM1,PAX3",4,-0.4145673757786964,0.4145673757786964
4,FOS+HEYL+NPM1+HOXC13,"FOS,HEYL,HOXC13,NPM1",4,-0.4143785152132981,0.4143785152132981
4,FOS+RARG+HES1+HOXC13,"FOS,HES1,HOXC13,RARG",4,-0.4142806849928773,0.4142806849928773
4,FOS+HES1+SRF+ZNF165,"FOS,HES1,SRF,ZNF165",4,-0.41402433397844346,0.41402433397844346
4,FOS+PAX3+SFPQ+DNMT3B,"DNMT3B,FOS,PAX3,SFPQ",4,-0.4140023738792571,0.4140023738792571
4,FOS+HEYL+RARG+AEBP1,"AEBP1,FOS,HEYL,RARG",4,-0.41380716664857686,0.41380716664857686
4,FOS+PAX3+NPM1+ZNF165,"FOS,NPM1,PAX3,ZNF165",4,-0.41374312454094836,0.41374312454094836
4,FOS+SFPQ+NFIA+ZNF202,"FOS,NFIA,SFPQ,ZNF202",4,-0.4137179676517437,0.4137179676517437
4,FOS+PAX3+HEYL+HOXC13,"FOS,HEYL,HOXC13,PAX3",4,-0.4137082005049338,0.4137082005049338
4,FOS+HEYL+SFPQ+HES1,"FOS,HES1,HEYL,SFPQ",4,-0.41348728370589405,0.41348728370589405
4,ATF4+FOS+RARG+NPM1,"ATF4,FOS,NPM1,RARG",4,-0.41308009976604404,0.41308009976604404
4,FOS+SFPQ+ZNF202+ZNF165,"FOS,SFPQ,ZNF165,ZNF202",4,-0.41289371641399564,0.41289371641399564
4,FOS+FOXP3+NFIA+ZNF165,"FOS,FOXP3,NFIA,ZNF165",4,-0.4128004340733949,0.4128004340733949
4,ATF4+FOS+HEYL+SRF,"ATF4,FOS,HEYL,SRF",4,-0.41278882471559564,0.41278882471559564
3,FOS+SMAD7+AEBP1,"AEBP1,FOS,SMAD7",3,-0.4127574142579409,0.4127574142579409
4,FOS+ZNF202+NPM1+HOXC13,"FOS,HOXC13,NPM1,ZNF202",4,-0.41265406416416334,0.41265406416416334
4,FOS+PAX3+HES1+NPM1,"FOS,HES1,NPM1,PAX3",4,-0.412612240783712,0.412612240783712
4,ATF4+FOS+PAX3+RARG,"ATF4,FOS,PAX3,RARG",4,-0.4124097850576797,0.4124097850576797
4,FOS+RARG+ZNF202+AEBP1,"AEBP1,FOS,RARG,ZNF202",4,-0.4120827155994421,0.4120827155994421
4,FOS+FOXP3+DNMT3B+HOXC13,"DNMT3B,FOS,FOXP3,HOXC13",4,-0.4119957799241233,0.4119957799241233
4,FOS+PAX3+ZNF202+HOXC13,"FOS,HOXC13,PAX3,ZNF202",4,-0.411983749455799,0.411983749455799
4,FOS+SFPQ+HES1+ZNF202,"FOS,HES1,SFPQ,ZNF202",4,-0.4117628326567593,0.4117628326567593
4,FOS+FOXP3+HES1+NFIA,"FOS,FOXP3,HES1,NFIA",4,-0.41166955031615854,0.41166955031615854
4,FOS+SMAD7+HEYL+NFIA,"FOS,HEYL,NFIA,SMAD7",4,-0.4115254396869836,0.4115254396869836
4,ATF4+FOS+ZNF202+SRF,"ATF4,FOS,SRF,ZNF202",4,-0.41106437366646087,0.41106437366646087
4,FOS+FOXP3+HES1+ZNF165,"FOS,FOXP3,HES1,ZNF165",4,-0.4108452990784105,0.4108452990784105
4,FOS+SMAD7+DNMT3B+NPM1,"DNMT3B,FOS,NPM1,SMAD7",4,-0.41075570957372654,0.41075570957372654
4,FOS+SMAD7+HEYL+ZNF165,"FOS,HEYL,SMAD7,ZNF165",4,-0.41070118844923553,0.41070118844923553
3,FOS+NPM1+AEBP1,"AEBP1,FOS,NPM1",3,-0.41051104674869565,0.41051104674869565
4,FOS+RARG+NFIA+ZNF165,"FOS,NFIA,RARG,ZNF165",4,-0.4103121257145539,0.4103121257145539
4,FOS+PAX3+SMAD7+DNMT3B,"DNMT3B,FOS,PAX3,SMAD7",4,-0.4100853948653622,0.4100853948653622
4,FOS+DNMT3B+NFIA+SRF,"DNMT3B,FOS,NFIA,SRF",4,-0.4100753717885965,0.4100753717885965
3,ATF4+FOS+SFPQ,"ATF4,FOS,SFPQ",3,-0.40998870807998056,0.40998870807998056
3,FOS+PAX3+AEBP1,"AEBP1,FOS,PAX3",3,-0.40984073204033133,0.40984073204033133
4,FOS+SMAD7+NFIA+ZNF202,"FOS,NFIA,SMAD7,ZNF202",4,-0.4098009886378488,0.4098009886378488
4,FOS+SFPQ+SRF+HOXC13,"FOS,HOXC13,SFPQ,SRF",4,-0.40974980651538306,0.40974980651538306
4,ATF4+FOS+FOXP3+HEYL,"ATF4,FOS,FOXP3,HEYL",4,-0.4096097898155627,0.4096097898155627
4,FOS+SMAD7+HEYL+HES1,"FOS,HES1,HEYL,SMAD7",4,-0.4095703046919992,0.4095703046919992
4,FOS+RARG+DNMT3B+HOXC13,"DNMT3B,FOS,HOXC13,RARG",4,-0.4095074715652823,0.4095074715652823
4,FOS+HEYL+NFIA+NPM1,"FOS,HEYL,NFIA,NPM1",4,-0.40927907217773835,0.40927907217773835
4,FOS+DNMT3B+SRF+ZNF165,"DNMT3B,FOS,SRF,ZNF165",4,-0.40925112055084845,0.40925112055084845
4,FOS+RARG+HES1+NFIA,"FOS,HES1,NFIA,RARG",4,-0.40918124195731753,0.40918124195731753
4,FOS+SMAD7+ZNF202+ZNF165,"FOS,SMAD7,ZNF165,ZNF202",4,-0.40897673740010076,0.40897673740010076
4,FOS+HEYL+SFPQ+DNMT3B,"DNMT3B,FOS,HEYL,SFPQ",4,-0.40871407027829904,0.40871407027829904
4,FOS+PAX3+HEYL+NFIA,"FOS,HEYL,NFIA,PAX3",4,-0.40860875746937403,0.40860875746937403
4,FOS+HEYL+NPM1+ZNF165,"FOS,HEYL,NPM1,ZNF165",4,-0.4084548209399903,0.4084548209399903
4,FOS+RARG+HES1+ZNF165,"FOS,HES1,RARG,ZNF165",4,-0.4083569907195695,0.4083569907195695
4,FOS+DNMT3B+HES1+SRF,"DNMT3B,FOS,HES1,SRF",4,-0.4081202367936121,0.4081202367936121
4,ATF4+FOS+FOXP3+ZNF202,"ATF4,FOS,FOXP3,ZNF202",4,-0.4078853387664279,0.4078853387664279
4,FOS+SMAD7+HES1+ZNF202,"FOS,HES1,SMAD7,ZNF202",4,-0.4078458536428644,0.4078458536428644
4,FOS+PAX3+DNMT3B+NPM1,"DNMT3B,FOS,NPM1,PAX3",4,-0.407839027356117,0.407839027356117
4,FOS+PAX3+HEYL+ZNF165,"FOS,HEYL,PAX3,ZNF165",4,-0.407784506231626,0.407784506231626
4,FOS+NFIA+ZNF202+NPM1,"FOS,NFIA,NPM1,ZNF202",4,-0.4075546211286036,0.4075546211286036
4,FOS+HEYL+HES1+NPM1,"FOS,HES1,HEYL,NPM1",4,-0.40732393718275395,0.40732393718275395
2,FOS+ZBTB20,"FOS,ZBTB20",2,-0.40719836922570074,0.40719836922570074
4,ATF4+FOS+HEYL+RARG,"ATF4,FOS,HEYL,RARG",4,-0.40712148145672167,0.40712148145672167
4,FOS+SFPQ+DNMT3B+ZNF202,"DNMT3B,FOS,SFPQ,ZNF202",4,-0.40698961922916427,0.40698961922916427
3,FOS+NFIA+HOXC13,"FOS,HOXC13,NFIA",3,-0.4069810817786581,0.4069810817786581
4,FOS+FOXP3+DNMT3B+NFIA,"DNMT3B,FOS,FOXP3,NFIA",4,-0.4068963368885635,0.4068963368885635
4,FOS+PAX3+NFIA+ZNF202,"FOS,NFIA,PAX3,ZNF202",4,-0.40688430642023926,0.40688430642023926
4,FOS+ZNF202+NPM1+ZNF165,"FOS,NPM1,ZNF165,ZNF202",4,-0.40673036989085554,0.40673036989085554
4,FOS+HEYL+ZNF202+HOXC13,"FOS,HEYL,HOXC13,ZNF202",4,-0.40669544585484096,0.40669544585484096
4,FOS+PAX3+HEYL+HES1,"FOS,HES1,HEYL,PAX3",4,-0.40665362247438963,0.40665362247438963
4,FOS+FOXP3+SFPQ+HOXC13,"FOS,FOXP3,HOXC13,SFPQ",4,-0.4065707716153501,0.4065707716153501
3,FOS+HOXC13+ZNF165,"FOS,HOXC13,ZNF165",3,-0.40615683054091006,0.40615683054091006
4,FOS+FOXP3+DNMT3B+ZNF165,"DNMT3B,FOS,FOXP3,ZNF165",4,-0.4060720856508155,0.4060720856508155
3,ATF4+FOS+SMAD7,"ATF4,FOS,SMAD7",3,-0.4060717290660857,0.4060717290660857
4,FOS+PAX3+ZNF202+ZNF165,"FOS,PAX3,ZNF165,ZNF202",4,-0.4060600551824912,0.4060600551824912
4,FOS+SMAD7+SRF+HOXC13,"FOS,HOXC13,SMAD7,SRF",4,-0.4058328275014882,0.4058328275014882
4,FOS+HES1+ZNF202+NPM1,"FOS,HES1,NPM1,ZNF202",4,-0.4055994861336192,0.4055994861336192
4,FOS+FOXP3+SRF+AEBP1,"AEBP1,FOS,FOXP3,SRF",4,-0.40550341978636273,0.40550341978636273
4,ATF4+FOS+RARG+ZNF202,"ATF4,FOS,RARG,ZNF202",4,-0.4053970304075869,0.4053970304075869
4,FOS+SMAD7+SFPQ+NPM1,"FOS,NPM1,SFPQ,SMAD7",4,-0.40533070126495335,0.40533070126495335
3,FOS+HES1+HOXC13,"FOS,HES1,HOXC13",3,-0.4050259467836737,0.4050259467836737
4,FOS+FOXP3+DNMT3B+HES1,"DNMT3B,FOS,FOXP3,HES1",4,-0.40494120189357913,0.40494120189357913
4,FOS+PAX3+HES1+ZNF202,"FOS,HES1,PAX3,ZNF202",4,-0.40492917142525486,0.40492917142525486
4,FOS+SMAD7+HEYL+DNMT3B,"DNMT3B,FOS,HEYL,SMAD7",4,-0.40479709126440416,0.40479709126440416
4,FOS+PAX3+SMAD7+SFPQ,"FOS,PAX3,SFPQ,SMAD7",4,-0.40466038655658904,0.40466038655658904
4,FOS+SFPQ+NFIA+SRF,"FOS,NFIA,SFPQ,SRF",4,-0.4046503634798233,0.4046503634798233
3,FOS+HEYL+AEBP1,"AEBP1,FOS,HEYL",3,-0.4045524284393733,0.4045524284393733
4,FOS+RARG+DNMT3B+NFIA,"DNMT3B,FOS,NFIA,RARG",4,-0.4044080285297225,0.4044080285297225
4,FOS+RARG+SFPQ+HOXC13,"FOS,HOXC13,RARG,SFPQ",4,-0.4040824632565091,0.4040824632565091
4,FOS+SFPQ+SRF+ZNF165,"FOS,SFPQ,SRF,ZNF165",4,-0.40382611224207526,0.40382611224207526
3,ATF4+FOS+NPM1,"ATF4,FOS,NPM1",3,-0.40382536155684046,0.40382536155684046
4,FOS+SRF+NPM1+HOXC13,"FOS,HOXC13,NPM1,SRF",4,-0.40358645999224296,0.40358645999224296
4,FOS+RARG+DNMT3B+ZNF165,"DNMT3B,FOS,RARG,ZNF165",4,-0.4035837772919745,0.4035837772919745
3,ATF4+FOS+PAX3,"ATF4,FOS,PAX3",3,-0.40315504684847614,0.40315504684847614
4,FOS+SMAD7+DNMT3B+ZNF202,"DNMT3B,FOS,SMAD7,ZNF202",4,-0.4030726402152694,0.4030726402152694
4,FOS+RARG+SRF+AEBP1,"AEBP1,FOS,RARG,SRF",4,-0.4030151114275217,0.4030151114275217
4,FOS+PAX3+SRF+HOXC13,"FOS,HOXC13,PAX3,SRF",4,-0.40291614528387865,0.40291614528387865
3,FOS+ZNF202+AEBP1,"AEBP1,FOS,ZNF202",3,-0.4028279773902385,0.4028279773902385
4,FOS+SFPQ+HES1+SRF,"FOS,HES1,SFPQ,SRF",4,-0.4026952284848389,0.4026952284848389
4,FOS+FOXP3+SMAD7+HOXC13,"FOS,FOXP3,HOXC13,SMAD7",4,-0.40265379260145523,0.40265379260145523
4,FOS+HEYL+DNMT3B+NPM1,"DNMT3B,FOS,HEYL,NPM1",4,-0.40255072375515893,0.40255072375515893
4,FOS+RARG+DNMT3B+HES1,"DNMT3B,FOS,HES1,RARG",4,-0.4024528935347381,0.4024528935347381
4,FOS+PAX3+SFPQ+NPM1,"FOS,NPM1,PAX3,SFPQ",4,-0.4024140190473438,0.4024140190473438
4,FOS+PAX3+HEYL+DNMT3B,"DNMT3B,FOS,HEYL,PAX3",4,-0.4018804090467946,0.4018804090467946
4,FOS+HEYL+NFIA+ZNF202,"FOS,HEYL,NFIA,ZNF202",4,-0.4015960028192812,0.4015960028192812
4,FOS+FOXP3+SFPQ+NFIA,"FOS,FOXP3,NFIA,SFPQ",4,-0.40147132857979034,0.40147132857979034
3,FOS+NFIA+ZNF165,"FOS,NFIA,ZNF165",3,-0.4010573875053503,0.4010573875053503
4,FOS+DNMT3B+ZNF202+NPM1,"DNMT3B,FOS,NPM1,ZNF202",4,-0.40082627270602417,0.40082627270602417
4,FOS+HEYL+ZNF202+ZNF165,"FOS,HEYL,ZNF165,ZNF202",4,-0.40077175158153316,0.40077175158153316
4,FOS+SMAD7+NFIA+SRF,"FOS,NFIA,SMAD7,SRF",4,-0.40073338446592843,0.40073338446592843
4,FOS+FOXP3+SFPQ+ZNF165,"FOS,FOXP3,SFPQ,ZNF165",4,-0.4006470773420423,0.4006470773420423
4,FOS+FOXP3+NPM1+HOXC13,"FOS,FOXP3,HOXC13,NPM1",4,-0.40040742509221,0.40040742509221
3,FOS+DNMT3B+HOXC13,"DNMT3B,FOS,HOXC13",3,-0.4002527333560787,0.4002527333560787
4,FOS+SMAD7+RARG+HOXC13,"FOS,HOXC13,RARG,SMAD7",4,-0.4001654842426142,0.4001654842426142
4,FOS+PAX3+DNMT3B+ZNF202,"DNMT3B,FOS,PAX3,ZNF202",4,-0.40015595799765985,0.40015595799765985
3,FOS+HES1+NFIA,"FOS,HES1,NFIA",3,-0.39992650374811395,0.39992650374811395
4,FOS+SMAD7+SRF+ZNF165,"FOS,SMAD7,SRF,ZNF165",4,-0.3999091332281804,0.3999091332281804
4,FOS+FOXP3+RARG+AEBP1,"AEBP1,FOS,FOXP3,RARG",4,-0.39983607652748876,0.39983607652748876
4,FOS+FOXP3+PAX3+HOXC13,"FOS,FOXP3,HOXC13,PAX3",4,-0.3997371103838457,0.3997371103838457
4,FOS+HEYL+HES1+ZNF202,"FOS,HES1,HEYL,ZNF202",4,-0.3996408678242968,0.3996408678242968
4,FOS+FOXP3+SFPQ+HES1,"FOS,FOXP3,HES1,SFPQ",4,-0.39951619358480595,0.39951619358480595
4,FOS+SMAD7+HEYL+SFPQ,"FOS,HEYL,SFPQ,SMAD7",4,-0.399372082955631,0.399372082955631
3,FOS+HES1+ZNF165,"FOS,HES1,ZNF165",3,-0.3991022525103659,0.3991022525103659
4,FOS+RARG+SFPQ+NFIA,"FOS,NFIA,RARG,SFPQ",4,-0.39898302022094934,0.39898302022094934
4,ATF4+FOS+FOXP3+SRF,"ATF4,FOS,FOXP3,SRF",4,-0.39881773459450753,0.39881773459450753
4,FOS+SMAD7+HES1+SRF,"FOS,HES1,SMAD7,SRF",4,-0.39877824947094404,0.39877824947094404
4,FOS+PAX3+SMAD7+NPM1,"FOS,NPM1,PAX3,SMAD7",4,-0.39849704003344893,0.39849704003344893
4,FOS+NFIA+SRF+NPM1,"FOS,NFIA,NPM1,SRF",4,-0.3984870169566832,0.3984870169566832
4,FOS+RARG+SFPQ+ZNF165,"FOS,RARG,SFPQ,ZNF165",4,-0.3981587689832013,0.3981587689832013
4,FOS+SFPQ+DNMT3B+SRF,"DNMT3B,FOS,SFPQ,SRF",4,-0.3979220150572439,0.3979220150572439
4,FOS+RARG+NPM1+HOXC13,"FOS,HOXC13,NPM1,RARG",4,-0.397919116733369,0.397919116733369
3,ATF4+FOS+HEYL,"ATF4,FOS,HEYL",3,-0.3978667432475181,0.3978667432475181
4,FOS+PAX3+NFIA+SRF,"FOS,NFIA,PAX3,SRF",4,-0.3978167022483189,0.3978167022483189
4,FOS+SRF+NPM1+ZNF165,"FOS,NPM1,SRF,ZNF165",4,-0.39766276571893516,0.39766276571893516
4,FOS+SMAD7+SFPQ+ZNF202,"FOS,SFPQ,SMAD7,ZNF202",4,-0.3976476319064962,0.3976476319064962
4,FOS+HEYL+SRF+HOXC13,"FOS,HEYL,HOXC13,SRF",4,-0.3976278416829206,0.3976278416829206
4,FOS+FOXP3+SMAD7+NFIA,"FOS,FOXP3,NFIA,SMAD7",4,-0.39755434956589547,0.39755434956589547
4,FOS+PAX3+RARG+HOXC13,"FOS,HOXC13,PAX3,RARG",4,-0.3972488020250047,0.3972488020250047
4,FOS+HEYL+SFPQ+NPM1,"FOS,HEYL,NPM1,SFPQ",4,-0.39712571544638575,0.39712571544638575
4,FOS+RARG+SFPQ+HES1,"FOS,HES1,RARG,SFPQ",4,-0.39702788522596494,0.39702788522596494
4,FOS+PAX3+SRF+ZNF165,"FOS,PAX3,SRF,ZNF165",4,-0.39699245101057085,0.39699245101057085
4,FOS+FOXP3+SMAD7+ZNF165,"FOS,FOXP3,SMAD7,ZNF165",4,-0.39673009832814743,0.39673009832814743
4,FOS+HES1+SRF+NPM1,"FOS,HES1,NPM1,SRF",4,-0.3965318819616988,0.3965318819616988
4,FOS+PAX3+HEYL+SFPQ,"FOS,HEYL,PAX3,SFPQ",4,-0.39645540073802144,0.39645540073802144
4,ATF4+FOS+RARG+SRF,"ATF4,FOS,RARG,SRF",4,-0.3963294262356665,0.3963294262356665
3,ATF4+FOS+ZNF202,"ATF4,FOS,ZNF202",3,-0.3961422921983833,0.3961422921983833
4,FOS+ZNF202+SRF+HOXC13,"FOS,HOXC13,SRF,ZNF202",4,-0.3959033906337858,0.3959033906337858
4,FOS+PAX3+HES1+SRF,"FOS,HES1,PAX3,SRF",4,-0.3958615672533345,0.3958615672533345
4,FOS+FOXP3+SMAD7+HES1,"FOS,FOXP3,HES1,SMAD7",4,-0.3955992145709111,0.3955992145709111
4,FOS+SFPQ+ZNF202+NPM1,"FOS,NPM1,SFPQ,ZNF202",4,-0.395401264397251,0.395401264397251
4,FOS+FOXP3+NFIA+NPM1,"FOS,FOXP3,NFIA,NPM1",4,-0.39530798205665024,0.39530798205665024
3,FOS+DNMT3B+NFIA,"DNMT3B,FOS,NFIA",3,-0.39515329032051894,0.39515329032051894
4,FOS+SMAD7+RARG+NFIA,"FOS,NFIA,RARG,SMAD7",4,-0.39506604120705446,0.39506604120705446
4,FOS+HEYL+DNMT3B+ZNF202,"DNMT3B,FOS,HEYL,ZNF202",4,-0.3948676543967018,0.3948676543967018
3,FOS+SFPQ+HOXC13,"FOS,HOXC13,SFPQ",3,-0.3948277250473055,0.3948277250473055
4,FOS+FOXP3+SFPQ+DNMT3B,"DNMT3B,FOS,FOXP3,SFPQ",4,-0.39474298015721093,0.39474298015721093
4,FOS+PAX3+SFPQ+ZNF202,"FOS,PAX3,SFPQ,ZNF202",4,-0.39473094968888667,0.39473094968888667
4,FOS+FOXP3+PAX3+NFIA,"FOS,FOXP3,NFIA,PAX3",4,-0.3946376673482859,0.3946376673482859
4,FOS+FOXP3+NPM1+ZNF165,"FOS,FOXP3,NPM1,ZNF165",4,-0.3944837308189022,0.3944837308189022
4,FOS+FOXP3+HEYL+HOXC13,"FOS,FOXP3,HEYL,HOXC13",4,-0.39444880678288763,0.39444880678288763
3,FOS+DNMT3B+ZNF165,"DNMT3B,FOS,ZNF165",3,-0.3943290390827709,0.3943290390827709
4,FOS+SMAD7+RARG+ZNF165,"FOS,RARG,SMAD7,ZNF165",4,-0.3942417899693064,0.3942417899693064
4,FOS+SMAD7+DNMT3B+SRF,"DNMT3B,FOS,SMAD7,SRF",4,-0.394005036043349,0.394005036043349
4,FOS+FOXP3+PAX3+ZNF165,"FOS,FOXP3,PAX3,ZNF165",4,-0.3938134161105379,0.3938134161105379
3,FOS+SRF+AEBP1,"AEBP1,FOS,SRF",3,-0.39376037321831814,0.39376037321831814
4,FOS+FOXP3+HES1+NPM1,"FOS,FOXP3,HES1,NPM1",4,-0.39335284706166584,0.39335284706166584
4,FOS+SMAD7+HEYL+NPM1,"FOS,HEYL,NPM1,SMAD7",4,-0.3932087364324909,0.3932087364324909
3,FOS+DNMT3B+HES1,"DNMT3B,FOS,HES1",3,-0.39319815532553454,0.39319815532553454
4,ATF4+FOS+FOXP3+RARG,"ATF4,FOS,FOXP3,RARG",4,-0.39315039133563356,0.39315039133563356
4,FOS+SMAD7+RARG+HES1,"FOS,HES1,RARG,SMAD7",4,-0.39311090621207007,0.39311090621207007
4,FOS+RARG+NFIA+NPM1,"FOS,NFIA,NPM1,RARG",4,-0.39281967369780924,0.39281967369780924
4,FOS+FOXP3+ZNF202+HOXC13,"FOS,FOXP3,HOXC13,ZNF202",4,-0.39272435573375286,0.39272435573375286
4,FOS+FOXP3+PAX3+HES1,"FOS,FOXP3,HES1,PAX3",4,-0.3926825323533015,0.3926825323533015
4,FOS+PAX3+SMAD7+HEYL,"FOS,HEYL,PAX3,SMAD7",4,-0.39253842172412656,0.39253842172412656
4,FOS+HEYL+NFIA+SRF,"FOS,HEYL,NFIA,SRF",4,-0.39252839864736083,0.39252839864736083
4,FOS+RARG+SFPQ+DNMT3B,"DNMT3B,FOS,RARG,SFPQ",4,-0.3922546717983699,0.3922546717983699
4,FOS+PAX3+RARG+NFIA,"FOS,NFIA,PAX3,RARG",4,-0.3921493589894449,0.3921493589894449
4,FOS+RARG+NPM1+ZNF165,"FOS,NPM1,RARG,ZNF165",4,-0.3919954224600612,0.3919954224600612
4,FOS+HEYL+RARG+HOXC13,"FOS,HEYL,HOXC13,RARG",4,-0.3919604984240466,0.3919604984240466
4,FOS+DNMT3B+SRF+NPM1,"DNMT3B,FOS,NPM1,SRF",4,-0.3917586685341038,0.3917586685341038
4,FOS+HEYL+SRF+ZNF165,"FOS,HEYL,SRF,ZNF165",4,-0.3917041474096128,0.3917041474096128
4,FOS+SMAD7+ZNF202+NPM1,"FOS,NPM1,SMAD7,ZNF202",4,-0.3914842853833561,0.3914842853833561
4,FOS+PAX3+RARG+ZNF165,"FOS,PAX3,RARG,ZNF165",4,-0.3913251077516969,0.3913251077516969
4,FOS+PAX3+DNMT3B+SRF,"DNMT3B,FOS,PAX3,SRF",4,-0.3910883538257395,0.3910883538257395
3,FOS+SMAD7+HOXC13,"FOS,HOXC13,SMAD7",3,-0.39091074603341064,0.39091074603341064
4,FOS+RARG+HES1+NPM1,"FOS,HES1,NPM1,RARG",4,-0.39086453870282484,0.39086453870282484
4,FOS+FOXP3+SMAD7+DNMT3B,"DNMT3B,FOS,FOXP3,SMAD7",4,-0.39082600114331606,0.39082600114331606
4,FOS+PAX3+SMAD7+ZNF202,"FOS,PAX3,SMAD7,ZNF202",4,-0.3908139706749918,0.3908139706749918
4,FOS+NFIA+ZNF202+SRF,"FOS,NFIA,SRF,ZNF202",4,-0.39080394759822606,0.39080394759822606
3,FOS+FOXP3+AEBP1,"AEBP1,FOS,FOXP3",3,-0.3905813383182852,0.3905813383182852
4,FOS+HEYL+HES1+SRF,"FOS,HES1,HEYL,SRF",4,-0.39057326365237643,0.39057326365237643
4,FOS+PAX3+HEYL+NPM1,"FOS,HEYL,NPM1,PAX3",4,-0.39029205421488133,0.39029205421488133
4,FOS+RARG+ZNF202+HOXC13,"FOS,HOXC13,RARG,ZNF202",4,-0.39023604737491185,0.39023604737491185
4,FOS+PAX3+RARG+HES1,"FOS,HES1,PAX3,RARG",4,-0.3901942239944605,0.3901942239944605
4,FOS+ZNF202+SRF+ZNF165,"FOS,SRF,ZNF165,ZNF202",4,-0.389979696360478,0.389979696360478
3,FOS+SFPQ+NFIA,"FOS,NFIA,SFPQ",3,-0.38972828201174575,0.38972828201174575
4,FOS+HEYL+SFPQ+ZNF202,"FOS,HEYL,SFPQ,ZNF202",4,-0.3894426460879286,0.3894426460879286
4,FOS+FOXP3+HEYL+NFIA,"FOS,FOXP3,HEYL,NFIA",4,-0.38934936374732787,0.38934936374732787
3,FOS+SFPQ+ZNF165,"FOS,SFPQ,ZNF165",3,-0.3889040307739977,0.3889040307739977
4,FOS+HES1+ZNF202+SRF,"FOS,HES1,SRF,ZNF202",4,-0.38884881260324167,0.38884881260324167
3,FOS+NPM1+HOXC13,"FOS,HOXC13,NPM1",3,-0.3886643785241654,0.3886643785241654
4,FOS+SMAD7+SFPQ+SRF,"FOS,SFPQ,SMAD7,SRF",4,-0.38858002773457584,0.38858002773457584
4,FOS+FOXP3+DNMT3B+NPM1,"DNMT3B,FOS,FOXP3,NPM1",4,-0.38857963363407083,0.38857963363407083
4,FOS+PAX3+ZNF202+NPM1,"FOS,NPM1,PAX3,ZNF202",4,-0.38856760316574657,0.38856760316574657
4,FOS+FOXP3+HEYL+ZNF165,"FOS,FOXP3,HEYL,ZNF165",4,-0.38852511250957983,0.38852511250957983
4,FOS+SMAD7+RARG+DNMT3B,"DNMT3B,FOS,RARG,SMAD7",4,-0.38833769278447505,0.38833769278447505
3,FOS+RARG+AEBP1,"AEBP1,FOS,RARG",3,-0.38809302995944417,0.38809302995944417
3,FOS+PAX3+HOXC13,"FOS,HOXC13,PAX3",3,-0.3879940638158011,0.3879940638158011
4,FOS+FOXP3+PAX3+DNMT3B,"DNMT3B,FOS,FOXP3,PAX3",4,-0.3879093189257065,0.3879093189257065
3,FOS+SFPQ+HES1,"FOS,HES1,SFPQ",3,-0.38777314701676135,0.38777314701676135
4,FOS+FOXP3+NFIA+ZNF202,"FOS,FOXP3,NFIA,ZNF202",4,-0.3876249126981931,0.3876249126981931
4,FOS+FOXP3+HEYL+HES1,"FOS,FOXP3,HES1,HEYL",4,-0.3873942287523435,0.3873942287523435
3,ATF4+FOS+SRF,"ATF4,FOS,SRF",3,-0.38707468802646294,0.38707468802646294
4,FOS+HEYL+RARG+NFIA,"FOS,HEYL,NFIA,RARG",4,-0.38686105538848686,0.38686105538848686
4,FOS+FOXP3+ZNF202+ZNF165,"FOS,FOXP3,ZNF165,ZNF202",4,-0.38680066146044506,0.38680066146044506
4,FOS+SFPQ+SRF+NPM1,"FOS,NPM1,SFPQ,SRF",4,-0.3863336602253306,0.3863336602253306
4,FOS+RARG+DNMT3B+NPM1,"DNMT3B,FOS,NPM1,RARG",4,-0.3860913252752298,0.3860913252752298
4,FOS+HEYL+RARG+ZNF165,"FOS,HEYL,RARG,ZNF165",4,-0.3860368041507388,0.3860368041507388
3,FOS+SMAD7+NFIA,"FOS,NFIA,SMAD7",3,-0.3858113029978509,0.3858113029978509
4,FOS+HEYL+DNMT3B+SRF,"DNMT3B,FOS,HEYL,SRF",4,-0.3858000502247814,0.3858000502247814
4,FOS+FOXP3+HES1+ZNF202,"FOS,FOXP3,HES1,ZNF202",4,-0.3856697777032087,0.3856697777032087
4,FOS+PAX3+SFPQ+SRF,"FOS,PAX3,SFPQ,SRF",4,-0.3856633455169663,0.3856633455169663
4,FOS+SMAD7+HEYL+ZNF202,"FOS,HEYL,SMAD7,ZNF202",4,-0.38552566707403374,0.38552566707403374
4,FOS+PAX3+RARG+DNMT3B,"DNMT3B,FOS,PAX3,RARG",4,-0.3854210105668655,0.3854210105668655
4,FOS+FOXP3+SMAD7+SFPQ,"FOS,FOXP3,SFPQ,SMAD7",4,-0.3854009928345429,0.3854009928345429
4,FOS+RARG+NFIA+ZNF202,"FOS,NFIA,RARG,ZNF202",4,-0.3851366043393521,0.3851366043393521
3,FOS+SMAD7+ZNF165,"FOS,SMAD7,ZNF165",3,-0.38498705176010284,0.38498705176010284
4,FOS+HEYL+RARG+HES1,"FOS,HES1,HEYL,RARG",4,-0.38490592039350247,0.38490592039350247
4,FOS+RARG+ZNF202+ZNF165,"FOS,RARG,ZNF165,ZNF202",4,-0.38431235310160405,0.38431235310160405
4,FOS+DNMT3B+ZNF202+SRF,"DNMT3B,FOS,SRF,ZNF202",4,-0.38407559917564665,0.38407559917564665
3,ATF4+FOS+FOXP3,"ATF4,FOS,FOXP3",3,-0.38389565312643,0.38389565312643
3,FOS+SMAD7+HES1,"FOS,HES1,SMAD7",3,-0.3838561680028665,0.3838561680028665
4,FOS+FOXP3+SRF+HOXC13,"FOS,FOXP3,HOXC13,SRF",4,-0.3836567515618325,0.3836567515618325
3,FOS+NFIA+NPM1,"FOS,NFIA,NPM1",3,-0.38356493548860565,0.38356493548860565
4,FOS+HEYL+ZNF202+NPM1,"FOS,HEYL,NPM1,ZNF202",4,-0.3832792995647885,0.3832792995647885
4,FOS+RARG+HES1+ZNF202,"FOS,HES1,RARG,ZNF202",4,-0.3831814693443677,0.3831814693443677
4,FOS+FOXP3+SFPQ+NPM1,"FOS,FOXP3,NPM1,SFPQ",4,-0.38315462532529765,0.38315462532529765
3,FOS+SFPQ+DNMT3B,"DNMT3B,FOS,SFPQ",3,-0.38299993358916634,0.38299993358916634
4,FOS+SMAD7+RARG+SFPQ,"FOS,RARG,SFPQ,SMAD7",4,-0.38291268447570187,0.38291268447570187
3,FOS+PAX3+NFIA,"FOS,NFIA,PAX3",3,-0.38289462078024133,0.38289462078024133
3,FOS+NPM1+ZNF165,"FOS,NPM1,ZNF165",3,-0.3827406842508576,0.3827406842508576
3,FOS+HEYL+HOXC13,"FOS,HEYL,HOXC13",3,-0.38270576021484304,0.38270576021484304
4,FOS+FOXP3+HEYL+DNMT3B,"DNMT3B,FOS,FOXP3,HEYL",4,-0.38262101532474846,0.38262101532474846
4,FOS+PAX3+HEYL+ZNF202,"FOS,HEYL,PAX3,ZNF202",4,-0.3826089848564242,0.3826089848564242
4,FOS+FOXP3+PAX3+SFPQ,"FOS,FOXP3,PAX3,SFPQ",4,-0.38248431061693333,0.38248431061693333
4,FOS+SMAD7+SRF+NPM1,"FOS,NPM1,SMAD7,SRF",4,-0.38241668121143574,0.38241668121143574
4,ATF4+STAT1+ZBTB20+AEBP1,"AEBP1,ATF4,STAT1,ZBTB20",4,-0.38224671916383307,0.38224671916383307
3,FOS+PAX3+ZNF165,"FOS,PAX3,ZNF165",3,-0.3820703695424933,0.3820703695424933
4,FOS+PAX3+SMAD7+SRF,"FOS,PAX3,SMAD7,SRF",4,-0.3817463665030714,0.3817463665030714
3,FOS+HES1+NPM1,"FOS,HES1,NPM1",3,-0.38160980049362125,0.38160980049362125
3,ATF4+FOS+RARG,"ATF4,FOS,RARG",3,-0.381407344767589,0.381407344767589
4,FOS+RARG+SRF+HOXC13,"FOS,HOXC13,RARG,SRF",4,-0.3811684432029915,0.3811684432029915
3,FOS+ZNF202+HOXC13,"FOS,HOXC13,ZNF202",3,-0.38098130916570827,0.38098130916570827
3,FOS+PAX3+HES1,"FOS,HES1,PAX3",3,-0.38093948578525694,0.38093948578525694
4,FOS+FOXP3+DNMT3B+ZNF202,"DNMT3B,FOS,FOXP3,ZNF202",4,-0.3808965642756137,0.3808965642756137
4,FOS+RARG+SFPQ+NPM1,"FOS,NPM1,RARG,SFPQ",4,-0.38066631696645664,0.38066631696645664
4,FOS+HEYL+SFPQ+SRF,"FOS,HEYL,SFPQ,SRF",4,-0.38037504191600824,0.38037504191600824
4,FOS+HEYL+RARG+DNMT3B,"DNMT3B,FOS,HEYL,RARG",4,-0.38013270696590745,0.38013270696590745
4,FOS+PAX3+RARG+SFPQ,"FOS,PAX3,RARG,SFPQ",4,-0.3799960022580923,0.3799960022580923
4,FOS+PAX3+SRF+NPM1,"FOS,NPM1,PAX3,SRF",4,-0.3794999989938262,0.3794999989938262
4,FOS+FOXP3+SMAD7+NPM1,"FOS,FOXP3,NPM1,SMAD7",4,-0.3792376463114028,0.3792376463114028
3,FOS+SMAD7+DNMT3B,"DNMT3B,FOS,SMAD7",3,-0.37908295457527147,0.37908295457527147
2,FOS+AEBP1,"AEBP1,FOS",2,-0.3788382917502406,0.3788382917502406
4,FOS+SFPQ+ZNF202+SRF,"FOS,SFPQ,SRF,ZNF202",4,-0.37865059086687347,0.37865059086687347
4,FOS+FOXP3+PAX3+SMAD7,"FOS,FOXP3,PAX3,SMAD7",4,-0.37856733160303846,0.37856733160303846
4,FOS+FOXP3+NFIA+SRF,"FOS,FOXP3,NFIA,SRF",4,-0.37855730852627273,0.37855730852627273
4,FOS+RARG+DNMT3B+ZNF202,"DNMT3B,FOS,RARG,ZNF202",4,-0.3784082559167727,0.3784082559167727
4,FOS+FOXP3+RARG+HOXC13,"FOS,FOXP3,HOXC13,RARG",4,-0.3779894083029585,0.3779894083029585
4,FOS+FOXP3+SRF+ZNF165,"FOS,FOXP3,SRF,ZNF165",4,-0.3777330572885247,0.3777330572885247
3,FOS+HEYL+NFIA,"FOS,HEYL,NFIA",3,-0.3776063171792833,0.3776063171792833
4,FOS+FOXP3+HEYL+SFPQ,"FOS,FOXP3,HEYL,SFPQ",4,-0.3771960070159753,0.3771960070159753
3,FOS+DNMT3B+NPM1,"DNMT3B,FOS,NPM1",3,-0.37683658706602624,0.37683658706602624
3,FOS+HEYL+ZNF165,"FOS,HEYL,ZNF165",3,-0.37678206594153524,0.37678206594153524
4,FOS+SMAD7+RARG+NPM1,"FOS,NPM1,RARG,SMAD7",4,-0.37674933795256177,0.37674933795256177
4,FOS+FOXP3+HES1+SRF,"FOS,FOXP3,HES1,SRF",4,-0.37660217353128833,0.37660217353128833
4,FOS+SMAD7+HEYL+SRF,"FOS,HEYL,SMAD7,SRF",4,-0.37645806290211337,0.37645806290211337
4,FOS+FOXP3+PAX3+NPM1,"FOS,FOXP3,NPM1,PAX3",4,-0.37632096409379323,0.37632096409379323
3,FOS+PAX3+DNMT3B,"DNMT3B,FOS,PAX3",3,-0.3761662723576619,0.3761662723576619
4,FOS+PAX3+SMAD7+RARG,"FOS,PAX3,RARG,SMAD7",4,-0.37607902324419745,0.37607902324419745
4,FOS+RARG+NFIA+SRF,"FOS,NFIA,RARG,SRF",4,-0.3760690001674317,0.3760690001674317
3,FOS+NFIA+ZNF202,"FOS,NFIA,ZNF202",3,-0.3758818661301485,0.3758818661301485
3,FOS+HEYL+HES1,"FOS,HES1,HEYL",3,-0.3756511821842989,0.3756511821842989
4,FOS+FOXP3+SFPQ+ZNF202,"FOS,FOXP3,SFPQ,ZNF202",4,-0.3754715559668405,0.3754715559668405
4,FOS+RARG+SRF+ZNF165,"FOS,RARG,SRF,ZNF165",4,-0.3752447489296837,0.3752447489296837
3,FOS+ZNF202+ZNF165,"FOS,ZNF165,ZNF202",3,-0.37505761489240047,0.37505761489240047
4,FOS+SMAD7+ZNF202+SRF,"FOS,SMAD7,SRF,ZNF202",4,-0.3747336118529786,0.3747336118529786
4,FOS+HEYL+RARG+SFPQ,"FOS,HEYL,RARG,SFPQ",4,-0.37470769865713427,0.37470769865713427
4,FOS+HEYL+SRF+NPM1,"FOS,HEYL,NPM1,SRF",4,-0.37421169539286814,0.37421169539286814
4,FOS+RARG+HES1+SRF,"FOS,HES1,RARG,SRF",4,-0.3741138651724473,0.3741138651724473
3,FOS+HES1+ZNF202,"FOS,HES1,ZNF202",3,-0.3739267311351641,0.3739267311351641
4,FOS+PAX3+RARG+NPM1,"FOS,NPM1,PAX3,RARG",4,-0.3738326557349522,0.3738326557349522
3,FOS+SMAD7+SFPQ,"FOS,SFPQ,SMAD7",3,-0.3736579462664983,0.3736579462664983
4,FOS+PAX3+HEYL+SRF,"FOS,HEYL,PAX3,SRF",4,-0.3735413806845038,0.3735413806845038
4,FOS+FOXP3+SMAD7+HEYL,"FOS,FOXP3,HEYL,SMAD7",4,-0.3732790280020804,0.3732790280020804
4,FOS+RARG+SFPQ+ZNF202,"FOS,RARG,SFPQ,ZNF202",4,-0.3729832476079995,0.3729832476079995
4,FOS+FOXP3+RARG+NFIA,"FOS,FOXP3,NFIA,RARG",4,-0.37288996526739876,0.37288996526739876
4,FOS+ZNF202+SRF+NPM1,"FOS,NPM1,SRF,ZNF202",4,-0.37248724434373337,0.37248724434373337
2,ATF4+FOS,"ATF4,FOS",2,-0.3721526065583854,0.3721526065583854
4,FOS+FOXP3+RARG+ZNF165,"FOS,FOXP3,RARG,ZNF165",4,-0.3720657140296507,0.3720657140296507
3,FOS+SRF+HOXC13,"FOS,HOXC13,SRF",3,-0.3719137049937879,0.3719137049937879
4,FOS+FOXP3+DNMT3B+SRF,"DNMT3B,FOS,FOXP3,SRF",4,-0.3718289601036933,0.3718289601036933
4,FOS+PAX3+ZNF202+SRF,"FOS,PAX3,SRF,ZNF202",4,-0.37181692963536905,0.37181692963536905
4,FOS+FOXP3+SMAD7+ZNF202,"FOS,FOXP3,SMAD7,ZNF202",4,-0.37155457695294564,0.37155457695294564
3,FOS+SFPQ+NPM1,"FOS,NPM1,SFPQ",3,-0.37141157875725306,0.37141157875725306
4,FOS+FOXP3+HEYL+NPM1,"FOS,FOXP3,HEYL,NPM1",4,-0.3710326604928352,0.3710326604928352
4,FOS+FOXP3+RARG+HES1,"FOS,FOXP3,HES1,RARG",4,-0.37093483027241436,0.37093483027241436
3,FOS+HEYL+DNMT3B,"DNMT3B,FOS,HEYL",3,-0.37087796875670387,0.37087796875670387
4,FOS+SMAD7+HEYL+RARG,"FOS,HEYL,RARG,SMAD7",4,-0.3707907196432394,0.3707907196432394
3,FOS+PAX3+SFPQ,"FOS,PAX3,SFPQ",3,-0.37074126404888874,0.37074126404888874
4,FOS+FOXP3+PAX3+HEYL,"FOS,FOXP3,HEYL,PAX3",4,-0.37036234578447086,0.37036234578447086
4,FOS+RARG+DNMT3B+SRF,"DNMT3B,FOS,RARG,SRF",4,-0.3693406517448523,0.3693406517448523
4,FOS+FOXP3+ZNF202+NPM1,"FOS,FOXP3,NPM1,ZNF202",4,-0.3693082094437004,0.3693082094437004
3,FOS+DNMT3B+ZNF202,"DNMT3B,FOS,ZNF202",3,-0.3691535177075691,0.3691535177075691
4,FOS+SMAD7+RARG+ZNF202,"FOS,RARG,SMAD7,ZNF202",4,-0.36906626859410463,0.36906626859410463
3,FOS+FOXP3+HOXC13,"FOS,FOXP3,HOXC13",3,-0.36873467009375493,0.36873467009375493
4,FOS+FOXP3+PAX3+ZNF202,"FOS,FOXP3,PAX3,ZNF202",4,-0.3686378947353361,0.3686378947353361
4,FOS+HEYL+RARG+NPM1,"FOS,HEYL,NPM1,RARG",4,-0.36854435213399417,0.36854435213399417
4,FOS+PAX3+HEYL+RARG,"FOS,HEYL,PAX3,RARG",4,-0.36787403742562985,0.36787403742562985
3,FOS+SMAD7+NPM1,"FOS,NPM1,SMAD7",3,-0.3674945997433582,0.3674945997433582
4,STAT1+ZBTB20+HOXC13+AEBP1,"AEBP1,HOXC13,STAT1,ZBTB20",4,-0.367085736131158,0.367085736131158
3,FOS+PAX3+SMAD7,"FOS,PAX3,SMAD7",3,-0.36682428503499387,0.36682428503499387
4,FOS+RARG+ZNF202+NPM1,"FOS,NPM1,RARG,ZNF202",4,-0.3668199010848594,0.3668199010848594
3,FOS+NFIA+SRF,"FOS,NFIA,SRF",3,-0.36681426195822814,0.36681426195822814
4,FOS+HEYL+ZNF202+SRF,"FOS,HEYL,SRF,ZNF202",4,-0.366528626034411,0.366528626034411
4,FOS+FOXP3+SFPQ+SRF,"FOS,FOXP3,SFPQ,SRF",4,-0.36640395179492014,0.36640395179492014
3,FOS+RARG+HOXC13,"FOS,HOXC13,RARG",3,-0.36624636173491393,0.36624636173491393
4,FOS+FOXP3+RARG+DNMT3B,"DNMT3B,FOS,FOXP3,RARG",4,-0.36616161684481935,0.36616161684481935
4,FOS+PAX3+RARG+ZNF202,"FOS,PAX3,RARG,ZNF202",4,-0.3661495863764951,0.3661495863764951
3,FOS+SRF+ZNF165,"FOS,SRF,ZNF165",3,-0.3659900107204801,0.3659900107204801
3,FOS+HEYL+SFPQ,"FOS,HEYL,SFPQ",3,-0.3654529604479307,0.3654529604479307
3,FOS+HES1+SRF,"FOS,HES1,SRF",3,-0.36485912696324374,0.36485912696324374
3,FOS+PAX3+NPM1,"FOS,NPM1,PAX3",3,-0.36457791752574864,0.36457791752574864
4,FOS+RARG+SFPQ+SRF,"FOS,RARG,SFPQ,SRF",4,-0.36391564343607913,0.36391564343607913
3,FOS+SFPQ+ZNF202,"FOS,SFPQ,ZNF202",3,-0.3637285093987959,0.3637285093987959
3,FOS+FOXP3+NFIA,"FOS,FOXP3,NFIA",3,-0.3636352270581952,0.3636352270581952
4,FOS+FOXP3+HEYL+ZNF202,"FOS,FOXP3,HEYL,ZNF202",4,-0.36334959113437804,0.36334959113437804
3,FOS+FOXP3+ZNF165,"FOS,FOXP3,ZNF165",3,-0.36281097582044713,0.36281097582044713
4,FOS+FOXP3+SMAD7+SRF,"FOS,FOXP3,SMAD7,SRF",4,-0.36248697278102526,0.36248697278102526
4,STAT1+ZBTB20+NFIA+AEBP1,"AEBP1,NFIA,STAT1,ZBTB20",4,-0.36198629309559827,0.36198629309559827
3,FOS+FOXP3+HES1,"FOS,FOXP3,HES1",3,-0.3616800920632108,0.3616800920632108
3,FOS+SMAD7+HEYL,"FOS,HEYL,SMAD7",3,-0.3615359814340358,0.3615359814340358
4,STAT1+ZBTB20+AEBP1+ZNF165,"AEBP1,STAT1,ZBTB20,ZNF165",4,-0.3611620418578502,0.3611620418578502
3,FOS+RARG+NFIA,"FOS,NFIA,RARG",3,-0.36114691869935417,0.36114691869935417
4,FOS+HEYL+RARG+ZNF202,"FOS,HEYL,RARG,ZNF202",4,-0.36086128277553703,0.36086128277553703
4,FOS+FOXP3+RARG+SFPQ,"FOS,FOXP3,RARG,SFPQ",4,-0.36073660853604617,0.36073660853604617
4,ATF4+STAT1+ZBTB20+HOXC13,"ATF4,HOXC13,STAT1,ZBTB20",4,-0.36040005093930283,0.36040005093930283
3,FOS+RARG+ZNF165,"FOS,RARG,ZNF165",3,-0.3603226674616061,0.3603226674616061
4,FOS+FOXP3+SRF+NPM1,"FOS,FOXP3,NPM1,SRF",4,-0.36024060527178003,0.36024060527178003
3,FOS+DNMT3B+SRF,"DNMT3B,FOS,SRF",3,-0.3600859135356487,0.3600859135356487
4,STAT1+ZBTB20+HES1+AEBP1,"AEBP1,HES1,STAT1,ZBTB20",4,-0.36003115810061387,0.36003115810061387
4,FOS+SMAD7+RARG+SRF,"FOS,RARG,SMAD7,SRF",4,-0.35999866442218426,0.35999866442218426
3,FOS+SMAD7+ZNF202,"FOS,SMAD7,ZNF202",3,-0.35981153038490105,0.35981153038490105
4,FOS+FOXP3+PAX3+SRF,"FOS,FOXP3,PAX3,SRF",4,-0.3595702905634157,0.3595702905634157
3,FOS+HEYL+NPM1,"FOS,HEYL,NPM1",3,-0.3592896139247906,0.3592896139247906
3,FOS+RARG+HES1,"FOS,HES1,RARG",3,-0.35919178370436977,0.35919178370436977
3,FOS+PAX3+HEYL,"FOS,HEYL,PAX3",3,-0.35861929921642627,0.35861929921642627
4,FOS+RARG+SRF+NPM1,"FOS,NPM1,RARG,SRF",4,-0.357752296912939,0.357752296912939
3,FOS+ZNF202+NPM1,"FOS,NPM1,ZNF202",3,-0.3575651628756558,0.3575651628756558
4,FOS+PAX3+RARG+SRF,"FOS,PAX3,RARG,SRF",4,-0.3570819822045747,0.3570819822045747
2,FOS+HOXC13,"FOS,HOXC13",2,-0.35699162352571034,0.35699162352571034
3,FOS+FOXP3+DNMT3B,"DNMT3B,FOS,FOXP3",3,-0.35690687863561577,0.35690687863561577
3,FOS+PAX3+ZNF202,"FOS,PAX3,ZNF202",3,-0.3568948481672915,0.3568948481672915
4,FOS+FOXP3+SMAD7+RARG,"FOS,FOXP3,RARG,SMAD7",4,-0.3568196295221513,0.3568196295221513
4,ATF4+STAT1+ZBTB20+NFIA,"ATF4,NFIA,STAT1,ZBTB20",4,-0.35530060790374307,0.35530060790374307
4,STAT1+ZBTB20+DNMT3B+AEBP1,"AEBP1,DNMT3B,STAT1,ZBTB20",4,-0.35525794467301886,0.35525794467301886
3,FOS+SFPQ+SRF,"FOS,SFPQ,SRF",3,-0.35466090522687554,0.35466090522687554
4,FOS+FOXP3+RARG+NPM1,"FOS,FOXP3,NPM1,RARG",4,-0.35457326201290607,0.35457326201290607
4,ATF4+STAT1+ZBTB20+ZNF165,"ATF4,STAT1,ZBTB20,ZNF165",4,-0.35447635666599503,0.35447635666599503
3,FOS+RARG+DNMT3B,"DNMT3B,FOS,RARG",3,-0.35441857027677476,0.35441857027677476
4,FOS+FOXP3+HEYL+SRF,"FOS,FOXP3,HEYL,SRF",4,-0.35428198696245766,0.35428198696245766
4,FOS+FOXP3+PAX3+RARG,"FOS,FOXP3,PAX3,RARG",4,-0.35390294730454175,0.35390294730454175
4,ATF4+STAT1+ZBTB20+HES1,"ATF4,HES1,STAT1,ZBTB20",4,-0.3533454729087587,0.3533454729087587
4,FOS+FOXP3+ZNF202+SRF,"FOS,FOXP3,SRF,ZNF202",4,-0.3525575359133229,0.3525575359133229
2,FOS+NFIA,"FOS,NFIA",2,-0.3518921804901506,0.3518921804901506
4,FOS+HEYL+RARG+SRF,"FOS,HEYL,RARG,SRF",4,-0.35179367860361666,0.35179367860361666
3,FOS+HEYL+ZNF202,"FOS,HEYL,ZNF202",3,-0.35160654456633345,0.35160654456633345
3,FOS+FOXP3+SFPQ,"FOS,FOXP3,SFPQ",3,-0.3514818703268426,0.3514818703268426
2,FOS+ZNF165,"FOS,ZNF165",2,-0.35106792925240254,0.35106792925240254
3,FOS+SMAD7+SRF,"FOS,SMAD7,SRF",3,-0.3507439262129807,0.3507439262129807
4,FOS+RARG+ZNF202+SRF,"FOS,RARG,SRF,ZNF202",4,-0.3500692275544819,0.3500692275544819
2,FOS+HES1,"FOS,HES1",2,-0.3499370454951662,0.3499370454951662
4,STAT1+ZBTB20+SFPQ+AEBP1,"AEBP1,SFPQ,STAT1,ZBTB20",4,-0.3498329363642457,0.3498329363642457
3,FOS+RARG+SFPQ,"FOS,RARG,SFPQ",3,-0.3489935619680016,0.3489935619680016
4,FOS+FOXP3+HEYL+RARG,"FOS,FOXP3,HEYL,RARG",4,-0.3486146437035837,0.3486146437035837
4,ATF4+STAT1+ZBTB20+DNMT3B,"ATF4,DNMT3B,STAT1,ZBTB20",4,-0.34857225948116366,0.34857225948116366
3,FOS+SRF+NPM1,"FOS,NPM1,SRF",3,-0.34849755870373544,0.34849755870373544
3,FOS+PAX3+SRF,"FOS,PAX3,SRF",3,-0.3478272439953711,0.3478272439953711
3,FOS+FOXP3+SMAD7,"FOS,FOXP3,SMAD7",3,-0.3475648913129477,0.3475648913129477
4,FOS+FOXP3+RARG+ZNF202,"FOS,FOXP3,RARG,ZNF202",4,-0.3468901926544489,0.3468901926544489
4,STAT1+SMAD7+ZBTB20+AEBP1,"AEBP1,SMAD7,STAT1,ZBTB20",4,-0.3459159573503508,0.3459159573503508
3,FOS+FOXP3+NPM1,"FOS,FOXP3,NPM1",3,-0.3453185238037025,0.3453185238037025
2,FOS+DNMT3B,"DNMT3B,FOS",2,-0.3451638320675712,0.3451638320675712
3,FOS+SMAD7+RARG,"FOS,RARG,SMAD7",3,-0.3450765829541067,0.3450765829541067
3,FOS+FOXP3+PAX3,"FOS,FOXP3,PAX3",3,-0.34464820909533816,0.34464820909533816
4,STAT1+ZBTB20+NPM1+AEBP1,"AEBP1,NPM1,STAT1,ZBTB20",4,-0.34366958984110557,0.34366958984110557
4,ATF4+STAT1+ZBTB20+SFPQ,"ATF4,SFPQ,STAT1,ZBTB20",4,-0.3431472511723905,0.3431472511723905
4,STAT1+PAX3+ZBTB20+AEBP1,"AEBP1,PAX3,STAT1,ZBTB20",4,-0.34299927513274125,0.34299927513274125
3,FOS+RARG+NPM1,"FOS,NPM1,RARG",3,-0.3428302154448615,0.3428302154448615
3,FOS+HEYL+SRF,"FOS,HEYL,SRF",3,-0.34253894039441307,0.34253894039441307
3,FOS+PAX3+RARG,"FOS,PAX3,RARG",3,-0.34215990073649716,0.34215990073649716
3,FOS+ZNF202+SRF,"FOS,SRF,ZNF202",3,-0.3408144893452783,0.3408144893452783
4,STAT1+ZBTB20+NFIA+HOXC13,"HOXC13,NFIA,STAT1,ZBTB20",4,-0.340139624871068,0.340139624871068
2,FOS+SFPQ,"FOS,SFPQ",2,-0.339738823758798,0.339738823758798
3,FOS+FOXP3+HEYL,"FOS,FOXP3,HEYL",3,-0.3393599054943801,0.3393599054943801
4,STAT1+ZBTB20+HOXC13+ZNF165,"HOXC13,STAT1,ZBTB20,ZNF165",4,-0.33931537363332,0.33931537363332
4,ATF4+STAT1+SMAD7+ZBTB20,"ATF4,SMAD7,STAT1,ZBTB20",4,-0.3392302721584956,0.3392302721584956
4,STAT1+ZBTB20+HES1+HOXC13,"HES1,HOXC13,STAT1,ZBTB20",4,-0.3381844898760836,0.3381844898760836
4,FOS+FOXP3+RARG+SRF,"FOS,FOXP3,RARG,SRF",4,-0.33782258848252855,0.33782258848252855
4,STAT1+HEYL+ZBTB20+AEBP1,"AEBP1,HEYL,STAT1,ZBTB20",4,-0.3377109715317832,0.3377109715317832
3,FOS+FOXP3+ZNF202,"FOS,FOXP3,ZNF202",3,-0.33763545444524534,0.33763545444524534
4,ATF4+STAT1+ZBTB20+NPM1,"ATF4,NPM1,STAT1,ZBTB20",4,-0.3369839046492504,0.3369839046492504
3,FOS+HEYL+RARG,"FOS,HEYL,RARG",3,-0.3368715971355391,0.3368715971355391
4,ATF4+STAT1+PAX3+ZBTB20,"ATF4,PAX3,STAT1,ZBTB20",4,-0.33631358994088606,0.33631358994088606
4,STAT1+ZBTB20+ZNF202+AEBP1,"AEBP1,STAT1,ZBTB20,ZNF202",4,-0.33598652048264843,0.33598652048264843
2,FOS+SMAD7,"FOS,SMAD7",2,-0.3358218447449031,0.3358218447449031
3,FOS+RARG+ZNF202,"FOS,RARG,ZNF202",3,-0.33514714608640434,0.33514714608640434
4,STAT1+ZBTB20+NFIA+ZNF165,"NFIA,STAT1,ZBTB20,ZNF165",4,-0.3342159305977602,0.3342159305977602
2,FOS+NPM1,"FOS,NPM1",2,-0.3335754772356579,0.3335754772356579
4,STAT1+ZBTB20+DNMT3B+HOXC13,"DNMT3B,HOXC13,STAT1,ZBTB20",4,-0.3334112764484886,0.3334112764484886
4,STAT1+ZBTB20+HES1+NFIA,"HES1,NFIA,STAT1,ZBTB20",4,-0.33308504684052387,0.33308504684052387
2,FOS+PAX3,"FOS,PAX3",2,-0.3329051625272936,0.3329051625272936
4,STAT1+ZBTB20+HES1+ZNF165,"HES1,STAT1,ZBTB20,ZNF165",4,-0.3322607956027758,0.3322607956027758
4,ATF4+STAT1+HOXC13+AEBP1,"AEBP1,ATF4,HOXC13,STAT1",4,-0.3320399734638427,0.3320399734638427
4,ATF4+STAT1+HEYL+ZBTB20,"ATF4,HEYL,STAT1,ZBTB20",4,-0.331025286339928,0.331025286339928
4,ATF4+STAT1+ZBTB20+ZNF202,"ATF4,STAT1,ZBTB20,ZNF202",4,-0.32930083529079324,0.32930083529079324
3,FOS+FOXP3+SRF,"FOS,FOXP3,SRF",3,-0.32856785027332497,0.32856785027332497
4,STAT1+ZBTB20+DNMT3B+NFIA,"DNMT3B,NFIA,STAT1,ZBTB20",4,-0.32831183341292886,0.32831183341292886
4,STAT1+ZBTB20+SFPQ+HOXC13,"HOXC13,SFPQ,STAT1,ZBTB20",4,-0.32798626813971543,0.32798626813971543
2,FOS+HEYL,"FOS,HEYL",2,-0.3276168589263355,0.3276168589263355
4,STAT1+ZBTB20+DNMT3B+ZNF165,"DNMT3B,STAT1,ZBTB20,ZNF165",4,-0.3274875821751808,0.3274875821751808
4,ATF4+STAT1+NFIA+AEBP1,"AEBP1,ATF4,NFIA,STAT1",4,-0.3269405304282829,0.3269405304282829
4,STAT1+ZBTB20+SRF+AEBP1,"AEBP1,SRF,STAT1,ZBTB20",4,-0.32691891631072806,0.32691891631072806
4,STAT1+ZBTB20+DNMT3B+HES1,"DNMT3B,HES1,STAT1,ZBTB20",4,-0.32635669841794446,0.32635669841794446
4,ATF4+STAT1+AEBP1+ZNF165,"AEBP1,ATF4,STAT1,ZNF165",4,-0.3261162791905349,0.3261162791905349
3,FOS+RARG+SRF,"FOS,RARG,SRF",3,-0.32607954191448396,0.32607954191448396
2,FOS+ZNF202,"FOS,ZNF202",2,-0.32589240787720075,0.32589240787720075
4,ATF4+STAT1+HES1+AEBP1,"AEBP1,ATF4,HES1,STAT1",4,-0.3249853954332985,0.3249853954332985
4,STAT1+SMAD7+ZBTB20+HOXC13,"HOXC13,SMAD7,STAT1,ZBTB20",4,-0.32406928912582056,0.32406928912582056
4,STAT1+FOXP3+ZBTB20+AEBP1,"AEBP1,FOXP3,STAT1,ZBTB20",4,-0.3237398814106951,0.3237398814106951
3,FOS+FOXP3+RARG,"FOS,FOXP3,RARG",3,-0.322900507014451,0.322900507014451
4,STAT1+ZBTB20+SFPQ+NFIA,"NFIA,SFPQ,STAT1,ZBTB20",4,-0.3228868251041557,0.3228868251041557
4,STAT1+ZBTB20+SFPQ+ZNF165,"SFPQ,STAT1,ZBTB20,ZNF165",4,-0.32206257386640763,0.32206257386640763
4,STAT1+ZBTB20+NPM1+HOXC13,"HOXC13,NPM1,STAT1,ZBTB20",4,-0.32182292161657533,0.32182292161657533
4,STAT1+ZBTB20+RARG+AEBP1,"AEBP1,RARG,STAT1,ZBTB20",4,-0.3212515730518541,0.3212515730518541
4,STAT1+PAX3+ZBTB20+HOXC13,"HOXC13,PAX3,STAT1,ZBTB20",4,-0.321152606908211,0.321152606908211
4,STAT1+ZBTB20+SFPQ+HES1,"HES1,SFPQ,STAT1,ZBTB20",4,-0.3209316901091713,0.3209316901091713
4,ATF4+STAT1+ZBTB20+SRF,"ATF4,SRF,STAT1,ZBTB20",4,-0.32023323111887286,0.32023323111887286
4,ATF4+STAT1+DNMT3B+AEBP1,"AEBP1,ATF4,DNMT3B,STAT1",4,-0.3202121820057035,0.3202121820057035
4,STAT1+SMAD7+ZBTB20+NFIA,"NFIA,SMAD7,STAT1,ZBTB20",4,-0.3189698460902608,0.3189698460902608
4,STAT1+SMAD7+ZBTB20+ZNF165,"SMAD7,STAT1,ZBTB20,ZNF165",4,-0.31814559485251276,0.31814559485251276
4,ATF4+STAT1+FOXP3+ZBTB20,"ATF4,FOXP3,STAT1,ZBTB20",4,-0.3170541962188399,0.3170541962188399
4,STAT1+SMAD7+ZBTB20+HES1,"HES1,SMAD7,STAT1,ZBTB20",4,-0.3170147110952764,0.3170147110952764
2,FOS+SRF,"FOS,SRF",2,-0.3168248037052804,0.3168248037052804
4,STAT1+ZBTB20+NFIA+NPM1,"NFIA,NPM1,STAT1,ZBTB20",4,-0.31672347858101557,0.31672347858101557
4,STAT1+ZBTB20+SFPQ+DNMT3B,"DNMT3B,SFPQ,STAT1,ZBTB20",4,-0.31615847668157626,0.31615847668157626
4,STAT1+PAX3+ZBTB20+NFIA,"NFIA,PAX3,STAT1,ZBTB20",4,-0.31605316387265125,0.31605316387265125
4,STAT1+ZBTB20+NPM1+ZNF165,"NPM1,STAT1,ZBTB20,ZNF165",4,-0.31589922734326753,0.31589922734326753
4,STAT1+HEYL+ZBTB20+HOXC13,"HEYL,HOXC13,STAT1,ZBTB20",4,-0.31586430330725296,0.31586430330725296
4,STAT1+PAX3+ZBTB20+ZNF165,"PAX3,STAT1,ZBTB20,ZNF165",4,-0.3152289126349032,0.3152289126349032
4,ATF4+STAT1+SFPQ+AEBP1,"AEBP1,ATF4,SFPQ,STAT1",4,-0.3147871736969303,0.3147871736969303
4,STAT1+ZBTB20+HES1+NPM1,"HES1,NPM1,STAT1,ZBTB20",4,-0.3147683435860312,0.3147683435860312
4,ATF4+STAT1+ZBTB20+RARG,"ATF4,RARG,STAT1,ZBTB20",4,-0.3145658878599989,0.3145658878599989
4,STAT1+ZBTB20+ZNF202+HOXC13,"HOXC13,STAT1,ZBTB20,ZNF202",4,-0.3141398522581182,0.3141398522581182
4,STAT1+PAX3+ZBTB20+HES1,"HES1,PAX3,STAT1,ZBTB20",4,-0.31409802887766686,0.31409802887766686
2,FOS+FOXP3,"FOS,FOXP3",2,-0.3136457688052474,0.3136457688052474
4,STAT1+SMAD7+ZBTB20+DNMT3B,"DNMT3B,SMAD7,STAT1,ZBTB20",4,-0.3122414976676814,0.3122414976676814
3,STAT1+ZBTB20+AEBP1,"AEBP1,STAT1,ZBTB20",3,-0.3119968348426505,0.3119968348426505
4,STAT1+NFIA+HOXC13+AEBP1,"AEBP1,HOXC13,NFIA,STAT1",4,-0.31177954739560787,0.31177954739560787
2,FOS+RARG,"FOS,RARG",2,-0.3111574604464064,0.3111574604464064
4,STAT1+HOXC13+AEBP1+ZNF165,"AEBP1,HOXC13,STAT1,ZNF165",4,-0.31095529615785983,0.31095529615785983
4,ATF4+STAT1+SMAD7+AEBP1,"AEBP1,ATF4,SMAD7,STAT1",4,-0.31087019468303545,0.31087019468303545
4,STAT1+HEYL+ZBTB20+NFIA,"HEYL,NFIA,STAT1,ZBTB20",4,-0.3107648602716932,0.3107648602716932
4,STAT1+ZBTB20+DNMT3B+NPM1,"DNMT3B,NPM1,STAT1,ZBTB20",4,-0.30999513015843616,0.30999513015843616
4,STAT1+HEYL+ZBTB20+ZNF165,"HEYL,STAT1,ZBTB20,ZNF165",4,-0.30994060903394516,0.30994060903394516
4,STAT1+HES1+HOXC13+AEBP1,"AEBP1,HES1,HOXC13,STAT1",4,-0.3098244124006235,0.3098244124006235
4,STAT1+PAX3+ZBTB20+DNMT3B,"DNMT3B,PAX3,STAT1,ZBTB20",4,-0.30932481545007184,0.30932481545007184
4,STAT1+ZBTB20+NFIA+ZNF202,"NFIA,STAT1,ZBTB20,ZNF202",4,-0.30904040922255843,0.30904040922255843
4,STAT1+HEYL+ZBTB20+HES1,"HES1,HEYL,STAT1,ZBTB20",4,-0.3088097252767088,0.3088097252767088
4,ATF4+STAT1+NPM1+AEBP1,"AEBP1,ATF4,NPM1,STAT1",4,-0.3086238271737902,0.3086238271737902
4,STAT1+ZBTB20+ZNF202+ZNF165,"STAT1,ZBTB20,ZNF165,ZNF202",4,-0.3082161579848104,0.3082161579848104
4,ATF4+STAT1+PAX3+AEBP1,"AEBP1,ATF4,PAX3,STAT1",4,-0.3079535124654259,0.3079535124654259
4,ATF4+ZBTB20+HOXC13+AEBP1,"AEBP1,ATF4,HOXC13,ZBTB20",4,-0.30757000211122576,0.30757000211122576
4,STAT1+ZBTB20+HES1+ZNF202,"HES1,STAT1,ZBTB20,ZNF202",4,-0.30708527422757403,0.30708527422757403
4,STAT1+SMAD7+ZBTB20+SFPQ,"SFPQ,SMAD7,STAT1,ZBTB20",4,-0.3068164893589082,0.3068164893589082
4,STAT1+NFIA+AEBP1+ZNF165,"AEBP1,NFIA,STAT1,ZNF165",4,-0.30585585312230007,0.30585585312230007
3,ATF4+STAT1+ZBTB20,"ATF4,STAT1,ZBTB20",3,-0.3053111496507953,0.3053111496507953
4,ATF4+STAT1+NFIA+HOXC13,"ATF4,HOXC13,NFIA,STAT1",4,-0.3050938622037527,0.3050938622037527
4,STAT1+ZBTB20+SRF+HOXC13,"HOXC13,SRF,STAT1,ZBTB20",4,-0.3050722480861978,0.3050722480861978
4,STAT1+DNMT3B+HOXC13+AEBP1,"AEBP1,DNMT3B,HOXC13,STAT1",4,-0.30505119897302846,0.30505119897302846
4,STAT1+HES1+NFIA+AEBP1,"AEBP1,HES1,NFIA,STAT1",4,-0.3047249693650637,0.3047249693650637
4,STAT1+ZBTB20+SFPQ+NPM1,"NPM1,SFPQ,STAT1,ZBTB20",4,-0.304570121849663,0.304570121849663
4,ATF4+STAT1+HOXC13+ZNF165,"ATF4,HOXC13,STAT1,ZNF165",4,-0.30426961096600463,0.30426961096600463
4,STAT1+HEYL+ZBTB20+DNMT3B,"DNMT3B,HEYL,STAT1,ZBTB20",4,-0.3040365118491138,0.3040365118491138
4,STAT1+HES1+AEBP1+ZNF165,"AEBP1,HES1,STAT1,ZNF165",4,-0.30390071812731567,0.30390071812731567
4,STAT1+PAX3+ZBTB20+SFPQ,"PAX3,SFPQ,STAT1,ZBTB20",4,-0.30389980714129866,0.30389980714129866
4,ATF4+STAT1+HES1+HOXC13,"ATF4,HES1,HOXC13,STAT1",4,-0.3031387272087683,0.3031387272087683
4,ATF4+STAT1+HEYL+AEBP1,"AEBP1,ATF4,HEYL,STAT1",4,-0.30266520886446785,0.30266520886446785
4,ATF4+ZBTB20+NFIA+AEBP1,"AEBP1,ATF4,NFIA,ZBTB20",4,-0.302470559075666,0.302470559075666
4,STAT1+ZBTB20+DNMT3B+ZNF202,"DNMT3B,STAT1,ZBTB20,ZNF202",4,-0.302312060799979,0.302312060799979
4,STAT1+FOXP3+ZBTB20+HOXC13,"FOXP3,HOXC13,STAT1,ZBTB20",4,-0.30189321318616485,0.30189321318616485
4,ATF4+ZBTB20+AEBP1+ZNF165,"AEBP1,ATF4,ZBTB20,ZNF165",4,-0.30164630783791796,0.30164630783791796
4,ATF4+STAT1+ZNF202+AEBP1,"AEBP1,ATF4,STAT1,ZNF202",4,-0.30094075781533314,0.30094075781533314
4,STAT1+SMAD7+ZBTB20+NPM1,"NPM1,SMAD7,STAT1,ZBTB20",4,-0.3006531428357681,0.3006531428357681
4,ATF4+ZBTB20+HES1+AEBP1,"AEBP1,ATF4,HES1,ZBTB20",4,-0.3005154240806816,0.3005154240806816
4,STAT1+PAX3+SMAD7+ZBTB20,"PAX3,SMAD7,STAT1,ZBTB20",4,-0.2999828281274038,0.2999828281274038
4,STAT1+ZBTB20+NFIA+SRF,"NFIA,SRF,STAT1,ZBTB20",4,-0.29997280505063806,0.29997280505063806
4,STAT1+DNMT3B+NFIA+AEBP1,"AEBP1,DNMT3B,NFIA,STAT1",4,-0.2999517559374687,0.2999517559374687
4,STAT1+SFPQ+HOXC13+AEBP1,"AEBP1,HOXC13,SFPQ,STAT1",4,-0.2996261906642553,0.2996261906642553
4,STAT1+ZBTB20+RARG+HOXC13,"HOXC13,RARG,STAT1,ZBTB20",4,-0.29940490482732385,0.29940490482732385
4,ATF4+STAT1+NFIA+ZNF165,"ATF4,NFIA,STAT1,ZNF165",4,-0.2991701679304449,0.2991701679304449
4,STAT1+ZBTB20+SRF+ZNF165,"SRF,STAT1,ZBTB20,ZNF165",4,-0.29914855381289,0.29914855381289
4,STAT1+DNMT3B+AEBP1+ZNF165,"AEBP1,DNMT3B,STAT1,ZNF165",4,-0.29912750469972066,0.29912750469972066
4,STAT1+HEYL+ZBTB20+SFPQ,"HEYL,SFPQ,STAT1,ZBTB20",4,-0.2986115035403406,0.2986115035403406
4,ATF4+STAT1+DNMT3B+HOXC13,"ATF4,DNMT3B,HOXC13,STAT1",4,-0.29836551378117326,0.29836551378117326
4,ATF4+STAT1+HES1+NFIA,"ATF4,HES1,NFIA,STAT1",4,-0.2980392841732085,0.2980392841732085
4,STAT1+ZBTB20+HES1+SRF,"HES1,SRF,STAT1,ZBTB20",4,-0.29801767005565366,0.29801767005565366
4,STAT1+DNMT3B+HES1+AEBP1,"AEBP1,DNMT3B,HES1,STAT1",4,-0.2979966209424843,0.2979966209424843
4,STAT1+PAX3+ZBTB20+NPM1,"NPM1,PAX3,STAT1,ZBTB20",4,-0.29773646061815856,0.29773646061815856
4,ATF4+STAT1+HES1+ZNF165,"ATF4,HES1,STAT1,ZNF165",4,-0.2972150329354605,0.2972150329354605
4,STAT1+ZBTB20+SFPQ+ZNF202,"SFPQ,STAT1,ZBTB20,ZNF202",4,-0.29688705249120584,0.29688705249120584
4,STAT1+FOXP3+ZBTB20+NFIA,"FOXP3,NFIA,STAT1,ZBTB20",4,-0.2967937701506051,0.2967937701506051
4,STAT1+FOXP3+ZBTB20+ZNF165,"FOXP3,STAT1,ZBTB20,ZNF165",4,-0.29596951891285705,0.29596951891285705
4,ATF4+ZBTB20+DNMT3B+AEBP1,"AEBP1,ATF4,DNMT3B,ZBTB20",4,-0.2957422106530866,0.2957422106530866
4,STAT1+SMAD7+HOXC13+AEBP1,"AEBP1,HOXC13,SMAD7,STAT1",4,-0.2957092116503604,0.2957092116503604
4,STAT1+FOXP3+ZBTB20+HES1,"FOXP3,HES1,STAT1,ZBTB20",4,-0.2948386351556207,0.2948386351556207
4,STAT1+SMAD7+HEYL+ZBTB20,"HEYL,SMAD7,STAT1,ZBTB20",4,-0.29469452452644573,0.29469452452644573
4,STAT1+SFPQ+NFIA+AEBP1,"AEBP1,NFIA,SFPQ,STAT1",4,-0.2945267476286955,0.2945267476286955
4,STAT1+ZBTB20+RARG+NFIA,"NFIA,RARG,STAT1,ZBTB20",4,-0.2943054617917641,0.2943054617917641
4,STAT1+SFPQ+AEBP1+ZNF165,"AEBP1,SFPQ,STAT1,ZNF165",4,-0.2937024963909475,0.2937024963909475
4,STAT1+ZBTB20+RARG+ZNF165,"RARG,STAT1,ZBTB20,ZNF165",4,-0.29348121055401605,0.29348121055401605
4,STAT1+NPM1+HOXC13+AEBP1,"AEBP1,HOXC13,NPM1,STAT1",4,-0.2934628441411152,0.2934628441411152
4,ATF4+STAT1+DNMT3B+NFIA,"ATF4,DNMT3B,NFIA,STAT1",4,-0.2932660707456135,0.2932660707456135
4,STAT1+ZBTB20+DNMT3B+SRF,"DNMT3B,SRF,STAT1,ZBTB20",4,-0.29324445662805865,0.29324445662805865
4,STAT1+SMAD7+ZBTB20+ZNF202,"SMAD7,STAT1,ZBTB20,ZNF202",4,-0.29297007347731097,0.29297007347731097
4,ATF4+STAT1+SFPQ+HOXC13,"ATF4,HOXC13,SFPQ,STAT1",4,-0.2929405054724001,0.2929405054724001
4,STAT1+PAX3+HOXC13+AEBP1,"AEBP1,HOXC13,PAX3,STAT1",4,-0.29279252943275086,0.29279252943275086
4,STAT1+SFPQ+HES1+AEBP1,"AEBP1,HES1,SFPQ,STAT1",4,-0.2925716126337111,0.2925716126337111
4,STAT1+HEYL+ZBTB20+NPM1,"HEYL,NPM1,STAT1,ZBTB20",4,-0.2924481570172005,0.2924481570172005
4,ATF4+STAT1+DNMT3B+ZNF165,"ATF4,DNMT3B,STAT1,ZNF165",4,-0.29244181950786546,0.29244181950786546
4,STAT1+ZBTB20+RARG+HES1,"HES1,RARG,STAT1,ZBTB20",4,-0.2923503267967797,0.2923503267967797
4,ATF4+STAT1+SRF+AEBP1,"AEBP1,ATF4,SRF,STAT1",4,-0.2918731536434127,0.2918731536434127
4,STAT1+PAX3+HEYL+ZBTB20,"HEYL,PAX3,STAT1,ZBTB20",4,-0.2917778423088362,0.2917778423088362
4,ATF4+STAT1+DNMT3B+HES1,"ATF4,DNMT3B,HES1,STAT1",4,-0.2913109357506291,0.2913109357506291
4,STAT1+ZBTB20+ZNF202+NPM1,"NPM1,STAT1,ZBTB20,ZNF202",4,-0.29072370596806574,0.29072370596806574
4,STAT1+SMAD7+NFIA+AEBP1,"AEBP1,NFIA,SMAD7,STAT1",4,-0.29060976861480065,0.29060976861480065
4,ATF4+ZBTB20+SFPQ+AEBP1,"AEBP1,ATF4,SFPQ,ZBTB20",4,-0.2903172023443134,0.2903172023443134
3,STAT1+ZBTB20+HOXC13,"HOXC13,STAT1,ZBTB20",3,-0.29015016661812026,0.29015016661812026
4,STAT1+FOXP3+ZBTB20+DNMT3B,"DNMT3B,FOXP3,STAT1,ZBTB20",4,-0.2900654217280257,0.2900654217280257
4,STAT1+PAX3+ZBTB20+ZNF202,"PAX3,STAT1,ZBTB20,ZNF202",4,-0.2900533912597014,0.2900533912597014
4,STAT1+SMAD7+AEBP1+ZNF165,"AEBP1,SMAD7,STAT1,ZNF165",4,-0.2897855173770526,0.2897855173770526
4,ATF4+STAT1+SMAD7+HOXC13,"ATF4,HOXC13,SMAD7,STAT1",4,-0.2890235264585052,0.2890235264585052
4,ATF4+STAT1+FOXP3+AEBP1,"AEBP1,ATF4,FOXP3,STAT1",4,-0.2886941187433798,0.2886941187433798
4,STAT1+SMAD7+HES1+AEBP1,"AEBP1,HES1,SMAD7,STAT1",4,-0.28865463361981625,0.28865463361981625
4,STAT1+NFIA+NPM1+AEBP1,"AEBP1,NFIA,NPM1,STAT1",4,-0.2883634011055554,0.2883634011055554
4,ATF4+STAT1+SFPQ+NFIA,"ATF4,NFIA,SFPQ,STAT1",4,-0.2878410624368403,0.2878410624368403
4,STAT1+ZBTB20+SFPQ+SRF,"SFPQ,SRF,STAT1,ZBTB20",4,-0.28781944831928546,0.28781944831928546
4,STAT1+SFPQ+DNMT3B+AEBP1,"AEBP1,DNMT3B,SFPQ,STAT1",4,-0.2877983992061161,0.2877983992061161
4,STAT1+PAX3+NFIA+AEBP1,"AEBP1,NFIA,PAX3,STAT1",4,-0.2876930863971911,0.2876930863971911
4,STAT1+ZBTB20+RARG+DNMT3B,"DNMT3B,RARG,STAT1,ZBTB20",4,-0.2875771133691847,0.2875771133691847
4,STAT1+NPM1+AEBP1+ZNF165,"AEBP1,NPM1,STAT1,ZNF165",4,-0.2875391498678074,0.2875391498678074
4,STAT1+HEYL+HOXC13+AEBP1,"AEBP1,HEYL,HOXC13,STAT1",4,-0.2875042258317928,0.2875042258317928
4,ZBTB20+NFIA+HOXC13+AEBP1,"AEBP1,HOXC13,NFIA,ZBTB20",4,-0.28730957604299096,0.28730957604299096
4,ATF4+STAT1+SFPQ+ZNF165,"ATF4,SFPQ,STAT1,ZNF165",4,-0.2870168111990923,0.2870168111990923
4,STAT1+PAX3+AEBP1+ZNF165,"AEBP1,PAX3,STAT1,ZNF165",4,-0.28686883515944306,0.28686883515944306
4,ATF4+STAT1+NPM1+HOXC13,"ATF4,HOXC13,NPM1,STAT1",4,-0.28677715894926,0.28677715894926
4,ZBTB20+HOXC13+AEBP1+ZNF165,"AEBP1,HOXC13,ZBTB20,ZNF165",4,-0.2864853248052429,0.2864853248052429
4,STAT1+HES1+NPM1+AEBP1,"AEBP1,HES1,NPM1,STAT1",4,-0.286408266110571,0.286408266110571
4,ATF4+SMAD7+ZBTB20+AEBP1,"AEBP1,ATF4,SMAD7,ZBTB20",4,-0.28640022333041854,0.28640022333041854
4,ATF4+STAT1+RARG+AEBP1,"AEBP1,ATF4,RARG,STAT1",4,-0.28620581038453874,0.28620581038453874
4,ATF4+STAT1+PAX3+HOXC13,"ATF4,HOXC13,PAX3,STAT1",4,-0.28610684424089566,0.28610684424089566
4,ATF4+STAT1+SFPQ+HES1,"ATF4,HES1,SFPQ,STAT1",4,-0.2858859274418559,0.2858859274418559
4,STAT1+ZNF202+HOXC13+AEBP1,"AEBP1,HOXC13,STAT1,ZNF202",4,-0.2857797747826581,0.2857797747826581
4,STAT1+PAX3+HES1+AEBP1,"AEBP1,HES1,PAX3,STAT1",4,-0.2857379514022067,0.2857379514022067
4,ZBTB20+HES1+HOXC13+AEBP1,"AEBP1,HES1,HOXC13,ZBTB20",4,-0.28535444104800656,0.28535444104800656
3,STAT1+ZBTB20+NFIA,"NFIA,STAT1,ZBTB20",3,-0.2850507235825605,0.2850507235825605
4,STAT1+HEYL+ZBTB20+ZNF202,"HEYL,STAT1,ZBTB20,ZNF202",4,-0.28476508765874337,0.28476508765874337
4,STAT1+FOXP3+ZBTB20+SFPQ,"FOXP3,SFPQ,STAT1,ZBTB20",4,-0.2846404134192525,0.2846404134192525
3,STAT1+ZBTB20+ZNF165,"STAT1,ZBTB20,ZNF165",3,-0.28422647234481246,0.28422647234481246
4,ATF4+ZBTB20+NPM1+AEBP1,"AEBP1,ATF4,NPM1,ZBTB20",4,-0.2841538558211733,0.2841538558211733
4,STAT1+NFIA+HOXC13+ZNF165,"HOXC13,NFIA,STAT1,ZNF165",4,-0.28400918489776983,0.28400918489776983
4,ATF4+STAT1+SMAD7+NFIA,"ATF4,NFIA,SMAD7,STAT1",4,-0.28392408342294545,0.28392408342294545
4,STAT1+SMAD7+ZBTB20+SRF,"SMAD7,SRF,STAT1,ZBTB20",4,-0.2839024693053906,0.2839024693053906
4,STAT1+SMAD7+DNMT3B+AEBP1,"AEBP1,DNMT3B,SMAD7,STAT1",4,-0.28388142019222123,0.28388142019222123
4,ATF4+PAX3+ZBTB20+AEBP1,"AEBP1,ATF4,PAX3,ZBTB20",4,-0.283483541112809,0.283483541112809
4,ATF4+STAT1+SMAD7+ZNF165,"ATF4,SMAD7,STAT1,ZNF165",4,-0.2830998321851974,0.2830998321851974
3,STAT1+ZBTB20+HES1,"HES1,STAT1,ZBTB20",3,-0.2830955885875761,0.2830955885875761
4,STAT1+HES1+NFIA+HOXC13,"HES1,HOXC13,NFIA,STAT1",4,-0.2828783011405335,0.2828783011405335
4,STAT1+HEYL+NFIA+AEBP1,"AEBP1,HEYL,NFIA,STAT1",4,-0.28240478279623304,0.28240478279623304
4,STAT1+ZBTB20+RARG+SFPQ,"RARG,SFPQ,STAT1,ZBTB20",4,-0.2821521050604115,0.2821521050604115
4,STAT1+HES1+HOXC13+ZNF165,"HES1,HOXC13,STAT1,ZNF165",4,-0.28205404990278543,0.28205404990278543
4,ATF4+STAT1+SMAD7+HES1,"ATF4,HES1,SMAD7,STAT1",4,-0.28196894842796105,0.28196894842796105
4,ATF4+STAT1+NFIA+NPM1,"ATF4,NFIA,NPM1,STAT1",4,-0.2816777159137002,0.2816777159137002
4,STAT1+ZBTB20+SRF+NPM1,"NPM1,SRF,STAT1,ZBTB20",4,-0.28165610179614536,0.28165610179614536
4,STAT1+DNMT3B+NPM1+AEBP1,"AEBP1,DNMT3B,NPM1,STAT1",4,-0.281635052682976,0.281635052682976
4,STAT1+HEYL+AEBP1+ZNF165,"AEBP1,HEYL,STAT1,ZNF165",4,-0.281580531558485,0.281580531558485
4,ZBTB20+NFIA+AEBP1+ZNF165,"AEBP1,NFIA,ZBTB20,ZNF165",4,-0.28138588176968315,0.28138588176968315
4,ATF4+STAT1+SFPQ+DNMT3B,"ATF4,DNMT3B,SFPQ,STAT1",4,-0.2811127140142609,0.2811127140142609
4,ATF4+STAT1+PAX3+NFIA,"ATF4,NFIA,PAX3,STAT1",4,-0.2810074012053359,0.2810074012053359
4,STAT1+PAX3+ZBTB20+SRF,"PAX3,SRF,STAT1,ZBTB20",4,-0.28098578708778105,0.28098578708778105
4,STAT1+PAX3+DNMT3B+AEBP1,"AEBP1,DNMT3B,PAX3,STAT1",4,-0.2809647379746117,0.2809647379746117
4,ATF4+STAT1+NPM1+ZNF165,"ATF4,NPM1,STAT1,ZNF165",4,-0.2808534646759522,0.2808534646759522
4,ATF4+STAT1+HEYL+HOXC13,"ATF4,HEYL,HOXC13,STAT1",4,-0.2808185406399376,0.2808185406399376
4,STAT1+FOXP3+SMAD7+ZBTB20,"FOXP3,SMAD7,STAT1,ZBTB20",4,-0.28072343440535763,0.28072343440535763
4,STAT1+NFIA+ZNF202+AEBP1,"AEBP1,NFIA,STAT1,ZNF202",4,-0.28068033174709833,0.28068033174709833
4,ATF4+ZBTB20+NFIA+HOXC13,"ATF4,HOXC13,NFIA,ZBTB20",4,-0.28062389085113576,0.28062389085113576
4,ZBTB20+DNMT3B+HOXC13+AEBP1,"AEBP1,DNMT3B,HOXC13,ZBTB20",4,-0.28058122762041154,0.28058122762041154
4,STAT1+HEYL+HES1+AEBP1,"AEBP1,HES1,HEYL,STAT1",4,-0.28044964780124865,0.28044964780124865
4,ZBTB20+HES1+NFIA+AEBP1,"AEBP1,HES1,NFIA,ZBTB20",4,-0.2802549980124468,0.2802549980124468
4,ATF4+STAT1+PAX3+ZNF165,"ATF4,PAX3,STAT1,ZNF165",4,-0.28018314996758786,0.28018314996758786
4,STAT1+ZNF202+AEBP1+ZNF165,"AEBP1,STAT1,ZNF165,ZNF202",4,-0.2798560805093503,0.2798560805093503
4,ATF4+ZBTB20+HOXC13+ZNF165,"ATF4,HOXC13,ZBTB20,ZNF165",4,-0.2797996396133877,0.2797996396133877
4,ATF4+STAT1+HES1+NPM1,"ATF4,HES1,NPM1,STAT1",4,-0.2797225809187158,0.2797225809187158
4,ZBTB20+HES1+AEBP1+ZNF165,"AEBP1,HES1,ZBTB20,ZNF165",4,-0.27943074677469876,0.27943074677469876
4,ATF4+STAT1+ZNF202+HOXC13,"ATF4,HOXC13,STAT1,ZNF202",4,-0.2790940895908029,0.2790940895908029
4,ATF4+STAT1+PAX3+HES1,"ATF4,HES1,PAX3,STAT1",4,-0.2790522662103515,0.2790522662103515
4,STAT1+HES1+ZNF202+AEBP1,"AEBP1,HES1,STAT1,ZNF202",4,-0.27872519675211394,0.27872519675211394
4,ATF4+ZBTB20+HES1+HOXC13,"ATF4,HES1,HOXC13,ZBTB20",4,-0.27866875585615136,0.27866875585615136
4,STAT1+FOXP3+ZBTB20+NPM1,"FOXP3,NPM1,STAT1,ZBTB20",4,-0.2784770668961124,0.2784770668961124
4,STAT1+SMAD7+SFPQ+AEBP1,"AEBP1,SFPQ,SMAD7,STAT1",4,-0.27845641188344805,0.27845641188344805
3,STAT1+ZBTB20+DNMT3B,"DNMT3B,STAT1,ZBTB20",3,-0.2783223751599811,0.2783223751599811
4,STAT1+SMAD7+ZBTB20+RARG,"RARG,SMAD7,STAT1,ZBTB20",4,-0.2782351260465166,0.2782351260465166
4,ATF4+HEYL+ZBTB20+AEBP1,"AEBP1,ATF4,HEYL,ZBTB20",4,-0.27819523751185093,0.27819523751185093
4,STAT1+DNMT3B+NFIA+HOXC13,"DNMT3B,HOXC13,NFIA,STAT1",4,-0.27810508771293846,0.27810508771293846
4,STAT1+FOXP3+PAX3+ZBTB20,"FOXP3,PAX3,STAT1,ZBTB20",4,-0.27780675218774814,0.27780675218774814
4,STAT1+DNMT3B+HOXC13+ZNF165,"DNMT3B,HOXC13,STAT1,ZNF165",4,-0.2772808364751904,0.2772808364751904
4,ATF4+STAT1+SMAD7+DNMT3B,"ATF4,DNMT3B,SMAD7,STAT1",4,-0.27719573500036604,0.27719573500036604
4,STAT1+HES1+NFIA+ZNF165,"HES1,NFIA,STAT1,ZNF165",4,-0.27695460686722567,0.27695460686722567
3,ATF4+STAT1+AEBP1,"AEBP1,ATF4,STAT1",3,-0.27695107217533516,0.27695107217533516
4,STAT1+SRF+HOXC13+AEBP1,"AEBP1,HOXC13,SRF,STAT1",4,-0.27671217061073766,0.27671217061073766
4,ATF4+ZBTB20+ZNF202+AEBP1,"AEBP1,ATF4,ZBTB20,ZNF202",4,-0.2764707864627162,0.2764707864627162
4,STAT1+SFPQ+NPM1+AEBP1,"AEBP1,NPM1,SFPQ,STAT1",4,-0.2762100443742028,0.2762100443742028
4,STAT1+DNMT3B+HES1+HOXC13,"DNMT3B,HES1,HOXC13,STAT1",4,-0.27614995271795406,0.27614995271795406
4,STAT1+ZBTB20+RARG+NPM1,"NPM1,RARG,STAT1,ZBTB20",4,-0.2759887585372714,0.2759887585372714
4,ATF4+STAT1+HEYL+NFIA,"ATF4,HEYL,NFIA,STAT1",4,-0.27571909760437785,0.27571909760437785
4,STAT1+HEYL+ZBTB20+SRF,"HEYL,SRF,STAT1,ZBTB20",4,-0.275697483486823,0.275697483486823
4,STAT1+HEYL+DNMT3B+AEBP1,"AEBP1,DNMT3B,HEYL,STAT1",4,-0.27567643437365363,0.27567643437365363
4,STAT1+PAX3+SFPQ+AEBP1,"AEBP1,PAX3,SFPQ,STAT1",4,-0.2755397296658385,0.2755397296658385
4,ZBTB20+DNMT3B+NFIA+AEBP1,"AEBP1,DNMT3B,NFIA,ZBTB20",4,-0.27548178458485173,0.27548178458485173
4,STAT1+PAX3+ZBTB20+RARG,"PAX3,RARG,STAT1,ZBTB20",4,-0.2753184438289071,0.2753184438289071
4,ZBTB20+SFPQ+HOXC13+AEBP1,"AEBP1,HOXC13,SFPQ,ZBTB20",4,-0.27515621931163836,0.27515621931163836
4,ATF4+STAT1+DNMT3B+NPM1,"ATF4,DNMT3B,NPM1,STAT1",4,-0.2749493674911208,0.2749493674911208
4,ATF4+STAT1+HEYL+ZNF165,"ATF4,HEYL,STAT1,ZNF165",4,-0.2748948463666298,0.2748948463666298
4,ATF4+ZBTB20+NFIA+ZNF165,"ATF4,NFIA,ZBTB20,ZNF165",4,-0.27470019657782796,0.27470019657782796
4,ZBTB20+DNMT3B+AEBP1+ZNF165,"AEBP1,DNMT3B,ZBTB20,ZNF165",4,-0.27465753334710374,0.27465753334710374
4,ATF4+STAT1+PAX3+DNMT3B,"ATF4,DNMT3B,PAX3,STAT1",4,-0.2742790527827565,0.2742790527827565
4,ATF4+STAT1+NFIA+ZNF202,"ATF4,NFIA,STAT1,ZNF202",4,-0.2739946465552431,0.2739946465552431
4,STAT1+ZBTB20+ZNF202+SRF,"SRF,STAT1,ZBTB20,ZNF202",4,-0.2739730324376882,0.2739730324376882
4,STAT1+DNMT3B+ZNF202+AEBP1,"AEBP1,DNMT3B,STAT1,ZNF202",4,-0.2739519833245189,0.2739519833245189
4,ATF4+ZBTB20+DNMT3B+HOXC13,"ATF4,DNMT3B,HOXC13,ZBTB20",4,-0.27389554242855635,0.27389554242855635
4,ATF4+STAT1+HEYL+HES1,"ATF4,HES1,HEYL,STAT1",4,-0.27376396260939345,0.27376396260939345
4,ATF4+ZBTB20+HES1+NFIA,"ATF4,HES1,NFIA,ZBTB20",4,-0.2735693128205916,0.2735693128205916
4,STAT1+FOXP3+HOXC13+AEBP1,"AEBP1,FOXP3,HOXC13,STAT1",4,-0.27353313571070476,0.27353313571070476
4,ZBTB20+DNMT3B+HES1+AEBP1,"AEBP1,DNMT3B,HES1,ZBTB20",4,-0.2735266495898674,0.2735266495898674
4,ATF4+STAT1+ZNF202+ZNF165,"ATF4,STAT1,ZNF165,ZNF202",4,-0.2731703953174951,0.2731703953174951
3,STAT1+ZBTB20+SFPQ,"SFPQ,STAT1,ZBTB20",3,-0.2728973668512079,0.2728973668512079
4,ATF4+ZBTB20+HES1+ZNF165,"ATF4,HES1,ZBTB20,ZNF165",4,-0.27274506158284356,0.27274506158284356
4,STAT1+SFPQ+NFIA+HOXC13,"HOXC13,NFIA,SFPQ,STAT1",4,-0.2726800794041653,0.2726800794041653
4,STAT1+FOXP3+HEYL+ZBTB20,"FOXP3,HEYL,STAT1,ZBTB20",4,-0.27251844858679003,0.27251844858679003
4,STAT1+SMAD7+NPM1+AEBP1,"AEBP1,NPM1,SMAD7,STAT1",4,-0.27229306536030795,0.27229306536030795
4,STAT1+DNMT3B+NFIA+ZNF165,"DNMT3B,NFIA,STAT1,ZNF165",4,-0.27218139343963066,0.27218139343963066
4,ATF4+STAT1+HES1+ZNF202,"ATF4,HES1,STAT1,ZNF202",4,-0.2720395115602587,0.2720395115602587
4,STAT1+SFPQ+HOXC13+ZNF165,"HOXC13,SFPQ,STAT1,ZNF165",4,-0.27185582816641723,0.27185582816641723
4,ATF4+STAT1+SMAD7+SFPQ,"ATF4,SFPQ,SMAD7,STAT1",4,-0.27177072669159286,0.27177072669159286
4,STAT1+PAX3+SMAD7+AEBP1,"AEBP1,PAX3,SMAD7,STAT1",4,-0.27162275065194363,0.27162275065194363
4,STAT1+NFIA+SRF+AEBP1,"AEBP1,NFIA,SRF,STAT1",4,-0.2716127275751779,0.2716127275751779
4,SMAD7+ZBTB20+HOXC13+AEBP1,"AEBP1,HOXC13,SMAD7,ZBTB20",4,-0.2712392402977435,0.2712392402977435
4,STAT1+DNMT3B+HES1+NFIA,"DNMT3B,HES1,NFIA,STAT1",4,-0.2710505096823943,0.2710505096823943
4,STAT1+RARG+HOXC13+AEBP1,"AEBP1,HOXC13,RARG,STAT1",4,-0.2710448273518637,0.2710448273518637
4,STAT1+FOXP3+ZBTB20+ZNF202,"FOXP3,STAT1,ZBTB20,ZNF202",4,-0.27079399753765526,0.27079399753765526
4,STAT1+SRF+AEBP1+ZNF165,"AEBP1,SRF,STAT1,ZNF165",4,-0.27078847633742986,0.27078847633742986
4,STAT1+SFPQ+HES1+HOXC13,"HES1,HOXC13,SFPQ,STAT1",4,-0.2707249444091809,0.2707249444091809
4,STAT1+HEYL+SFPQ+AEBP1,"AEBP1,HEYL,SFPQ,STAT1",4,-0.27025142606488045,0.27025142606488045
4,STAT1+DNMT3B+HES1+ZNF165,"DNMT3B,HES1,STAT1,ZNF165",4,-0.27022625844464626,0.27022625844464626
4,ZBTB20+SFPQ+NFIA+AEBP1,"AEBP1,NFIA,SFPQ,ZBTB20",4,-0.27005677627607855,0.27005677627607855
4,STAT1+HEYL+ZBTB20+RARG,"HEYL,RARG,STAT1,ZBTB20",4,-0.270030140227949,0.270030140227949
4,ATF4+STAT1+SRF+HOXC13,"ATF4,HOXC13,SRF,STAT1",4,-0.27002648541888247,0.27002648541888247
4,STAT1+HES1+SRF+AEBP1,"AEBP1,HES1,SRF,STAT1",4,-0.2696575925801935,0.2696575925801935
4,ATF4+STAT1+SFPQ+NPM1,"ATF4,NPM1,SFPQ,STAT1",4,-0.26952435918234763,0.26952435918234763
4,STAT1+PAX3+NPM1+AEBP1,"AEBP1,NPM1,PAX3,STAT1",4,-0.2693763831426984,0.2693763831426984
4,ZBTB20+SFPQ+AEBP1+ZNF165,"AEBP1,SFPQ,ZBTB20,ZNF165",4,-0.26923252503833056,0.26923252503833056
4,ZBTB20+NPM1+HOXC13+AEBP1,"AEBP1,HOXC13,NPM1,ZBTB20",4,-0.26899287278849826,0.26899287278849826
4,ATF4+STAT1+HEYL+DNMT3B,"ATF4,DNMT3B,HEYL,STAT1",4,-0.26899074918179844,0.26899074918179844
3,STAT1+SMAD7+ZBTB20,"SMAD7,STAT1,ZBTB20",3,-0.26898038783731304,0.26898038783731304
4,ATF4+STAT1+PAX3+SFPQ,"ATF4,PAX3,SFPQ,STAT1",4,-0.2688540444739833,0.2688540444739833
4,ATF4+ZBTB20+DNMT3B+NFIA,"ATF4,DNMT3B,NFIA,ZBTB20",4,-0.2687960993929966,0.2687960993929966
4,STAT1+SMAD7+NFIA+HOXC13,"HOXC13,NFIA,SMAD7,STAT1",4,-0.2687631003902704,0.2687631003902704
4,STAT1+SFPQ+ZNF202+AEBP1,"AEBP1,SFPQ,STAT1,ZNF202",4,-0.26852697501574574,0.26852697501574574
4,ATF4+ZBTB20+SFPQ+HOXC13,"ATF4,HOXC13,SFPQ,ZBTB20",4,-0.26847053411978317,0.26847053411978317
4,STAT1+FOXP3+NFIA+AEBP1,"AEBP1,FOXP3,NFIA,STAT1",4,-0.26843369267514494,0.26843369267514494
4,PAX3+ZBTB20+HOXC13+AEBP1,"AEBP1,HOXC13,PAX3,ZBTB20",4,-0.26832255808013394,0.26832255808013394
4,STAT1+ZBTB20+RARG+ZNF202,"RARG,STAT1,ZBTB20,ZNF202",4,-0.26830568917881426,0.26830568917881426
4,ZBTB20+SFPQ+HES1+AEBP1,"AEBP1,HES1,SFPQ,ZBTB20",4,-0.2681016412810942,0.2681016412810942
4,ATF4+ZBTB20+DNMT3B+ZNF165,"ATF4,DNMT3B,ZBTB20,ZNF165",4,-0.26797184815524855,0.26797184815524855
4,STAT1+SMAD7+HOXC13+ZNF165,"HOXC13,SMAD7,STAT1,ZNF165",4,-0.26793884915252236,0.26793884915252236
4,STAT1+FOXP3+AEBP1+ZNF165,"AEBP1,FOXP3,STAT1,ZNF165",4,-0.26760944143739696,0.26760944143739696
4,ATF4+ZBTB20+SRF+AEBP1,"AEBP1,ATF4,SRF,ZBTB20",4,-0.2674031822907958,0.2674031822907958
4,ATF4+STAT1+DNMT3B+ZNF202,"ATF4,DNMT3B,STAT1,ZNF202",4,-0.26726629813266367,0.26726629813266367
4,ATF4+STAT1+FOXP3+HOXC13,"ATF4,FOXP3,HOXC13,STAT1",4,-0.26684745051884956,0.26684745051884956
4,ATF4+ZBTB20+DNMT3B+HES1,"ATF4,DNMT3B,HES1,ZBTB20",4,-0.2668409643980122,0.2668409643980122
4,STAT1+SMAD7+HES1+HOXC13,"HES1,HOXC13,SMAD7,STAT1",4,-0.266807965395286,0.266807965395286
4,STAT1+SFPQ+NFIA+ZNF165,"NFIA,SFPQ,STAT1,ZNF165",4,-0.2667563851308575,0.2667563851308575
3,STAT1+ZBTB20+NPM1,"NPM1,STAT1,ZBTB20",3,-0.2667340203280678,0.2667340203280678
4,STAT1+NFIA+NPM1+HOXC13,"HOXC13,NFIA,NPM1,STAT1",4,-0.2665167328810252,0.2665167328810252
4,STAT1+FOXP3+HES1+AEBP1,"AEBP1,FOXP3,HES1,STAT1",4,-0.2664785576801606,0.2664785576801606
4,STAT1+SMAD7+HEYL+AEBP1,"AEBP1,HEYL,SMAD7,STAT1",4,-0.2663344470509856,0.2663344470509856
4,SMAD7+ZBTB20+NFIA+AEBP1,"AEBP1,NFIA,SMAD7,ZBTB20",4,-0.2661397972621837,0.2661397972621837
3,STAT1+PAX3+ZBTB20,"PAX3,STAT1,ZBTB20",3,-0.2660637056197035,0.2660637056197035
4,STAT1+SFPQ+DNMT3B+HOXC13,"DNMT3B,HOXC13,SFPQ,STAT1",4,-0.26595173098158587,0.26595173098158587
4,STAT1+RARG+NFIA+AEBP1,"AEBP1,NFIA,RARG,STAT1",4,-0.26594538431630393,0.26594538431630393
4,STAT1+PAX3+NFIA+HOXC13,"HOXC13,NFIA,PAX3,STAT1",4,-0.26584641817266086,0.26584641817266086
4,STAT1+NPM1+HOXC13+ZNF165,"HOXC13,NPM1,STAT1,ZNF165",4,-0.26569248164327713,0.26569248164327713
4,STAT1+SFPQ+HES1+NFIA,"HES1,NFIA,SFPQ,STAT1",4,-0.2656255013736211,0.2656255013736211
4,ATF4+STAT1+SMAD7+NPM1,"ATF4,NPM1,SMAD7,STAT1",4,-0.26560738016845276,0.26560738016845276
4,SMAD7+ZBTB20+AEBP1+ZNF165,"AEBP1,SMAD7,ZBTB20,ZNF165",4,-0.2653155460244357,0.2653155460244357
4,STAT1+RARG+AEBP1+ZNF165,"AEBP1,RARG,STAT1,ZNF165",4,-0.2651211330785559,0.2651211330785559
4,STAT1+PAX3+HOXC13+ZNF165,"HOXC13,PAX3,STAT1,ZNF165",4,-0.2650221669349128,0.2650221669349128
4,ATF4+STAT1+PAX3+SMAD7,"ATF4,PAX3,SMAD7,STAT1",4,-0.26493706546008844,0.26493706546008844
4,ATF4+STAT1+NFIA+SRF,"ATF4,NFIA,SRF,STAT1",4,-0.2649270423833227,0.2649270423833227
4,STAT1+DNMT3B+SRF+AEBP1,"AEBP1,DNMT3B,SRF,STAT1",4,-0.2648843791525985,0.2648843791525985
4,STAT1+SFPQ+HES1+ZNF165,"HES1,SFPQ,STAT1,ZNF165",4,-0.2648012501358731,0.2648012501358731
4,STAT1+SMAD7+ZNF202+AEBP1,"AEBP1,SMAD7,STAT1,ZNF202",4,-0.26460999600185087,0.26460999600185087
4,STAT1+HES1+NPM1+HOXC13,"HES1,HOXC13,NPM1,STAT1",4,-0.2645615978860408,0.2645615978860408
4,ATF4+SMAD7+ZBTB20+HOXC13,"ATF4,HOXC13,SMAD7,ZBTB20",4,-0.2645535551058883,0.2645535551058883
4,ATF4+STAT1+RARG+HOXC13,"ATF4,HOXC13,RARG,STAT1",4,-0.2643591421600085,0.2643591421600085
4,ATF4+FOXP3+ZBTB20+AEBP1,"AEBP1,ATF4,FOXP3,ZBTB20",4,-0.26422414739076283,0.26422414739076283
4,SMAD7+ZBTB20+HES1+AEBP1,"AEBP1,HES1,SMAD7,ZBTB20",4,-0.26418466226719933,0.26418466226719933
4,ATF4+STAT1+SRF+ZNF165,"ATF4,SRF,STAT1,ZNF165",4,-0.26410279114557467,0.26410279114557467
4,STAT1+HEYL+NPM1+AEBP1,"AEBP1,HEYL,NPM1,STAT1",4,-0.26408807954174035,0.26408807954174035
4,STAT1+RARG+HES1+AEBP1,"AEBP1,HES1,RARG,STAT1",4,-0.26399024932131954,0.26399024932131954
4,ZBTB20+NFIA+NPM1+AEBP1,"AEBP1,NFIA,NPM1,ZBTB20",4,-0.2638934297529385,0.2638934297529385
4,STAT1+PAX3+HES1+HOXC13,"HES1,HOXC13,PAX3,STAT1",4,-0.26389128317767646,0.26389128317767646
4,ATF4+STAT1+HEYL+SFPQ,"ATF4,HEYL,SFPQ,STAT1",4,-0.26356574087302526,0.26356574087302526
4,STAT1+PAX3+HEYL+AEBP1,"AEBP1,HEYL,PAX3,STAT1",4,-0.26341776483337603,0.26341776483337603
4,ATF4+ZBTB20+SFPQ+NFIA,"ATF4,NFIA,SFPQ,ZBTB20",4,-0.2633710910842234,0.2633710910842234
4,ZBTB20+SFPQ+DNMT3B+AEBP1,"AEBP1,DNMT3B,SFPQ,ZBTB20",4,-0.2633284278534992,0.2633284278534992
4,PAX3+ZBTB20+NFIA+AEBP1,"AEBP1,NFIA,PAX3,ZBTB20",4,-0.2632231150445742,0.2632231150445742
4,ZBTB20+NPM1+AEBP1+ZNF165,"AEBP1,NPM1,ZBTB20,ZNF165",4,-0.26306917851519046,0.26306917851519046
4,HEYL+ZBTB20+HOXC13+AEBP1,"AEBP1,HEYL,HOXC13,ZBTB20",4,-0.2630342544791759,0.2630342544791759
4,ATF4+STAT1+HES1+SRF,"ATF4,HES1,SRF,STAT1",4,-0.2629719073883383,0.2629719073883383
4,STAT1+SMAD7+NFIA+ZNF165,"NFIA,SMAD7,STAT1,ZNF165",4,-0.2628394061169626,0.2628394061169626
4,ATF4+STAT1+PAX3+NPM1,"ATF4,NPM1,PAX3,STAT1",4,-0.2626906979508432,0.2626906979508432
4,ATF4+ZBTB20+SFPQ+ZNF165,"ATF4,SFPQ,ZBTB20,ZNF165",4,-0.26254683984647537,0.26254683984647537
4,PAX3+ZBTB20+AEBP1+ZNF165,"AEBP1,PAX3,ZBTB20,ZNF165",4,-0.26239886380682614,0.26239886380682614
4,STAT1+ZNF202+NPM1+AEBP1,"AEBP1,NPM1,STAT1,ZNF202",4,-0.26236362849260564,0.26236362849260564
4,ATF4+ZBTB20+NPM1+HOXC13,"ATF4,HOXC13,NPM1,ZBTB20",4,-0.26230718759664307,0.26230718759664307
4,STAT1+SMAD7+DNMT3B+HOXC13,"DNMT3B,HOXC13,SMAD7,STAT1",4,-0.262034751967691,0.262034751967691
4,ZBTB20+HES1+NPM1+AEBP1,"AEBP1,HES1,NPM1,ZBTB20",4,-0.2619382947579541,0.2619382947579541
4,ATF4+STAT1+SFPQ+ZNF202,"ATF4,SFPQ,STAT1,ZNF202",4,-0.2618412898238905,0.2618412898238905
3,STAT1+HOXC13+AEBP1,"AEBP1,HOXC13,STAT1",3,-0.2617900891426601,0.2617900891426601
4,ATF4+STAT1+FOXP3+NFIA,"ATF4,FOXP3,NFIA,STAT1",4,-0.26174800748328975,0.26174800748328975
4,ATF4+ZBTB20+RARG+AEBP1,"AEBP1,ATF4,RARG,ZBTB20",4,-0.2617358390319218,0.2617358390319218
4,STAT1+FOXP3+ZBTB20+SRF,"FOXP3,SRF,STAT1,ZBTB20",4,-0.2617263933657349,0.2617263933657349
4,STAT1+SMAD7+HES1+NFIA,"HES1,NFIA,SMAD7,STAT1",4,-0.26170852235972625,0.26170852235972625
4,STAT1+FOXP3+DNMT3B+AEBP1,"AEBP1,DNMT3B,FOXP3,STAT1",4,-0.2617053442525656,0.2617053442525656
4,STAT1+PAX3+ZNF202+AEBP1,"AEBP1,PAX3,STAT1,ZNF202",4,-0.2616933137842413,0.2616933137842413
4,ATF4+PAX3+ZBTB20+HOXC13,"ATF4,HOXC13,PAX3,ZBTB20",4,-0.26163687288827875,0.26163687288827875
4,ATF4+ZBTB20+SFPQ+HES1,"ATF4,HES1,SFPQ,ZBTB20",4,-0.261415956089239,0.261415956089239
4,ZBTB20+ZNF202+HOXC13+AEBP1,"AEBP1,HOXC13,ZBTB20,ZNF202",4,-0.2613098034300411,0.2613098034300411
4,PAX3+ZBTB20+HES1+AEBP1,"AEBP1,HES1,PAX3,ZBTB20",4,-0.2612679800495898,0.2612679800495898
4,ATF4+STAT1+FOXP3+ZNF165,"ATF4,FOXP3,STAT1,ZNF165",4,-0.26092375624554176,0.26092375624554176
4,STAT1+SMAD7+HES1+ZNF165,"HES1,SMAD7,STAT1,ZNF165",4,-0.2608842711219782,0.2608842711219782
4,STAT1+SFPQ+DNMT3B+NFIA,"DNMT3B,NFIA,SFPQ,STAT1",4,-0.2608522879460261,0.2608522879460261
3,STAT1+HEYL+ZBTB20,"HEYL,STAT1,ZBTB20",3,-0.26077540201874544,0.26077540201874544
4,STAT1+NFIA+NPM1+ZNF165,"NFIA,NPM1,STAT1,ZNF165",4,-0.2605930386077174,0.2605930386077174
4,STAT1+HEYL+NFIA+HOXC13,"HEYL,HOXC13,NFIA,STAT1",4,-0.2605581145717028,0.2605581145717028
4,STAT1+SFPQ+DNMT3B+ZNF165,"DNMT3B,SFPQ,STAT1,ZNF165",4,-0.26002803670827807,0.26002803670827807
4,STAT1+PAX3+NFIA+ZNF165,"NFIA,PAX3,STAT1,ZNF165",4,-0.25992272389935306,0.25992272389935306
4,ATF4+STAT1+FOXP3+HES1,"ATF4,FOXP3,HES1,STAT1",4,-0.2597928724883054,0.2597928724883054
4,STAT1+DNMT3B+NPM1+HOXC13,"DNMT3B,HOXC13,NPM1,STAT1",4,-0.25978838445844576,0.25978838445844576
4,STAT1+HEYL+HOXC13+ZNF165,"HEYL,HOXC13,STAT1,ZNF165",4,-0.25973386333395476,0.25973386333395476
4,ATF4+STAT1+SMAD7+HEYL,"ATF4,HEYL,SMAD7,STAT1",4,-0.2596487618591304,0.2596487618591304
4,ZBTB20+NFIA+HOXC13+ZNF165,"HOXC13,NFIA,ZBTB20,ZNF165",4,-0.2595392135451529,0.2595392135451529
4,STAT1+HES1+NFIA+NPM1,"HES1,NFIA,NPM1,STAT1",4,-0.259462154850481,0.259462154850481
4,STAT1+SFPQ+SRF+AEBP1,"AEBP1,SFPQ,SRF,STAT1",4,-0.2594593708438253,0.2594593708438253
4,ATF4+SMAD7+ZBTB20+NFIA,"ATF4,NFIA,SMAD7,ZBTB20",4,-0.25945411207032854,0.25945411207032854
4,SMAD7+ZBTB20+DNMT3B+AEBP1,"AEBP1,DNMT3B,SMAD7,ZBTB20",4,-0.2594114488396043,0.2594114488396043
4,ATF4+STAT1+RARG+NFIA,"ATF4,NFIA,RARG,STAT1",4,-0.25925969912444874,0.25925969912444874
4,STAT1+ZBTB20+RARG+SRF,"RARG,SRF,STAT1,ZBTB20",4,-0.2592380850068939,0.2592380850068939
4,STAT1+RARG+DNMT3B+AEBP1,"AEBP1,DNMT3B,RARG,STAT1",4,-0.2592170358937245,0.2592170358937245
4,STAT1+PAX3+DNMT3B+HOXC13,"DNMT3B,HOXC13,PAX3,STAT1",4,-0.25911806975008145,0.25911806975008145
3,STAT1+ZBTB20+ZNF202,"STAT1,ZBTB20,ZNF202",3,-0.25905095096961067,0.25905095096961067
4,STAT1+SFPQ+DNMT3B+HES1,"DNMT3B,HES1,SFPQ,STAT1",4,-0.2588971529510417,0.2588971529510417
4,STAT1+NFIA+ZNF202+HOXC13,"HOXC13,NFIA,STAT1,ZNF202",4,-0.2588336635225681,0.2588336635225681
4,STAT1+PAX3+HES1+NFIA,"HES1,NFIA,PAX3,STAT1",4,-0.2587918401421167,0.2587918401421167
4,STAT1+HES1+NPM1+ZNF165,"HES1,NPM1,STAT1,ZNF165",4,-0.258637903612733,0.258637903612733
4,ATF4+SMAD7+ZBTB20+ZNF165,"ATF4,SMAD7,ZBTB20,ZNF165",4,-0.2586298608325805,0.2586298608325805
4,STAT1+HEYL+HES1+HOXC13,"HES1,HEYL,HOXC13,STAT1",4,-0.2586029795767184,0.2586029795767184
4,ATF4+STAT1+RARG+ZNF165,"ATF4,RARG,STAT1,ZNF165",4,-0.2584354478867007,0.2584354478867007
4,ZBTB20+HES1+NFIA+HOXC13,"HES1,HOXC13,NFIA,ZBTB20",4,-0.25840832978791656,0.25840832978791656
4,ATF4+STAT1+DNMT3B+SRF,"ATF4,DNMT3B,SRF,STAT1",4,-0.2581986939607433,0.2581986939607433
4,STAT1+ZNF202+HOXC13+ZNF165,"HOXC13,STAT1,ZNF165,ZNF202",4,-0.25800941228482005,0.25800941228482005
4,STAT1+PAX3+HES1+ZNF165,"HES1,PAX3,STAT1,ZNF165",4,-0.25796758890436866,0.25796758890436866
4,HEYL+ZBTB20+NFIA+AEBP1,"AEBP1,HEYL,NFIA,ZBTB20",4,-0.2579348114436161,0.2579348114436161
4,ATF4+STAT1+SMAD7+ZNF202,"ATF4,SMAD7,STAT1,ZNF202",4,-0.2579243108099956,0.2579243108099956
4,ZBTB20+HES1+HOXC13+ZNF165,"HES1,HOXC13,ZBTB20,ZNF165",4,-0.2575840785501685,0.2575840785501685
4,ATF4+SMAD7+ZBTB20+HES1,"ATF4,HES1,SMAD7,ZBTB20",4,-0.25749897707534414,0.25749897707534414
4,ATF4+STAT1+HEYL+NPM1,"ATF4,HEYL,NPM1,STAT1",4,-0.25740239434988516,0.25740239434988516
4,ATF4+STAT1+RARG+HES1,"ATF4,HES1,RARG,STAT1",4,-0.25730456412946434,0.25730456412946434
4,ATF4+ZBTB20+NFIA+NPM1,"ATF4,NFIA,NPM1,ZBTB20",4,-0.2572077445610833,0.2572077445610833
4,ZBTB20+DNMT3B+NPM1+AEBP1,"AEBP1,DNMT3B,NPM1,ZBTB20",4,-0.2571650813303591,0.2571650813303591
4,HEYL+ZBTB20+AEBP1+ZNF165,"AEBP1,HEYL,ZBTB20,ZNF165",4,-0.2571105602058681,0.2571105602058681
4,STAT1+SMAD7+DNMT3B+NFIA,"DNMT3B,NFIA,SMAD7,STAT1",4,-0.25693530893213123,0.25693530893213123
4,STAT1+HES1+ZNF202+HOXC13,"HES1,HOXC13,STAT1,ZNF202",4,-0.2568785285275837,0.2568785285275837
4,ATF4+STAT1+PAX3+HEYL,"ATF4,HEYL,PAX3,STAT1",4,-0.25673207964152084,0.25673207964152084
3,STAT1+NFIA+AEBP1,"AEBP1,NFIA,STAT1",3,-0.25669064610710035,0.25669064610710035
4,ATF4+ZBTB20+SFPQ+DNMT3B,"ATF4,DNMT3B,SFPQ,ZBTB20",4,-0.256642742661644,0.256642742661644
4,STAT1+SMAD7+SFPQ+HOXC13,"HOXC13,SFPQ,SMAD7,STAT1",4,-0.2566097436589178,0.2566097436589178
4,ATF4+PAX3+ZBTB20+NFIA,"ATF4,NFIA,PAX3,ZBTB20",4,-0.256537429852719,0.256537429852719
4,PAX3+ZBTB20+DNMT3B+AEBP1,"AEBP1,DNMT3B,PAX3,ZBTB20",4,-0.2564947666219948,0.2564947666219948
4,STAT1+HEYL+ZNF202+AEBP1,"AEBP1,HEYL,STAT1,ZNF202",4,-0.25640501018328327,0.25640501018328327
4,ATF4+ZBTB20+NPM1+ZNF165,"ATF4,NPM1,ZBTB20,ZNF165",4,-0.25638349332333527,0.25638349332333527
4,ATF4+HEYL+ZBTB20+HOXC13,"ATF4,HEYL,HOXC13,ZBTB20",4,-0.2563485692873207,0.2563485692873207
4,STAT1+FOXP3+SFPQ+AEBP1,"AEBP1,FOXP3,SFPQ,STAT1",4,-0.2562803359437924,0.2562803359437924
4,ZBTB20+NFIA+ZNF202+AEBP1,"AEBP1,NFIA,ZBTB20,ZNF202",4,-0.25621036039448136,0.25621036039448136
4,STAT1+SMAD7+DNMT3B+ZNF165,"DNMT3B,SMAD7,STAT1,ZNF165",4,-0.2561110576943832,0.2561110576943832
4,STAT1+FOXP3+ZBTB20+RARG,"FOXP3,RARG,STAT1,ZBTB20",4,-0.2560590501068609,0.2560590501068609
4,HEYL+ZBTB20+HES1+AEBP1,"AEBP1,HES1,HEYL,ZBTB20",4,-0.25597967644863173,0.25597967644863173
3,STAT1+AEBP1+ZNF165,"AEBP1,STAT1,ZNF165",3,-0.2558663948693523,0.2558663948693523
4,ATF4+PAX3+ZBTB20+ZNF165,"ATF4,PAX3,ZBTB20,ZNF165",4,-0.25571317861497095,0.25571317861497095
4,ATF4+STAT1+ZNF202+NPM1,"ATF4,NPM1,STAT1,ZNF202",4,-0.25567794330075044,0.25567794330075044
4,STAT1+SMAD7+SRF+AEBP1,"AEBP1,SMAD7,SRF,STAT1",4,-0.25554239182993044,0.25554239182993044
4,ZBTB20+ZNF202+AEBP1+ZNF165,"AEBP1,ZBTB20,ZNF165,ZNF202",4,-0.2553861091567333,0.2553861091567333
4,ATF4+ZBTB20+HES1+NPM1,"ATF4,HES1,NPM1,ZBTB20",4,-0.2552526095660989,0.2552526095660989
3,ATF4+STAT1+HOXC13,"ATF4,HOXC13,STAT1",3,-0.2551044039508049,0.2551044039508049
4,ATF4+STAT1+FOXP3+DNMT3B,"ATF4,DNMT3B,FOXP3,STAT1",4,-0.25501965906071034,0.25501965906071034
4,ATF4+STAT1+PAX3+ZNF202,"ATF4,PAX3,STAT1,ZNF202",4,-0.25500762859238607,0.25500762859238607
4,STAT1+SMAD7+DNMT3B+HES1,"DNMT3B,HES1,SMAD7,STAT1",4,-0.25498017393714684,0.25498017393714684
3,STAT1+HES1+AEBP1,"AEBP1,HES1,STAT1",3,-0.25473551111211595,0.25473551111211595
4,STAT1+DNMT3B+NFIA+NPM1,"DNMT3B,NFIA,NPM1,STAT1",4,-0.254688941422886,0.254688941422886
4,STAT1+HEYL+NFIA+ZNF165,"HEYL,NFIA,STAT1,ZNF165",4,-0.254634420298395,0.254634420298395
4,ATF4+ZBTB20+ZNF202+HOXC13,"ATF4,HOXC13,ZBTB20,ZNF202",4,-0.254624118238186,0.254624118238186
4,ATF4+PAX3+ZBTB20+HES1,"ATF4,HES1,PAX3,ZBTB20",4,-0.2545822948577346,0.2545822948577346
4,STAT1+SFPQ+NPM1+HOXC13,"HOXC13,NPM1,SFPQ,STAT1",4,-0.2543633761496726,0.2543633761496726
4,ZBTB20+HES1+ZNF202+AEBP1,"AEBP1,HES1,ZBTB20,ZNF202",4,-0.254255225399497,0.254255225399497
4,STAT1+PAX3+DNMT3B+NFIA,"DNMT3B,NFIA,PAX3,STAT1",4,-0.2540186267145217,0.2540186267145217
4,SMAD7+ZBTB20+SFPQ+AEBP1,"AEBP1,SFPQ,SMAD7,ZBTB20",4,-0.25398644053083114,0.25398644053083114
4,STAT1+DNMT3B+NPM1+ZNF165,"DNMT3B,NPM1,STAT1,ZNF165",4,-0.25386469018513796,0.25386469018513796
4,STAT1+HEYL+DNMT3B+HOXC13,"DNMT3B,HEYL,HOXC13,STAT1",4,-0.2538297661491234,0.2538297661491234
4,STAT1+RARG+SFPQ+AEBP1,"AEBP1,RARG,SFPQ,STAT1",4,-0.25379202758495134,0.25379202758495134
4,STAT1+PAX3+SFPQ+HOXC13,"HOXC13,PAX3,SFPQ,STAT1",4,-0.25369306144130827,0.25369306144130827
4,ZBTB20+DNMT3B+NFIA+HOXC13,"DNMT3B,HOXC13,NFIA,ZBTB20",4,-0.2536351163603215,0.2536351163603215
4,STAT1+HEYL+HES1+NFIA,"HES1,HEYL,NFIA,STAT1",4,-0.25350353654115865,0.25350353654115865
4,STAT1+SRF+NPM1+AEBP1,"AEBP1,NPM1,SRF,STAT1",4,-0.2532960243206852,0.2532960243206852
4,STAT1+PAX3+DNMT3B+ZNF165,"DNMT3B,PAX3,STAT1,ZNF165",4,-0.25319437547677365,0.25319437547677365
4,STAT1+NFIA+ZNF202+ZNF165,"NFIA,STAT1,ZNF165,ZNF202",4,-0.2529099692492603,0.2529099692492603
4,ZBTB20+DNMT3B+HOXC13+ZNF165,"DNMT3B,HOXC13,ZBTB20,ZNF165",4,-0.2528108651225735,0.2528108651225735
4,ATF4+STAT1+SFPQ+SRF,"ATF4,SFPQ,SRF,STAT1",4,-0.2527736856519701,0.2527736856519701
4,STAT1+DNMT3B+HES1+NPM1,"DNMT3B,HES1,NPM1,STAT1",4,-0.2527338064279016,0.2527338064279016
4,ATF4+SMAD7+ZBTB20+DNMT3B,"ATF4,DNMT3B,SMAD7,ZBTB20",4,-0.2527257636477491,0.2527257636477491
4,STAT1+HEYL+HES1+ZNF165,"HES1,HEYL,STAT1,ZNF165",4,-0.2526792853034106,0.2526792853034106
4,STAT1+PAX3+SRF+AEBP1,"AEBP1,PAX3,SRF,STAT1",4,-0.2526257096123209,0.2526257096123209
4,ATF4+STAT1+RARG+DNMT3B,"ATF4,DNMT3B,RARG,STAT1",4,-0.25253135070186933,0.25253135070186933
4,ZBTB20+HES1+NFIA+ZNF165,"HES1,NFIA,ZBTB20,ZNF165",4,-0.25248463551460876,0.25248463551460876
3,ATF4+ZBTB20+AEBP1,"AEBP1,ATF4,ZBTB20",3,-0.25248110082271824,0.25248110082271824
4,STAT1+FOXP3+SMAD7+AEBP1,"AEBP1,FOXP3,SMAD7,STAT1",4,-0.25236335692989753,0.25236335692989753
4,ATF4+NFIA+HOXC13+AEBP1,"AEBP1,ATF4,HOXC13,NFIA",4,-0.2522638133756756,0.2522638133756756
4,ZBTB20+SRF+HOXC13+AEBP1,"AEBP1,HOXC13,SRF,ZBTB20",4,-0.25224219925812075,0.25224219925812075
4,STAT1+DNMT3B+ZNF202+HOXC13,"DNMT3B,HOXC13,STAT1,ZNF202",4,-0.2521053150999887,0.2521053150999887
4,STAT1+PAX3+DNMT3B+HES1,"DNMT3B,HES1,PAX3,STAT1",4,-0.2520634917195373,0.2520634917195373
4,STAT1+HES1+NFIA+ZNF202,"HES1,NFIA,STAT1,ZNF202",4,-0.2517790854920239,0.2517790854920239
4,ZBTB20+SFPQ+NPM1+AEBP1,"AEBP1,NPM1,SFPQ,ZBTB20",4,-0.2517400730215859,0.2517400730215859
4,ZBTB20+DNMT3B+HES1+HOXC13,"DNMT3B,HES1,HOXC13,ZBTB20",4,-0.25167998136533715,0.25167998136533715
4,STAT1+SMAD7+SFPQ+NFIA,"NFIA,SFPQ,SMAD7,STAT1",4,-0.25151030062335805,0.25151030062335805
4,ATF4+HOXC13+AEBP1+ZNF165,"AEBP1,ATF4,HOXC13,ZNF165",4,-0.2514395621379276,0.2514395621379276
4,ATF4+HEYL+ZBTB20+NFIA,"ATF4,HEYL,NFIA,ZBTB20",4,-0.25124912625176093,0.25124912625176093
4,HEYL+ZBTB20+DNMT3B+AEBP1,"AEBP1,DNMT3B,HEYL,ZBTB20",4,-0.2512064630210367,0.2512064630210367
4,PAX3+ZBTB20+SFPQ+AEBP1,"AEBP1,PAX3,SFPQ,ZBTB20",4,-0.2510697583132216,0.2510697583132216
4,STAT1+HES1+ZNF202+ZNF165,"HES1,STAT1,ZNF165,ZNF202",4,-0.2509548342542759,0.2509548342542759
4,STAT1+SMAD7+SFPQ+ZNF165,"SFPQ,SMAD7,STAT1,ZNF165",4,-0.25068604938561,0.25068604938561
4,ATF4+ZBTB20+DNMT3B+NPM1,"ATF4,DNMT3B,NPM1,ZBTB20",4,-0.2504793961385039,0.2504793961385039
4,STAT1+SMAD7+NPM1+HOXC13,"HOXC13,NPM1,SMAD7,STAT1",4,-0.2504463971357777,0.2504463971357777
4,ATF4+HEYL+ZBTB20+ZNF165,"ATF4,HEYL,ZBTB20,ZNF165",4,-0.2504248750140129,0.2504248750140129
4,ATF4+HES1+HOXC13+AEBP1,"AEBP1,ATF4,HES1,HOXC13",4,-0.25030867838069126,0.25030867838069126
4,STAT1+FOXP3+NPM1+AEBP1,"AEBP1,FOXP3,NPM1,STAT1",4,-0.2501169894206523,0.2501169894206523
3,ATF4+STAT1+NFIA,"ATF4,NFIA,STAT1",3,-0.25000496091524516,0.25000496091524516
3,STAT1+ZBTB20+SRF,"SRF,STAT1,ZBTB20",3,-0.2499833467976903,0.2499833467976903
3,STAT1+DNMT3B+AEBP1,"AEBP1,DNMT3B,STAT1",3,-0.24996229768452094,0.24996229768452094
4,STAT1+SMAD7+RARG+AEBP1,"AEBP1,RARG,SMAD7,STAT1",4,-0.24987504857105647,0.24987504857105647
4,ATF4+PAX3+ZBTB20+DNMT3B,"ATF4,DNMT3B,PAX3,ZBTB20",4,-0.24980908143013958,0.24980908143013958
4,STAT1+PAX3+SMAD7+HOXC13,"HOXC13,PAX3,SMAD7,STAT1",4,-0.2497760824274134,0.2497760824274134
4,STAT1+NFIA+SRF+HOXC13,"HOXC13,NFIA,SRF,STAT1",4,-0.24976605935064766,0.24976605935064766
4,ATF4+STAT1+HEYL+ZNF202,"ATF4,HEYL,STAT1,ZNF202",4,-0.24971932499142804,0.24971932499142804
4,ATF4+STAT1+FOXP3+SFPQ,"ATF4,FOXP3,SFPQ,STAT1",4,-0.24959465075193718,0.24959465075193718
4,STAT1+SMAD7+SFPQ+HES1,"HES1,SFPQ,SMAD7,STAT1",4,-0.24955516562837365,0.24955516562837365
4,ATF4+ZBTB20+NFIA+ZNF202,"ATF4,NFIA,ZBTB20,ZNF202",4,-0.2495246752026262,0.2495246752026262
4,ZBTB20+DNMT3B+ZNF202+AEBP1,"AEBP1,DNMT3B,ZBTB20,ZNF202",4,-0.24948201197190195,0.24948201197190195
4,STAT1+FOXP3+PAX3+AEBP1,"AEBP1,FOXP3,PAX3,STAT1",4,-0.24944667471228799,0.24944667471228799
4,ATF4+HEYL+ZBTB20+HES1,"ATF4,HES1,HEYL,ZBTB20",4,-0.24929399125677654,0.24929399125677654
4,STAT1+SFPQ+NFIA+NPM1,"NFIA,NPM1,SFPQ,STAT1",4,-0.24926393311411282,0.24926393311411282
3,ATF4+STAT1+ZNF165,"ATF4,STAT1,ZNF165",3,-0.24918070967749711,0.24918070967749711
4,FOXP3+ZBTB20+HOXC13+AEBP1,"AEBP1,FOXP3,HOXC13,ZBTB20",4,-0.24906316435808779,0.24906316435808779
4,STAT1+SRF+HOXC13+ZNF165,"HOXC13,SRF,STAT1,ZNF165",4,-0.24894180811289962,0.24894180811289962
4,ATF4+STAT1+SMAD7+SRF,"ATF4,SMAD7,SRF,STAT1",4,-0.24885670663807524,0.24885670663807524
4,STAT1+HEYL+DNMT3B+NFIA,"DNMT3B,HEYL,NFIA,STAT1",4,-0.24873032311356363,0.24873032311356363
4,ATF4+ZBTB20+ZNF202+ZNF165,"ATF4,ZBTB20,ZNF165,ZNF202",4,-0.24870042396487818,0.24870042396487818
4,STAT1+PAX3+SFPQ+NFIA,"NFIA,PAX3,SFPQ,STAT1",4,-0.2485936184057485,0.2485936184057485
4,STAT1+SFPQ+NPM1+ZNF165,"NPM1,SFPQ,STAT1,ZNF165",4,-0.24843968187636478,0.24843968187636478
4,STAT1+HEYL+SFPQ+HOXC13,"HEYL,HOXC13,SFPQ,STAT1",4,-0.2484047578403502,0.2484047578403502
4,ZBTB20+SFPQ+NFIA+HOXC13,"HOXC13,NFIA,SFPQ,ZBTB20",4,-0.2482101080515483,0.2482101080515483
3,ATF4+STAT1+HES1,"ATF4,HES1,STAT1",3,-0.24804982592026076,0.24804982592026076
4,STAT1+HEYL+DNMT3B+ZNF165,"DNMT3B,HEYL,STAT1,ZNF165",4,-0.2479060718758156,0.2479060718758156
4,SMAD7+ZBTB20+NPM1+AEBP1,"AEBP1,NPM1,SMAD7,ZBTB20",4,-0.24782309400769104,0.24782309400769104
4,STAT1+HES1+SRF+HOXC13,"HES1,HOXC13,SRF,STAT1",4,-0.24781092435566326,0.24781092435566326
4,STAT1+PAX3+SFPQ+ZNF165,"PAX3,SFPQ,STAT1,ZNF165",4,-0.24776936716800047,0.24776936716800047
4,ZBTB20+DNMT3B+NFIA+ZNF165,"DNMT3B,NFIA,ZBTB20,ZNF165",4,-0.2477114220870137,0.2477114220870137
4,STAT1+RARG+NPM1+AEBP1,"AEBP1,NPM1,RARG,STAT1",4,-0.24762868106181124,0.24762868106181124
4,ATF4+ZBTB20+HES1+ZNF202,"ATF4,HES1,ZBTB20,ZNF202",4,-0.2475695402076418,0.2475695402076418
4,STAT1+PAX3+NPM1+HOXC13,"HOXC13,NPM1,PAX3,STAT1",4,-0.24752971491816816,0.24752971491816816
4,ZBTB20+SFPQ+HOXC13+ZNF165,"HOXC13,SFPQ,ZBTB20,ZNF165",4,-0.24738585681380032,0.24738585681380032
4,STAT1+HEYL+SRF+AEBP1,"AEBP1,HEYL,SRF,STAT1",4,-0.24733740601136284,0.24733740601136284
4,STAT1+SFPQ+HES1+NPM1,"HES1,NPM1,SFPQ,STAT1",4,-0.24730879811912843,0.24730879811912843
4,ATF4+SMAD7+ZBTB20+SFPQ,"ATF4,SFPQ,SMAD7,ZBTB20",4,-0.24730075533897594,0.24730075533897594
4,PAX3+SMAD7+ZBTB20+AEBP1,"AEBP1,PAX3,SMAD7,ZBTB20",4,-0.24715277929932672,0.24715277929932672
4,ZBTB20+NFIA+SRF+AEBP1,"AEBP1,NFIA,SRF,ZBTB20",4,-0.247142756222561,0.247142756222561
4,ATF4+STAT1+RARG+SFPQ,"ATF4,RARG,SFPQ,STAT1",4,-0.24710634239309615,0.24710634239309615
4,STAT1+DNMT3B+NFIA+ZNF202,"DNMT3B,NFIA,STAT1,ZNF202",4,-0.2470058720644289,0.2470058720644289
4,STAT1+PAX3+RARG+AEBP1,"AEBP1,PAX3,RARG,STAT1",4,-0.24695836635344692,0.24695836635344692
3,STAT1+FOXP3+ZBTB20,"FOXP3,STAT1,ZBTB20",3,-0.24680431189765734,0.24680431189765734
4,STAT1+HEYL+DNMT3B+HES1,"DNMT3B,HES1,HEYL,STAT1",4,-0.24677518811857924,0.24677518811857924
4,STAT1+SFPQ+ZNF202+HOXC13,"HOXC13,SFPQ,STAT1,ZNF202",4,-0.24668030679121547,0.24668030679121547
4,STAT1+PAX3+SFPQ+HES1,"HES1,PAX3,SFPQ,STAT1",4,-0.2466384834107641,0.2466384834107641
4,ATF4+STAT1+SRF+NPM1,"ATF4,NPM1,SRF,STAT1",4,-0.24661033912883001,0.24661033912883001
4,STAT1+FOXP3+NFIA+HOXC13,"FOXP3,HOXC13,NFIA,STAT1",4,-0.2465870244506147,0.2465870244506147
4,ZBTB20+DNMT3B+HES1+NFIA,"DNMT3B,HES1,NFIA,ZBTB20",4,-0.24658053832977733,0.24658053832977733
4,ZBTB20+RARG+HOXC13+AEBP1,"AEBP1,HOXC13,RARG,ZBTB20",4,-0.24657485599924678,0.24657485599924678
4,ATF4+NFIA+AEBP1+ZNF165,"AEBP1,ATF4,NFIA,ZNF165",4,-0.2463401191023678,0.2463401191023678
4,ZBTB20+SRF+AEBP1+ZNF165,"AEBP1,SRF,ZBTB20,ZNF165",4,-0.24631850498481295,0.24631850498481295
4,ZBTB20+SFPQ+HES1+HOXC13,"HES1,HOXC13,SFPQ,ZBTB20",4,-0.24625497305656394,0.24625497305656394
4,STAT1+DNMT3B+ZNF202+ZNF165,"DNMT3B,STAT1,ZNF165,ZNF202",4,-0.24618162082668088,0.24618162082668088
4,ATF4+STAT1+PAX3+SRF,"ATF4,PAX3,SRF,STAT1",4,-0.2459400244204657,0.2459400244204657
4,HEYL+ZBTB20+SFPQ+AEBP1,"AEBP1,HEYL,SFPQ,ZBTB20",4,-0.24578145471226354,0.24578145471226354
4,STAT1+FOXP3+HOXC13+ZNF165,"FOXP3,HOXC13,STAT1,ZNF165",4,-0.24576277321286671,0.24576277321286671
4,ZBTB20+DNMT3B+HES1+ZNF165,"DNMT3B,HES1,ZBTB20,ZNF165",4,-0.24575628709202935,0.24575628709202935
4,ATF4+STAT1+FOXP3+SMAD7,"ATF4,FOXP3,SMAD7,STAT1",4,-0.2456776717380423,0.2456776717380423
4,STAT1+ZNF202+SRF+AEBP1,"AEBP1,SRF,STAT1,ZNF202",4,-0.24561295496222812,0.24561295496222812
4,ATF4+ZBTB20+SRF+HOXC13,"ATF4,HOXC13,SRF,ZBTB20",4,-0.24555651406626555,0.24555651406626555
4,ATF4+DNMT3B+HOXC13+AEBP1,"AEBP1,ATF4,DNMT3B,HOXC13",4,-0.2455354649530962,0.2455354649530962
4,STAT1+SMAD7+NFIA+NPM1,"NFIA,NPM1,SMAD7,STAT1",4,-0.24534695410021795,0.24534695410021795
4,ATF4+HES1+NFIA+AEBP1,"AEBP1,ATF4,HES1,NFIA",4,-0.24520923534513145,0.24520923534513145
4,ZBTB20+HES1+SRF+AEBP1,"AEBP1,HES1,SRF,ZBTB20",4,-0.2451876212275766,0.2451876212275766
4,ATF4+ZBTB20+SFPQ+NPM1,"ATF4,NPM1,SFPQ,ZBTB20",4,-0.2450543878297307,0.2450543878297307
4,STAT1+DNMT3B+HES1+ZNF202,"DNMT3B,HES1,STAT1,ZNF202",4,-0.2450507370694445,0.2450507370694445
4,PAX3+ZBTB20+NPM1+AEBP1,"AEBP1,NPM1,PAX3,ZBTB20",4,-0.2449064117900815,0.2449064117900815
4,STAT1+SMAD7+SFPQ+DNMT3B,"DNMT3B,SFPQ,SMAD7,STAT1",4,-0.24478195220077864,0.24478195220077864
4,STAT1+PAX3+SMAD7+NFIA,"NFIA,PAX3,SMAD7,STAT1",4,-0.24467663939185363,0.24467663939185363
4,STAT1+FOXP3+HES1+HOXC13,"FOXP3,HES1,HOXC13,STAT1",4,-0.24463188945563033,0.24463188945563033
3,STAT1+SFPQ+AEBP1,"AEBP1,SFPQ,STAT1",3,-0.24453728937574776,0.24453728937574776
4,STAT1+SMAD7+NPM1+ZNF165,"NPM1,SMAD7,STAT1,ZNF165",4,-0.2445227028624699,0.2445227028624699
4,ATF4+HEYL+ZBTB20+DNMT3B,"ATF4,DNMT3B,HEYL,ZBTB20",4,-0.24452077782918152,0.24452077782918152
4,STAT1+SMAD7+HEYL+HOXC13,"HEYL,HOXC13,SMAD7,STAT1",4,-0.24448777882645534,0.24448777882645534
4,ATF4+HES1+AEBP1+ZNF165,"AEBP1,ATF4,HES1,ZNF165",4,-0.24438498410738346,0.24438498410738346
4,ATF4+PAX3+ZBTB20+SFPQ,"ATF4,PAX3,SFPQ,ZBTB20",4,-0.2443840731213664,0.2443840731213664
3,STAT1+ZBTB20+RARG,"RARG,STAT1,ZBTB20",3,-0.24431600353881633,0.24431600353881633
4,SMAD7+ZBTB20+NFIA+HOXC13,"HOXC13,NFIA,SMAD7,ZBTB20",4,-0.24429312903765343,0.24429312903765343
4,STAT1+FOXP3+HEYL+AEBP1,"AEBP1,FOXP3,HEYL,STAT1",4,-0.24415837111132993,0.24415837111132993
4,STAT1+RARG+NFIA+HOXC13,"HOXC13,NFIA,RARG,STAT1",4,-0.2440987160917737,0.2440987160917737
4,ZBTB20+SFPQ+ZNF202+AEBP1,"AEBP1,SFPQ,ZBTB20,ZNF202",4,-0.24405700366312877,0.24405700366312877
4,FOXP3+ZBTB20+NFIA+AEBP1,"AEBP1,FOXP3,NFIA,ZBTB20",4,-0.24396372132252803,0.24396372132252803
4,STAT1+PAX3+SMAD7+ZNF165,"PAX3,SMAD7,STAT1,ZNF165",4,-0.2438523881541056,0.2438523881541056
4,STAT1+NFIA+SRF+ZNF165,"NFIA,SRF,STAT1,ZNF165",4,-0.24384236507733986,0.24384236507733986
4,SMAD7+ZBTB20+HOXC13+ZNF165,"HOXC13,SMAD7,ZBTB20,ZNF165",4,-0.24346887779990545,0.24346887779990545
4,ATF4+STAT1+FOXP3+NPM1,"ATF4,FOXP3,NPM1,STAT1",4,-0.2434313042287971,0.2434313042287971
4,STAT1+SMAD7+HES1+NPM1,"HES1,NPM1,SMAD7,STAT1",4,-0.24339181910523355,0.24339181910523355
4,STAT1+HEYL+SFPQ+NFIA,"HEYL,NFIA,SFPQ,STAT1",4,-0.24330531480479045,0.24330531480479045
3,ATF4+STAT1+DNMT3B,"ATF4,DNMT3B,STAT1",3,-0.24327661249266574,0.24327661249266574
4,STAT1+RARG+HOXC13+ZNF165,"HOXC13,RARG,STAT1,ZNF165",4,-0.24327446485402565,0.24327446485402565
4,ATF4+STAT1+SMAD7+RARG,"ATF4,RARG,SMAD7,STAT1",4,-0.24318936337920127,0.24318936337920127
4,FOXP3+ZBTB20+AEBP1+ZNF165,"AEBP1,FOXP3,ZBTB20,ZNF165",4,-0.24313947008477999,0.24313947008477999
4,STAT1+DNMT3B+SRF+HOXC13,"DNMT3B,HOXC13,SRF,STAT1",4,-0.24303771092806825,0.24303771092806825
4,ATF4+ZBTB20+DNMT3B+ZNF202,"ATF4,DNMT3B,ZBTB20,ZNF202",4,-0.24279632678004678,0.24279632678004678
4,STAT1+SMAD7+ZNF202+HOXC13,"HOXC13,SMAD7,STAT1,ZNF202",4,-0.2427633277773206,0.2427633277773206
4,ATF4+STAT1+FOXP3+PAX3,"ATF4,FOXP3,PAX3,STAT1",4,-0.2427609895204328,0.2427609895204328
4,STAT1+PAX3+SMAD7+HES1,"HES1,PAX3,SMAD7,STAT1",4,-0.24272150439686924,0.24272150439686924
4,STAT1+HES1+NFIA+SRF,"HES1,NFIA,SRF,STAT1",4,-0.2427114813201035,0.2427114813201035
4,STAT1+SFPQ+DNMT3B+NPM1,"DNMT3B,NPM1,SFPQ,STAT1",4,-0.2425355846915334,0.2425355846915334
4,STAT1+HEYL+SFPQ+ZNF165,"HEYL,SFPQ,STAT1,ZNF165",4,-0.2424810635670424,0.2424810635670424
4,STAT1+FOXP3+ZNF202+AEBP1,"AEBP1,FOXP3,STAT1,ZNF202",4,-0.24243392006219516,0.24243392006219516
4,STAT1+PAX3+NFIA+NPM1,"NFIA,NPM1,PAX3,STAT1",4,-0.2424302718826084,0.2424302718826084
4,ATF4+FOXP3+ZBTB20+HOXC13,"ATF4,FOXP3,HOXC13,ZBTB20",4,-0.2423774791662326,0.2423774791662326
4,SMAD7+ZBTB20+HES1+HOXC13,"HES1,HOXC13,SMAD7,ZBTB20",4,-0.24233799404266906,0.24233799404266906
4,ZBTB20+SFPQ+NFIA+ZNF165,"NFIA,SFPQ,ZBTB20,ZNF165",4,-0.2422864137782405,0.2422864137782405
4,STAT1+HEYL+NPM1+HOXC13,"HEYL,HOXC13,NPM1,STAT1",4,-0.2422414113172101,0.2422414113172101
4,STAT1+RARG+HES1+HOXC13,"HES1,HOXC13,RARG,STAT1",4,-0.2421435810967893,0.2421435810967893
4,ZBTB20+NFIA+NPM1+HOXC13,"HOXC13,NFIA,NPM1,ZBTB20",4,-0.24204676152840826,0.24204676152840826
4,FOXP3+ZBTB20+HES1+AEBP1,"AEBP1,FOXP3,HES1,ZBTB20",4,-0.24200858632754363,0.24200858632754363
4,STAT1+HES1+SRF+ZNF165,"HES1,SRF,STAT1,ZNF165",4,-0.24188723008235546,0.24188723008235546
4,STAT1+PAX3+SFPQ+DNMT3B,"DNMT3B,PAX3,SFPQ,STAT1",4,-0.2418652699831691,0.2418652699831691
4,SMAD7+HEYL+ZBTB20+AEBP1,"AEBP1,HEYL,SMAD7,ZBTB20",4,-0.24186447569836866,0.24186447569836866
4,STAT1+HEYL+RARG+AEBP1,"AEBP1,HEYL,RARG,STAT1",4,-0.24167006275248887,0.24167006275248887
4,STAT1+PAX3+NPM1+ZNF165,"NPM1,PAX3,STAT1,ZNF165",4,-0.24160602064486036,0.24160602064486036
4,STAT1+SFPQ+NFIA+ZNF202,"NFIA,SFPQ,STAT1,ZNF202",4,-0.2415808637556557,0.2415808637556557
4,STAT1+PAX3+HEYL+HOXC13,"HEYL,HOXC13,PAX3,STAT1",4,-0.2415710966088458,0.2415710966088458
4,ZBTB20+SFPQ+DNMT3B+HOXC13,"DNMT3B,HOXC13,SFPQ,ZBTB20",4,-0.24148175962896892,0.24148175962896892
4,ZBTB20+RARG+NFIA+AEBP1,"AEBP1,NFIA,RARG,ZBTB20",4,-0.24147541296368702,0.24147541296368702
4,PAX3+ZBTB20+NFIA+HOXC13,"HOXC13,NFIA,PAX3,ZBTB20",4,-0.24137644682004394,0.24137644682004394
4,STAT1+HEYL+SFPQ+HES1,"HES1,HEYL,SFPQ,STAT1",4,-0.24135017980980605,0.24135017980980605
4,ZBTB20+NPM1+HOXC13+ZNF165,"HOXC13,NPM1,ZBTB20,ZNF165",4,-0.24122251029066022,0.24122251029066022
4,ZBTB20+SFPQ+HES1+NFIA,"HES1,NFIA,SFPQ,ZBTB20",4,-0.24115553002100415,0.24115553002100415
4,ATF4+SMAD7+ZBTB20+NPM1,"ATF4,NPM1,SMAD7,ZBTB20",4,-0.24113740881583584,0.24113740881583584
4,ATF4+STAT1+RARG+NPM1,"ATF4,NPM1,RARG,STAT1",4,-0.24094299586995604,0.24094299586995604
4,STAT1+SFPQ+ZNF202+ZNF165,"SFPQ,STAT1,ZNF165,ZNF202",4,-0.2407566125179077,0.2407566125179077
4,STAT1+FOXP3+NFIA+ZNF165,"FOXP3,NFIA,STAT1,ZNF165",4,-0.2406633301773069,0.2406633301773069
4,ATF4+STAT1+HEYL+SRF,"ATF4,HEYL,SRF,STAT1",4,-0.24065172081950764,0.24065172081950764
4,ZBTB20+RARG+AEBP1+ZNF165,"AEBP1,RARG,ZBTB20,ZNF165",4,-0.24065116172593898,0.24065116172593898
3,STAT1+SMAD7+AEBP1,"AEBP1,SMAD7,STAT1",3,-0.24062031036185288,0.24062031036185288
4,PAX3+ZBTB20+HOXC13+ZNF165,"HOXC13,PAX3,ZBTB20,ZNF165",4,-0.2405521955822959,0.2405521955822959
4,STAT1+ZNF202+NPM1+HOXC13,"HOXC13,NPM1,STAT1,ZNF202",4,-0.2405169602680754,0.2405169602680754
4,STAT1+PAX3+HES1+NPM1,"HES1,NPM1,PAX3,STAT1",4,-0.240475136887624,0.240475136887624
4,ATF4+PAX3+SMAD7+ZBTB20,"ATF4,PAX3,SMAD7,ZBTB20",4,-0.24046709410747152,0.24046709410747152
4,ATF4+ZBTB20+NFIA+SRF,"ATF4,NFIA,SRF,ZBTB20",4,-0.2404570710307058,0.2404570710307058
4,ATF4+DNMT3B+NFIA+AEBP1,"AEBP1,ATF4,DNMT3B,NFIA",4,-0.24043602191753644,0.24043602191753644
4,ZBTB20+DNMT3B+SRF+AEBP1,"AEBP1,DNMT3B,SRF,ZBTB20",4,-0.24041440779998158,0.24041440779998158
4,ZBTB20+SFPQ+HES1+ZNF165,"HES1,SFPQ,ZBTB20,ZNF165",4,-0.24033127878325616,0.24033127878325616
4,ATF4+STAT1+PAX3+RARG,"ATF4,PAX3,RARG,STAT1",4,-0.24027268116159173,0.24027268116159173
4,SMAD7+ZBTB20+ZNF202+AEBP1,"AEBP1,SMAD7,ZBTB20,ZNF202",4,-0.2401400246492339,0.2401400246492339
4,ATF4+SFPQ+HOXC13+AEBP1,"AEBP1,ATF4,HOXC13,SFPQ",4,-0.240110456644323,0.240110456644323
4,ZBTB20+HES1+NPM1+HOXC13,"HES1,HOXC13,NPM1,ZBTB20",4,-0.24009162653342386,0.24009162653342386
4,STAT1+RARG+ZNF202+AEBP1,"AEBP1,RARG,STAT1,ZNF202",4,-0.23994561170335416,0.23994561170335416
4,ATF4+ZBTB20+RARG+HOXC13,"ATF4,HOXC13,RARG,ZBTB20",4,-0.23988917080739158,0.23988917080739158
4,STAT1+FOXP3+DNMT3B+HOXC13,"DNMT3B,FOXP3,HOXC13,STAT1",4,-0.23985867602803532,0.23985867602803532
4,STAT1+PAX3+ZNF202+HOXC13,"HOXC13,PAX3,STAT1,ZNF202",4,-0.23984664555971105,0.23984664555971105
4,ATF4+ZBTB20+SRF+ZNF165,"ATF4,SRF,ZBTB20,ZNF165",4,-0.23963281979295775,0.23963281979295775
4,STAT1+SFPQ+HES1+ZNF202,"HES1,SFPQ,STAT1,ZNF202",4,-0.2396257287606713,0.2396257287606713
4,HEYL+ZBTB20+NPM1+AEBP1,"AEBP1,HEYL,NPM1,ZBTB20",4,-0.23961810818912344,0.23961810818912344
4,ATF4+DNMT3B+AEBP1+ZNF165,"AEBP1,ATF4,DNMT3B,ZNF165",4,-0.2396117706797884,0.2396117706797884
4,STAT1+FOXP3+HES1+NFIA,"FOXP3,HES1,NFIA,STAT1",4,-0.23953244642007054,0.23953244642007054
4,ZBTB20+RARG+HES1+AEBP1,"AEBP1,HES1,RARG,ZBTB20",4,-0.23952027796870262,0.23952027796870262
4,PAX3+ZBTB20+HES1+HOXC13,"HES1,HOXC13,PAX3,ZBTB20",4,-0.23942131182505955,0.23942131182505955
4,STAT1+SMAD7+HEYL+NFIA,"HEYL,NFIA,SMAD7,STAT1",4,-0.23938833579089558,0.23938833579089558
4,ATF4+HEYL+ZBTB20+SFPQ,"ATF4,HEYL,SFPQ,ZBTB20",4,-0.23909576952040834,0.23909576952040834
4,PAX3+HEYL+ZBTB20+AEBP1,"AEBP1,HEYL,PAX3,ZBTB20",4,-0.23894779348075912,0.23894779348075912
4,ATF4+STAT1+ZNF202+SRF,"ATF4,SRF,STAT1,ZNF202",4,-0.2389272697703729,0.2389272697703729
4,STAT1+FOXP3+HES1+ZNF165,"FOXP3,HES1,STAT1,ZNF165",4,-0.23870819518232256,0.23870819518232256
4,STAT1+SMAD7+DNMT3B+NPM1,"DNMT3B,NPM1,SMAD7,STAT1",4,-0.23861860567763854,0.23861860567763854
4,STAT1+SMAD7+HEYL+ZNF165,"HEYL,SMAD7,STAT1,ZNF165",4,-0.23856408455314754,0.23856408455314754
4,ATF4+ZBTB20+HES1+SRF,"ATF4,HES1,SRF,ZBTB20",4,-0.2385019360357214,0.2385019360357214
4,ATF4+DNMT3B+HES1+AEBP1,"AEBP1,ATF4,DNMT3B,HES1",4,-0.23848088692255204,0.23848088692255204
3,STAT1+NPM1+AEBP1,"AEBP1,NPM1,STAT1",3,-0.23837394285260766,0.23837394285260766
4,SMAD7+ZBTB20+NFIA+ZNF165,"NFIA,SMAD7,ZBTB20,ZNF165",4,-0.23836943476434563,0.23836943476434563
4,ATF4+PAX3+ZBTB20+NPM1,"ATF4,NPM1,PAX3,ZBTB20",4,-0.2382207265982263,0.2382207265982263
4,STAT1+RARG+NFIA+ZNF165,"NFIA,RARG,STAT1,ZNF165",4,-0.2381750218184659,0.2381750218184659
4,STAT1+PAX3+SMAD7+DNMT3B,"DNMT3B,PAX3,SMAD7,STAT1",4,-0.23794829096927422,0.23794829096927422
4,STAT1+DNMT3B+NFIA+SRF,"DNMT3B,NFIA,SRF,STAT1",4,-0.2379382678925085,0.2379382678925085
4,ZBTB20+ZNF202+NPM1+AEBP1,"AEBP1,NPM1,ZBTB20,ZNF202",4,-0.23789365713998867,0.23789365713998867
3,ATF4+STAT1+SFPQ,"ATF4,SFPQ,STAT1",3,-0.23785160418389256,0.23785160418389256
3,STAT1+PAX3+AEBP1,"AEBP1,PAX3,STAT1",3,-0.23770362814424334,0.23770362814424334
4,STAT1+SMAD7+NFIA+ZNF202,"NFIA,SMAD7,STAT1,ZNF202",4,-0.23766388474176084,0.23766388474176084
4,STAT1+SFPQ+SRF+HOXC13,"HOXC13,SFPQ,SRF,STAT1",4,-0.23761270261929507,0.23761270261929507
4,SMAD7+ZBTB20+DNMT3B+HOXC13,"DNMT3B,HOXC13,SMAD7,ZBTB20",4,-0.23756478061507405,0.23756478061507405
4,ATF4+STAT1+FOXP3+HEYL,"ATF4,FOXP3,HEYL,STAT1",4,-0.2374726859194747,0.2374726859194747
4,STAT1+SMAD7+HEYL+HES1,"HES1,HEYL,SMAD7,STAT1",4,-0.23743320079591118,0.23743320079591118
4,ATF4+ZBTB20+SFPQ+ZNF202,"ATF4,SFPQ,ZBTB20,ZNF202",4,-0.2373713184712736,0.2373713184712736
4,STAT1+RARG+DNMT3B+HOXC13,"DNMT3B,HOXC13,RARG,STAT1",4,-0.23737036766919428,0.23737036766919428
3,ZBTB20+HOXC13+AEBP1,"AEBP1,HOXC13,ZBTB20",3,-0.2373201177900432,0.2373201177900432
4,ATF4+FOXP3+ZBTB20+NFIA,"ATF4,FOXP3,NFIA,ZBTB20",4,-0.23727803613067283,0.23727803613067283
4,SMAD7+ZBTB20+HES1+NFIA,"HES1,NFIA,SMAD7,ZBTB20",4,-0.23723855100710928,0.23723855100710928
4,FOXP3+ZBTB20+DNMT3B+AEBP1,"AEBP1,DNMT3B,FOXP3,ZBTB20",4,-0.23723537289994862,0.23723537289994862
4,PAX3+ZBTB20+ZNF202+AEBP1,"AEBP1,PAX3,ZBTB20,ZNF202",4,-0.2372233424316244,0.2372233424316244
4,STAT1+HEYL+NFIA+NPM1,"HEYL,NFIA,NPM1,STAT1",4,-0.23714196828165035,0.23714196828165035
4,STAT1+DNMT3B+SRF+ZNF165,"DNMT3B,SRF,STAT1,ZNF165",4,-0.23711401665476045,0.23711401665476045
4,STAT1+RARG+HES1+NFIA,"HES1,NFIA,RARG,STAT1",4,-0.23704413806122954,0.23704413806122954
4,STAT1+SMAD7+ZNF202+ZNF165,"SMAD7,STAT1,ZNF165,ZNF202",4,-0.23683963350401283,0.23683963350401283
4,STAT1+HEYL+SFPQ+DNMT3B,"DNMT3B,HEYL,SFPQ,STAT1",4,-0.23657696638221104,0.23657696638221104
4,STAT1+PAX3+HEYL+NFIA,"HEYL,NFIA,PAX3,STAT1",4,-0.23647165357328603,0.23647165357328603
4,ATF4+FOXP3+ZBTB20+ZNF165,"ATF4,FOXP3,ZBTB20,ZNF165",4,-0.2364537848929248,0.2364537848929248
4,SMAD7+ZBTB20+HES1+ZNF165,"HES1,SMAD7,ZBTB20,ZNF165",4,-0.2364142997693613,0.2364142997693613
4,ZBTB20+SFPQ+DNMT3B+NFIA,"DNMT3B,NFIA,SFPQ,ZBTB20",4,-0.23638231659340914,0.23638231659340914
4,STAT1+HEYL+NPM1+ZNF165,"HEYL,NPM1,STAT1,ZNF165",4,-0.2363177170439023,0.2363177170439023
4,STAT1+RARG+HES1+ZNF165,"HES1,RARG,STAT1,ZNF165",4,-0.2362198868234815,0.2362198868234815
4,ATF4+SMAD7+HOXC13+AEBP1,"AEBP1,ATF4,HOXC13,SMAD7",4,-0.23619347763042814,0.23619347763042814
4,ZBTB20+NFIA+NPM1+ZNF165,"NFIA,NPM1,ZBTB20,ZNF165",4,-0.23612306725510046,0.23612306725510046
4,HEYL+ZBTB20+NFIA+HOXC13,"HEYL,HOXC13,NFIA,ZBTB20",4,-0.23608814321908583,0.23608814321908583
4,STAT1+DNMT3B+HES1+SRF,"DNMT3B,HES1,SRF,STAT1",4,-0.2359831328975241,0.2359831328975241
4,ATF4+STAT1+FOXP3+ZNF202,"ATF4,FOXP3,STAT1,ZNF202",4,-0.23574823487033997,0.23574823487033997
4,STAT1+SMAD7+HES1+ZNF202,"HES1,SMAD7,STAT1,ZNF202",4,-0.23570874974677644,0.23570874974677644
4,STAT1+PAX3+DNMT3B+NPM1,"DNMT3B,NPM1,PAX3,STAT1",4,-0.235701923460029,0.235701923460029
4,STAT1+PAX3+HEYL+ZNF165,"HEYL,PAX3,STAT1,ZNF165",4,-0.235647402335538,0.235647402335538
4,ZBTB20+SFPQ+DNMT3B+ZNF165,"DNMT3B,SFPQ,ZBTB20,ZNF165",4,-0.23555806535566115,0.23555806535566115
4,PAX3+ZBTB20+NFIA+ZNF165,"NFIA,PAX3,ZBTB20,ZNF165",4,-0.23545275254673614,0.23545275254673614
4,STAT1+NFIA+ZNF202+NPM1,"NFIA,NPM1,STAT1,ZNF202",4,-0.23541751723251564,0.23541751723251564
4,ATF4+FOXP3+ZBTB20+HES1,"ATF4,FOXP3,HES1,ZBTB20",4,-0.23532290113568843,0.23532290113568843
4,ZBTB20+DNMT3B+NPM1+HOXC13,"DNMT3B,HOXC13,NPM1,ZBTB20",4,-0.23531841310582885,0.23531841310582885
4,HEYL+ZBTB20+HOXC13+ZNF165,"HEYL,HOXC13,ZBTB20,ZNF165",4,-0.23526389198133785,0.23526389198133785
4,STAT1+HEYL+HES1+NPM1,"HES1,HEYL,NPM1,STAT1",4,-0.23518683328666595,0.23518683328666595
4,ATF4+SMAD7+HEYL+ZBTB20,"ATF4,HEYL,SMAD7,ZBTB20",4,-0.23517879050651347,0.23517879050651347
2,STAT1+ZBTB20,"STAT1,ZBTB20",2,-0.23506126532961275,0.23506126532961275
4,ATF4+SFPQ+NFIA+AEBP1,"AEBP1,ATF4,NFIA,SFPQ",4,-0.23501101360876325,0.23501101360876325
4,ZBTB20+HES1+NFIA+NPM1,"HES1,NFIA,NPM1,ZBTB20",4,-0.2349921834978641,0.2349921834978641
4,ZBTB20+SFPQ+SRF+AEBP1,"AEBP1,SFPQ,SRF,ZBTB20",4,-0.2349893994912084,0.2349893994912084
4,ATF4+STAT1+HEYL+RARG,"ATF4,HEYL,RARG,STAT1",4,-0.23498437756063367,0.23498437756063367
4,STAT1+SFPQ+DNMT3B+ZNF202,"DNMT3B,SFPQ,STAT1,ZNF202",4,-0.2348525153330763,0.2348525153330763
3,STAT1+NFIA+HOXC13,"HOXC13,NFIA,STAT1",3,-0.2348439778825701,0.2348439778825701
4,ATF4+ZBTB20+RARG+NFIA,"ATF4,NFIA,RARG,ZBTB20",4,-0.23478972777183182,0.23478972777183182
4,STAT1+FOXP3+DNMT3B+NFIA,"DNMT3B,FOXP3,NFIA,STAT1",4,-0.23475923299247553,0.23475923299247553
4,STAT1+PAX3+NFIA+ZNF202,"NFIA,PAX3,STAT1,ZNF202",4,-0.2347472025241513,0.2347472025241513
4,ZBTB20+RARG+DNMT3B+AEBP1,"AEBP1,DNMT3B,RARG,ZBTB20",4,-0.2347470645411076,0.2347470645411076
4,PAX3+ZBTB20+DNMT3B+HOXC13,"DNMT3B,HOXC13,PAX3,ZBTB20",4,-0.23464809839746453,0.23464809839746453
4,STAT1+ZNF202+NPM1+ZNF165,"NPM1,STAT1,ZNF165,ZNF202",4,-0.2345932659947676,0.2345932659947676
4,STAT1+HEYL+ZNF202+HOXC13,"HEYL,HOXC13,STAT1,ZNF202",4,-0.234558341958753,0.234558341958753
4,STAT1+PAX3+HEYL+HES1,"HES1,HEYL,PAX3,STAT1",4,-0.23451651857830164,0.23451651857830164
4,STAT1+FOXP3+SFPQ+HOXC13,"FOXP3,HOXC13,SFPQ,STAT1",4,-0.23443366771926213,0.23443366771926213
4,ZBTB20+SFPQ+DNMT3B+HES1,"DNMT3B,HES1,SFPQ,ZBTB20",4,-0.23442718159842477,0.23442718159842477
4,ZBTB20+NFIA+ZNF202+HOXC13,"HOXC13,NFIA,ZBTB20,ZNF202",4,-0.23436369216995112,0.23436369216995112
4,PAX3+ZBTB20+HES1+NFIA,"HES1,NFIA,PAX3,ZBTB20",4,-0.2343218687894998,0.2343218687894998
4,ATF4+SFPQ+AEBP1+ZNF165,"AEBP1,ATF4,SFPQ,ZNF165",4,-0.2341867623710152,0.2341867623710152
4,ZBTB20+HES1+NPM1+ZNF165,"HES1,NPM1,ZBTB20,ZNF165",4,-0.23416793226011606,0.23416793226011606
4,HEYL+ZBTB20+HES1+HOXC13,"HES1,HEYL,HOXC13,ZBTB20",4,-0.23413300822410146,0.23413300822410146
3,STAT1+HOXC13+ZNF165,"HOXC13,STAT1,ZNF165",3,-0.23401972664482207,0.23401972664482207
4,ATF4+ZBTB20+RARG+ZNF165,"ATF4,RARG,ZBTB20,ZNF165",4,-0.23396547653408378,0.23396547653408378
4,ATF4+NPM1+HOXC13+AEBP1,"AEBP1,ATF4,HOXC13,NPM1",4,-0.23394711012118297,0.23394711012118297
4,STAT1+FOXP3+DNMT3B+ZNF165,"DNMT3B,FOXP3,STAT1,ZNF165",4,-0.23393498175472754,0.23393498175472754
3,ATF4+STAT1+SMAD7,"ATF4,SMAD7,STAT1",3,-0.2339346251699977,0.2339346251699977
4,STAT1+PAX3+ZNF202+ZNF165,"PAX3,STAT1,ZNF165,ZNF202",4,-0.23392295128640328,0.23392295128640328
4,ATF4+ZBTB20+DNMT3B+SRF,"ATF4,DNMT3B,SRF,ZBTB20",4,-0.23372872260812638,0.23372872260812638
4,STAT1+SMAD7+SRF+HOXC13,"HOXC13,SMAD7,SRF,STAT1",4,-0.2336957236054002,0.2336957236054002
4,ZBTB20+ZNF202+HOXC13+ZNF165,"HOXC13,ZBTB20,ZNF165,ZNF202",4,-0.23353944093220308,0.23353944093220308
4,PAX3+ZBTB20+HES1+ZNF165,"HES1,PAX3,ZBTB20,ZNF165",4,-0.23349761755175175,0.23349761755175175
4,STAT1+HES1+ZNF202+NPM1,"HES1,NPM1,STAT1,ZNF202",4,-0.23346238223753124,0.23346238223753124
4,ATF4+SMAD7+ZBTB20+ZNF202,"ATF4,SMAD7,ZBTB20,ZNF202",4,-0.23345433945737873,0.23345433945737873
4,STAT1+FOXP3+SRF+AEBP1,"AEBP1,FOXP3,SRF,STAT1",4,-0.2333663158902748,0.2333663158902748
4,ATF4+PAX3+HOXC13+AEBP1,"AEBP1,ATF4,HOXC13,PAX3",4,-0.23327679541281865,0.23327679541281865
4,ATF4+STAT1+RARG+ZNF202,"ATF4,RARG,STAT1,ZNF202",4,-0.23325992651149893,0.23325992651149893
4,STAT1+SMAD7+SFPQ+NPM1,"NPM1,SFPQ,SMAD7,STAT1",4,-0.23319359736886536,0.23319359736886536
4,ATF4+SFPQ+HES1+AEBP1,"AEBP1,ATF4,HES1,SFPQ",4,-0.23305587861377886,0.23305587861377886
4,ATF4+HEYL+ZBTB20+NPM1,"ATF4,HEYL,NPM1,ZBTB20",4,-0.23293242299726824,0.23293242299726824
3,STAT1+HES1+HOXC13,"HES1,HOXC13,STAT1",3,-0.2328888428875857,0.2328888428875857
4,ATF4+ZBTB20+RARG+HES1,"ATF4,HES1,RARG,ZBTB20",4,-0.23283459277684743,0.23283459277684743
4,STAT1+FOXP3+DNMT3B+HES1,"DNMT3B,FOXP3,HES1,STAT1",4,-0.23280409799749116,0.23280409799749116
4,STAT1+PAX3+HES1+ZNF202,"HES1,PAX3,STAT1,ZNF202",4,-0.2327920675291669,0.2327920675291669
4,STAT1+SMAD7+HEYL+DNMT3B,"DNMT3B,HEYL,SMAD7,STAT1",4,-0.23265998736831617,0.23265998736831617
4,STAT1+PAX3+SMAD7+SFPQ,"PAX3,SFPQ,SMAD7,STAT1",4,-0.23252328266050104,0.23252328266050104
4,STAT1+SFPQ+NFIA+SRF,"NFIA,SFPQ,SRF,STAT1",4,-0.2325132595837353,0.2325132595837353
4,SMAD7+ZBTB20+DNMT3B+NFIA,"DNMT3B,NFIA,SMAD7,ZBTB20",4,-0.23246533757951426,0.23246533757951426
3,STAT1+HEYL+AEBP1,"AEBP1,HEYL,STAT1",3,-0.23241532454328528,0.23241532454328528
4,ZBTB20+HES1+ZNF202+HOXC13,"HES1,HOXC13,ZBTB20,ZNF202",4,-0.23240855717496675,0.23240855717496675
4,STAT1+RARG+DNMT3B+NFIA,"DNMT3B,NFIA,RARG,STAT1",4,-0.23227092463363452,0.23227092463363452
4,ATF4+PAX3+HEYL+ZBTB20,"ATF4,HEYL,PAX3,ZBTB20",4,-0.23226210828890392,0.23226210828890392
3,ZBTB20+NFIA+AEBP1,"AEBP1,NFIA,ZBTB20",3,-0.23222067475448344,0.23222067475448344
4,SMAD7+ZBTB20+SFPQ+HOXC13,"HOXC13,SFPQ,SMAD7,ZBTB20",4,-0.23213977230630087,0.23213977230630087
4,STAT1+RARG+SFPQ+HOXC13,"HOXC13,RARG,SFPQ,STAT1",4,-0.2319453593604211,0.2319453593604211
4,HEYL+ZBTB20+ZNF202+AEBP1,"AEBP1,HEYL,ZBTB20,ZNF202",4,-0.2319350388306663,0.2319350388306663
4,FOXP3+ZBTB20+SFPQ+AEBP1,"AEBP1,FOXP3,SFPQ,ZBTB20",4,-0.23181036459117543,0.23181036459117543
4,STAT1+SFPQ+SRF+ZNF165,"SFPQ,SRF,STAT1,ZNF165",4,-0.23168900834598727,0.23168900834598727
3,ATF4+STAT1+NPM1,"ATF4,NPM1,STAT1",3,-0.23168825766075246,0.23168825766075246
4,SMAD7+ZBTB20+DNMT3B+ZNF165,"DNMT3B,SMAD7,ZBTB20,ZNF165",4,-0.23164108634176628,0.23164108634176628
4,STAT1+SRF+NPM1+HOXC13,"HOXC13,NPM1,SRF,STAT1",4,-0.23144935609615497,0.23144935609615497
4,STAT1+RARG+DNMT3B+ZNF165,"DNMT3B,RARG,STAT1,ZNF165",4,-0.23144667339588648,0.23144667339588648
3,ZBTB20+AEBP1+ZNF165,"AEBP1,ZBTB20,ZNF165",3,-0.2313964235167354,0.2313964235167354
4,ATF4+ZBTB20+ZNF202+NPM1,"ATF4,NPM1,ZBTB20,ZNF202",4,-0.23120797194813353,0.23120797194813353
4,NFIA+HOXC13+AEBP1+ZNF165,"AEBP1,HOXC13,NFIA,ZNF165",4,-0.23117913606969276,0.23117913606969276
4,ATF4+SMAD7+NFIA+AEBP1,"AEBP1,ATF4,NFIA,SMAD7",4,-0.23109403459486838,0.23109403459486838
4,SMAD7+ZBTB20+SRF+AEBP1,"AEBP1,SMAD7,SRF,ZBTB20",4,-0.23107242047731352,0.23107242047731352
3,ATF4+STAT1+PAX3,"ATF4,PAX3,STAT1",3,-0.23101794295238814,0.23101794295238814
4,STAT1+SMAD7+DNMT3B+ZNF202,"DNMT3B,SMAD7,STAT1,ZNF202",4,-0.23093553631918143,0.23093553631918143
4,STAT1+RARG+SRF+AEBP1,"AEBP1,RARG,SRF,STAT1",4,-0.23087800753143373,0.23087800753143373
4,STAT1+PAX3+SRF+HOXC13,"HOXC13,PAX3,SRF,STAT1",4,-0.23077904138779065,0.23077904138779065
3,STAT1+ZNF202+AEBP1,"AEBP1,STAT1,ZNF202",3,-0.23069087349415057,0.23069087349415057
3,ATF4+ZBTB20+HOXC13,"ATF4,HOXC13,ZBTB20",3,-0.230634432598188,0.230634432598188
4,STAT1+SFPQ+HES1+SRF,"HES1,SFPQ,SRF,STAT1",4,-0.2305581245887509,0.2305581245887509
4,ATF4+FOXP3+ZBTB20+DNMT3B,"ATF4,DNMT3B,FOXP3,ZBTB20",4,-0.23054968770809342,0.23054968770809342
4,ATF4+PAX3+ZBTB20+ZNF202,"ATF4,PAX3,ZBTB20,ZNF202",4,-0.23053765723976918,0.23053765723976918
4,STAT1+FOXP3+SMAD7+HOXC13,"FOXP3,HOXC13,SMAD7,STAT1",4,-0.23051668870536726,0.23051668870536726
4,SMAD7+ZBTB20+DNMT3B+HES1,"DNMT3B,HES1,SMAD7,ZBTB20",4,-0.2305102025845299,0.2305102025845299
4,STAT1+HEYL+DNMT3B+NPM1,"DNMT3B,HEYL,NPM1,STAT1",4,-0.23041361985907094,0.23041361985907094
4,STAT1+RARG+DNMT3B+HES1,"DNMT3B,HES1,RARG,STAT1",4,-0.23031578963865013,0.23031578963865013
4,STAT1+PAX3+SFPQ+NPM1,"NPM1,PAX3,SFPQ,STAT1",4,-0.2302769151512558,0.2302769151512558
4,ATF4+SMAD7+AEBP1+ZNF165,"AEBP1,ATF4,SMAD7,ZNF165",4,-0.23026978335712034,0.23026978335712034
3,ZBTB20+HES1+AEBP1,"AEBP1,HES1,ZBTB20",3,-0.23026553975949904,0.23026553975949904
4,ZBTB20+DNMT3B+NFIA+NPM1,"DNMT3B,NFIA,NPM1,ZBTB20",4,-0.23021897007026904,0.23021897007026904
4,HEYL+ZBTB20+NFIA+ZNF165,"HEYL,NFIA,ZBTB20,ZNF165",4,-0.23016444894577803,0.23016444894577803
4,HES1+NFIA+HOXC13+AEBP1,"AEBP1,HES1,HOXC13,NFIA",4,-0.2300482523124564,0.2300482523124564
4,ZBTB20+SFPQ+NPM1+HOXC13,"HOXC13,NPM1,SFPQ,ZBTB20",4,-0.22989340479705567,0.22989340479705567
4,STAT1+PAX3+HEYL+DNMT3B,"DNMT3B,HEYL,PAX3,STAT1",4,-0.22974330515070662,0.22974330515070662
4,PAX3+ZBTB20+DNMT3B+NFIA,"DNMT3B,NFIA,PAX3,ZBTB20",4,-0.22954865536190477,0.22954865536190477
4,STAT1+HEYL+NFIA+ZNF202,"HEYL,NFIA,STAT1,ZNF202",4,-0.22945889892319324,0.22945889892319324
4,ZBTB20+DNMT3B+NPM1+ZNF165,"DNMT3B,NPM1,ZBTB20,ZNF165",4,-0.22939471883252105,0.22939471883252105
4,HEYL+ZBTB20+DNMT3B+HOXC13,"DNMT3B,HEYL,HOXC13,ZBTB20",4,-0.22935979479650645,0.22935979479650645
4,STAT1+FOXP3+SFPQ+NFIA,"FOXP3,NFIA,SFPQ,STAT1",4,-0.22933422468370235,0.22933422468370235
4,ZBTB20+RARG+SFPQ+AEBP1,"AEBP1,RARG,SFPQ,ZBTB20",4,-0.22932205623233443,0.22932205623233443
4,HES1+HOXC13+AEBP1+ZNF165,"AEBP1,HES1,HOXC13,ZNF165",4,-0.22922400107470836,0.22922400107470836
4,PAX3+ZBTB20+SFPQ+HOXC13,"HOXC13,PAX3,SFPQ,ZBTB20",4,-0.22922309008869135,0.22922309008869135
4,ATF4+SMAD7+HES1+AEBP1,"AEBP1,ATF4,HES1,SMAD7",4,-0.22913889959988398,0.22913889959988398
4,HEYL+ZBTB20+HES1+NFIA,"HES1,HEYL,NFIA,ZBTB20",4,-0.22903356518854168,0.22903356518854168
3,STAT1+NFIA+ZNF165,"NFIA,STAT1,ZNF165",3,-0.2289202836092623,0.2289202836092623
4,ATF4+NFIA+NPM1+AEBP1,"AEBP1,ATF4,NFIA,NPM1",4,-0.22884766708562315,0.22884766708562315
4,ZBTB20+SRF+NPM1+AEBP1,"AEBP1,NPM1,SRF,ZBTB20",4,-0.2288260529680683,0.2288260529680683
4,PAX3+ZBTB20+DNMT3B+ZNF165,"DNMT3B,PAX3,ZBTB20,ZNF165",4,-0.22872440412415673,0.22872440412415673
4,STAT1+DNMT3B+ZNF202+NPM1,"DNMT3B,NPM1,STAT1,ZNF202",4,-0.22868916880993623,0.22868916880993623
4,STAT1+HEYL+ZNF202+ZNF165,"HEYL,STAT1,ZNF165,ZNF202",4,-0.22863464768544522,0.22863464768544522
4,STAT1+SMAD7+NFIA+SRF,"NFIA,SMAD7,SRF,STAT1",4,-0.22859628056984044,0.22859628056984044
4,STAT1+FOXP3+SFPQ+ZNF165,"FOXP3,SFPQ,STAT1,ZNF165",4,-0.22850997344595436,0.22850997344595436
4,ZBTB20+NFIA+ZNF202+ZNF165,"NFIA,ZBTB20,ZNF165,ZNF202",4,-0.22843999789664332,0.22843999789664332
4,ATF4+ZBTB20+SFPQ+SRF,"ATF4,SFPQ,SRF,ZBTB20",4,-0.2283037142993532,0.2283037142993532
4,ATF4+SFPQ+DNMT3B+AEBP1,"AEBP1,ATF4,DNMT3B,SFPQ",4,-0.22828266518618384,0.22828266518618384
4,STAT1+FOXP3+NPM1+HOXC13,"FOXP3,HOXC13,NPM1,STAT1",4,-0.22827032119612206,0.22827032119612206
4,ZBTB20+DNMT3B+HES1+NPM1,"DNMT3B,HES1,NPM1,ZBTB20",4,-0.2282638350752847,0.2282638350752847
4,HEYL+ZBTB20+HES1+ZNF165,"HES1,HEYL,ZBTB20,ZNF165",4,-0.2282093139507937,0.2282093139507937
4,ATF4+PAX3+NFIA+AEBP1,"AEBP1,ATF4,NFIA,PAX3",4,-0.22817735237725884,0.22817735237725884
4,PAX3+ZBTB20+SRF+AEBP1,"AEBP1,PAX3,SRF,ZBTB20",4,-0.22815573825970398,0.22815573825970398
3,STAT1+DNMT3B+HOXC13,"DNMT3B,HOXC13,STAT1",3,-0.2281156294599907,0.2281156294599907
4,ATF4+ZBTB20+RARG+DNMT3B,"ATF4,DNMT3B,RARG,ZBTB20",4,-0.2280613793492524,0.2280613793492524
4,STAT1+SMAD7+RARG+HOXC13,"HOXC13,RARG,SMAD7,STAT1",4,-0.22802838034652623,0.22802838034652623
4,ATF4+NPM1+AEBP1+ZNF165,"AEBP1,ATF4,NPM1,ZNF165",4,-0.22802341584787517,0.22802341584787517
4,STAT1+PAX3+DNMT3B+ZNF202,"DNMT3B,PAX3,STAT1,ZNF202",4,-0.22801885410157188,0.22801885410157188
4,ATF4+HEYL+HOXC13+AEBP1,"AEBP1,ATF4,HEYL,HOXC13",4,-0.2279884918118606,0.2279884918118606
4,FOXP3+SMAD7+ZBTB20+AEBP1,"AEBP1,FOXP3,SMAD7,ZBTB20",4,-0.22789338557728056,0.22789338557728056
3,STAT1+HES1+NFIA,"HES1,NFIA,STAT1",3,-0.22778939985202595,0.22778939985202595
4,STAT1+SMAD7+SRF+ZNF165,"SMAD7,SRF,STAT1,ZNF165",4,-0.2277720293320924,0.2277720293320924
4,STAT1+FOXP3+RARG+AEBP1,"AEBP1,FOXP3,RARG,STAT1",4,-0.22769897263140082,0.22769897263140082
4,ZBTB20+DNMT3B+ZNF202+HOXC13,"DNMT3B,HOXC13,ZBTB20,ZNF202",4,-0.2276353437473717,0.2276353437473717
4,STAT1+FOXP3+PAX3+HOXC13,"FOXP3,HOXC13,PAX3,STAT1",4,-0.22760000648775774,0.22760000648775774
4,PAX3+ZBTB20+DNMT3B+HES1,"DNMT3B,HES1,PAX3,ZBTB20",4,-0.22759352036692038,0.22759352036692038
4,STAT1+HEYL+HES1+ZNF202,"HES1,HEYL,STAT1,ZNF202",4,-0.22750376392820884,0.22750376392820884
4,STAT1+FOXP3+SFPQ+HES1,"FOXP3,HES1,SFPQ,STAT1",4,-0.22737908968871798,0.22737908968871798
4,ATF4+PAX3+AEBP1+ZNF165,"AEBP1,ATF4,PAX3,ZNF165",4,-0.22735310113951085,0.22735310113951085
4,ZBTB20+HES1+NFIA+ZNF202,"HES1,NFIA,ZBTB20,ZNF202",4,-0.227309114139407,0.227309114139407
4,STAT1+SMAD7+HEYL+SFPQ,"HEYL,SFPQ,SMAD7,STAT1",4,-0.22723497905954299,0.22723497905954299
4,SMAD7+ZBTB20+SFPQ+NFIA,"NFIA,SFPQ,SMAD7,ZBTB20",4,-0.22704032927074108,0.22704032927074108
3,STAT1+HES1+ZNF165,"HES1,STAT1,ZNF165",3,-0.2269651486142779,0.2269651486142779
4,ATF4+HES1+NPM1+AEBP1,"AEBP1,ATF4,HES1,NPM1",4,-0.2268925320906388,0.2268925320906388
4,STAT1+RARG+SFPQ+NFIA,"NFIA,RARG,SFPQ,STAT1",4,-0.22684591632486134,0.22684591632486134
4,ATF4+STAT1+FOXP3+SRF,"ATF4,FOXP3,SRF,STAT1",4,-0.22668063069841957,0.22668063069841957
4,STAT1+SMAD7+HES1+SRF,"HES1,SMAD7,SRF,STAT1",4,-0.22664114557485604,0.22664114557485604
4,ZBTB20+HES1+ZNF202+ZNF165,"HES1,ZBTB20,ZNF165,ZNF202",4,-0.22648486290165898,0.22648486290165898
4,STAT1+PAX3+SMAD7+NPM1,"NPM1,PAX3,SMAD7,STAT1",4,-0.22635993613736094,0.22635993613736094
4,STAT1+NFIA+SRF+NPM1,"NFIA,NPM1,SRF,STAT1",4,-0.2263499130605952,0.2263499130605952
4,ATF4+ZNF202+HOXC13+AEBP1,"AEBP1,ATF4,HOXC13,ZNF202",4,-0.22626404076272583,0.22626404076272583
4,ATF4+PAX3+HES1+AEBP1,"AEBP1,ATF4,HES1,PAX3",4,-0.2262222173822745,0.2262222173822745
4,SMAD7+ZBTB20+SFPQ+ZNF165,"SFPQ,SMAD7,ZBTB20,ZNF165",4,-0.2262160780329931,0.2262160780329931
4,STAT1+RARG+SFPQ+ZNF165,"RARG,SFPQ,STAT1,ZNF165",4,-0.2260216650871133,0.2260216650871133
4,SMAD7+ZBTB20+NPM1+HOXC13,"HOXC13,NPM1,SMAD7,ZBTB20",4,-0.2259764257831608,0.2259764257831608
4,STAT1+SFPQ+DNMT3B+SRF,"DNMT3B,SFPQ,SRF,STAT1",4,-0.2257849111611559,0.2257849111611559
4,STAT1+RARG+NPM1+HOXC13,"HOXC13,NPM1,RARG,STAT1",4,-0.225782012837281,0.225782012837281
3,ATF4+STAT1+HEYL,"ATF4,HEYL,STAT1",3,-0.2257296393514301,0.2257296393514301
4,STAT1+PAX3+NFIA+SRF,"NFIA,PAX3,SRF,STAT1",4,-0.2256795983522309,0.2256795983522309
4,FOXP3+ZBTB20+NPM1+AEBP1,"AEBP1,FOXP3,NPM1,ZBTB20",4,-0.22564701806803533,0.22564701806803533
3,ATF4+ZBTB20+NFIA,"ATF4,NFIA,ZBTB20",3,-0.22553498956262824,0.22553498956262824
4,STAT1+SRF+NPM1+ZNF165,"NPM1,SRF,STAT1,ZNF165",4,-0.22552566182284717,0.22552566182284717
4,STAT1+SMAD7+SFPQ+ZNF202,"SFPQ,SMAD7,STAT1,ZNF202",4,-0.22551052801040825,0.22551052801040825
3,ZBTB20+DNMT3B+AEBP1,"AEBP1,DNMT3B,ZBTB20",3,-0.22549232633190402,0.22549232633190402
4,STAT1+HEYL+SRF+HOXC13,"HEYL,HOXC13,SRF,STAT1",4,-0.2254907377868326,0.2254907377868326
4,STAT1+FOXP3+SMAD7+NFIA,"FOXP3,NFIA,SMAD7,STAT1",4,-0.22541724566980748,0.22541724566980748
4,SMAD7+ZBTB20+RARG+AEBP1,"AEBP1,RARG,SMAD7,ZBTB20",4,-0.22540507721843955,0.22540507721843955
4,PAX3+SMAD7+ZBTB20+HOXC13,"HOXC13,PAX3,SMAD7,ZBTB20",4,-0.22530611107479648,0.22530611107479648
4,ZBTB20+NFIA+SRF+HOXC13,"HOXC13,NFIA,SRF,ZBTB20",4,-0.22529608799803072,0.22529608799803072
4,DNMT3B+NFIA+HOXC13+AEBP1,"AEBP1,DNMT3B,HOXC13,NFIA",4,-0.2252750388848614,0.2252750388848614
4,ATF4+HEYL+ZBTB20+ZNF202,"ATF4,HEYL,ZBTB20,ZNF202",4,-0.22524935363881113,0.22524935363881113
4,ATF4+FOXP3+ZBTB20+SFPQ,"ATF4,FOXP3,SFPQ,ZBTB20",4,-0.22512467939932024,0.22512467939932024
4,STAT1+PAX3+RARG+HOXC13,"HOXC13,PAX3,RARG,STAT1",4,-0.22511169812891668,0.22511169812891668
4,SMAD7+ZBTB20+SFPQ+HES1,"HES1,SFPQ,SMAD7,ZBTB20",4,-0.2250851942757567,0.2250851942757567
4,STAT1+HEYL+SFPQ+NPM1,"HEYL,NPM1,SFPQ,STAT1",4,-0.22498861155029776,0.22498861155029776
4,FOXP3+PAX3+ZBTB20+AEBP1,"AEBP1,FOXP3,PAX3,ZBTB20",4,-0.22497670335967102,0.22497670335967102
4,STAT1+RARG+SFPQ+HES1,"HES1,RARG,SFPQ,STAT1",4,-0.22489078132987694,0.22489078132987694
4,STAT1+PAX3+SRF+ZNF165,"PAX3,SRF,STAT1,ZNF165",4,-0.22485534711448285,0.22485534711448285
4,ZBTB20+SFPQ+NFIA+NPM1,"NFIA,NPM1,SFPQ,ZBTB20",4,-0.22479396176149585,0.22479396176149585
3,ATF4+ZBTB20+ZNF165,"ATF4,ZBTB20,ZNF165",3,-0.2247107383248802,0.2247107383248802
4,STAT1+FOXP3+SMAD7+ZNF165,"FOXP3,SMAD7,STAT1,ZNF165",4,-0.2245929944320595,0.2245929944320595
4,ATF4+NFIA+HOXC13+ZNF165,"ATF4,HOXC13,NFIA,ZNF165",4,-0.22449345087783756,0.22449345087783756
4,ZBTB20+SRF+HOXC13+ZNF165,"HOXC13,SRF,ZBTB20,ZNF165",4,-0.2244718367602827,0.2244718367602827
4,DNMT3B+HOXC13+AEBP1+ZNF165,"AEBP1,DNMT3B,HOXC13,ZNF165",4,-0.22445078764711335,0.22445078764711335
4,STAT1+HES1+SRF+NPM1,"HES1,NPM1,SRF,STAT1",4,-0.2243947780656108,0.2243947780656108
4,ATF4+SMAD7+ZBTB20+SRF,"ATF4,SMAD7,SRF,ZBTB20",4,-0.22438673528545833,0.22438673528545833
4,ATF4+SMAD7+DNMT3B+AEBP1,"AEBP1,ATF4,DNMT3B,SMAD7",4,-0.22436568617228897,0.22436568617228897
4,STAT1+PAX3+HEYL+SFPQ,"HEYL,PAX3,SFPQ,STAT1",4,-0.22431829684193344,0.22431829684193344
4,HEYL+ZBTB20+DNMT3B+NFIA,"DNMT3B,HEYL,NFIA,ZBTB20",4,-0.22426035176094666,0.22426035176094666
4,ATF4+STAT1+RARG+SRF,"ATF4,RARG,SRF,STAT1",4,-0.22419232233957853,0.22419232233957853
4,HES1+NFIA+AEBP1+ZNF165,"AEBP1,HES1,NFIA,ZNF165",4,-0.2241245580391486,0.2241245580391486
4,PAX3+ZBTB20+SFPQ+NFIA,"NFIA,PAX3,SFPQ,ZBTB20",4,-0.2241236470531316,0.2241236470531316
3,ATF4+STAT1+ZNF202,"ATF4,STAT1,ZNF202",3,-0.22400518830229535,0.22400518830229535
4,ZBTB20+SFPQ+NPM1+ZNF165,"NPM1,SFPQ,ZBTB20,ZNF165",4,-0.22396971052374787,0.22396971052374787
4,HEYL+ZBTB20+SFPQ+HOXC13,"HEYL,HOXC13,SFPQ,ZBTB20",4,-0.22393478648773327,0.22393478648773327
4,STAT1+ZNF202+SRF+HOXC13,"HOXC13,SRF,STAT1,ZNF202",4,-0.22376628673769786,0.22376628673769786
4,STAT1+PAX3+HES1+SRF,"HES1,PAX3,SRF,STAT1",4,-0.2237244633572465,0.2237244633572465
3,ATF4+ZBTB20+HES1,"ATF4,HES1,ZBTB20",3,-0.22357985456764384,0.22357985456764384
4,STAT1+FOXP3+SMAD7+HES1,"FOXP3,HES1,SMAD7,STAT1",4,-0.2234621106748231,0.2234621106748231
4,HEYL+ZBTB20+DNMT3B+ZNF165,"DNMT3B,HEYL,ZBTB20,ZNF165",4,-0.22343610052319868,0.22343610052319868
4,ATF4+HES1+NFIA+HOXC13,"ATF4,HES1,HOXC13,NFIA",4,-0.2233625671206012,0.2233625671206012
4,ZBTB20+HES1+SRF+HOXC13,"HES1,HOXC13,SRF,ZBTB20",4,-0.22334095300304635,0.22334095300304635
4,DNMT3B+HES1+HOXC13+AEBP1,"AEBP1,DNMT3B,HES1,HOXC13",4,-0.223319903889877,0.223319903889877
4,PAX3+ZBTB20+SFPQ+ZNF165,"PAX3,SFPQ,ZBTB20,ZNF165",4,-0.22329939581538355,0.22329939581538355
4,STAT1+SFPQ+ZNF202+NPM1,"NPM1,SFPQ,STAT1,ZNF202",4,-0.22326416050116304,0.22326416050116304
4,STAT1+FOXP3+NFIA+NPM1,"FOXP3,NFIA,NPM1,STAT1",4,-0.22317087816056225,0.22317087816056225
4,ZBTB20+RARG+NPM1+AEBP1,"AEBP1,NPM1,RARG,ZBTB20",4,-0.22315870970919433,0.22315870970919433
4,PAX3+ZBTB20+NPM1+HOXC13,"HOXC13,NPM1,PAX3,ZBTB20",4,-0.22305974356555125,0.22305974356555125
3,STAT1+DNMT3B+NFIA,"DNMT3B,NFIA,STAT1",3,-0.22301618642443094,0.22301618642443094
4,STAT1+SMAD7+RARG+NFIA,"NFIA,RARG,SMAD7,STAT1",4,-0.22292893731096647,0.22292893731096647
4,ATF4+HEYL+NFIA+AEBP1,"AEBP1,ATF4,HEYL,NFIA",4,-0.22288904877630078,0.22288904877630078
4,HEYL+ZBTB20+SRF+AEBP1,"AEBP1,HEYL,SRF,ZBTB20",4,-0.22286743465874592,0.22286743465874592
4,ZBTB20+SFPQ+HES1+NPM1,"HES1,NPM1,SFPQ,ZBTB20",4,-0.2228388267665115,0.2228388267665115
4,STAT1+HEYL+DNMT3B+ZNF202,"DNMT3B,HEYL,STAT1,ZNF202",4,-0.22273055050061383,0.22273055050061383
3,STAT1+SFPQ+HOXC13,"HOXC13,SFPQ,STAT1",3,-0.22269062115121752,0.22269062115121752
4,ATF4+ZBTB20+RARG+SFPQ,"ATF4,RARG,SFPQ,ZBTB20",4,-0.22263637104047923,0.22263637104047923
4,STAT1+FOXP3+SFPQ+DNMT3B,"DNMT3B,FOXP3,SFPQ,STAT1",4,-0.22260587626112296,0.22260587626112296
4,STAT1+PAX3+SFPQ+ZNF202,"PAX3,SFPQ,STAT1,ZNF202",4,-0.2225938457927987,0.2225938457927987
4,ATF4+HES1+HOXC13+ZNF165,"ATF4,HES1,HOXC13,ZNF165",4,-0.22253831588285322,0.22253831588285322
4,ZBTB20+DNMT3B+NFIA+ZNF202,"DNMT3B,NFIA,ZBTB20,ZNF202",4,-0.22253590071181192,0.22253590071181192
4,STAT1+FOXP3+PAX3+NFIA,"FOXP3,NFIA,PAX3,STAT1",4,-0.22250056345219799,0.22250056345219799
4,PAX3+ZBTB20+RARG+AEBP1,"AEBP1,PAX3,RARG,ZBTB20",4,-0.22248839500083,0.22248839500083
4,STAT1+FOXP3+NPM1+ZNF165,"FOXP3,NPM1,STAT1,ZNF165",4,-0.22234662692281426,0.22234662692281426
4,STAT1+FOXP3+HEYL+HOXC13,"FOXP3,HEYL,HOXC13,STAT1",4,-0.22231170288679966,0.22231170288679966
4,HEYL+ZBTB20+DNMT3B+HES1,"DNMT3B,HES1,HEYL,ZBTB20",4,-0.2223052167659623,0.2223052167659623
4,ZBTB20+SFPQ+ZNF202+HOXC13,"HOXC13,SFPQ,ZBTB20,ZNF202",4,-0.22221033543859853,0.22221033543859853
3,STAT1+DNMT3B+ZNF165,"DNMT3B,STAT1,ZNF165",3,-0.2221919351866829,0.2221919351866829
4,PAX3+ZBTB20+SFPQ+HES1,"HES1,PAX3,SFPQ,ZBTB20",4,-0.2221685120581472,0.2221685120581472
4,ATF4+ZBTB20+SRF+NPM1,"ATF4,NPM1,SRF,ZBTB20",4,-0.2221403677762131,0.2221403677762131
4,ATF4+DNMT3B+NPM1+AEBP1,"AEBP1,ATF4,DNMT3B,NPM1",4,-0.22211931866304374,0.22211931866304374
4,FOXP3+ZBTB20+NFIA+HOXC13,"FOXP3,HOXC13,NFIA,ZBTB20",4,-0.22211705309799779,0.22211705309799779
4,STAT1+SMAD7+RARG+ZNF165,"RARG,SMAD7,STAT1,ZNF165",4,-0.22210468607321843,0.22210468607321843
4,ATF4+HEYL+AEBP1+ZNF165,"AEBP1,ATF4,HEYL,ZNF165",4,-0.2220647975385528,0.2220647975385528
4,STAT1+SMAD7+DNMT3B+SRF,"DNMT3B,SMAD7,SRF,STAT1",4,-0.22186793214726103,0.22186793214726103
4,ZBTB20+DNMT3B+ZNF202+ZNF165,"DNMT3B,ZBTB20,ZNF165,ZNF202",4,-0.2217116494740639,0.2217116494740639
4,STAT1+FOXP3+PAX3+ZNF165,"FOXP3,PAX3,STAT1,ZNF165",4,-0.22167631221444994,0.22167631221444994
3,STAT1+SRF+AEBP1,"AEBP1,SRF,STAT1",3,-0.22162326932223014,0.22162326932223014
4,ATF4+PAX3+ZBTB20+SRF,"ATF4,PAX3,SRF,ZBTB20",4,-0.22147005306784878,0.22147005306784878
4,ATF4+PAX3+DNMT3B+AEBP1,"AEBP1,ATF4,DNMT3B,PAX3",4,-0.22144900395467948,0.22144900395467948
4,FOXP3+ZBTB20+HOXC13+ZNF165,"FOXP3,HOXC13,ZBTB20,ZNF165",4,-0.22129280186024974,0.22129280186024974
4,STAT1+FOXP3+HES1+NPM1,"FOXP3,HES1,NPM1,STAT1",4,-0.2212157431655779,0.2212157431655779
4,ATF4+FOXP3+SMAD7+ZBTB20,"ATF4,FOXP3,SMAD7,ZBTB20",4,-0.22120770038542537,0.22120770038542537
4,ATF4+NFIA+ZNF202+AEBP1,"AEBP1,ATF4,NFIA,ZNF202",4,-0.22116459772716607,0.22116459772716607
4,ZBTB20+ZNF202+SRF+AEBP1,"AEBP1,SRF,ZBTB20,ZNF202",4,-0.22114298360961115,0.22114298360961115
4,STAT1+SMAD7+HEYL+NPM1,"HEYL,NPM1,SMAD7,STAT1",4,-0.22107163253640288,0.22107163253640288
3,STAT1+DNMT3B+HES1,"DNMT3B,HES1,STAT1",3,-0.22106105142944654,0.22106105142944654
4,ATF4+STAT1+FOXP3+RARG,"ATF4,FOXP3,RARG,STAT1",4,-0.2210132874395456,0.2210132874395456
4,STAT1+SMAD7+RARG+HES1,"HES1,RARG,SMAD7,STAT1",4,-0.22097380231598207,0.22097380231598207
4,ATF4+HEYL+HES1+AEBP1,"AEBP1,ATF4,HES1,HEYL",4,-0.22093391378131638,0.22093391378131638
4,SMAD7+ZBTB20+NFIA+NPM1,"NFIA,NPM1,SMAD7,ZBTB20",4,-0.22087698274760098,0.22087698274760098
4,STAT1+RARG+NFIA+NPM1,"NFIA,NPM1,RARG,STAT1",4,-0.22068256980172124,0.22068256980172124
4,STAT1+FOXP3+ZNF202+HOXC13,"FOXP3,HOXC13,STAT1,ZNF202",4,-0.22058725183766492,0.22058725183766492
4,ZBTB20+DNMT3B+HES1+ZNF202,"DNMT3B,HES1,ZBTB20,ZNF202",4,-0.22058076571682755,0.22058076571682755
4,STAT1+FOXP3+PAX3+HES1,"FOXP3,HES1,PAX3,STAT1",4,-0.2205454284572136,0.2205454284572136
4,STAT1+PAX3+SMAD7+HEYL,"HEYL,PAX3,SMAD7,STAT1",4,-0.22040131782803857,0.22040131782803857
4,STAT1+HEYL+NFIA+SRF,"HEYL,NFIA,SRF,STAT1",4,-0.22039129475127284,0.22039129475127284
4,ATF4+ZNF202+AEBP1+ZNF165,"AEBP1,ATF4,ZNF165,ZNF202",4,-0.22034034648941803,0.22034034648941803
4,SMAD7+ZBTB20+SFPQ+DNMT3B,"DNMT3B,SFPQ,SMAD7,ZBTB20",4,-0.2203119808481617,0.2203119808481617
4,PAX3+SMAD7+ZBTB20+NFIA,"NFIA,PAX3,SMAD7,ZBTB20",4,-0.22020666803923672,0.22020666803923672
4,FOXP3+ZBTB20+HES1+HOXC13,"FOXP3,HES1,HOXC13,ZBTB20",4,-0.2201619181030134,0.2201619181030134
4,STAT1+RARG+SFPQ+DNMT3B,"DNMT3B,RARG,SFPQ,STAT1",4,-0.22011756790228193,0.22011756790228193
3,ZBTB20+SFPQ+AEBP1,"AEBP1,SFPQ,ZBTB20",3,-0.22006731802313084,0.22006731802313084
4,SMAD7+ZBTB20+NPM1+ZNF165,"NPM1,SMAD7,ZBTB20,ZNF165",4,-0.220052731509853,0.220052731509853
4,SMAD7+HEYL+ZBTB20+HOXC13,"HEYL,HOXC13,SMAD7,ZBTB20",4,-0.2200178074738384,0.2200178074738384
4,STAT1+PAX3+RARG+NFIA,"NFIA,PAX3,RARG,STAT1",4,-0.22001225509335692,0.22001225509335692
4,STAT1+RARG+NPM1+ZNF165,"NPM1,RARG,STAT1,ZNF165",4,-0.2198583185639732,0.2198583185639732
4,SFPQ+NFIA+HOXC13+AEBP1,"AEBP1,HOXC13,NFIA,SFPQ",4,-0.2198500305760882,0.2198500305760882
4,STAT1+HEYL+RARG+HOXC13,"HEYL,HOXC13,RARG,STAT1",4,-0.21982339452795863,0.21982339452795863
4,FOXP3+HEYL+ZBTB20+AEBP1,"AEBP1,FOXP3,HEYL,ZBTB20",4,-0.21968839975871296,0.21968839975871296
4,ZBTB20+RARG+NFIA+HOXC13,"HOXC13,NFIA,RARG,ZBTB20",4,-0.21962874473915678,0.21962874473915678
4,STAT1+DNMT3B+SRF+NPM1,"DNMT3B,NPM1,SRF,STAT1",4,-0.2196215646380158,0.2196215646380158
4,STAT1+HEYL+SRF+ZNF165,"HEYL,SRF,STAT1,ZNF165",4,-0.2195670435135248,0.2195670435135248
4,PAX3+SMAD7+ZBTB20+ZNF165,"PAX3,SMAD7,ZBTB20,ZNF165",4,-0.21938241680148868,0.21938241680148868
4,ZBTB20+NFIA+SRF+ZNF165,"NFIA,SRF,ZBTB20,ZNF165",4,-0.21937239372472295,0.21937239372472295
4,DNMT3B+NFIA+AEBP1+ZNF165,"AEBP1,DNMT3B,NFIA,ZNF165",4,-0.2193513446115536,0.2193513446115536
4,STAT1+SMAD7+ZNF202+NPM1,"NPM1,SMAD7,STAT1,ZNF202",4,-0.21934718148726817,0.21934718148726817
4,ATF4+HES1+ZNF202+AEBP1,"AEBP1,ATF4,HES1,ZNF202",4,-0.21920946273218167,0.21920946273218167
4,STAT1+PAX3+RARG+ZNF165,"PAX3,RARG,STAT1,ZNF165",4,-0.21918800385560888,0.21918800385560888
4,SFPQ+HOXC13+AEBP1+ZNF165,"AEBP1,HOXC13,SFPQ,ZNF165",4,-0.21902577933834017,0.21902577933834017
4,ATF4+FOXP3+ZBTB20+NPM1,"ATF4,FOXP3,NPM1,ZBTB20",4,-0.21896133287618014,0.21896133287618014
4,STAT1+PAX3+DNMT3B+SRF,"DNMT3B,PAX3,SRF,STAT1",4,-0.21895124992965148,0.21895124992965148
4,ATF4+SMAD7+SFPQ+AEBP1,"AEBP1,ATF4,SFPQ,SMAD7",4,-0.2189406778635158,0.2189406778635158
4,SMAD7+ZBTB20+HES1+NPM1,"HES1,NPM1,SMAD7,ZBTB20",4,-0.21892184775261664,0.21892184775261664
4,HEYL+ZBTB20+SFPQ+NFIA,"HEYL,NFIA,SFPQ,ZBTB20",4,-0.21883534345217348,0.21883534345217348
3,ATF4+ZBTB20+DNMT3B,"ATF4,DNMT3B,ZBTB20",3,-0.21880664114004883,0.21880664114004883
4,ZBTB20+RARG+HOXC13+ZNF165,"HOXC13,RARG,ZBTB20,ZNF165",4,-0.21880449350140874,0.21880449350140874
3,STAT1+SMAD7+HOXC13,"HOXC13,SMAD7,STAT1",3,-0.21877364213732264,0.21877364213732264
4,STAT1+RARG+HES1+NPM1,"HES1,NPM1,RARG,STAT1",4,-0.21872743480673684,0.21872743480673684
4,ATF4+SMAD7+ZBTB20+RARG,"ATF4,RARG,SMAD7,ZBTB20",4,-0.21871939202658436,0.21871939202658436
4,STAT1+FOXP3+SMAD7+DNMT3B,"DNMT3B,FOXP3,SMAD7,STAT1",4,-0.2186888972472281,0.2186888972472281
4,STAT1+PAX3+SMAD7+ZNF202,"PAX3,SMAD7,STAT1,ZNF202",4,-0.21867686677890383,0.21867686677890383
4,STAT1+NFIA+ZNF202+SRF,"NFIA,SRF,STAT1,ZNF202",4,-0.2186668437021381,0.2186668437021381
4,ATF4+DNMT3B+NFIA+HOXC13,"ATF4,DNMT3B,HOXC13,NFIA",4,-0.2185893536930062,0.2185893536930062
4,ZBTB20+DNMT3B+SRF+HOXC13,"DNMT3B,HOXC13,SRF,ZBTB20",4,-0.2185677395754513,0.2185677395754513
3,STAT1+FOXP3+AEBP1,"AEBP1,FOXP3,STAT1",3,-0.21844423442219724,0.21844423442219724
4,STAT1+HEYL+HES1+SRF,"HES1,HEYL,SRF,STAT1",4,-0.21843615975628844,0.21843615975628844
4,SMAD7+ZBTB20+ZNF202+HOXC13,"HOXC13,SMAD7,ZBTB20,ZNF202",4,-0.21829335642470366,0.21829335642470366
4,ATF4+FOXP3+PAX3+ZBTB20,"ATF4,FOXP3,PAX3,ZBTB20",4,-0.21829101816781585,0.21829101816781585
4,PAX3+SMAD7+ZBTB20+HES1,"HES1,PAX3,SMAD7,ZBTB20",4,-0.21825153304425232,0.21825153304425232
4,ZBTB20+HES1+NFIA+SRF,"HES1,NFIA,SRF,ZBTB20",4,-0.2182415099674866,0.2182415099674866
4,DNMT3B+HES1+NFIA+AEBP1,"AEBP1,DNMT3B,HES1,NFIA",4,-0.21822046085431723,0.21822046085431723
4,STAT1+PAX3+HEYL+NPM1,"HEYL,NPM1,PAX3,STAT1",4,-0.21815495031879334,0.21815495031879334
4,STAT1+RARG+ZNF202+HOXC13,"HOXC13,RARG,STAT1,ZNF202",4,-0.2180989434788239,0.2180989434788239
4,ZBTB20+SFPQ+DNMT3B+NPM1,"DNMT3B,NPM1,SFPQ,ZBTB20",4,-0.2180656133389165,0.2180656133389165
4,STAT1+PAX3+RARG+HES1,"HES1,PAX3,RARG,STAT1",4,-0.21805712009837253,0.21805712009837253
4,HEYL+ZBTB20+SFPQ+ZNF165,"HEYL,SFPQ,ZBTB20,ZNF165",4,-0.2180110922144255,0.2180110922144255
4,FOXP3+ZBTB20+ZNF202+AEBP1,"AEBP1,FOXP3,ZBTB20,ZNF202",4,-0.21796394870957825,0.21796394870957825
4,PAX3+ZBTB20+NFIA+NPM1,"NFIA,NPM1,PAX3,ZBTB20",4,-0.2179603005299915,0.2179603005299915
4,SFPQ+HES1+HOXC13+AEBP1,"AEBP1,HES1,HOXC13,SFPQ",4,-0.2178948955811038,0.2178948955811038
4,STAT1+ZNF202+SRF+ZNF165,"SRF,STAT1,ZNF165,ZNF202",4,-0.21784259246439008,0.21784259246439008
4,HEYL+ZBTB20+NPM1+HOXC13,"HEYL,HOXC13,NPM1,ZBTB20",4,-0.2177714399645932,0.2177714399645932
4,ATF4+DNMT3B+HOXC13+ZNF165,"ATF4,DNMT3B,HOXC13,ZNF165",4,-0.21776510245525815,0.21776510245525815
4,ZBTB20+RARG+HES1+HOXC13,"HES1,HOXC13,RARG,ZBTB20",4,-0.21767360974417238,0.21767360974417238
3,STAT1+SFPQ+NFIA,"NFIA,SFPQ,STAT1",3,-0.21759117811565776,0.21759117811565776
4,ATF4+HES1+NFIA+ZNF165,"ATF4,HES1,NFIA,ZNF165",4,-0.2174388728472934,0.2174388728472934
4,ZBTB20+HES1+SRF+ZNF165,"HES1,SRF,ZBTB20,ZNF165",4,-0.21741725872973855,0.21741725872973855
4,DNMT3B+HES1+AEBP1+ZNF165,"AEBP1,DNMT3B,HES1,ZNF165",4,-0.2173962096165692,0.2173962096165692
4,PAX3+ZBTB20+SFPQ+DNMT3B,"DNMT3B,PAX3,SFPQ,ZBTB20",4,-0.21739529863055218,0.21739529863055218
4,STAT1+HEYL+SFPQ+ZNF202,"HEYL,SFPQ,STAT1,ZNF202",4,-0.21730554219184064,0.21730554219184064
4,STAT1+FOXP3+HEYL+NFIA,"FOXP3,HEYL,NFIA,STAT1",4,-0.21721225985123988,0.21721225985123988
4,HEYL+ZBTB20+RARG+AEBP1,"AEBP1,HEYL,RARG,ZBTB20",4,-0.21720009139987195,0.21720009139987195
4,ATF4+SRF+HOXC13+AEBP1,"AEBP1,ATF4,HOXC13,SRF",4,-0.21719643659080545,0.21719643659080545
4,PAX3+ZBTB20+NPM1+ZNF165,"NPM1,PAX3,ZBTB20,ZNF165",4,-0.21713604929224345,0.21713604929224345
4,ZBTB20+SFPQ+NFIA+ZNF202,"NFIA,SFPQ,ZBTB20,ZNF202",4,-0.21711089240303874,0.21711089240303874
4,PAX3+HEYL+ZBTB20+HOXC13,"HEYL,HOXC13,PAX3,ZBTB20",4,-0.21710112525622888,0.21710112525622888
4,HEYL+ZBTB20+SFPQ+HES1,"HES1,HEYL,SFPQ,ZBTB20",4,-0.2168802084571891,0.2168802084571891
3,STAT1+SFPQ+ZNF165,"SFPQ,STAT1,ZNF165",3,-0.21676692687790972,0.21676692687790972
4,STAT1+HES1+ZNF202+SRF,"HES1,SRF,STAT1,ZNF202",4,-0.2167117087071537,0.2167117087071537
4,ATF4+SFPQ+NPM1+AEBP1,"AEBP1,ATF4,NPM1,SFPQ",4,-0.21669431035427056,0.21669431035427056
4,ATF4+DNMT3B+HES1+HOXC13,"ATF4,DNMT3B,HES1,HOXC13",4,-0.2166342186980218,0.2166342186980218
3,STAT1+NPM1+HOXC13,"HOXC13,NPM1,STAT1",3,-0.21652727462807742,0.21652727462807742
4,ATF4+ZBTB20+RARG+NPM1,"ATF4,NPM1,RARG,ZBTB20",4,-0.21647302451733913,0.21647302451733913
4,STAT1+SMAD7+SFPQ+SRF,"SFPQ,SMAD7,SRF,STAT1",4,-0.21644292383848784,0.21644292383848784
4,STAT1+FOXP3+DNMT3B+NPM1,"DNMT3B,FOXP3,NPM1,STAT1",4,-0.2164425297379829,0.2164425297379829
4,STAT1+PAX3+ZNF202+NPM1,"NPM1,PAX3,STAT1,ZNF202",4,-0.21643049926965863,0.21643049926965863
4,STAT1+FOXP3+HEYL+ZNF165,"FOXP3,HEYL,STAT1,ZNF165",4,-0.2163880086134919,0.2163880086134919
4,ZBTB20+SFPQ+ZNF202+ZNF165,"SFPQ,ZBTB20,ZNF165,ZNF202",4,-0.21628664116529073,0.21628664116529073
4,STAT1+SMAD7+RARG+DNMT3B,"DNMT3B,RARG,SMAD7,STAT1",4,-0.21620058888838706,0.21620058888838706
4,FOXP3+ZBTB20+NFIA+ZNF165,"FOXP3,NFIA,ZBTB20,ZNF165",4,-0.21619335882468999,0.21619335882468999
4,ATF4+HEYL+ZBTB20+SRF,"ATF4,HEYL,SRF,ZBTB20",4,-0.21618174946689073,0.21618174946689073
4,ATF4+HEYL+DNMT3B+AEBP1,"AEBP1,ATF4,DNMT3B,HEYL",4,-0.21616070035372137,0.21616070035372137
3,SMAD7+ZBTB20+AEBP1,"AEBP1,SMAD7,ZBTB20",3,-0.21615033900923597,0.21615033900923597
4,ZBTB20+ZNF202+NPM1+HOXC13,"HOXC13,NPM1,ZBTB20,ZNF202",4,-0.21604698891545843,0.21604698891545843
4,ATF4+PAX3+SFPQ+AEBP1,"AEBP1,ATF4,PAX3,SFPQ",4,-0.2160239956459063,0.2160239956459063
4,PAX3+ZBTB20+HES1+NPM1,"HES1,NPM1,PAX3,ZBTB20",4,-0.2160051655350071,0.2160051655350071
3,STAT1+RARG+AEBP1,"AEBP1,RARG,STAT1",3,-0.21595592606335617,0.21595592606335617
4,SMAD7+NFIA+HOXC13+AEBP1,"AEBP1,HOXC13,NFIA,SMAD7",4,-0.21593305156219333,0.21593305156219333
3,STAT1+PAX3+HOXC13,"HOXC13,PAX3,STAT1",3,-0.2158569599197131,0.2158569599197131
4,ATF4+PAX3+ZBTB20+RARG,"ATF4,PAX3,RARG,ZBTB20",4,-0.2158027098089748,0.2158027098089748
4,STAT1+FOXP3+PAX3+DNMT3B,"DNMT3B,FOXP3,PAX3,STAT1",4,-0.21577221502961857,0.21577221502961857
3,STAT1+SFPQ+HES1,"HES1,SFPQ,STAT1",3,-0.21563604312067336,0.21563604312067336
4,STAT1+FOXP3+NFIA+ZNF202,"FOXP3,NFIA,STAT1,ZNF202",4,-0.21548780880210514,0.21548780880210514
4,ZBTB20+RARG+ZNF202+AEBP1,"AEBP1,RARG,ZBTB20,ZNF202",4,-0.21547564035073724,0.21547564035073724
4,FOXP3+ZBTB20+DNMT3B+HOXC13,"DNMT3B,FOXP3,HOXC13,ZBTB20",4,-0.21538870467541837,0.21538870467541837
4,PAX3+ZBTB20+ZNF202+HOXC13,"HOXC13,PAX3,ZBTB20,ZNF202",4,-0.21537667420709414,0.21537667420709414
4,STAT1+FOXP3+HEYL+HES1,"FOXP3,HES1,HEYL,STAT1",4,-0.2152571248562555,0.2152571248562555
4,ZBTB20+SFPQ+HES1+ZNF202,"HES1,SFPQ,ZBTB20,ZNF202",4,-0.21515575740805437,0.21515575740805437
4,SMAD7+HOXC13+AEBP1+ZNF165,"AEBP1,HOXC13,SMAD7,ZNF165",4,-0.2151088003244453,0.2151088003244453
4,FOXP3+ZBTB20+HES1+NFIA,"FOXP3,HES1,NFIA,ZBTB20",4,-0.21506247506745363,0.21506247506745363
3,ATF4+STAT1+SRF,"ATF4,SRF,STAT1",3,-0.21493758413037495,0.21493758413037495
4,SMAD7+HEYL+ZBTB20+NFIA,"HEYL,NFIA,SMAD7,ZBTB20",4,-0.2149183644382786,0.2149183644382786
4,STAT1+HEYL+RARG+NFIA,"HEYL,NFIA,RARG,STAT1",4,-0.21472395149239887,0.21472395149239887
4,STAT1+FOXP3+ZNF202+ZNF165,"FOXP3,STAT1,ZNF165,ZNF202",4,-0.21466355756435712,0.21466355756435712
4,ATF4+ZBTB20+ZNF202+SRF,"ATF4,SRF,ZBTB20,ZNF202",4,-0.214457298417756,0.214457298417756
4,ATF4+DNMT3B+ZNF202+AEBP1,"AEBP1,ATF4,DNMT3B,ZNF202",4,-0.21443624930458666,0.21443624930458666
4,FOXP3+ZBTB20+HES1+ZNF165,"FOXP3,HES1,ZBTB20,ZNF165",4,-0.2142382238297056,0.2142382238297056
4,STAT1+SFPQ+SRF+NPM1,"NPM1,SFPQ,SRF,STAT1",4,-0.21419655632924262,0.21419655632924262
4,SMAD7+ZBTB20+DNMT3B+NPM1,"DNMT3B,NPM1,SMAD7,ZBTB20",4,-0.21414863432502163,0.21414863432502163
4,SMAD7+HEYL+ZBTB20+ZNF165,"HEYL,SMAD7,ZBTB20,ZNF165",4,-0.21409411320053062,0.21409411320053062
4,ATF4+FOXP3+HOXC13+AEBP1,"AEBP1,ATF4,FOXP3,HOXC13",4,-0.2140174016907725,0.2140174016907725
4,SMAD7+HES1+HOXC13+AEBP1,"AEBP1,HES1,HOXC13,SMAD7",4,-0.21397791656720894,0.21397791656720894
4,STAT1+RARG+DNMT3B+NPM1,"DNMT3B,NPM1,RARG,STAT1",4,-0.21395422137914183,0.21395422137914183
4,SFPQ+NFIA+AEBP1+ZNF165,"AEBP1,NFIA,SFPQ,ZNF165",4,-0.2139263363027804,0.2139263363027804
3,ZBTB20+NPM1+AEBP1,"AEBP1,NPM1,ZBTB20",3,-0.21390397149999074,0.21390397149999074
4,STAT1+HEYL+RARG+ZNF165,"HEYL,RARG,STAT1,ZNF165",4,-0.21389970025465083,0.21389970025465083
4,ZBTB20+RARG+NFIA+ZNF165,"NFIA,RARG,ZBTB20,ZNF165",4,-0.21370505046584898,0.21370505046584898
4,NFIA+NPM1+HOXC13+AEBP1,"AEBP1,HOXC13,NFIA,NPM1",4,-0.2136866840529481,0.2136866840529481
3,STAT1+SMAD7+NFIA,"NFIA,SMAD7,STAT1",3,-0.21367419910176289,0.21367419910176289
4,STAT1+HEYL+DNMT3B+SRF,"DNMT3B,HEYL,SRF,STAT1",4,-0.21366294632869343,0.21366294632869343
4,STAT1+FOXP3+HES1+ZNF202,"FOXP3,HES1,STAT1,ZNF202",4,-0.21353267380712077,0.21353267380712077
4,STAT1+PAX3+SFPQ+SRF,"PAX3,SFPQ,SRF,STAT1",4,-0.2135262416208783,0.2135262416208783
4,PAX3+SMAD7+ZBTB20+DNMT3B,"DNMT3B,PAX3,SMAD7,ZBTB20",4,-0.2134783196166573,0.2134783196166573
4,ZBTB20+DNMT3B+NFIA+SRF,"DNMT3B,NFIA,SRF,ZBTB20",4,-0.21346829653989152,0.21346829653989152
4,STAT1+SMAD7+HEYL+ZNF202,"HEYL,SMAD7,STAT1,ZNF202",4,-0.21338856317794577,0.21338856317794577
3,ATF4+ZBTB20+SFPQ,"ATF4,SFPQ,ZBTB20",3,-0.21338163283127565,0.21338163283127565
4,STAT1+PAX3+RARG+DNMT3B,"DNMT3B,PAX3,RARG,STAT1",4,-0.2132839066707775,0.2132839066707775
4,STAT1+FOXP3+SMAD7+SFPQ,"FOXP3,SFPQ,SMAD7,STAT1",4,-0.2132638889384549,0.2132638889384549
3,PAX3+ZBTB20+AEBP1,"AEBP1,PAX3,ZBTB20",3,-0.21323365679162642,0.21323365679162642
4,SMAD7+ZBTB20+NFIA+ZNF202,"NFIA,SMAD7,ZBTB20,ZNF202",4,-0.21319391338914387,0.21319391338914387
4,ATF4+SFPQ+NFIA+HOXC13,"ATF4,HOXC13,NFIA,SFPQ",4,-0.213164345384233,0.213164345384233
4,ZBTB20+SFPQ+SRF+HOXC13,"HOXC13,SFPQ,SRF,ZBTB20",4,-0.21314273126667813,0.21314273126667813
4,SFPQ+DNMT3B+HOXC13+AEBP1,"AEBP1,DNMT3B,HOXC13,SFPQ",4,-0.2131216821535088,0.2131216821535088
4,PAX3+NFIA+HOXC13+AEBP1,"AEBP1,HOXC13,NFIA,PAX3",4,-0.2130163693445838,0.2130163693445838
4,ATF4+FOXP3+HEYL+ZBTB20,"ATF4,FOXP3,HEYL,ZBTB20",4,-0.21300271456685776,0.21300271456685776
4,STAT1+RARG+NFIA+ZNF202,"NFIA,RARG,STAT1,ZNF202",4,-0.21299950044326413,0.21299950044326413
4,SMAD7+HEYL+ZBTB20+HES1,"HES1,HEYL,SMAD7,ZBTB20",4,-0.21296322944329424,0.21296322944329424
4,ZBTB20+RARG+DNMT3B+HOXC13,"DNMT3B,HOXC13,RARG,ZBTB20",4,-0.21290039631657737,0.21290039631657737
4,NPM1+HOXC13+AEBP1+ZNF165,"AEBP1,HOXC13,NPM1,ZNF165",4,-0.21286243281520012,0.21286243281520012
3,STAT1+SMAD7+ZNF165,"SMAD7,STAT1,ZNF165",3,-0.21284994786401484,0.21284994786401484
4,SFPQ+HES1+NFIA+AEBP1,"AEBP1,HES1,NFIA,SFPQ",4,-0.21279545254554405,0.21279545254554405
4,ATF4+SMAD7+NPM1+AEBP1,"AEBP1,ATF4,NPM1,SMAD7",4,-0.21277733134037569,0.21277733134037569
4,STAT1+HEYL+RARG+HES1,"HES1,HEYL,RARG,STAT1",4,-0.21276881649741447,0.21276881649741447
4,HEYL+ZBTB20+NFIA+NPM1,"HEYL,NFIA,NPM1,ZBTB20",4,-0.21267199692903338,0.21267199692903338
4,ATF4+DNMT3B+NFIA+ZNF165,"ATF4,DNMT3B,NFIA,ZNF165",4,-0.2126656594196984,0.2126656594196984
4,ZBTB20+DNMT3B+SRF+ZNF165,"DNMT3B,SRF,ZBTB20,ZNF165",4,-0.21264404530214354,0.21264404530214354
4,ZBTB20+RARG+HES1+NFIA,"HES1,NFIA,RARG,ZBTB20",4,-0.21257416670861262,0.21257416670861262
4,SMAD7+ZBTB20+ZNF202+ZNF165,"SMAD7,ZBTB20,ZNF165,ZNF202",4,-0.21236966215139585,0.21236966215139585
4,ATF4+SFPQ+HOXC13+ZNF165,"ATF4,HOXC13,SFPQ,ZNF165",4,-0.21234009414648497,0.21234009414648497
4,PAX3+HOXC13+AEBP1+ZNF165,"AEBP1,HOXC13,PAX3,ZNF165",4,-0.2121921181068358,0.2121921181068358
4,STAT1+RARG+ZNF202+ZNF165,"RARG,STAT1,ZNF165,ZNF202",4,-0.21217524920551611,0.21217524920551611
4,ATF4+PAX3+SMAD7+AEBP1,"AEBP1,ATF4,PAX3,SMAD7",4,-0.21210701663201142,0.21210701663201142
4,HEYL+ZBTB20+SFPQ+DNMT3B,"DNMT3B,HEYL,SFPQ,ZBTB20",4,-0.2121069950295941,0.2121069950295941
4,ATF4+NFIA+SRF+AEBP1,"AEBP1,ATF4,NFIA,SRF",4,-0.21209699355524564,0.21209699355524564
4,PAX3+HEYL+ZBTB20+NFIA,"HEYL,NFIA,PAX3,ZBTB20",4,-0.21200168222066912,0.21200168222066912
4,SFPQ+HES1+AEBP1+ZNF165,"AEBP1,HES1,SFPQ,ZNF165",4,-0.211971201307796,0.211971201307796
4,STAT1+DNMT3B+ZNF202+SRF,"DNMT3B,SRF,STAT1,ZNF202",4,-0.2119384952795587,0.2119384952795587
4,HEYL+ZBTB20+NPM1+ZNF165,"HEYL,NPM1,ZBTB20,ZNF165",4,-0.2118477456912854,0.2118477456912854
3,ATF4+STAT1+FOXP3,"ATF4,FOXP3,STAT1",3,-0.211758549230342,0.211758549230342
4,ZBTB20+RARG+HES1+ZNF165,"HES1,RARG,ZBTB20,ZNF165",4,-0.21174991547086458,0.21174991547086458
4,HES1+NPM1+HOXC13+AEBP1,"AEBP1,HES1,HOXC13,NPM1",4,-0.21173154905796376,0.21173154905796376
3,STAT1+SMAD7+HES1,"HES1,SMAD7,STAT1",3,-0.2117190641067785,0.2117190641067785
4,ATF4+DNMT3B+HES1+NFIA,"ATF4,DNMT3B,HES1,NFIA",4,-0.21153477566246204,0.21153477566246204
4,ATF4+RARG+HOXC13+AEBP1,"AEBP1,ATF4,HOXC13,RARG",4,-0.21152909333193148,0.21152909333193148
4,STAT1+FOXP3+SRF+HOXC13,"FOXP3,HOXC13,SRF,STAT1",4,-0.21151964766574452,0.21151964766574452
4,ZBTB20+DNMT3B+HES1+SRF,"DNMT3B,HES1,SRF,ZBTB20",4,-0.21151316154490715,0.21151316154490715
3,STAT1+NFIA+NPM1,"NFIA,NPM1,STAT1",3,-0.21142783159251766,0.21142783159251766
4,ATF4+FOXP3+ZBTB20+ZNF202,"ATF4,FOXP3,ZBTB20,ZNF202",4,-0.21127826351772303,0.21127826351772303
4,ATF4+SRF+AEBP1+ZNF165,"AEBP1,ATF4,SRF,ZNF165",4,-0.21127274231749765,0.21127274231749765
4,SMAD7+ZBTB20+HES1+ZNF202,"HES1,SMAD7,ZBTB20,ZNF202",4,-0.2112387783941595,0.2112387783941595
4,PAX3+ZBTB20+DNMT3B+NPM1,"DNMT3B,NPM1,PAX3,ZBTB20",4,-0.21123195210741208,0.21123195210741208
4,ATF4+SFPQ+HES1+HOXC13,"ATF4,HES1,HOXC13,SFPQ",4,-0.21120921038924861,0.21120921038924861
4,PAX3+HEYL+ZBTB20+ZNF165,"HEYL,PAX3,ZBTB20,ZNF165",4,-0.21117743098292108,0.21117743098292108
4,STAT1+HEYL+ZNF202+NPM1,"HEYL,NPM1,STAT1,ZNF202",4,-0.21114219566870057,0.21114219566870057
4,PAX3+HES1+HOXC13+AEBP1,"AEBP1,HES1,HOXC13,PAX3",4,-0.21106123434959945,0.21106123434959945
4,STAT1+RARG+HES1+ZNF202,"HES1,RARG,STAT1,ZNF202",4,-0.21104436544827973,0.21104436544827973
4,STAT1+FOXP3+SFPQ+NPM1,"FOXP3,NPM1,SFPQ,STAT1",4,-0.2110175214292097,0.2110175214292097
4,ZBTB20+NFIA+ZNF202+NPM1,"NFIA,NPM1,ZBTB20,ZNF202",4,-0.21094754587989867,0.21094754587989867
3,STAT1+SFPQ+DNMT3B,"DNMT3B,SFPQ,STAT1",3,-0.21086282969307835,0.21086282969307835
4,STAT1+SMAD7+RARG+SFPQ,"RARG,SFPQ,SMAD7,STAT1",4,-0.21077558057961387,0.21077558057961387
3,STAT1+PAX3+NFIA,"NFIA,PAX3,STAT1",3,-0.21075751688415334,0.21075751688415334
4,ATF4+HEYL+SFPQ+AEBP1,"AEBP1,ATF4,HEYL,SFPQ",4,-0.2107356920449482,0.2107356920449482
4,HEYL+ZBTB20+HES1+NPM1,"HES1,HEYL,NPM1,ZBTB20",4,-0.21071686193404904,0.21071686193404904
4,ATF4+DNMT3B+HES1+ZNF165,"ATF4,DNMT3B,HES1,ZNF165",4,-0.210710524424714,0.210710524424714
3,STAT1+NPM1+ZNF165,"NPM1,STAT1,ZNF165",3,-0.21060358035476962,0.21060358035476962
3,STAT1+HEYL+HOXC13,"HEYL,HOXC13,STAT1",3,-0.21056865631875504,0.21056865631875504
4,ATF4+HEYL+ZBTB20+RARG,"ATF4,HEYL,RARG,ZBTB20",4,-0.21051440620801676,0.21051440620801676
4,STAT1+FOXP3+HEYL+DNMT3B,"DNMT3B,FOXP3,HEYL,STAT1",4,-0.2104839114286605,0.2104839114286605
4,STAT1+PAX3+HEYL+ZNF202,"HEYL,PAX3,STAT1,ZNF202",4,-0.21047188096033623,0.21047188096033623
4,ZBTB20+SFPQ+DNMT3B+ZNF202,"DNMT3B,SFPQ,ZBTB20,ZNF202",4,-0.21038254398045936,0.21038254398045936
3,ZBTB20+NFIA+HOXC13,"HOXC13,NFIA,ZBTB20",3,-0.21037400652995317,0.21037400652995317
4,STAT1+FOXP3+PAX3+SFPQ,"FOXP3,PAX3,SFPQ,STAT1",4,-0.2103472067208454,0.2103472067208454
4,FOXP3+ZBTB20+DNMT3B+NFIA,"DNMT3B,FOXP3,NFIA,ZBTB20",4,-0.21028926163985862,0.21028926163985862
4,STAT1+SMAD7+SRF+NPM1,"NPM1,SMAD7,SRF,STAT1",4,-0.21027957731534774,0.21027957731534774
4,PAX3+ZBTB20+NFIA+ZNF202,"NFIA,PAX3,ZBTB20,ZNF202",4,-0.21027723117153438,0.21027723117153438
4,ATF4+HES1+SRF+AEBP1,"AEBP1,ATF4,HES1,SRF",4,-0.2101418585602613,0.2101418585602613
4,ZBTB20+ZNF202+NPM1+ZNF165,"NPM1,ZBTB20,ZNF165,ZNF202",4,-0.21012329464215063,0.21012329464215063
4,HEYL+ZBTB20+ZNF202+HOXC13,"HEYL,HOXC13,ZBTB20,ZNF202",4,-0.21008837060613605,0.21008837060613605
4,PAX3+HEYL+ZBTB20+HES1,"HES1,HEYL,PAX3,ZBTB20",4,-0.21004654722568472,0.21004654722568472
4,SMAD7+NFIA+AEBP1+ZNF165,"AEBP1,NFIA,SMAD7,ZNF165",4,-0.21000935728888553,0.21000935728888553
4,FOXP3+ZBTB20+SFPQ+HOXC13,"FOXP3,HOXC13,SFPQ,ZBTB20",4,-0.2099636963666452,0.2099636963666452
3,STAT1+PAX3+ZNF165,"PAX3,STAT1,ZNF165",3,-0.2099332656464053,0.2099332656464053
4,ATF4+PAX3+NPM1+AEBP1,"AEBP1,ATF4,NPM1,PAX3",4,-0.2098606491227662,0.2098606491227662
4,STAT1+PAX3+SMAD7+SRF,"PAX3,SMAD7,SRF,STAT1",4,-0.20960926260698343,0.20960926260698343
3,ZBTB20+HOXC13+ZNF165,"HOXC13,ZBTB20,ZNF165",3,-0.20954975529220515,0.20954975529220515
3,STAT1+HES1+NPM1,"HES1,NPM1,STAT1",3,-0.20947269659753326,0.20947269659753326
4,FOXP3+ZBTB20+DNMT3B+ZNF165,"DNMT3B,FOXP3,ZBTB20,ZNF165",4,-0.20946501040211057,0.20946501040211057
3,ATF4+SMAD7+ZBTB20,"ATF4,SMAD7,ZBTB20",3,-0.20946465381738077,0.20946465381738077
4,PAX3+ZBTB20+ZNF202+ZNF165,"PAX3,ZBTB20,ZNF165,ZNF202",4,-0.20945297993378637,0.20945297993378637
3,ATF4+STAT1+RARG,"ATF4,RARG,STAT1",3,-0.20927024087150098,0.20927024087150098
4,ATF4+SMAD7+NFIA+HOXC13,"ATF4,HOXC13,NFIA,SMAD7",4,-0.20924736637033814,0.20924736637033814
4,SMAD7+ZBTB20+SRF+HOXC13,"HOXC13,SMAD7,SRF,ZBTB20",4,-0.20922575225278325,0.20922575225278325
4,SMAD7+DNMT3B+HOXC13+AEBP1,"AEBP1,DNMT3B,HOXC13,SMAD7",4,-0.20920470313961392,0.20920470313961392
4,STAT1+RARG+SRF+HOXC13,"HOXC13,RARG,SRF,STAT1",4,-0.20903133930690349,0.20903133930690349
4,ATF4+SFPQ+ZNF202+AEBP1,"AEBP1,ATF4,SFPQ,ZNF202",4,-0.20901124099581347,0.20901124099581347
4,ZBTB20+HES1+ZNF202+NPM1,"HES1,NPM1,ZBTB20,ZNF202",4,-0.20899241088491433,0.20899241088491433
4,ATF4+FOXP3+NFIA+AEBP1,"AEBP1,ATF4,FOXP3,NFIA",4,-0.20891795865521268,0.20891795865521268
4,FOXP3+ZBTB20+SRF+AEBP1,"AEBP1,FOXP3,SRF,ZBTB20",4,-0.20889634453765782,0.20889634453765782
4,SMAD7+HES1+NFIA+AEBP1,"AEBP1,HES1,NFIA,SMAD7",4,-0.20887847353164918,0.20887847353164918
3,STAT1+ZNF202+HOXC13,"HOXC13,STAT1,ZNF202",3,-0.2088442052696203,0.2088442052696203
3,STAT1+PAX3+HES1,"HES1,PAX3,STAT1",3,-0.20880238188916894,0.20880238188916894
4,ATF4+ZBTB20+RARG+ZNF202,"ATF4,RARG,ZBTB20,ZNF202",4,-0.20878995515888202,0.20878995515888202
4,STAT1+FOXP3+DNMT3B+ZNF202,"DNMT3B,FOXP3,STAT1,ZNF202",4,-0.20875946037952575,0.20875946037952575
4,SMAD7+ZBTB20+SFPQ+NPM1,"NPM1,SFPQ,SMAD7,ZBTB20",4,-0.20872362601624844,0.20872362601624844
4,STAT1+RARG+SFPQ+NPM1,"NPM1,RARG,SFPQ,STAT1",4,-0.20852921307036865,0.20852921307036865
4,ATF4+SMAD7+HOXC13+ZNF165,"ATF4,HOXC13,SMAD7,ZNF165",4,-0.2084231151325901,0.2084231151325901
3,ZBTB20+HES1+HOXC13,"HES1,HOXC13,ZBTB20",3,-0.2084188715349688,0.2084188715349688
4,FOXP3+ZBTB20+DNMT3B+HES1,"DNMT3B,FOXP3,HES1,ZBTB20",4,-0.20833412664487422,0.20833412664487422
4,PAX3+ZBTB20+HES1+ZNF202,"HES1,PAX3,ZBTB20,ZNF202",4,-0.20832209617654998,0.20832209617654998
4,STAT1+HEYL+SFPQ+SRF,"HEYL,SFPQ,SRF,STAT1",4,-0.20823793801992024,0.20823793801992024
4,SMAD7+HEYL+ZBTB20+DNMT3B,"DNMT3B,HEYL,SMAD7,ZBTB20",4,-0.20819001601569923,0.20819001601569923
4,ATF4+FOXP3+AEBP1+ZNF165,"AEBP1,ATF4,FOXP3,ZNF165",4,-0.2080937074174647,0.2080937074174647
4,SMAD7+HES1+AEBP1+ZNF165,"AEBP1,HES1,SMAD7,ZNF165",4,-0.20805422229390114,0.20805422229390114
4,PAX3+SMAD7+ZBTB20+SFPQ,"PAX3,SFPQ,SMAD7,ZBTB20",4,-0.20805331130788413,0.20805331130788413
4,ZBTB20+SFPQ+NFIA+SRF,"NFIA,SFPQ,SRF,ZBTB20",4,-0.20804328823111834,0.20804328823111834
4,SFPQ+DNMT3B+NFIA+AEBP1,"AEBP1,DNMT3B,NFIA,SFPQ",4,-0.20802223911794904,0.20802223911794904
4,STAT1+HEYL+RARG+DNMT3B,"DNMT3B,HEYL,RARG,STAT1",4,-0.20799560306981946,0.20799560306981946
3,HEYL+ZBTB20+AEBP1,"AEBP1,HEYL,ZBTB20",3,-0.20794535319066837,0.20794535319066837
4,STAT1+PAX3+RARG+SFPQ,"PAX3,RARG,SFPQ,STAT1",4,-0.20785889836200433,0.20785889836200433
4,ZBTB20+RARG+DNMT3B+NFIA,"DNMT3B,NFIA,RARG,ZBTB20",4,-0.2078009532810176,0.2078009532810176
4,NFIA+NPM1+AEBP1+ZNF165,"AEBP1,NFIA,NPM1,ZNF165",4,-0.2077629897796403,0.2077629897796403
4,HEYL+NFIA+HOXC13+AEBP1,"AEBP1,HEYL,HOXC13,NFIA",4,-0.20772806574362573,0.20772806574362573
4,ZBTB20+RARG+SFPQ+HOXC13,"HOXC13,RARG,SFPQ,ZBTB20",4,-0.20747538800780418,0.20747538800780418
4,STAT1+PAX3+SRF+NPM1,"NPM1,PAX3,SRF,STAT1",4,-0.2073628950977382,0.2073628950977382
4,ATF4+SMAD7+HES1+HOXC13,"ATF4,HES1,HOXC13,SMAD7",4,-0.20729223137535374,0.20729223137535374
4,ATF4+SFPQ+NFIA+ZNF165,"ATF4,NFIA,SFPQ,ZNF165",4,-0.2072406511109252,0.2072406511109252
4,ZBTB20+SFPQ+SRF+ZNF165,"SFPQ,SRF,ZBTB20,ZNF165",4,-0.20721903699337035,0.20721903699337035
3,ATF4+ZBTB20+NPM1,"ATF4,NPM1,ZBTB20",3,-0.20721828630813555,0.20721828630813555
4,SFPQ+DNMT3B+AEBP1+ZNF165,"AEBP1,DNMT3B,SFPQ,ZNF165",4,-0.207197987880201,0.207197987880201
4,STAT1+FOXP3+SMAD7+NPM1,"FOXP3,NPM1,SMAD7,STAT1",4,-0.20710054241531484,0.20710054241531484
4,PAX3+NFIA+AEBP1+ZNF165,"AEBP1,NFIA,PAX3,ZNF165",4,-0.207092675071276,0.207092675071276
4,ATF4+NFIA+NPM1+HOXC13,"ATF4,HOXC13,NFIA,NPM1",4,-0.2070009988610929,0.2070009988610929
4,ZBTB20+SRF+NPM1+HOXC13,"HOXC13,NPM1,SRF,ZBTB20",4,-0.20697938474353805,0.20697938474353805
4,ZBTB20+RARG+DNMT3B+ZNF165,"DNMT3B,RARG,ZBTB20,ZNF165",4,-0.20697670204326957,0.20697670204326957
4,ATF4+FOXP3+HES1+AEBP1,"AEBP1,ATF4,FOXP3,HES1",4,-0.20696282366022833,0.20696282366022833
4,DNMT3B+NPM1+HOXC13+AEBP1,"AEBP1,DNMT3B,HOXC13,NPM1",4,-0.2069583356303687,0.2069583356303687
3,STAT1+SMAD7+DNMT3B,"DNMT3B,SMAD7,STAT1",3,-0.20694585067918347,0.20694585067918347
4,HEYL+HOXC13+AEBP1+ZNF165,"AEBP1,HEYL,HOXC13,ZNF165",4,-0.2069038145058777,0.2069038145058777
4,ATF4+SMAD7+HEYL+AEBP1,"AEBP1,ATF4,HEYL,SMAD7",4,-0.20681871303105331,0.20681871303105331
2,STAT1+AEBP1,"AEBP1,STAT1",2,-0.2067011878541526,0.2067011878541526
4,HES1+NFIA+NPM1+AEBP1,"AEBP1,HES1,NFIA,NPM1",4,-0.20663210602240395,0.20663210602240395
3,ATF4+PAX3+ZBTB20,"ATF4,PAX3,ZBTB20",3,-0.20654797159977123,0.20654797159977123
4,STAT1+SFPQ+ZNF202+SRF,"SFPQ,SRF,STAT1,ZNF202",4,-0.2065134869707855,0.2065134869707855
4,SMAD7+ZBTB20+DNMT3B+ZNF202,"DNMT3B,SMAD7,ZBTB20,ZNF202",4,-0.20646556496656449,0.20646556496656449
4,ATF4+SFPQ+DNMT3B+HOXC13,"ATF4,DNMT3B,HOXC13,SFPQ",4,-0.2064359969616536,0.2064359969616536
4,STAT1+FOXP3+PAX3+SMAD7,"FOXP3,PAX3,SMAD7,STAT1",4,-0.20643022770695052,0.20643022770695052
4,ATF4+RARG+NFIA+AEBP1,"AEBP1,ATF4,NFIA,RARG",4,-0.20642965029637167,0.20642965029637167
4,STAT1+FOXP3+NFIA+SRF,"FOXP3,NFIA,SRF,STAT1",4,-0.20642020463018473,0.20642020463018473
4,ZBTB20+RARG+SRF+AEBP1,"AEBP1,RARG,SRF,ZBTB20",4,-0.2064080361788168,0.2064080361788168
4,ATF4+PAX3+NFIA+HOXC13,"ATF4,HOXC13,NFIA,PAX3",4,-0.2063306841527286,0.2063306841527286
4,PAX3+ZBTB20+SRF+HOXC13,"HOXC13,PAX3,SRF,ZBTB20",4,-0.20630907003517374,0.20630907003517374
4,PAX3+DNMT3B+HOXC13+AEBP1,"AEBP1,DNMT3B,HOXC13,PAX3",4,-0.20628802092200438,0.20628802092200438
4,STAT1+RARG+DNMT3B+ZNF202,"DNMT3B,RARG,STAT1,ZNF202",4,-0.20627115202068472,0.20627115202068472
3,ZBTB20+ZNF202+AEBP1,"AEBP1,ZBTB20,ZNF202",3,-0.2062209021415336,0.2062209021415336
4,ATF4+NPM1+HOXC13+ZNF165,"ATF4,HOXC13,NPM1,ZNF165",4,-0.20617674762334492,0.20617674762334492
4,ATF4+SFPQ+HES1+NFIA,"ATF4,HES1,NFIA,SFPQ",4,-0.20610976735368886,0.20610976735368886
4,ZBTB20+SFPQ+HES1+SRF,"HES1,SFPQ,SRF,ZBTB20",4,-0.20608815323613397,0.20608815323613397
4,SFPQ+DNMT3B+HES1+AEBP1,"AEBP1,DNMT3B,HES1,SFPQ",4,-0.20606710412296464,0.20606710412296464
4,FOXP3+SMAD7+ZBTB20+HOXC13,"FOXP3,HOXC13,SMAD7,ZBTB20",4,-0.20604671735275032,0.20604671735275032
4,NFIA+ZNF202+HOXC13+AEBP1,"AEBP1,HOXC13,NFIA,ZNF202",4,-0.20600361469449097,0.20600361469449097
4,PAX3+HES1+NFIA+AEBP1,"AEBP1,HES1,NFIA,PAX3",4,-0.20596179131403963,0.20596179131403963
4,HEYL+ZBTB20+DNMT3B+NPM1,"DNMT3B,HEYL,NPM1,ZBTB20",4,-0.20594364850645402,0.20594364850645402
4,STAT1+FOXP3+RARG+HOXC13,"FOXP3,HOXC13,RARG,STAT1",4,-0.20585230440687055,0.20585230440687055
4,ZBTB20+RARG+DNMT3B+HES1,"DNMT3B,HES1,RARG,ZBTB20",4,-0.2058458182860332,0.2058458182860332
4,HES1+NPM1+AEBP1+ZNF165,"AEBP1,HES1,NPM1,ZNF165",4,-0.20580785478465596,0.20580785478465596
4,PAX3+ZBTB20+SFPQ+NPM1,"NPM1,PAX3,SFPQ,ZBTB20",4,-0.2058069437986389,0.2058069437986389
4,HEYL+HES1+HOXC13+AEBP1,"AEBP1,HES1,HEYL,HOXC13",4,-0.20577293074864134,0.20577293074864134
4,ATF4+RARG+AEBP1+ZNF165,"AEBP1,ATF4,RARG,ZNF165",4,-0.20560539905862368,0.20560539905862368
4,STAT1+FOXP3+SRF+ZNF165,"FOXP3,SRF,STAT1,ZNF165",4,-0.20559595339243675,0.20559595339243675
4,ATF4+PAX3+HOXC13+ZNF165,"ATF4,HOXC13,PAX3,ZNF165",4,-0.2055064329149806,0.2055064329149806
3,STAT1+HEYL+NFIA,"HEYL,NFIA,STAT1",3,-0.20546921328319528,0.20546921328319528
4,ATF4+DNMT3B+SRF+AEBP1,"AEBP1,ATF4,DNMT3B,SRF",4,-0.20536864513266623,0.20536864513266623
4,ATF4+SFPQ+HES1+ZNF165,"ATF4,HES1,SFPQ,ZNF165",4,-0.2052855161159408,0.2052855161159408
4,PAX3+HEYL+ZBTB20+DNMT3B,"DNMT3B,HEYL,PAX3,ZBTB20",4,-0.2052733337980897,0.2052733337980897
4,ZNF202+HOXC13+AEBP1+ZNF165,"AEBP1,HOXC13,ZNF165,ZNF202",4,-0.20517936345674298,0.20517936345674298
4,PAX3+HES1+AEBP1+ZNF165,"AEBP1,HES1,PAX3,ZNF165",4,-0.20513754007629165,0.20513754007629165
4,ATF4+SMAD7+ZNF202+AEBP1,"AEBP1,ATF4,SMAD7,ZNF202",4,-0.2050942619819186,0.2050942619819186
4,STAT1+FOXP3+HEYL+SFPQ,"FOXP3,HEYL,SFPQ,STAT1",4,-0.2050589031198873,0.2050589031198873
4,ATF4+HES1+NPM1+HOXC13,"ATF4,HES1,HOXC13,NPM1",4,-0.20504586386610854,0.20504586386610854
4,HEYL+ZBTB20+NFIA+ZNF202,"HEYL,NFIA,ZBTB20,ZNF202",4,-0.20498892757057627,0.20498892757057627
4,FOXP3+ZBTB20+SFPQ+NFIA,"FOXP3,NFIA,SFPQ,ZBTB20",4,-0.20486425333108543,0.20486425333108543
3,STAT1+DNMT3B+NPM1,"DNMT3B,NPM1,STAT1",3,-0.20469948316993825,0.20469948316993825
3,STAT1+HEYL+ZNF165,"HEYL,STAT1,ZNF165",3,-0.20464496204544724,0.20464496204544724
4,STAT1+SMAD7+RARG+NPM1,"NPM1,RARG,SMAD7,STAT1",4,-0.20461223405647377,0.20461223405647377
4,ATF4+HEYL+NPM1+AEBP1,"AEBP1,ATF4,HEYL,NPM1",4,-0.20457234552180814,0.20457234552180814
4,ATF4+RARG+HES1+AEBP1,"AEBP1,ATF4,HES1,RARG",4,-0.20447451530138733,0.20447451530138733
4,STAT1+FOXP3+HES1+SRF,"FOXP3,HES1,SRF,STAT1",4,-0.20446506963520036,0.20446506963520036
3,ZBTB20+NFIA+ZNF165,"NFIA,ZBTB20,ZNF165",3,-0.2044503122566454,0.2044503122566454
4,ATF4+PAX3+HES1+HOXC13,"ATF4,HES1,HOXC13,PAX3",4,-0.20437554915774422,0.20437554915774422
4,STAT1+SMAD7+HEYL+SRF,"HEYL,SMAD7,SRF,STAT1",4,-0.20432095900602537,0.20432095900602537
4,ZBTB20+DNMT3B+ZNF202+NPM1,"DNMT3B,NPM1,ZBTB20,ZNF202",4,-0.20421919745731926,0.20421919745731926
4,STAT1+FOXP3+PAX3+NPM1,"FOXP3,NPM1,PAX3,STAT1",4,-0.2041838601977053,0.2041838601977053
4,HEYL+ZBTB20+ZNF202+ZNF165,"HEYL,ZBTB20,ZNF165,ZNF202",4,-0.20416467633282825,0.20416467633282825
4,SMAD7+ZBTB20+NFIA+SRF,"NFIA,SMAD7,SRF,ZBTB20",4,-0.20412630921722347,0.20412630921722347
4,SMAD7+DNMT3B+NFIA+AEBP1,"AEBP1,DNMT3B,NFIA,SMAD7",4,-0.20410526010405416,0.20410526010405416
4,HES1+ZNF202+HOXC13+AEBP1,"AEBP1,HES1,HOXC13,ZNF202",4,-0.20404847969950662,0.20404847969950662
4,FOXP3+ZBTB20+SFPQ+ZNF165,"FOXP3,SFPQ,ZBTB20,ZNF165",4,-0.2040400020933374,0.2040400020933374
3,STAT1+PAX3+DNMT3B,"DNMT3B,PAX3,STAT1",3,-0.20402916846157393,0.20402916846157393
4,STAT1+PAX3+SMAD7+RARG,"PAX3,RARG,SMAD7,STAT1",4,-0.20394191934810946,0.20394191934810946
4,STAT1+RARG+NFIA+SRF,"NFIA,RARG,SRF,STAT1",4,-0.20393189627134373,0.20393189627134373
4,ATF4+PAX3+HEYL+AEBP1,"AEBP1,ATF4,HEYL,PAX3",4,-0.20390203081344382,0.20390203081344382
4,FOXP3+ZBTB20+NPM1+HOXC13,"FOXP3,HOXC13,NPM1,ZBTB20",4,-0.2038003498435051,0.2038003498435051
4,SMAD7+SFPQ+HOXC13+AEBP1,"AEBP1,HOXC13,SFPQ,SMAD7",4,-0.20377969483084074,0.20377969483084074
3,STAT1+NFIA+ZNF202,"NFIA,STAT1,ZNF202",3,-0.20374476223406054,0.20374476223406054
3,ZBTB20+DNMT3B+HOXC13,"DNMT3B,HOXC13,ZBTB20",3,-0.20364565810737376,0.20364565810737376
4,SMAD7+ZBTB20+RARG+HOXC13,"HOXC13,RARG,SMAD7,ZBTB20",4,-0.20355840899390928,0.20355840899390928
4,PAX3+ZBTB20+DNMT3B+ZNF202,"DNMT3B,PAX3,ZBTB20,ZNF202",4,-0.20354888274895497,0.20354888274895497
3,STAT1+HEYL+HES1,"HES1,HEYL,STAT1",3,-0.2035140782882109,0.2035140782882109
4,STAT1+FOXP3+SFPQ+ZNF202,"FOXP3,SFPQ,STAT1,ZNF202",4,-0.20333445207075257,0.20333445207075257
4,ATF4+SMAD7+NFIA+ZNF165,"ATF4,NFIA,SMAD7,ZNF165",4,-0.20332367209703034,0.20332367209703034
3,ZBTB20+HES1+NFIA,"HES1,NFIA,ZBTB20",3,-0.20331942849940904,0.20331942849940904
4,SMAD7+ZBTB20+SRF+ZNF165,"SMAD7,SRF,ZBTB20,ZNF165",4,-0.20330205797947548,0.20330205797947548
4,SMAD7+DNMT3B+AEBP1+ZNF165,"AEBP1,DNMT3B,SMAD7,ZNF165",4,-0.20328100886630612,0.20328100886630612
4,FOXP3+ZBTB20+RARG+AEBP1,"AEBP1,FOXP3,RARG,ZBTB20",4,-0.20322900127878385,0.20322900127878385
4,FOXP3+PAX3+ZBTB20+HOXC13,"FOXP3,HOXC13,PAX3,ZBTB20",4,-0.20313003513514077,0.20313003513514077
4,STAT1+RARG+SRF+ZNF165,"RARG,SRF,STAT1,ZNF165",4,-0.20310764503359569,0.20310764503359569
4,HEYL+ZBTB20+HES1+ZNF202,"HES1,HEYL,ZBTB20,ZNF202",4,-0.2030337925755919,0.2030337925755919
3,STAT1+ZNF202+ZNF165,"STAT1,ZNF165,ZNF202",3,-0.20292051099631253,0.20292051099631253
4,FOXP3+ZBTB20+SFPQ+HES1,"FOXP3,HES1,SFPQ,ZBTB20",4,-0.20290911833610104,0.20290911833610104
4,ATF4+ZNF202+NPM1+AEBP1,"AEBP1,ATF4,NPM1,ZNF202",4,-0.20284789447267337,0.20284789447267337
4,SMAD7+HEYL+ZBTB20+SFPQ,"HEYL,SFPQ,SMAD7,ZBTB20",4,-0.20276500770692604,0.20276500770692604
4,STAT1+SMAD7+ZNF202+SRF,"SMAD7,SRF,STAT1,ZNF202",4,-0.20259650795689063,0.20259650795689063
4,STAT1+HEYL+RARG+SFPQ,"HEYL,RARG,SFPQ,STAT1",4,-0.20257059476104627,0.20257059476104627
4,ATF4+SMAD7+DNMT3B+HOXC13,"ATF4,DNMT3B,HOXC13,SMAD7",4,-0.20251901794775873,0.20251901794775873
3,ZBTB20+HES1+ZNF165,"HES1,ZBTB20,ZNF165",3,-0.202495177261661,0.202495177261661
4,ZBTB20+RARG+SFPQ+NFIA,"NFIA,RARG,SFPQ,ZBTB20",4,-0.20237594497224443,0.20237594497224443
4,HES1+NFIA+HOXC13+ZNF165,"HES1,HOXC13,NFIA,ZNF165",4,-0.20227788981461836,0.20227788981461836
3,ATF4+HOXC13+AEBP1,"AEBP1,ATF4,HOXC13",3,-0.2022743551227279,0.2022743551227279
4,ATF4+FOXP3+ZBTB20+SRF,"ATF4,FOXP3,SRF,ZBTB20",4,-0.20221065934580262,0.20221065934580262
4,ATF4+SMAD7+HES1+NFIA,"ATF4,HES1,NFIA,SMAD7",4,-0.20219278833979398,0.20219278833979398
4,ATF4+FOXP3+DNMT3B+AEBP1,"AEBP1,ATF4,DNMT3B,FOXP3",4,-0.20218961023263332,0.20218961023263332
4,ATF4+PAX3+ZNF202+AEBP1,"AEBP1,ATF4,PAX3,ZNF202",4,-0.20217757976430906,0.20217757976430906
4,SMAD7+ZBTB20+HES1+SRF,"HES1,SMAD7,SRF,ZBTB20",4,-0.2021711742222391,0.2021711742222391
4,SMAD7+DNMT3B+HES1+AEBP1,"AEBP1,DNMT3B,HES1,SMAD7",4,-0.20215012510906977,0.20215012510906977
4,STAT1+HEYL+SRF+NPM1,"HEYL,NPM1,SRF,STAT1",4,-0.20207459149678014,0.20207459149678014
4,STAT1+RARG+HES1+SRF,"HES1,RARG,SRF,STAT1",4,-0.20197676127635933,0.20197676127635933
4,PAX3+SMAD7+ZBTB20+NPM1,"NPM1,PAX3,SMAD7,ZBTB20",4,-0.20188996478474402,0.20188996478474402
4,ZBTB20+NFIA+SRF+NPM1,"NFIA,NPM1,SRF,ZBTB20",4,-0.2018799417079783,0.2018799417079783
4,DNMT3B+NFIA+NPM1+AEBP1,"AEBP1,DNMT3B,NFIA,NPM1",4,-0.20185889259480894,0.20185889259480894
4,HEYL+NFIA+AEBP1+ZNF165,"AEBP1,HEYL,NFIA,ZNF165",4,-0.20180437147031793,0.20180437147031793
3,STAT1+HES1+ZNF202,"HES1,STAT1,ZNF202",3,-0.20178962723907615,0.20178962723907615
4,STAT1+PAX3+RARG+NPM1,"NPM1,PAX3,RARG,STAT1",4,-0.20169555183886423,0.20169555183886423
4,ZBTB20+RARG+SFPQ+ZNF165,"RARG,SFPQ,ZBTB20,ZNF165",4,-0.20155169373449638,0.20155169373449638
4,SFPQ+NPM1+HOXC13+AEBP1,"AEBP1,HOXC13,NPM1,SFPQ",4,-0.2015333273215955,0.2015333273215955
3,STAT1+SMAD7+SFPQ,"SFPQ,SMAD7,STAT1",3,-0.2015208423704103,0.2015208423704103
4,STAT1+PAX3+HEYL+SRF,"HEYL,PAX3,SRF,STAT1",4,-0.20140427678841583,0.20140427678841583
4,ATF4+SMAD7+HES1+ZNF165,"ATF4,HES1,SMAD7,ZNF165",4,-0.20136853710204594,0.20136853710204594
4,ATF4+SFPQ+DNMT3B+NFIA,"ATF4,DNMT3B,NFIA,SFPQ",4,-0.20133655392609384,0.20133655392609384
4,ZBTB20+SFPQ+DNMT3B+SRF,"DNMT3B,SFPQ,SRF,ZBTB20",4,-0.20131493980853896,0.20131493980853896
4,ZBTB20+RARG+NPM1+HOXC13,"HOXC13,NPM1,RARG,ZBTB20",4,-0.20131204148466408,0.20131204148466408
3,ATF4+HEYL+ZBTB20,"ATF4,HEYL,ZBTB20",3,-0.20125966799881317,0.20125966799881317
4,PAX3+ZBTB20+NFIA+SRF,"NFIA,PAX3,SRF,ZBTB20",4,-0.20120962699961398,0.20120962699961398
4,PAX3+DNMT3B+NFIA+AEBP1,"AEBP1,DNMT3B,NFIA,PAX3",4,-0.20118857788644462,0.20118857788644462
4,STAT1+FOXP3+SMAD7+HEYL,"FOXP3,HEYL,SMAD7,STAT1",4,-0.20114192410599244,0.20114192410599244
4,ATF4+NFIA+NPM1+ZNF165,"ATF4,NFIA,NPM1,ZNF165",4,-0.2010773045877851,0.2010773045877851
4,ZBTB20+SRF+NPM1+ZNF165,"NPM1,SRF,ZBTB20,ZNF165",4,-0.20105569047023025,0.20105569047023025
4,ATF4+HEYL+NFIA+HOXC13,"ATF4,HEYL,HOXC13,NFIA",4,-0.20104238055177054,0.20104238055177054
4,SMAD7+ZBTB20+SFPQ+ZNF202,"SFPQ,SMAD7,ZBTB20,ZNF202",4,-0.2010405566577913,0.2010405566577913
4,DNMT3B+NPM1+AEBP1+ZNF165,"AEBP1,DNMT3B,NPM1,ZNF165",4,-0.2010346413570609,0.2010346413570609
4,HEYL+ZBTB20+SRF+HOXC13,"HEYL,HOXC13,SRF,ZBTB20",4,-0.20102076643421565,0.20102076643421565
4,HEYL+DNMT3B+HOXC13+AEBP1,"AEBP1,DNMT3B,HEYL,HOXC13",4,-0.20099971732104632,0.20099971732104632
4,FOXP3+SMAD7+ZBTB20+NFIA,"FOXP3,NFIA,SMAD7,ZBTB20",4,-0.20094727431719056,0.20094727431719056
4,PAX3+SFPQ+HOXC13+AEBP1,"AEBP1,HOXC13,PAX3,SFPQ",4,-0.2008630126132312,0.2008630126132312
4,STAT1+RARG+SFPQ+ZNF202,"RARG,SFPQ,STAT1,ZNF202",4,-0.20084614371191153,0.20084614371191153
4,STAT1+FOXP3+RARG+NFIA,"FOXP3,NFIA,RARG,STAT1",4,-0.20075286137131076,0.20075286137131076
4,HEYL+HES1+NFIA+AEBP1,"AEBP1,HES1,HEYL,NFIA",4,-0.20067348771308158,0.20067348771308158
4,PAX3+ZBTB20+RARG+HOXC13,"HOXC13,PAX3,RARG,ZBTB20",4,-0.20064172677629977,0.20064172677629977
4,HEYL+ZBTB20+SFPQ+NPM1,"HEYL,NPM1,SFPQ,ZBTB20",4,-0.20051864019768084,0.20051864019768084
4,ATF4+SFPQ+DNMT3B+ZNF165,"ATF4,DNMT3B,SFPQ,ZNF165",4,-0.2005123026883458,0.2005123026883458
4,ZBTB20+RARG+SFPQ+HES1,"HES1,RARG,SFPQ,ZBTB20",4,-0.20042080997726003,0.20042080997726003
4,ATF4+PAX3+NFIA+ZNF165,"ATF4,NFIA,PAX3,ZNF165",4,-0.2004069898794208,0.2004069898794208
4,PAX3+ZBTB20+SRF+ZNF165,"PAX3,SRF,ZBTB20,ZNF165",4,-0.20038537576186594,0.20038537576186594
4,PAX3+DNMT3B+AEBP1+ZNF165,"AEBP1,DNMT3B,PAX3,ZNF165",4,-0.20036432664869658,0.20036432664869658
4,STAT1+ZNF202+SRF+NPM1,"NPM1,SRF,STAT1,ZNF202",4,-0.20035014044764543,0.20035014044764543
4,ATF4+DNMT3B+NPM1+HOXC13,"ATF4,DNMT3B,HOXC13,NPM1",4,-0.2002726504385135,0.2002726504385135
4,ATF4+HEYL+HOXC13+ZNF165,"ATF4,HEYL,HOXC13,ZNF165",4,-0.20021812931402255,0.20021812931402255
4,FOXP3+SMAD7+ZBTB20+ZNF165,"FOXP3,SMAD7,ZBTB20,ZNF165",4,-0.20012302307944252,0.20012302307944252
4,NFIA+ZNF202+AEBP1+ZNF165,"AEBP1,NFIA,ZNF165,ZNF202",4,-0.20007992042118317,0.20007992042118317
2,ATF4+STAT1,"ATF4,STAT1",2,-0.2000155026622974,0.2000155026622974
4,ATF4+HES1+NFIA+NPM1,"ATF4,HES1,NFIA,NPM1",4,-0.19994642083054875,0.19994642083054875
4,ATF4+SFPQ+SRF+AEBP1,"AEBP1,ATF4,SFPQ,SRF",4,-0.19994363682389305,0.19994363682389305
4,STAT1+FOXP3+RARG+ZNF165,"FOXP3,RARG,STAT1,ZNF165",4,-0.19992861013356278,0.19992861013356278
4,ZBTB20+HES1+SRF+NPM1,"HES1,NPM1,SRF,ZBTB20",4,-0.1999248067129939,0.1999248067129939
4,DNMT3B+HES1+NPM1+AEBP1,"AEBP1,DNMT3B,HES1,NPM1",4,-0.19990375759982457,0.19990375759982457
4,HEYL+HES1+AEBP1+ZNF165,"AEBP1,HES1,HEYL,ZNF165",4,-0.19984923647533354,0.19984923647533354
4,PAX3+HEYL+ZBTB20+SFPQ,"HEYL,PAX3,SFPQ,ZBTB20",4,-0.19984832548931653,0.19984832548931653
3,STAT1+SRF+HOXC13,"HOXC13,SRF,STAT1",3,-0.1997766010976999,0.1997766010976999
4,ATF4+ZBTB20+RARG+SRF,"ATF4,RARG,SRF,ZBTB20",4,-0.19972235098696162,0.19972235098696162
4,ATF4+RARG+DNMT3B+AEBP1,"AEBP1,ATF4,DNMT3B,RARG",4,-0.19970130187379231,0.19970130187379231
4,STAT1+FOXP3+DNMT3B+SRF,"DNMT3B,FOXP3,SRF,STAT1",4,-0.19969185620760535,0.19969185620760535
4,STAT1+PAX3+ZNF202+SRF,"PAX3,SRF,STAT1,ZNF202",4,-0.19967982573928109,0.19967982573928109
4,ATF4+PAX3+DNMT3B+HOXC13,"ATF4,DNMT3B,HOXC13,PAX3",4,-0.1996023357301492,0.1996023357301492
3,ATF4+ZBTB20+ZNF202,"ATF4,ZBTB20,ZNF202",3,-0.19953521694967843,0.19953521694967843
4,STAT1+FOXP3+SMAD7+ZNF202,"FOXP3,SMAD7,STAT1,ZNF202",4,-0.1994174730568577,0.1994174730568577
4,ATF4+SFPQ+DNMT3B+HES1,"ATF4,DNMT3B,HES1,SFPQ",4,-0.19938141893110944,0.19938141893110944
4,ATF4+NFIA+ZNF202+HOXC13,"ATF4,HOXC13,NFIA,ZNF202",4,-0.1993179295026358,0.1993179295026358
4,ZBTB20+ZNF202+SRF+HOXC13,"HOXC13,SRF,ZBTB20,ZNF202",4,-0.1992963153850809,0.1992963153850809
4,ATF4+PAX3+HES1+NFIA,"ATF4,HES1,NFIA,PAX3",4,-0.19927610612218444,0.19927610612218444
4,DNMT3B+ZNF202+HOXC13+AEBP1,"AEBP1,DNMT3B,HOXC13,ZNF202",4,-0.1992752662719116,0.1992752662719116
3,STAT1+SFPQ+NPM1,"NPM1,SFPQ,STAT1",3,-0.19927447486116506,0.19927447486116506
4,PAX3+ZBTB20+HES1+SRF,"HES1,PAX3,SRF,ZBTB20",4,-0.19925449200462958,0.19925449200462958
4,PAX3+DNMT3B+HES1+AEBP1,"AEBP1,DNMT3B,HES1,PAX3",4,-0.19923344289146022,0.19923344289146022
4,ATF4+HES1+NPM1+ZNF165,"ATF4,HES1,NPM1,ZNF165",4,-0.19912216959280077,0.19912216959280077
4,ATF4+HEYL+HES1+HOXC13,"ATF4,HES1,HEYL,HOXC13",4,-0.19908724555678614,0.19908724555678614
4,FOXP3+SMAD7+ZBTB20+HES1,"FOXP3,HES1,SMAD7,ZBTB20",4,-0.19899213932220616,0.19899213932220616
4,HES1+NFIA+ZNF202+AEBP1,"AEBP1,HES1,NFIA,ZNF202",4,-0.1989490366639468,0.1989490366639468
4,STAT1+FOXP3+HEYL+NPM1,"FOXP3,HEYL,NPM1,STAT1",4,-0.19889555659674724,0.19889555659674724
4,STAT1+FOXP3+RARG+HES1,"FOXP3,HES1,RARG,STAT1",4,-0.1987977263763264,0.1987977263763264
4,ZBTB20+SFPQ+ZNF202+NPM1,"NPM1,SFPQ,ZBTB20,ZNF202",4,-0.19879418914854607,0.19879418914854607
3,STAT1+HEYL+DNMT3B,"DNMT3B,HEYL,STAT1",3,-0.19874086486061587,0.19874086486061587
4,FOXP3+ZBTB20+NFIA+NPM1,"FOXP3,NFIA,NPM1,ZBTB20",4,-0.19870090680794533,0.19870090680794533
4,SMAD7+SFPQ+NFIA+AEBP1,"AEBP1,NFIA,SFPQ,SMAD7",4,-0.19868025179528098,0.19868025179528098
4,STAT1+SMAD7+HEYL+RARG,"HEYL,RARG,SMAD7,STAT1",4,-0.1986536157471514,0.1986536157471514
3,STAT1+PAX3+SFPQ,"PAX3,SFPQ,STAT1",3,-0.19860416015280075,0.19860416015280075
3,ZBTB20+DNMT3B+NFIA,"DNMT3B,NFIA,ZBTB20",3,-0.19854621507181397,0.19854621507181397
4,ATF4+ZNF202+HOXC13+ZNF165,"ATF4,HOXC13,ZNF165,ZNF202",4,-0.19849367826488779,0.19849367826488779
4,SMAD7+ZBTB20+RARG+NFIA,"NFIA,RARG,SMAD7,ZBTB20",4,-0.1984589659583495,0.1984589659583495
4,ATF4+PAX3+HES1+ZNF165,"ATF4,HES1,PAX3,ZNF165",4,-0.19845185488443645,0.19845185488443645
4,HEYL+ZBTB20+DNMT3B+ZNF202,"DNMT3B,HEYL,ZBTB20,ZNF202",4,-0.19826057914799688,0.19826057914799688
4,STAT1+FOXP3+PAX3+HEYL,"FOXP3,HEYL,PAX3,STAT1",4,-0.19822524188838292,0.19822524188838292
3,ZBTB20+SFPQ+HOXC13,"HOXC13,SFPQ,ZBTB20",3,-0.19822064979860057,0.19822064979860057
4,FOXP3+ZBTB20+SFPQ+DNMT3B,"DNMT3B,FOXP3,SFPQ,ZBTB20",4,-0.19813590490850602,0.19813590490850602
4,HES1+ZNF202+AEBP1+ZNF165,"AEBP1,HES1,ZNF165,ZNF202",4,-0.19812478542619882,0.19812478542619882
4,PAX3+ZBTB20+SFPQ+ZNF202,"PAX3,SFPQ,ZBTB20,ZNF202",4,-0.19812387444018179,0.19812387444018179
4,FOXP3+PAX3+ZBTB20+NFIA,"FOXP3,NFIA,PAX3,ZBTB20",4,-0.19803059209958102,0.19803059209958102
4,FOXP3+ZBTB20+NPM1+ZNF165,"FOXP3,NPM1,ZBTB20,ZNF165",4,-0.1978766555701973,0.1978766555701973
4,SMAD7+SFPQ+AEBP1+ZNF165,"AEBP1,SFPQ,SMAD7,ZNF165",4,-0.19785600055753294,0.19785600055753294
4,FOXP3+HEYL+ZBTB20+HOXC13,"FOXP3,HEYL,HOXC13,ZBTB20",4,-0.19784173153418272,0.19784173153418272
3,ZBTB20+DNMT3B+ZNF165,"DNMT3B,ZBTB20,ZNF165",3,-0.19772196383406598,0.19772196383406598
4,SMAD7+ZBTB20+RARG+ZNF165,"RARG,SMAD7,ZBTB20,ZNF165",4,-0.1976347147206015,0.1976347147206015
4,SMAD7+NPM1+HOXC13+AEBP1,"AEBP1,HOXC13,NPM1,SMAD7",4,-0.19761634830770064,0.19761634830770064
4,DNMT3B+NFIA+HOXC13+ZNF165,"DNMT3B,HOXC13,NFIA,ZNF165",4,-0.19750467638702335,0.19750467638702335
4,ATF4+SMAD7+DNMT3B+NFIA,"ATF4,DNMT3B,NFIA,SMAD7",4,-0.19741957491219897,0.19741957491219897
4,SMAD7+ZBTB20+DNMT3B+SRF,"DNMT3B,SMAD7,SRF,ZBTB20",4,-0.19739796079464408,0.19739796079464408
4,ATF4+HES1+ZNF202+HOXC13,"ATF4,HES1,HOXC13,ZNF202",4,-0.1973627945076514,0.1973627945076514
4,FOXP3+PAX3+ZBTB20+ZNF165,"FOXP3,PAX3,ZBTB20,ZNF165",4,-0.19720634086183297,0.19720634086183297
4,STAT1+RARG+DNMT3B+SRF,"DNMT3B,RARG,SRF,STAT1",4,-0.19720354784876432,0.19720354784876432
3,ATF4+NFIA+AEBP1,"AEBP1,ATF4,NFIA",3,-0.19717491208716809,0.19717491208716809
4,STAT1+FOXP3+ZNF202+NPM1,"FOXP3,NPM1,STAT1,ZNF202",4,-0.19717110554761247,0.19717110554761247
3,ZBTB20+SRF+AEBP1,"AEBP1,SRF,ZBTB20",3,-0.19715329796961323,0.19715329796961323
4,ATF4+SMAD7+SFPQ+HOXC13,"ATF4,HOXC13,SFPQ,SMAD7",4,-0.19709400963898555,0.19709400963898555
3,STAT1+DNMT3B+ZNF202,"DNMT3B,STAT1,ZNF202",3,-0.19701641381148113,0.19701641381148113
4,PAX3+SMAD7+HOXC13+AEBP1,"AEBP1,HOXC13,PAX3,SMAD7",4,-0.19694603359933632,0.19694603359933632
4,NFIA+SRF+HOXC13+AEBP1,"AEBP1,HOXC13,NFIA,SRF",4,-0.1969360105225706,0.1969360105225706
4,STAT1+SMAD7+RARG+ZNF202,"RARG,SMAD7,STAT1,ZNF202",4,-0.19692916469801666,0.19692916469801666
4,ATF4+HEYL+ZNF202+AEBP1,"AEBP1,ATF4,HEYL,ZNF202",4,-0.196889276163351,0.196889276163351
4,ATF4+FOXP3+SFPQ+AEBP1,"AEBP1,ATF4,FOXP3,SFPQ",4,-0.19676460192386014,0.19676460192386014
4,FOXP3+ZBTB20+HES1+NPM1,"FOXP3,HES1,NPM1,ZBTB20",4,-0.19674577181296093,0.19674577181296093
4,SMAD7+SFPQ+HES1+AEBP1,"AEBP1,HES1,SFPQ,SMAD7",4,-0.19672511680029658,0.19672511680029658
4,SMAD7+HEYL+ZBTB20+NPM1,"HEYL,NPM1,SMAD7,ZBTB20",4,-0.19660166118378597,0.19660166118378597
3,STAT1+FOXP3+HOXC13,"FOXP3,HOXC13,STAT1",3,-0.19659756619766697,0.19659756619766697
4,ATF4+SMAD7+DNMT3B+ZNF165,"ATF4,DNMT3B,SMAD7,ZNF165",4,-0.19659532367445093,0.19659532367445093
3,ZBTB20+DNMT3B+HES1,"DNMT3B,HES1,ZBTB20",3,-0.1965910800768296,0.1965910800768296
4,ATF4+FOXP3+ZBTB20+RARG,"ATF4,FOXP3,RARG,ZBTB20",4,-0.19654331608692865,0.19654331608692865
4,SMAD7+ZBTB20+RARG+HES1,"HES1,RARG,SMAD7,ZBTB20",4,-0.19650383096336513,0.19650383096336513
4,STAT1+FOXP3+PAX3+ZNF202,"FOXP3,PAX3,STAT1,ZNF202",4,-0.19650079083924818,0.19650079083924818
4,SFPQ+NFIA+NPM1+AEBP1,"AEBP1,NFIA,NPM1,SFPQ",4,-0.19643388428603575,0.19643388428603575
4,STAT1+HEYL+RARG+NPM1,"HEYL,NPM1,RARG,STAT1",4,-0.19640724823790617,0.19640724823790617
4,DNMT3B+HES1+NFIA+HOXC13,"DNMT3B,HES1,HOXC13,NFIA",4,-0.196373792629787,0.196373792629787
3,ATF4+AEBP1+ZNF165,"AEBP1,ATF4,ZNF165",3,-0.1963506608494201,0.1963506608494201
4,ZBTB20+RARG+NFIA+NPM1,"NFIA,NPM1,RARG,ZBTB20",4,-0.19621259844910433,0.19621259844910433
4,FOXP3+ZBTB20+ZNF202+HOXC13,"FOXP3,HOXC13,ZBTB20,ZNF202",4,-0.19611728048504798,0.19611728048504798
4,SRF+HOXC13+AEBP1+ZNF165,"AEBP1,HOXC13,SRF,ZNF165",4,-0.1961117592848226,0.1961117592848226
4,FOXP3+PAX3+ZBTB20+HES1,"FOXP3,HES1,PAX3,ZBTB20",4,-0.19607545710459662,0.19607545710459662
4,ATF4+SMAD7+SRF+AEBP1,"AEBP1,ATF4,SMAD7,SRF",4,-0.19602665780999817,0.19602665780999817
4,PAX3+SMAD7+HEYL+ZBTB20,"HEYL,PAX3,SMAD7,ZBTB20",4,-0.19593134647542165,0.19593134647542165
4,HEYL+ZBTB20+NFIA+SRF,"HEYL,NFIA,SRF,ZBTB20",4,-0.19592132339865587,0.19592132339865587
4,HEYL+DNMT3B+NFIA+AEBP1,"AEBP1,DNMT3B,HEYL,NFIA",4,-0.19590027428548656,0.19590027428548656
4,PAX3+SFPQ+NFIA+AEBP1,"AEBP1,NFIA,PAX3,SFPQ",4,-0.19576356957767144,0.19576356957767144
4,STAT1+PAX3+HEYL+RARG,"HEYL,PAX3,RARG,STAT1",4,-0.19573693352954186,0.19573693352954186
4,ZBTB20+RARG+SFPQ+DNMT3B,"DNMT3B,RARG,SFPQ,ZBTB20",4,-0.19564759654966501,0.19564759654966501
4,SFPQ+NPM1+AEBP1+ZNF165,"AEBP1,NPM1,SFPQ,ZNF165",4,-0.1956096330482877,0.1956096330482877
4,HEYL+SFPQ+HOXC13+AEBP1,"AEBP1,HEYL,HOXC13,SFPQ",4,-0.19557470901227314,0.19557470901227314
4,DNMT3B+HES1+HOXC13+ZNF165,"DNMT3B,HES1,HOXC13,ZNF165",4,-0.19554954139203895,0.19554954139203895
4,PAX3+ZBTB20+RARG+NFIA,"NFIA,PAX3,RARG,ZBTB20",4,-0.19554228374074,0.19554228374074
4,ATF4+SMAD7+DNMT3B+HES1,"ATF4,DNMT3B,HES1,SMAD7",4,-0.19546443991721457,0.19546443991721457
4,ZBTB20+RARG+NPM1+ZNF165,"NPM1,RARG,ZBTB20,ZNF165",4,-0.19538834721135628,0.19538834721135628
3,STAT1+SMAD7+NPM1,"NPM1,SMAD7,STAT1",3,-0.1953574958472702,0.1953574958472702
4,HEYL+ZBTB20+RARG+HOXC13,"HEYL,HOXC13,RARG,ZBTB20",4,-0.19535342317534168,0.19535342317534168
3,ATF4+HES1+AEBP1,"AEBP1,ATF4,HES1",3,-0.19521977709218372,0.19521977709218372
4,ATF4+DNMT3B+NFIA+NPM1,"ATF4,DNMT3B,NFIA,NPM1",4,-0.19517320740295374,0.19517320740295374
4,ZBTB20+DNMT3B+SRF+NPM1,"DNMT3B,NPM1,SRF,ZBTB20",4,-0.19515159328539888,0.19515159328539888
4,ATF4+HEYL+NFIA+ZNF165,"ATF4,HEYL,NFIA,ZNF165",4,-0.19511868627846274,0.19511868627846274
4,HEYL+ZBTB20+SRF+ZNF165,"HEYL,SRF,ZBTB20,ZNF165",4,-0.19509707216090788,0.19509707216090788
4,HEYL+DNMT3B+AEBP1+ZNF165,"AEBP1,DNMT3B,HEYL,ZNF165",4,-0.19507602304773852,0.19507602304773852
4,HES1+SRF+HOXC13+AEBP1,"AEBP1,HES1,HOXC13,SRF",4,-0.1949808755275862,0.1949808755275862
4,PAX3+SFPQ+AEBP1+ZNF165,"AEBP1,PAX3,SFPQ,ZNF165",4,-0.1949393183399234,0.1949393183399234
4,SMAD7+ZBTB20+ZNF202+NPM1,"NPM1,SMAD7,ZBTB20,ZNF202",4,-0.1948772101346512,0.1948772101346512
4,ATF4+SFPQ+NPM1+HOXC13,"ATF4,HOXC13,NPM1,SFPQ",4,-0.19484764212974032,0.19484764212974032
4,PAX3+ZBTB20+RARG+ZNF165,"PAX3,RARG,ZBTB20,ZNF165",4,-0.19471803250299197,0.19471803250299197
4,PAX3+NPM1+HOXC13+AEBP1,"AEBP1,HOXC13,NPM1,PAX3",4,-0.19469966609009115,0.19469966609009115
3,STAT1+PAX3+SMAD7,"PAX3,SMAD7,STAT1",3,-0.19468718113890587,0.19468718113890587
4,STAT1+RARG+ZNF202+NPM1,"NPM1,RARG,STAT1,ZNF202",4,-0.19468279718877146,0.19468279718877146
3,STAT1+NFIA+SRF,"NFIA,SRF,STAT1",3,-0.19467715806214014,0.19467715806214014
4,ATF4+PAX3+DNMT3B+NFIA,"ATF4,DNMT3B,NFIA,PAX3",4,-0.19450289269458942,0.19450289269458942
4,PAX3+ZBTB20+DNMT3B+SRF,"DNMT3B,PAX3,SRF,ZBTB20",4,-0.19448127857703457,0.19448127857703457
4,SFPQ+HES1+NPM1+AEBP1,"AEBP1,HES1,NPM1,SFPQ",4,-0.19447874929105138,0.19447874929105138
4,STAT1+HEYL+ZNF202+SRF,"HEYL,SRF,STAT1,ZNF202",4,-0.19439152213832303,0.19439152213832303
4,ATF4+DNMT3B+NPM1+ZNF165,"ATF4,DNMT3B,NPM1,ZNF165",4,-0.1943489561652057,0.1943489561652057
4,ATF4+HEYL+DNMT3B+HOXC13,"ATF4,DNMT3B,HEYL,HOXC13",4,-0.19431403212919113,0.19431403212919113
3,SMAD7+ZBTB20+HOXC13,"HOXC13,SMAD7,ZBTB20",3,-0.1943036707847057,0.1943036707847057
4,ATF4+RARG+SFPQ+AEBP1,"AEBP1,ATF4,RARG,SFPQ",4,-0.19427629356501913,0.19427629356501913
4,STAT1+FOXP3+SFPQ+SRF,"FOXP3,SFPQ,SRF,STAT1",4,-0.19426684789883217,0.19426684789883217
4,ZBTB20+RARG+HES1+NPM1,"HES1,NPM1,RARG,ZBTB20",4,-0.19425746345411993,0.19425746345411993
4,FOXP3+SMAD7+ZBTB20+DNMT3B,"DNMT3B,FOXP3,SMAD7,ZBTB20",4,-0.19421892589461115,0.19421892589461115
4,PAX3+SMAD7+ZBTB20+ZNF202,"PAX3,SMAD7,ZBTB20,ZNF202",4,-0.1942068954262869,0.1942068954262869
4,ZBTB20+NFIA+ZNF202+SRF,"NFIA,SRF,ZBTB20,ZNF202",4,-0.19419687234952115,0.19419687234952115
4,ATF4+PAX3+SFPQ+HOXC13,"ATF4,HOXC13,PAX3,SFPQ",4,-0.19417732742137603,0.19417732742137603
4,DNMT3B+NFIA+ZNF202+AEBP1,"AEBP1,DNMT3B,NFIA,ZNF202",4,-0.1941758232363518,0.1941758232363518
3,STAT1+RARG+HOXC13,"HOXC13,RARG,STAT1",3,-0.19410925783882593,0.19410925783882593
4,STAT1+FOXP3+RARG+DNMT3B,"DNMT3B,FOXP3,RARG,STAT1",4,-0.19402451294873138,0.19402451294873138
4,STAT1+PAX3+RARG+ZNF202,"PAX3,RARG,STAT1,ZNF202",4,-0.19401248248040712,0.19401248248040712
4,ATF4+HEYL+HES1+NFIA,"ATF4,HES1,HEYL,NFIA",4,-0.19398780252122638,0.19398780252122638
3,FOXP3+ZBTB20+AEBP1,"AEBP1,FOXP3,ZBTB20",3,-0.19397426306958027,0.19397426306958027
4,HEYL+ZBTB20+HES1+SRF,"HES1,HEYL,SRF,ZBTB20",4,-0.1939661884036715,0.1939661884036715
4,HEYL+DNMT3B+HES1+AEBP1,"AEBP1,DNMT3B,HES1,HEYL",4,-0.19394513929050217,0.19394513929050217
3,STAT1+SRF+ZNF165,"SRF,STAT1,ZNF165",3,-0.1938529068243921,0.1938529068243921
4,SFPQ+ZNF202+HOXC13+AEBP1,"AEBP1,HOXC13,SFPQ,ZNF202",4,-0.19385025796313843,0.19385025796313843
4,PAX3+SFPQ+HES1+AEBP1,"AEBP1,HES1,PAX3,SFPQ",4,-0.19380843458268704,0.19380843458268704
4,ATF4+SRF+NPM1+AEBP1,"AEBP1,ATF4,NPM1,SRF",4,-0.193780290300753,0.193780290300753
4,FOXP3+NFIA+HOXC13+AEBP1,"AEBP1,FOXP3,HOXC13,NFIA",4,-0.19375697562253763,0.19375697562253763
4,PAX3+HEYL+ZBTB20+NPM1,"HEYL,NPM1,PAX3,ZBTB20",4,-0.19368497896617642,0.19368497896617642
4,ATF4+PAX3+DNMT3B+ZNF165,"ATF4,DNMT3B,PAX3,ZNF165",4,-0.19367864145684144,0.19367864145684144
4,ZBTB20+RARG+ZNF202+HOXC13,"HOXC13,RARG,ZBTB20,ZNF202",4,-0.19362897212620697,0.19362897212620697
4,PAX3+ZBTB20+RARG+HES1,"HES1,PAX3,RARG,ZBTB20",4,-0.1935871487457556,0.1935871487457556
4,ATF4+NFIA+ZNF202+ZNF165,"ATF4,NFIA,ZNF165,ZNF202",4,-0.19339423522932803,0.19339423522932803
4,ZBTB20+ZNF202+SRF+ZNF165,"SRF,ZBTB20,ZNF165,ZNF202",4,-0.1933726211117731,0.1933726211117731
4,DNMT3B+ZNF202+AEBP1+ZNF165,"AEBP1,DNMT3B,ZNF165,ZNF202",4,-0.1933515719986038,0.1933515719986038
3,STAT1+HEYL+SFPQ,"HEYL,SFPQ,STAT1",3,-0.1933158565518427,0.1933158565518427
4,ATF4+DNMT3B+HES1+NPM1,"ATF4,DNMT3B,HES1,NPM1",4,-0.19321807240796934,0.19321807240796934
4,ATF4+HEYL+HES1+ZNF165,"ATF4,HES1,HEYL,ZNF165",4,-0.19316355128347834,0.19316355128347834
3,ZBTB20+SFPQ+NFIA,"NFIA,SFPQ,ZBTB20",3,-0.1931212067630408,0.1931212067630408
4,ATF4+PAX3+SRF+AEBP1,"AEBP1,ATF4,PAX3,SRF",4,-0.19310997559238868,0.19310997559238868
4,FOXP3+HOXC13+AEBP1+ZNF165,"AEBP1,FOXP3,HOXC13,ZNF165",4,-0.19293272438478964,0.19293272438478964
4,ATF4+FOXP3+SMAD7+AEBP1,"AEBP1,ATF4,FOXP3,SMAD7",4,-0.19284762290996527,0.19284762290996527
4,HEYL+ZBTB20+SFPQ+ZNF202,"HEYL,SFPQ,ZBTB20,ZNF202",4,-0.1928355708392237,0.1928355708392237
4,FOXP3+HEYL+ZBTB20+NFIA,"FOXP3,HEYL,NFIA,ZBTB20",4,-0.19274228849862296,0.19274228849862296
3,STAT1+HES1+SRF,"HES1,SRF,STAT1",3,-0.19272202306715575,0.19272202306715575
4,ATF4+DNMT3B+ZNF202+HOXC13,"ATF4,DNMT3B,HOXC13,ZNF202",4,-0.1925895810800564,0.1925895810800564
4,ATF4+PAX3+DNMT3B+HES1,"ATF4,DNMT3B,HES1,PAX3",4,-0.19254775769960505,0.19254775769960505
4,SMAD7+NFIA+NPM1+AEBP1,"AEBP1,NFIA,NPM1,SMAD7",4,-0.19251690527214088,0.19251690527214088
3,STAT1+PAX3+NPM1,"NPM1,PAX3,STAT1",3,-0.19244081362966065,0.19244081362966065
3,ZBTB20+SFPQ+ZNF165,"SFPQ,ZBTB20,ZNF165",3,-0.1922969555252928,0.1922969555252928
4,ATF4+HES1+NFIA+ZNF202,"ATF4,HES1,NFIA,ZNF202",4,-0.19226335147209164,0.19226335147209164
4,ZBTB20+HES1+ZNF202+SRF,"HES1,SRF,ZBTB20,ZNF202",4,-0.19224173735453678,0.19224173735453678
4,DNMT3B+HES1+ZNF202+AEBP1,"AEBP1,DNMT3B,HES1,ZNF202",4,-0.19222068824136743,0.19222068824136743
4,SFPQ+NFIA+HOXC13+ZNF165,"HOXC13,NFIA,SFPQ,ZNF165",4,-0.19207966807825017,0.19207966807825017
3,ZBTB20+NPM1+HOXC13,"HOXC13,NPM1,ZBTB20",3,-0.1920573032754605,0.1920573032754605
4,ATF4+SMAD7+SFPQ+NFIA,"ATF4,NFIA,SFPQ,SMAD7",4,-0.1919945666034258,0.1919945666034258
4,SMAD7+ZBTB20+SFPQ+SRF,"SFPQ,SMAD7,SRF,ZBTB20",4,-0.1919729524858709,0.1919729524858709
4,FOXP3+ZBTB20+DNMT3B+NPM1,"DNMT3B,FOXP3,NPM1,ZBTB20",4,-0.19197255838536592,0.19197255838536592
4,PAX3+ZBTB20+ZNF202+NPM1,"NPM1,PAX3,ZBTB20,ZNF202",4,-0.1919605279170417,0.1919605279170417
4,SMAD7+SFPQ+DNMT3B+AEBP1,"AEBP1,DNMT3B,SFPQ,SMAD7",4,-0.19195190337270157,0.19195190337270157
4,FOXP3+HEYL+ZBTB20+ZNF165,"FOXP3,HEYL,ZBTB20,ZNF165",4,-0.19191803726087492,0.19191803726087492
4,PAX3+SMAD7+NFIA+AEBP1,"AEBP1,NFIA,PAX3,SMAD7",4,-0.19184659056377656,0.19184659056377656
4,FOXP3+HES1+HOXC13+AEBP1,"AEBP1,FOXP3,HES1,HOXC13",4,-0.1918018406275533,0.1918018406275533
4,STAT1+RARG+SFPQ+SRF,"RARG,SFPQ,SRF,STAT1",4,-0.19177853953999113,0.19177853953999113
4,SMAD7+ZBTB20+RARG+DNMT3B,"DNMT3B,RARG,SMAD7,ZBTB20",4,-0.19173061753577011,0.19173061753577011
4,SMAD7+NPM1+AEBP1+ZNF165,"AEBP1,NPM1,SMAD7,ZNF165",4,-0.19169265403439284,0.19169265403439284
4,SMAD7+HEYL+HOXC13+AEBP1,"AEBP1,HEYL,HOXC13,SMAD7",4,-0.19165772999837827,0.19165772999837827
3,STAT1+SFPQ+ZNF202,"SFPQ,STAT1,ZNF202",3,-0.19159140550270795,0.19159140550270795
3,STAT1+FOXP3+NFIA,"FOXP3,NFIA,STAT1",3,-0.19149812316210718,0.19149812316210718
3,ZBTB20+RARG+AEBP1,"AEBP1,RARG,ZBTB20",3,-0.19148595471073926,0.19148595471073926
4,ATF4+HES1+ZNF202+ZNF165,"ATF4,HES1,ZNF165,ZNF202",4,-0.19143910023434363,0.19143910023434363
3,PAX3+ZBTB20+HOXC13,"HOXC13,PAX3,ZBTB20",3,-0.19138698856709618,0.19138698856709618
4,FOXP3+PAX3+ZBTB20+DNMT3B,"DNMT3B,FOXP3,PAX3,ZBTB20",4,-0.1913022436770016,0.1913022436770016
4,RARG+NFIA+HOXC13+AEBP1,"AEBP1,HOXC13,NFIA,RARG",4,-0.19126866726369662,0.19126866726369662
4,STAT1+FOXP3+HEYL+ZNF202,"FOXP3,HEYL,STAT1,ZNF202",4,-0.1912124872382901,0.1912124872382901
4,ATF4+SMAD7+SFPQ+ZNF165,"ATF4,SFPQ,SMAD7,ZNF165",4,-0.19117031536567775,0.19117031536567775
3,ZBTB20+SFPQ+HES1,"HES1,SFPQ,ZBTB20",3,-0.19116607176805642,0.19116607176805642
4,PAX3+SMAD7+AEBP1+ZNF165,"AEBP1,PAX3,SMAD7,ZNF165",4,-0.19102233932602852,0.19102233932602852
4,FOXP3+ZBTB20+NFIA+ZNF202,"FOXP3,NFIA,ZBTB20,ZNF202",4,-0.19101783744948822,0.19101783744948822
4,NFIA+SRF+AEBP1+ZNF165,"AEBP1,NFIA,SRF,ZNF165",4,-0.1910123162492628,0.1910123162492628
4,SFPQ+HES1+NFIA+HOXC13,"HES1,HOXC13,NFIA,SFPQ",4,-0.1909487843210138,0.1909487843210138
4,ATF4+SMAD7+NPM1+HOXC13,"ATF4,HOXC13,NPM1,SMAD7",4,-0.19093066311584544,0.19093066311584544
4,FOXP3+HEYL+ZBTB20+HES1,"FOXP3,HES1,HEYL,ZBTB20",4,-0.19078715350363856,0.19078715350363856
3,STAT1+FOXP3+ZNF165,"FOXP3,STAT1,ZNF165",3,-0.1906738719243592,0.1906738719243592
4,ATF4+FOXP3+NPM1+AEBP1,"AEBP1,ATF4,FOXP3,NPM1",4,-0.19060125540072004,0.19060125540072004
4,SMAD7+HES1+NPM1+AEBP1,"AEBP1,HES1,NPM1,SMAD7",4,-0.1905617702771565,0.1905617702771565
4,HEYL+SFPQ+NFIA+AEBP1,"AEBP1,HEYL,NFIA,SFPQ",4,-0.19047526597671338,0.19047526597671338
3,ATF4+ZBTB20+SRF,"ATF4,SRF,ZBTB20",3,-0.19046761277775803,0.19046761277775803
4,DNMT3B+HES1+NFIA+ZNF165,"DNMT3B,HES1,NFIA,ZNF165",4,-0.1904500983564792,0.1904500983564792
3,ATF4+DNMT3B+AEBP1,"AEBP1,ATF4,DNMT3B",3,-0.19044656366458868,0.19044656366458868
4,RARG+HOXC13+AEBP1+ZNF165,"AEBP1,HOXC13,RARG,ZNF165",4,-0.19044441602594864,0.19044441602594864
4,ATF4+SMAD7+RARG+AEBP1,"AEBP1,ATF4,RARG,SMAD7",4,-0.19035931455112423,0.19035931455112423
4,STAT1+FOXP3+SMAD7+SRF,"FOXP3,SMAD7,SRF,STAT1",4,-0.1903498688849373,0.1903498688849373
4,ATF4+PAX3+SMAD7+HOXC13,"ATF4,HOXC13,PAX3,SMAD7",4,-0.19026034840748116,0.19026034840748116
4,HEYL+ZBTB20+RARG+NFIA,"HEYL,NFIA,RARG,ZBTB20",4,-0.1902539801397819,0.1902539801397819
4,ATF4+NFIA+SRF+HOXC13,"ATF4,HOXC13,NFIA,SRF",4,-0.1902503253307154,0.1902503253307154
4,DNMT3B+SRF+HOXC13+AEBP1,"AEBP1,DNMT3B,HOXC13,SRF",4,-0.19020766209999118,0.19020766209999118
4,FOXP3+ZBTB20+ZNF202+ZNF165,"FOXP3,ZBTB20,ZNF165,ZNF202",4,-0.1901935862117402,0.1901935862117402
4,SFPQ+HES1+HOXC13+ZNF165,"HES1,HOXC13,SFPQ,ZNF165",4,-0.19012453308326577,0.19012453308326577
4,ATF4+SMAD7+SFPQ+HES1,"ATF4,HES1,SFPQ,SMAD7",4,-0.1900394316084414,0.1900394316084414
4,SMAD7+ZNF202+HOXC13+AEBP1,"AEBP1,HOXC13,SMAD7,ZNF202",4,-0.18993327894924356,0.18993327894924356
4,ATF4+FOXP3+PAX3+AEBP1,"AEBP1,ATF4,FOXP3,PAX3",4,-0.18993094069235572,0.18993094069235572
4,PAX3+SMAD7+HES1+AEBP1,"AEBP1,HES1,PAX3,SMAD7",4,-0.18989145556879217,0.18989145556879217
4,HES1+NFIA+SRF+AEBP1,"AEBP1,HES1,NFIA,SRF",4,-0.18988143249202644,0.18988143249202644
4,ATF4+SFPQ+NFIA+NPM1,"ATF4,NFIA,NPM1,SFPQ",4,-0.18974819909418056,0.18974819909418056
4,ZBTB20+SFPQ+SRF+NPM1,"NPM1,SFPQ,SRF,ZBTB20",4,-0.1897265849766257,0.1897265849766257
4,SFPQ+DNMT3B+NPM1+AEBP1,"AEBP1,DNMT3B,NPM1,SFPQ",4,-0.18970553586345634,0.18970553586345634
4,HEYL+SFPQ+AEBP1+ZNF165,"AEBP1,HEYL,SFPQ,ZNF165",4,-0.18965101473896534,0.18965101473896534
4,PAX3+NFIA+NPM1+AEBP1,"AEBP1,NFIA,NPM1,PAX3",4,-0.18960022305453136,0.18960022305453136
3,STAT1+FOXP3+HES1,"FOXP3,HES1,STAT1",3,-0.1895429881671228,0.1895429881671228
4,ZBTB20+RARG+DNMT3B+NPM1,"DNMT3B,NPM1,RARG,ZBTB20",4,-0.18948425002652491,0.18948425002652491
4,HEYL+ZBTB20+RARG+ZNF165,"HEYL,RARG,ZBTB20,ZNF165",4,-0.1894297289020339,0.1894297289020339
4,ATF4+SRF+HOXC13+ZNF165,"ATF4,HOXC13,SRF,ZNF165",4,-0.1894260740929674,0.1894260740929674
4,HEYL+NPM1+HOXC13+AEBP1,"AEBP1,HEYL,HOXC13,NPM1",4,-0.1894113624891331,0.1894113624891331
3,STAT1+SMAD7+HEYL,"HEYL,SMAD7,STAT1",3,-0.18939887753794782,0.18939887753794782
4,RARG+HES1+HOXC13+AEBP1,"AEBP1,HES1,HOXC13,RARG",4,-0.18931353226871228,0.18931353226871228
4,ATF4+HEYL+DNMT3B+NFIA,"ATF4,DNMT3B,HEYL,NFIA",4,-0.18921458909363137,0.18921458909363137
3,SMAD7+ZBTB20+NFIA,"NFIA,SMAD7,ZBTB20",3,-0.18920422774914591,0.18920422774914591
4,HEYL+ZBTB20+DNMT3B+SRF,"DNMT3B,HEYL,SRF,ZBTB20",4,-0.18919297497607648,0.18919297497607648
4,ATF4+PAX3+SFPQ+NFIA,"ATF4,NFIA,PAX3,SFPQ",4,-0.18907788438581624,0.18907788438581624
4,FOXP3+ZBTB20+HES1+ZNF202,"FOXP3,HES1,ZBTB20,ZNF202",4,-0.18906270245450382,0.18906270245450382
4,HES1+SRF+AEBP1+ZNF165,"AEBP1,HES1,SRF,ZNF165",4,-0.1890571812542784,0.1890571812542784
4,PAX3+ZBTB20+SFPQ+SRF,"PAX3,SFPQ,SRF,ZBTB20",4,-0.18905627026826138,0.18905627026826138
4,PAX3+SFPQ+DNMT3B+AEBP1,"AEBP1,DNMT3B,PAX3,SFPQ",4,-0.18903522115509203,0.18903522115509203
3,STAT1+RARG+NFIA,"NFIA,RARG,STAT1",3,-0.18900981480326617,0.18900981480326617
4,ATF4+SFPQ+NPM1+ZNF165,"ATF4,NPM1,SFPQ,ZNF165",4,-0.18892394785643252,0.18892394785643252
4,SMAD7+HEYL+ZBTB20+ZNF202,"HEYL,SMAD7,ZBTB20,ZNF202",4,-0.18891859182532883,0.18891859182532883
4,ATF4+HEYL+SFPQ+HOXC13,"ATF4,HEYL,HOXC13,SFPQ",4,-0.18888902382041795,0.18888902382041795
4,PAX3+ZBTB20+RARG+DNMT3B,"DNMT3B,PAX3,RARG,ZBTB20",4,-0.1888139353181606,0.1888139353181606
4,FOXP3+SMAD7+ZBTB20+SFPQ,"FOXP3,SFPQ,SMAD7,ZBTB20",4,-0.18879391758583797,0.18879391758583797
4,PAX3+NPM1+AEBP1+ZNF165,"AEBP1,NPM1,PAX3,ZNF165",4,-0.18877597181678335,0.18877597181678335
4,SFPQ+NFIA+ZNF202+AEBP1,"AEBP1,NFIA,SFPQ,ZNF202",4,-0.18875081492757861,0.18875081492757861
4,PAX3+HEYL+HOXC13+AEBP1,"AEBP1,HEYL,HOXC13,PAX3",4,-0.18874104778076878,0.18874104778076878
4,STAT1+HEYL+RARG+ZNF202,"HEYL,RARG,STAT1,ZNF202",4,-0.18872417887944906,0.18872417887944906
4,STAT1+FOXP3+RARG+SFPQ,"FOXP3,RARG,SFPQ,STAT1",4,-0.1885995046399582,0.1885995046399582
4,ZBTB20+RARG+NFIA+ZNF202,"NFIA,RARG,ZBTB20,ZNF202",4,-0.1885295290906472,0.1885295290906472
4,HEYL+SFPQ+HES1+AEBP1,"AEBP1,HES1,HEYL,SFPQ",4,-0.18852013098172898,0.18852013098172898
4,ATF4+HEYL+DNMT3B+ZNF165,"ATF4,DNMT3B,HEYL,ZNF165",4,-0.18839033785588333,0.18839033785588333
3,SMAD7+ZBTB20+ZNF165,"SMAD7,ZBTB20,ZNF165",3,-0.18837997651139793,0.18837997651139793
4,HEYL+ZBTB20+RARG+HES1,"HES1,HEYL,RARG,ZBTB20",4,-0.18829884514479753,0.18829884514479753
4,ATF4+HES1+SRF+HOXC13,"ATF4,HES1,HOXC13,SRF",4,-0.18829519033573103,0.18829519033573103
4,ATF4+PAX3+SFPQ+ZNF165,"ATF4,PAX3,SFPQ,ZNF165",4,-0.18825363314806826,0.18825363314806826
3,STAT1+RARG+ZNF165,"RARG,STAT1,ZNF165",3,-0.18818556356551813,0.18818556356551813
4,SMAD7+NFIA+HOXC13+ZNF165,"HOXC13,NFIA,SMAD7,ZNF165",4,-0.1881626890643553,0.1881626890643553
4,ATF4+RARG+NPM1+AEBP1,"AEBP1,ATF4,NPM1,RARG",4,-0.18811294704187903,0.18811294704187903
4,STAT1+FOXP3+SRF+NPM1,"FOXP3,NPM1,SRF,STAT1",4,-0.1881035013756921,0.1881035013756921
4,ATF4+PAX3+NPM1+HOXC13,"ATF4,HOXC13,NPM1,PAX3",4,-0.18801398089823596,0.18801398089823596
3,STAT1+DNMT3B+SRF,"DNMT3B,SRF,STAT1",3,-0.18794880963956073,0.18794880963956073
4,SFPQ+ZNF202+AEBP1+ZNF165,"AEBP1,SFPQ,ZNF165,ZNF202",4,-0.18792656368983063,0.18792656368983063
4,STAT1+SMAD7+RARG+SRF,"RARG,SMAD7,SRF,STAT1",4,-0.18786156052609626,0.18786156052609626
4,FOXP3+NFIA+AEBP1+ZNF165,"AEBP1,FOXP3,NFIA,ZNF165",4,-0.18783328134922983,0.18783328134922983
4,ATF4+HEYL+SRF+AEBP1,"AEBP1,ATF4,HEYL,SRF",4,-0.1878216719914306,0.1878216719914306
4,ATF4+SFPQ+HES1+NPM1,"ATF4,HES1,NPM1,SFPQ",4,-0.18779306409919616,0.18779306409919616
4,ZBTB20+RARG+ZNF202+ZNF165,"RARG,ZBTB20,ZNF165,ZNF202",4,-0.1877052778528992,0.1877052778528992
4,ZNF202+NPM1+HOXC13+AEBP1,"AEBP1,HOXC13,NPM1,ZNF202",4,-0.18768691143999833,0.18768691143999833
3,STAT1+SMAD7+ZNF202,"SMAD7,STAT1,ZNF202",3,-0.18767442648881308,0.18767442648881308
4,PAX3+HES1+NPM1+AEBP1,"AEBP1,HES1,NPM1,PAX3",4,-0.187645088059547,0.187645088059547
4,ATF4+DNMT3B+NFIA+ZNF202,"ATF4,DNMT3B,NFIA,ZNF202",4,-0.18749013804449663,0.18749013804449663
4,ZBTB20+DNMT3B+ZNF202+SRF,"DNMT3B,SRF,ZBTB20,ZNF202",4,-0.18746852392694174,0.18746852392694174
4,ATF4+PAX3+RARG+AEBP1,"AEBP1,ATF4,PAX3,RARG",4,-0.1874426323335147,0.1874426323335147
4,STAT1+FOXP3+PAX3+SRF,"FOXP3,PAX3,SRF,STAT1",4,-0.18743318666732778,0.18743318666732778
3,ATF4+FOXP3+ZBTB20,"ATF4,FOXP3,ZBTB20",3,-0.18728857787772507,0.18728857787772507
4,ATF4+HEYL+DNMT3B+HES1,"ATF4,DNMT3B,HES1,HEYL",4,-0.18725945409864697,0.18725945409864697
3,SMAD7+ZBTB20+HES1,"HES1,SMAD7,ZBTB20",3,-0.18724909275416154,0.18724909275416154
4,ATF4+SFPQ+ZNF202+HOXC13,"ATF4,HOXC13,SFPQ,ZNF202",4,-0.1871645727712832,0.1871645727712832
3,STAT1+HEYL+NPM1,"HEYL,NPM1,STAT1",3,-0.1871525100287026,0.1871525100287026
4,ATF4+PAX3+SFPQ+HES1,"ATF4,HES1,PAX3,SFPQ",4,-0.18712274939083187,0.18712274939083187
4,ATF4+FOXP3+NFIA+HOXC13,"ATF4,FOXP3,HOXC13,NFIA",4,-0.18707129043068244,0.18707129043068244
3,STAT1+RARG+HES1,"HES1,RARG,STAT1",3,-0.18705467980828178,0.18705467980828178
4,FOXP3+ZBTB20+SRF+HOXC13,"FOXP3,HOXC13,SRF,ZBTB20",4,-0.18704967631312758,0.18704967631312758
4,SMAD7+HES1+NFIA+HOXC13,"HES1,HOXC13,NFIA,SMAD7",4,-0.18703180530711894,0.18703180530711894
4,FOXP3+DNMT3B+HOXC13+AEBP1,"AEBP1,DNMT3B,FOXP3,HOXC13",4,-0.18702862719995825,0.18702862719995825
4,PAX3+ZNF202+HOXC13+AEBP1,"AEBP1,HOXC13,PAX3,ZNF202",4,-0.187016596731634,0.187016596731634
3,ZBTB20+NFIA+NPM1,"NFIA,NPM1,ZBTB20",3,-0.18695786023990074,0.18695786023990074
4,SFPQ+HES1+ZNF202+AEBP1,"AEBP1,HES1,SFPQ,ZNF202",4,-0.18679567993259424,0.18679567993259424
4,FOXP3+HES1+NFIA+AEBP1,"AEBP1,FOXP3,HES1,NFIA",4,-0.18670239759199347,0.18670239759199347
4,HEYL+ZBTB20+ZNF202+NPM1,"HEYL,NPM1,ZBTB20,ZNF202",4,-0.1866722243160836,0.1866722243160836
4,ATF4+DNMT3B+ZNF202+ZNF165,"ATF4,DNMT3B,ZNF165,ZNF202",4,-0.18666588680674862,0.18666588680674862
4,ZBTB20+RARG+HES1+ZNF202,"HES1,RARG,ZBTB20,ZNF202",4,-0.18657439409566282,0.18657439409566282
4,SMAD7+HEYL+NFIA+AEBP1,"AEBP1,HEYL,NFIA,SMAD7",4,-0.1865582869628185,0.1865582869628185
4,FOXP3+ZBTB20+SFPQ+NPM1,"FOXP3,NPM1,SFPQ,ZBTB20",4,-0.18654755007659274,0.18654755007659274
3,STAT1+PAX3+HEYL,"HEYL,PAX3,STAT1",3,-0.18648219532033827,0.18648219532033827
3,ZBTB20+SFPQ+DNMT3B,"DNMT3B,SFPQ,ZBTB20",3,-0.1863928583404614,0.1863928583404614
4,SMAD7+ZBTB20+RARG+SFPQ,"RARG,SFPQ,SMAD7,ZBTB20",4,-0.18630560922699693,0.18630560922699693
3,PAX3+ZBTB20+NFIA,"NFIA,PAX3,ZBTB20",3,-0.18628754553153642,0.18628754553153642
4,ATF4+FOXP3+HOXC13+ZNF165,"ATF4,FOXP3,HOXC13,ZNF165",4,-0.18624703919293445,0.18624703919293445
4,SMAD7+HES1+HOXC13+ZNF165,"HES1,HOXC13,SMAD7,ZNF165",4,-0.1862075540693709,0.1862075540693709
4,SFPQ+DNMT3B+NFIA+HOXC13,"DNMT3B,HOXC13,NFIA,SFPQ",4,-0.18617557089341877,0.18617557089341877
3,ZBTB20+NPM1+ZNF165,"NPM1,ZBTB20,ZNF165",3,-0.1861336090021527,0.1861336090021527
3,HEYL+ZBTB20+HOXC13,"HEYL,HOXC13,ZBTB20",3,-0.1860986849661381,0.1860986849661381
4,ATF4+ZNF202+SRF+AEBP1,"AEBP1,ATF4,SRF,ZNF202",4,-0.18609722094229586,0.18609722094229586
4,FOXP3+HEYL+ZBTB20+DNMT3B,"DNMT3B,FOXP3,HEYL,ZBTB20",4,-0.18601394007604355,0.18601394007604355
4,PAX3+HEYL+ZBTB20+ZNF202,"HEYL,PAX3,ZBTB20,ZNF202",4,-0.1860019096077193,0.1860019096077193
4,NFIA+NPM1+HOXC13+ZNF165,"HOXC13,NFIA,NPM1,ZNF165",4,-0.18591632155511006,0.18591632155511006
4,FOXP3+HES1+AEBP1+ZNF165,"AEBP1,FOXP3,HES1,ZNF165",4,-0.1858781463542455,0.1858781463542455
4,FOXP3+PAX3+ZBTB20+SFPQ,"FOXP3,PAX3,SFPQ,ZBTB20",4,-0.18587723536822842,0.18587723536822842
4,ATF4+SMAD7+NFIA+NPM1,"ATF4,NFIA,NPM1,SMAD7",4,-0.1858312200802857,0.1858312200802857
4,SMAD7+ZBTB20+SRF+NPM1,"NPM1,SMAD7,SRF,ZBTB20",4,-0.18580960596273083,0.18580960596273083
4,SMAD7+DNMT3B+NPM1+AEBP1,"AEBP1,DNMT3B,NPM1,SMAD7",4,-0.18578855684956147,0.18578855684956147
4,SMAD7+HEYL+AEBP1+ZNF165,"AEBP1,HEYL,SMAD7,ZNF165",4,-0.18573403572507047,0.18573403572507047
4,STAT1+RARG+SRF+NPM1,"NPM1,RARG,SRF,STAT1",4,-0.18561519301685103,0.18561519301685103
4,ATF4+DNMT3B+HES1+ZNF202,"ATF4,DNMT3B,HES1,ZNF202",4,-0.18553500304951223,0.18553500304951223
3,PAX3+ZBTB20+ZNF165,"PAX3,ZBTB20,ZNF165",3,-0.18546329429378838,0.18546329429378838
3,STAT1+ZNF202+NPM1,"NPM1,STAT1,ZNF202",3,-0.18542805897956788,0.18542805897956788
4,SFPQ+DNMT3B+HOXC13+ZNF165,"DNMT3B,HOXC13,SFPQ,ZNF165",4,-0.18535131965567075,0.18535131965567075
4,RARG+NFIA+AEBP1+ZNF165,"AEBP1,NFIA,RARG,ZNF165",4,-0.18534497299038882,0.18534497299038882
4,ATF4+SMAD7+SFPQ+DNMT3B,"ATF4,DNMT3B,SFPQ,SMAD7",4,-0.18526621818084638,0.18526621818084638
4,PAX3+NFIA+HOXC13+ZNF165,"HOXC13,NFIA,PAX3,ZNF165",4,-0.18524600684674575,0.18524600684674575
4,ATF4+PAX3+SMAD7+NFIA,"ATF4,NFIA,PAX3,SMAD7",4,-0.18516090537192137,0.18516090537192137
4,PAX3+SMAD7+ZBTB20+SRF,"PAX3,SMAD7,SRF,ZBTB20",4,-0.1851392912543665,0.1851392912543665
4,PAX3+SMAD7+DNMT3B+AEBP1,"AEBP1,DNMT3B,PAX3,SMAD7",4,-0.18511824214119715,0.18511824214119715
4,ATF4+FOXP3+HES1+HOXC13,"ATF4,FOXP3,HES1,HOXC13",4,-0.18511615543569807,0.18511615543569807
4,DNMT3B+NFIA+SRF+AEBP1,"AEBP1,DNMT3B,NFIA,SRF",4,-0.18510821906443142,0.18510821906443142
4,SFPQ+HES1+NFIA+ZNF165,"HES1,NFIA,SFPQ,ZNF165",4,-0.185025090047706,0.185025090047706
3,ATF4+SFPQ+AEBP1,"AEBP1,ATF4,SFPQ",3,-0.1850215553558155,0.1850215553558155
4,ATF4+SMAD7+NPM1+ZNF165,"ATF4,NPM1,SMAD7,ZNF165",4,-0.18500696884253764,0.18500696884253764
3,ZBTB20+HES1+NPM1,"HES1,NPM1,ZBTB20",3,-0.18500272524491634,0.18500272524491634
4,ATF4+SMAD7+HEYL+HOXC13,"ATF4,HEYL,HOXC13,SMAD7",4,-0.18497204480652307,0.18497204480652307
4,STAT1+PAX3+RARG+SRF,"PAX3,RARG,SRF,STAT1",4,-0.18494487830848672,0.18494487830848672
2,STAT1+HOXC13,"HOXC13,STAT1",2,-0.18485451962962235,0.18485451962962235
4,SMAD7+NFIA+ZNF202+AEBP1,"AEBP1,NFIA,SMAD7,ZNF202",4,-0.18483383591368374,0.18483383591368374
3,ATF4+ZBTB20+RARG,"ATF4,RARG,ZBTB20",3,-0.18480026951888406,0.18480026951888406
4,HES1+NFIA+NPM1+HOXC13,"HES1,HOXC13,NFIA,NPM1",4,-0.1847854377978737,0.1847854377978737
4,SFPQ+SRF+HOXC13+AEBP1,"AEBP1,HOXC13,SFPQ,SRF",4,-0.184782653791218,0.184782653791218
3,STAT1+FOXP3+DNMT3B,"DNMT3B,FOXP3,STAT1",3,-0.1847697747395278,0.1847697747395278
3,STAT1+PAX3+ZNF202,"PAX3,STAT1,ZNF202",3,-0.18475774427120353,0.18475774427120353
4,STAT1+FOXP3+SMAD7+RARG,"FOXP3,RARG,SMAD7,STAT1",4,-0.18468252562606333,0.18468252562606333
4,ATF4+FOXP3+HEYL+AEBP1,"AEBP1,ATF4,FOXP3,HEYL",4,-0.18464263709139767,0.18464263709139767
4,SMAD7+HEYL+HES1+AEBP1,"AEBP1,HES1,HEYL,SMAD7",4,-0.1846031519678341,0.1846031519678341
4,ATF4+RARG+NFIA+HOXC13,"ATF4,HOXC13,NFIA,RARG",4,-0.18458298207184143,0.18458298207184143
4,ZBTB20+RARG+SRF+HOXC13,"HOXC13,RARG,SRF,ZBTB20",4,-0.18456136795428657,0.18456136795428657
4,RARG+DNMT3B+HOXC13+AEBP1,"AEBP1,DNMT3B,HOXC13,RARG",4,-0.18454031884111724,0.18454031884111724
3,ZBTB20+ZNF202+HOXC13,"HOXC13,ZBTB20,ZNF202",3,-0.18437423391700336,0.18437423391700336
4,ATF4+PAX3+SMAD7+ZNF165,"ATF4,PAX3,SMAD7,ZNF165",4,-0.18433665413417338,0.18433665413417338
3,PAX3+ZBTB20+HES1,"HES1,PAX3,ZBTB20",3,-0.18433241053655203,0.18433241053655203
4,ATF4+NFIA+SRF+ZNF165,"ATF4,NFIA,SRF,ZNF165",4,-0.1843266310574076,0.1843266310574076
4,HEYL+NFIA+NPM1+AEBP1,"AEBP1,HEYL,NFIA,NPM1",4,-0.18431191945357328,0.18431191945357328
4,FOXP3+ZBTB20+DNMT3B+ZNF202,"DNMT3B,FOXP3,ZBTB20,ZNF202",4,-0.1842894890269088,0.1842894890269088
4,DNMT3B+SRF+AEBP1+ZNF165,"AEBP1,DNMT3B,SRF,ZNF165",4,-0.18428396782668338,0.18428396782668338
4,SFPQ+DNMT3B+HES1+HOXC13,"DNMT3B,HES1,HOXC13,SFPQ",4,-0.1842204358984344,0.1842204358984344
4,RARG+HES1+NFIA+AEBP1,"AEBP1,HES1,NFIA,RARG",4,-0.18421408923315247,0.18421408923315247
4,PAX3+HES1+NFIA+HOXC13,"HES1,HOXC13,NFIA,PAX3",4,-0.1841151230895094,0.1841151230895094
4,ZBTB20+RARG+SFPQ+NPM1,"NPM1,RARG,SFPQ,ZBTB20",4,-0.18405924171775173,0.18405924171775173
4,SMAD7+ZNF202+AEBP1+ZNF165,"AEBP1,SMAD7,ZNF165,ZNF202",4,-0.18400958467593576,0.18400958467593576
4,HES1+NPM1+HOXC13+ZNF165,"HES1,HOXC13,NPM1,ZNF165",4,-0.18396118656012572,0.18396118656012572
4,ATF4+SMAD7+HES1+NPM1,"ATF4,HES1,NPM1,SMAD7",4,-0.1838760850853013,0.1838760850853013
4,ATF4+HEYL+SFPQ+NFIA,"ATF4,HEYL,NFIA,SFPQ",4,-0.1837895807848582,0.1837895807848582
4,HEYL+ZBTB20+SFPQ+SRF,"HEYL,SFPQ,SRF,ZBTB20",4,-0.1837679666673033,0.1837679666673033
4,ATF4+RARG+HOXC13+ZNF165,"ATF4,HOXC13,RARG,ZNF165",4,-0.18375873083409344,0.18375873083409344
4,HEYL+SFPQ+DNMT3B+AEBP1,"AEBP1,DNMT3B,HEYL,SFPQ",4,-0.18374691755413397,0.18374691755413397
4,PAX3+HEYL+NFIA+AEBP1,"AEBP1,HEYL,NFIA,PAX3",4,-0.18364160474520896,0.18364160474520896
4,HEYL+ZBTB20+RARG+DNMT3B,"DNMT3B,HEYL,RARG,ZBTB20",4,-0.18352563171720251,0.18352563171720251
4,ATF4+DNMT3B+SRF+HOXC13,"ATF4,DNMT3B,HOXC13,SRF",4,-0.183521976908136,0.183521976908136
4,HEYL+NPM1+AEBP1+ZNF165,"AEBP1,HEYL,NPM1,ZNF165",4,-0.1834876682158253,0.1834876682158253
4,RARG+HES1+AEBP1+ZNF165,"AEBP1,HES1,RARG,ZNF165",4,-0.18338983799540448,0.18338983799540448
4,PAX3+ZBTB20+RARG+SFPQ,"PAX3,RARG,SFPQ,ZBTB20",4,-0.18338892700938741,0.18338892700938741
4,PAX3+HES1+HOXC13+ZNF165,"HES1,HOXC13,PAX3,ZNF165",4,-0.1832908718517614,0.1832908718517614
4,ATF4+SMAD7+ZNF202+HOXC13,"ATF4,HOXC13,SMAD7,ZNF202",4,-0.18324759375738833,0.18324759375738833
4,ATF4+PAX3+SMAD7+HES1,"ATF4,HES1,PAX3,SMAD7",4,-0.183205770376937,0.183205770376937
4,ATF4+HES1+NFIA+SRF,"ATF4,HES1,NFIA,SRF",4,-0.18319574730017124,0.18319574730017124
4,DNMT3B+HES1+SRF+AEBP1,"AEBP1,DNMT3B,HES1,SRF",4,-0.18315308406944703,0.18315308406944703
4,ATF4+SFPQ+DNMT3B+NPM1,"ATF4,DNMT3B,NPM1,SFPQ",4,-0.18301985067160115,0.18301985067160115
4,ATF4+HEYL+SFPQ+ZNF165,"ATF4,HEYL,SFPQ,ZNF165",4,-0.18296532954711014,0.18296532954711014
4,ATF4+FOXP3+ZNF202+AEBP1,"AEBP1,ATF4,FOXP3,ZNF202",4,-0.1829181860422629,0.1829181860422629
4,ATF4+PAX3+NFIA+NPM1,"ATF4,NFIA,NPM1,PAX3",4,-0.18291453786267614,0.18291453786267614
4,PAX3+ZBTB20+SRF+NPM1,"NPM1,PAX3,SRF,ZBTB20",4,-0.18289292374512128,0.18289292374512128
4,SMAD7+HES1+ZNF202+AEBP1,"AEBP1,HES1,SMAD7,ZNF202",4,-0.18287870091869937,0.18287870091869937
4,PAX3+DNMT3B+NPM1+AEBP1,"AEBP1,DNMT3B,NPM1,PAX3",4,-0.18287187463195195,0.18287187463195195
4,PAX3+HEYL+AEBP1+ZNF165,"AEBP1,HEYL,PAX3,ZNF165",4,-0.18281735350746098,0.18281735350746098
4,ATF4+HEYL+NPM1+HOXC13,"ATF4,HEYL,HOXC13,NPM1",4,-0.18272567729727787,0.18272567729727787
4,FOXP3+SMAD7+ZBTB20+NPM1,"FOXP3,NPM1,SMAD7,ZBTB20",4,-0.18263057106269787,0.18263057106269787
4,ATF4+RARG+HES1+HOXC13,"ATF4,HES1,HOXC13,RARG",4,-0.18262784707685706,0.18262784707685706
4,NFIA+ZNF202+NPM1+AEBP1,"AEBP1,NFIA,NPM1,ZNF202",4,-0.18258746840443854,0.18258746840443854
3,STAT1+SFPQ+SRF,"SFPQ,SRF,STAT1",3,-0.18252380133078755,0.18252380133078755
3,SMAD7+ZBTB20+DNMT3B,"DNMT3B,SMAD7,ZBTB20",3,-0.18247587932656653,0.18247587932656653
4,STAT1+FOXP3+RARG+NPM1,"FOXP3,NPM1,RARG,STAT1",4,-0.18243615811681813,0.18243615811681813
4,ATF4+HES1+SRF+ZNF165,"ATF4,HES1,SRF,ZNF165",4,-0.18237149606242326,0.18237149606242326
4,HEYL+HES1+NPM1+AEBP1,"AEBP1,HES1,HEYL,NPM1",4,-0.1823567844585889,0.1823567844585889
4,ATF4+PAX3+SFPQ+DNMT3B,"ATF4,DNMT3B,PAX3,SFPQ",4,-0.18234953596323686,0.18234953596323686
3,STAT1+RARG+DNMT3B,"DNMT3B,RARG,STAT1",3,-0.18228146638068676,0.18228146638068676
4,SMAD7+DNMT3B+NFIA+HOXC13,"DNMT3B,HOXC13,NFIA,SMAD7",4,-0.1822585918795239,0.1822585918795239
2,ZBTB20+AEBP1,"AEBP1,ZBTB20",2,-0.18223121650153568,0.18223121650153568
4,ATF4+HEYL+RARG+AEBP1,"AEBP1,ATF4,HEYL,RARG",4,-0.18215432873255666,0.18215432873255666
4,STAT1+FOXP3+HEYL+SRF,"FOXP3,HEYL,SRF,STAT1",4,-0.1821448830663697,0.1821448830663697
4,ATF4+PAX3+NPM1+ZNF165,"ATF4,NPM1,PAX3,ZNF165",4,-0.18209028662492815,0.18209028662492815
4,ATF4+SFPQ+NFIA+ZNF202,"ATF4,NFIA,SFPQ,ZNF202",4,-0.18206512973572345,0.18206512973572345
4,ATF4+PAX3+HEYL+HOXC13,"ATF4,HEYL,HOXC13,PAX3",4,-0.18205536258891356,0.18205536258891356
4,ZBTB20+SFPQ+ZNF202+SRF,"SFPQ,SRF,ZBTB20,ZNF202",4,-0.18204351561816856,0.18204351561816856
4,SFPQ+DNMT3B+ZNF202+AEBP1,"AEBP1,DNMT3B,SFPQ,ZNF202",4,-0.1820224665049992,0.1820224665049992
3,NFIA+HOXC13+AEBP1,"AEBP1,HOXC13,NFIA",3,-0.18201392905449304,0.18201392905449304
4,FOXP3+PAX3+SMAD7+ZBTB20,"FOXP3,PAX3,SMAD7,ZBTB20",4,-0.18196025635433355,0.18196025635433355
4,FOXP3+ZBTB20+NFIA+SRF,"FOXP3,NFIA,SRF,ZBTB20",4,-0.18195023327756782,0.18195023327756782
4,FOXP3+DNMT3B+NFIA+AEBP1,"AEBP1,DNMT3B,FOXP3,NFIA",4,-0.18192918416439846,0.18192918416439846
4,PAX3+NFIA+ZNF202+AEBP1,"AEBP1,NFIA,PAX3,ZNF202",4,-0.18191715369607422,0.18191715369607422
4,ATF4+HEYL+SFPQ+HES1,"ATF4,HES1,HEYL,SFPQ",4,-0.1818344457898738,0.1818344457898738
4,ZBTB20+RARG+DNMT3B+ZNF202,"DNMT3B,RARG,ZBTB20,ZNF202",4,-0.1818011806680678,0.1818011806680678
4,STAT1+FOXP3+PAX3+RARG,"FOXP3,PAX3,RARG,STAT1",4,-0.1817658434084538,0.1817658434084538
4,ZNF202+NPM1+AEBP1+ZNF165,"AEBP1,NPM1,ZNF165,ZNF202",4,-0.18176321716669053,0.18176321716669053
4,HEYL+ZNF202+HOXC13+AEBP1,"AEBP1,HEYL,HOXC13,ZNF202",4,-0.18172829313067596,0.18172829313067596
4,PAX3+HEYL+HES1+AEBP1,"AEBP1,HES1,HEYL,PAX3",4,-0.1816864697502246,0.1816864697502246
4,FOXP3+SFPQ+HOXC13+AEBP1,"AEBP1,FOXP3,HOXC13,SFPQ",4,-0.18160361889118506,0.18160361889118506
4,SMAD7+DNMT3B+HOXC13+ZNF165,"DNMT3B,HOXC13,SMAD7,ZNF165",4,-0.18143434064177588,0.18143434064177588
4,FOXP3+ZBTB20+RARG+HOXC13,"FOXP3,HOXC13,RARG,ZBTB20",4,-0.1813823330542536,0.1813823330542536
4,ATF4+SFPQ+ZNF202+ZNF165,"ATF4,SFPQ,ZNF165,ZNF202",4,-0.18124087849797543,0.18124087849797543
3,HOXC13+AEBP1+ZNF165,"AEBP1,HOXC13,ZNF165",3,-0.18118967781674505,0.18118967781674505
4,ATF4+FOXP3+NFIA+ZNF165,"ATF4,FOXP3,NFIA,ZNF165",4,-0.18114759615737464,0.18114759615737464
4,FOXP3+ZBTB20+SRF+ZNF165,"FOXP3,SRF,ZBTB20,ZNF165",4,-0.18112598203981978,0.18112598203981978
4,SMAD7+HES1+NFIA+ZNF165,"HES1,NFIA,SMAD7,ZNF165",4,-0.18110811103381114,0.18110811103381114
4,FOXP3+DNMT3B+AEBP1+ZNF165,"AEBP1,DNMT3B,FOXP3,ZNF165",4,-0.18110493292665047,0.18110493292665047
3,ATF4+SMAD7+AEBP1,"AEBP1,ATF4,SMAD7",3,-0.18110457634192062,0.18110457634192062
4,PAX3+ZNF202+AEBP1+ZNF165,"AEBP1,PAX3,ZNF165,ZNF202",4,-0.1810929024583262,0.1810929024583262
4,ATF4+ZNF202+NPM1+HOXC13,"ATF4,HOXC13,NPM1,ZNF202",4,-0.18100122624814313,0.18100122624814313
3,HEYL+ZBTB20+NFIA,"HEYL,NFIA,ZBTB20",3,-0.18099924193057831,0.18099924193057831
4,ATF4+PAX3+HES1+NPM1,"ATF4,HES1,NPM1,PAX3",4,-0.1809594028676918,0.1809594028676918
4,SMAD7+SRF+HOXC13+AEBP1,"AEBP1,HOXC13,SMAD7,SRF",4,-0.18086567477732313,0.18086567477732313
4,HES1+ZNF202+NPM1+AEBP1,"AEBP1,HES1,NPM1,ZNF202",4,-0.18063233340945417,0.18063233340945417
4,FOXP3+HEYL+ZBTB20+SFPQ,"FOXP3,HEYL,SFPQ,ZBTB20",4,-0.18058893176727037,0.18058893176727037
4,ATF4+RARG+ZNF202+AEBP1,"AEBP1,ATF4,RARG,ZNF202",4,-0.1804298776834219,0.1804298776834219
4,STAT1+FOXP3+ZNF202+SRF,"FOXP3,SRF,STAT1,ZNF202",4,-0.18042043201723496,0.18042043201723496
4,SMAD7+SFPQ+NPM1+AEBP1,"AEBP1,NPM1,SFPQ,SMAD7",4,-0.1803635485407883,0.1803635485407883
4,ATF4+FOXP3+DNMT3B+HOXC13,"ATF4,DNMT3B,FOXP3,HOXC13",4,-0.18034294200810305,0.18034294200810305
4,ATF4+PAX3+ZNF202+HOXC13,"ATF4,HOXC13,PAX3,ZNF202",4,-0.18033091153977882,0.18033091153977882
4,SMAD7+DNMT3B+HES1+HOXC13,"DNMT3B,HES1,HOXC13,SMAD7",4,-0.18030345688453953,0.18030345688453953
4,SFPQ+DNMT3B+NFIA+ZNF165,"DNMT3B,NFIA,SFPQ,ZNF165",4,-0.180251876620111,0.180251876620111
3,ZBTB20+DNMT3B+NPM1,"DNMT3B,NPM1,ZBTB20",3,-0.18022951181732133,0.18022951181732133
3,HEYL+ZBTB20+ZNF165,"HEYL,ZBTB20,ZNF165",3,-0.18017499069283033,0.18017499069283033
4,SMAD7+ZBTB20+RARG+NPM1,"NPM1,RARG,SMAD7,ZBTB20",4,-0.18014226270385686,0.18014226270385686
4,ATF4+SFPQ+HES1+ZNF202,"ATF4,HES1,SFPQ,ZNF202",4,-0.18010999474073905,0.18010999474073905
3,HES1+HOXC13+AEBP1,"AEBP1,HES1,HOXC13",3,-0.18005879405950864,0.18005879405950864
4,ATF4+FOXP3+HES1+NFIA,"ATF4,FOXP3,HES1,NFIA",4,-0.18001671240013828,0.18001671240013828
4,DNMT3B+NFIA+NPM1+HOXC13,"DNMT3B,HOXC13,NFIA,NPM1",4,-0.1800122243702787,0.1800122243702787
4,FOXP3+ZBTB20+HES1+SRF,"FOXP3,HES1,SRF,ZBTB20",4,-0.17999509828258342,0.17999509828258342
4,FOXP3+DNMT3B+HES1+AEBP1,"AEBP1,DNMT3B,FOXP3,HES1",4,-0.17997404916941406,0.17997404916941406
4,PAX3+HES1+ZNF202+AEBP1,"AEBP1,HES1,PAX3,ZNF202",4,-0.17996201870108985,0.17996201870108985
4,HEYL+NFIA+HOXC13+ZNF165,"HEYL,HOXC13,NFIA,ZNF165",4,-0.1799577032457877,0.1799577032457877
4,ATF4+SMAD7+HEYL+NFIA,"ATF4,HEYL,NFIA,SMAD7",4,-0.17987260177096331,0.17987260177096331
4,SMAD7+HEYL+ZBTB20+SRF,"HEYL,SMAD7,SRF,ZBTB20",4,-0.17985098765340843,0.17985098765340843
4,SMAD7+HEYL+DNMT3B+AEBP1,"AEBP1,DNMT3B,HEYL,SMAD7",4,-0.1798299385402391,0.1798299385402391
2,STAT1+NFIA,"NFIA,STAT1",2,-0.1797550765940626,0.1797550765940626
4,FOXP3+PAX3+ZBTB20+NPM1,"FOXP3,NPM1,PAX3,ZBTB20",4,-0.17971388884508832,0.17971388884508832
4,PAX3+SMAD7+SFPQ+AEBP1,"AEBP1,PAX3,SFPQ,SMAD7",4,-0.17969323383242397,0.17969323383242397
4,SFPQ+NFIA+SRF+AEBP1,"AEBP1,NFIA,SFPQ,SRF",4,-0.17968321075565824,0.17968321075565824
4,STAT1+HEYL+RARG+SRF,"HEYL,RARG,SRF,STAT1",4,-0.17965657470752866,0.17965657470752866
3,PAX3+ZBTB20+DNMT3B,"DNMT3B,PAX3,ZBTB20",3,-0.179559197108957,0.179559197108957
4,PAX3+SMAD7+ZBTB20+RARG,"PAX3,RARG,SMAD7,ZBTB20",4,-0.17947194799549254,0.17947194799549254
3,STAT1+HEYL+ZNF202,"HEYL,STAT1,ZNF202",3,-0.17946944067024548,0.17946944067024548
4,ZBTB20+RARG+NFIA+SRF,"NFIA,RARG,SRF,ZBTB20",4,-0.1794619249187268,0.1794619249187268
4,RARG+DNMT3B+NFIA+AEBP1,"AEBP1,DNMT3B,NFIA,RARG",4,-0.17944087580555745,0.17944087580555745
3,STAT1+FOXP3+SFPQ,"FOXP3,SFPQ,STAT1",3,-0.17934476643075462,0.17934476643075462
4,PAX3+DNMT3B+NFIA+HOXC13,"DNMT3B,HOXC13,NFIA,PAX3",4,-0.17934190966191438,0.17934190966191438
3,ZBTB20+NFIA+ZNF202,"NFIA,ZBTB20,ZNF202",3,-0.1792747908814436,0.1792747908814436
4,ATF4+FOXP3+HES1+ZNF165,"ATF4,FOXP3,HES1,ZNF165",4,-0.1791924611623903,0.1791924611623903
4,DNMT3B+NPM1+HOXC13+ZNF165,"DNMT3B,HOXC13,NPM1,ZNF165",4,-0.17918797313253065,0.17918797313253065
4,SFPQ+DNMT3B+HES1+NFIA,"DNMT3B,HES1,NFIA,SFPQ",4,-0.17912099286287464,0.17912099286287464
4,RARG+SFPQ+HOXC13+AEBP1,"AEBP1,HOXC13,RARG,SFPQ",4,-0.17911531053234406,0.17911531053234406
4,ATF4+SMAD7+DNMT3B+NPM1,"ATF4,DNMT3B,NPM1,SMAD7",4,-0.17910287165770628,0.17910287165770628
4,ATF4+SMAD7+HEYL+ZNF165,"ATF4,HEYL,SMAD7,ZNF165",4,-0.17904835053321527,0.17904835053321527
3,HEYL+ZBTB20+HES1,"HES1,HEYL,ZBTB20",3,-0.17904410693559394,0.17904410693559394
2,STAT1+ZNF165,"STAT1,ZNF165",2,-0.17893082535631455,0.17893082535631455
4,FOXP3+ZBTB20+SFPQ+ZNF202,"FOXP3,SFPQ,ZBTB20,ZNF202",4,-0.17886448071813563,0.17886448071813563
4,HES1+NFIA+NPM1+ZNF165,"HES1,NFIA,NPM1,ZNF165",4,-0.1788617435245659,0.1788617435245659
4,SFPQ+SRF+AEBP1+ZNF165,"AEBP1,SFPQ,SRF,ZNF165",4,-0.1788589595179102,0.1788589595179102
3,ATF4+NPM1+AEBP1,"AEBP1,ATF4,NPM1",3,-0.17885820883267545,0.17885820883267545
4,HEYL+HES1+NFIA+HOXC13,"HES1,HEYL,HOXC13,NFIA",4,-0.17882681948855134,0.17882681948855134
4,ATF4+RARG+NFIA+ZNF165,"ATF4,NFIA,RARG,ZNF165",4,-0.17865928779853363,0.17865928779853363
4,ZBTB20+RARG+SRF+ZNF165,"RARG,SRF,ZBTB20,ZNF165",4,-0.17863767368097877,0.17863767368097877
4,SRF+NPM1+HOXC13+AEBP1,"AEBP1,HOXC13,NPM1,SRF",4,-0.17861930726807795,0.17861930726807795
4,RARG+DNMT3B+AEBP1+ZNF165,"AEBP1,DNMT3B,RARG,ZNF165",4,-0.17861662456780947,0.17861662456780947
3,STAT1+SMAD7+SRF,"SMAD7,SRF,STAT1",3,-0.17860682231689268,0.17860682231689268
4,PAX3+DNMT3B+HOXC13+ZNF165,"DNMT3B,HOXC13,PAX3,ZNF165",4,-0.17851765842416634,0.17851765842416634
3,ZBTB20+ZNF202+ZNF165,"ZBTB20,ZNF165,ZNF202",3,-0.17845053964369556,0.17845053964369556
4,ATF4+PAX3+SMAD7+DNMT3B,"ATF4,DNMT3B,PAX3,SMAD7",4,-0.17843255694934199,0.17843255694934199
4,ATF4+DNMT3B+NFIA+SRF,"ATF4,DNMT3B,NFIA,SRF",4,-0.17842253387257623,0.17842253387257623
4,SFPQ+DNMT3B+HES1+ZNF165,"DNMT3B,HES1,SFPQ,ZNF165",4,-0.1782967416251266,0.1782967416251266
4,NFIA+ZNF202+HOXC13+ZNF165,"HOXC13,NFIA,ZNF165,ZNF202",4,-0.17823325219665292,0.17823325219665292
4,PAX3+HES1+NFIA+ZNF165,"HES1,NFIA,PAX3,ZNF165",4,-0.1781914288162016,0.1781914288162016
3,ATF4+PAX3+AEBP1,"AEBP1,ATF4,PAX3",3,-0.17818789412431113,0.17818789412431113
4,ATF4+SMAD7+NFIA+ZNF202,"ATF4,NFIA,SMAD7,ZNF202",4,-0.17814815072182857,0.17814815072182857
4,SMAD7+ZBTB20+ZNF202+SRF,"SMAD7,SRF,ZBTB20,ZNF202",4,-0.1781265366042737,0.1781265366042737
4,SMAD7+DNMT3B+ZNF202+AEBP1,"AEBP1,DNMT3B,SMAD7,ZNF202",4,-0.17810548749110433,0.17810548749110433
4,HEYL+ZBTB20+RARG+SFPQ,"HEYL,RARG,SFPQ,ZBTB20",4,-0.17810062340842933,0.17810062340842933
4,ATF4+SFPQ+SRF+HOXC13,"ATF4,HOXC13,SFPQ,SRF",4,-0.1780969685993628,0.1780969685993628
4,DNMT3B+HES1+NPM1+HOXC13,"DNMT3B,HES1,HOXC13,NPM1",4,-0.17805708937529433,0.17805708937529433
4,HEYL+HES1+HOXC13+ZNF165,"HES1,HEYL,HOXC13,ZNF165",4,-0.1780025682508033,0.1780025682508033
4,PAX3+SRF+HOXC13+AEBP1,"AEBP1,HOXC13,PAX3,SRF",4,-0.17794899255971364,0.17794899255971364
4,STAT1+RARG+ZNF202+SRF,"RARG,SRF,STAT1,ZNF202",4,-0.17793212365839392,0.17793212365839392
4,ATF4+SMAD7+HEYL+HES1,"ATF4,HES1,HEYL,SMAD7",4,-0.17791746677597892,0.17791746677597892
4,ATF4+RARG+DNMT3B+HOXC13,"ATF4,DNMT3B,HOXC13,RARG",4,-0.17785463364926204,0.17785463364926204
2,STAT1+HES1,"HES1,STAT1",2,-0.1777999415990782,0.1777999415990782
4,SFPQ+HES1+SRF+AEBP1,"AEBP1,HES1,SFPQ,SRF",4,-0.17772807576067384,0.17772807576067384
4,FOXP3+SMAD7+HOXC13+AEBP1,"AEBP1,FOXP3,HOXC13,SMAD7",4,-0.1776866398772902,0.1776866398772902
4,ATF4+HEYL+NFIA+NPM1,"ATF4,HEYL,NFIA,NPM1",4,-0.17762623426171809,0.17762623426171809
4,HEYL+ZBTB20+SRF+NPM1,"HEYL,NPM1,SRF,ZBTB20",4,-0.17760462014416323,0.17760462014416323
4,ATF4+DNMT3B+SRF+ZNF165,"ATF4,DNMT3B,SRF,ZNF165",4,-0.1775982826348282,0.1775982826348282
4,HEYL+DNMT3B+NPM1+AEBP1,"AEBP1,DNMT3B,HEYL,NPM1",4,-0.17758357103099387,0.17758357103099387
4,ATF4+RARG+HES1+NFIA,"ATF4,HES1,NFIA,RARG",4,-0.17752840404129727,0.17752840404129727
4,ZBTB20+RARG+HES1+SRF,"HES1,RARG,SRF,ZBTB20",4,-0.17750678992374241,0.17750678992374241
4,RARG+DNMT3B+HES1+AEBP1,"AEBP1,DNMT3B,HES1,RARG",4,-0.17748574081057306,0.17748574081057306
4,PAX3+SFPQ+NPM1+AEBP1,"AEBP1,NPM1,PAX3,SFPQ",4,-0.17744686632317877,0.17744686632317877
4,PAX3+DNMT3B+HES1+HOXC13,"DNMT3B,HES1,HOXC13,PAX3",4,-0.17738677466692998,0.17738677466692998
4,ATF4+SMAD7+ZNF202+ZNF165,"ATF4,SMAD7,ZNF165,ZNF202",4,-0.17732389948408056,0.17732389948408056
3,ZBTB20+HES1+ZNF202,"HES1,ZBTB20,ZNF202",3,-0.17731965588645923,0.17731965588645923
4,PAX3+ZBTB20+RARG+NPM1,"NPM1,PAX3,RARG,ZBTB20",4,-0.1772255804862473,0.1772255804862473
4,HES1+NFIA+ZNF202+HOXC13,"HES1,HOXC13,NFIA,ZNF202",4,-0.17710236843941657,0.17710236843941657
4,ATF4+HEYL+SFPQ+DNMT3B,"ATF4,DNMT3B,HEYL,SFPQ",4,-0.17706123236227878,0.17706123236227878
3,SMAD7+ZBTB20+SFPQ,"SFPQ,SMAD7,ZBTB20",3,-0.17705087101779335,0.17705087101779335
4,ATF4+PAX3+HEYL+NFIA,"ATF4,HEYL,NFIA,PAX3",4,-0.17695591955335377,0.17695591955335377
4,PAX3+HEYL+ZBTB20+SRF,"HEYL,PAX3,SRF,ZBTB20",4,-0.1769343054357989,0.1769343054357989
4,PAX3+HEYL+DNMT3B+AEBP1,"AEBP1,DNMT3B,HEYL,PAX3",4,-0.17691325632262955,0.17691325632262955
3,STAT1+RARG+SFPQ,"RARG,SFPQ,STAT1",3,-0.17685645807191358,0.17685645807191358
4,SMAD7+SFPQ+NFIA+HOXC13,"HOXC13,NFIA,SFPQ,SMAD7",4,-0.1768335835707507,0.1768335835707507
4,ATF4+HEYL+NPM1+ZNF165,"ATF4,HEYL,NPM1,ZNF165",4,-0.1768019830239701,0.1768019830239701
4,ATF4+RARG+HES1+ZNF165,"ATF4,HES1,RARG,ZNF165",4,-0.17670415280354929,0.17670415280354929
4,FOXP3+SMAD7+HEYL+ZBTB20,"FOXP3,HEYL,SMAD7,ZBTB20",4,-0.1766719527533755,0.1766719527533755
4,HEYL+NFIA+ZNF202+AEBP1,"AEBP1,HEYL,NFIA,ZNF202",4,-0.17662885009511614,0.17662885009511614
4,FOXP3+SFPQ+NFIA+AEBP1,"AEBP1,FOXP3,NFIA,SFPQ",4,-0.17650417585562528,0.17650417585562528
4,STAT1+FOXP3+HEYL+RARG,"FOXP3,HEYL,RARG,STAT1",4,-0.17647753980749573,0.17647753980749573
4,ATF4+DNMT3B+HES1+SRF,"ATF4,DNMT3B,HES1,SRF",4,-0.17646739887759183,0.17646739887759183
4,ZBTB20+RARG+SFPQ+ZNF202,"RARG,SFPQ,ZBTB20,ZNF202",4,-0.17637617235929462,0.17637617235929462
3,STAT1+SRF+NPM1,"NPM1,SRF,STAT1",3,-0.17636045480764745,0.17636045480764745
4,SMAD7+DNMT3B+NFIA+ZNF165,"DNMT3B,NFIA,SMAD7,ZNF165",4,-0.17633489760621612,0.17633489760621612
4,FOXP3+ZBTB20+RARG+NFIA,"FOXP3,NFIA,RARG,ZBTB20",4,-0.17628289001869385,0.17628289001869385
4,HES1+ZNF202+HOXC13+ZNF165,"HES1,HOXC13,ZNF165,ZNF202",4,-0.17627811720166858,0.17627811720166858
4,ATF4+SMAD7+HES1+ZNF202,"ATF4,HES1,SMAD7,ZNF202",4,-0.17619301572684418,0.17619301572684418
4,ATF4+PAX3+DNMT3B+NPM1,"ATF4,DNMT3B,NPM1,PAX3",4,-0.17618618944009679,0.17618618944009679
4,ATF4+PAX3+HEYL+ZNF165,"ATF4,HEYL,PAX3,ZNF165",4,-0.17613166831560578,0.17613166831560578
3,NFIA+AEBP1+ZNF165,"AEBP1,NFIA,ZNF165",3,-0.17609023478118524,0.17609023478118524
4,SMAD7+SFPQ+HOXC13+ZNF165,"HOXC13,SFPQ,SMAD7,ZNF165",4,-0.1760093323330027,0.1760093323330027
4,ATF4+NFIA+ZNF202+NPM1,"ATF4,NFIA,NPM1,ZNF202",4,-0.17590178321258337,0.17590178321258337
4,ZBTB20+ZNF202+SRF+NPM1,"NPM1,SRF,ZBTB20,ZNF202",4,-0.17588016909502846,0.17588016909502846
4,DNMT3B+ZNF202+NPM1+AEBP1,"AEBP1,DNMT3B,NPM1,ZNF202",4,-0.17585911998185916,0.17585911998185916
4,HEYL+ZNF202+AEBP1+ZNF165,"AEBP1,HEYL,ZNF165,ZNF202",4,-0.17580459885736816,0.17580459885736816
4,SMAD7+NFIA+SRF+AEBP1,"AEBP1,NFIA,SMAD7,SRF",4,-0.17576623174176337,0.17576623174176337
3,STAT1+PAX3+SRF,"PAX3,SRF,STAT1",3,-0.17569014009928313,0.17569014009928313
4,FOXP3+SFPQ+AEBP1+ZNF165,"AEBP1,FOXP3,SFPQ,ZNF165",4,-0.1756799246178773,0.1756799246178773
4,ATF4+HEYL+HES1+NPM1,"ATF4,HES1,HEYL,NPM1",4,-0.1756710992667337,0.1756710992667337
2,ATF4+ZBTB20,"ATF4,ZBTB20",2,-0.17554553130968048,0.17554553130968048
4,FOXP3+ZBTB20+RARG+ZNF165,"FOXP3,RARG,ZBTB20,ZNF165",4,-0.1754586387809458,0.1754586387809458
4,FOXP3+NPM1+HOXC13+AEBP1,"AEBP1,FOXP3,HOXC13,NPM1",4,-0.175440272368045,0.175440272368045
3,STAT1+FOXP3+SMAD7,"FOXP3,SMAD7,STAT1",3,-0.17542778741685974,0.17542778741685974
4,ATF4+SFPQ+DNMT3B+ZNF202,"ATF4,DNMT3B,SFPQ,ZNF202",4,-0.17533678131314404,0.17533678131314404
3,ATF4+NFIA+HOXC13,"ATF4,HOXC13,NFIA",3,-0.17532824386263784,0.17532824386263784
3,ZBTB20+SRF+HOXC13,"HOXC13,SRF,ZBTB20",3,-0.175306629745083,0.175306629745083
3,DNMT3B+HOXC13+AEBP1,"AEBP1,DNMT3B,HOXC13",3,-0.17528558063191363,0.17528558063191363
4,ATF4+FOXP3+DNMT3B+NFIA,"ATF4,DNMT3B,FOXP3,NFIA",4,-0.17524349897254327,0.17524349897254327
4,ATF4+PAX3+NFIA+ZNF202,"ATF4,NFIA,PAX3,ZNF202",4,-0.17523146850421903,0.17523146850421903
4,FOXP3+ZBTB20+DNMT3B+SRF,"DNMT3B,FOXP3,SRF,ZBTB20",4,-0.1752218848549884,0.1752218848549884
4,PAX3+ZBTB20+ZNF202+SRF,"PAX3,SRF,ZBTB20,ZNF202",4,-0.17520985438666417,0.17520985438666417
4,SMAD7+DNMT3B+HES1+NFIA,"DNMT3B,HES1,NFIA,SMAD7",4,-0.17520401384897977,0.17520401384897977
4,SMAD7+RARG+HOXC13+AEBP1,"AEBP1,HOXC13,RARG,SMAD7",4,-0.17519833151844919,0.17519833151844919
4,PAX3+DNMT3B+ZNF202+AEBP1,"AEBP1,DNMT3B,PAX3,ZNF202",4,-0.1751888052734948,0.1751888052734948
4,ATF4+ZNF202+NPM1+ZNF165,"ATF4,NPM1,ZNF165,ZNF202",4,-0.17507753197483533,0.17507753197483533
4,ATF4+HEYL+ZNF202+HOXC13,"ATF4,HEYL,HOXC13,ZNF202",4,-0.17504260793882073,0.17504260793882073
4,ATF4+PAX3+HEYL+HES1,"ATF4,HES1,HEYL,PAX3",4,-0.1750007845583694,0.1750007845583694
3,HES1+NFIA+AEBP1,"AEBP1,HES1,NFIA",3,-0.17495935102394888,0.17495935102394888
4,FOXP3+SMAD7+ZBTB20+ZNF202,"FOXP3,SMAD7,ZBTB20,ZNF202",4,-0.17494750170424075,0.17494750170424075
4,SMAD7+SRF+AEBP1+ZNF165,"AEBP1,SMAD7,SRF,ZNF165",4,-0.17494198050401533,0.17494198050401533
4,ATF4+FOXP3+SFPQ+HOXC13,"ATF4,FOXP3,HOXC13,SFPQ",4,-0.17491793369932987,0.17491793369932987
4,SMAD7+SFPQ+HES1+HOXC13,"HES1,HOXC13,SFPQ,SMAD7",4,-0.17487844857576634,0.17487844857576634
3,ZBTB20+SFPQ+NPM1,"NPM1,SFPQ,ZBTB20",3,-0.17480450350854815,0.17480450350854815
4,FOXP3+PAX3+HOXC13+AEBP1,"AEBP1,FOXP3,HOXC13,PAX3",4,-0.17476995765968067,0.17476995765968067
4,STAT1+FOXP3+RARG+ZNF202,"FOXP3,RARG,STAT1,ZNF202",4,-0.17475308875836099,0.17475308875836099
4,HEYL+HES1+ZNF202+AEBP1,"AEBP1,HES1,HEYL,ZNF202",4,-0.17467371510013177,0.17467371510013177
4,SFPQ+NFIA+NPM1+HOXC13,"HOXC13,NFIA,NPM1,SFPQ",4,-0.1745872160615055,0.1745872160615055
4,FOXP3+SFPQ+HES1+AEBP1,"AEBP1,FOXP3,HES1,SFPQ",4,-0.17454904086064088,0.17454904086064088
3,ATF4+HOXC13+ZNF165,"ATF4,HOXC13,ZNF165",3,-0.17450399262488986,0.17450399262488986
4,FOXP3+HEYL+ZBTB20+NPM1,"FOXP3,HEYL,NPM1,ZBTB20",4,-0.17442558524413027,0.17442558524413027
4,ATF4+FOXP3+DNMT3B+ZNF165,"ATF4,DNMT3B,FOXP3,ZNF165",4,-0.17441924773479528,0.17441924773479528
4,ATF4+PAX3+ZNF202+ZNF165,"ATF4,PAX3,ZNF165,ZNF202",4,-0.17440721726647102,0.17440721726647102
4,SMAD7+HEYL+SFPQ+AEBP1,"AEBP1,HEYL,SFPQ,SMAD7",4,-0.17440493023146592,0.17440493023146592
4,SMAD7+DNMT3B+HES1+ZNF165,"DNMT3B,HES1,SMAD7,ZNF165",4,-0.17437976261123173,0.17437976261123173
4,FOXP3+ZBTB20+RARG+HES1,"FOXP3,HES1,RARG,ZBTB20",4,-0.17432775502370945,0.17432775502370945
3,HEYL+ZBTB20+DNMT3B,"DNMT3B,HEYL,ZBTB20",3,-0.17427089350799893,0.17427089350799893
4,SMAD7+HEYL+ZBTB20+RARG,"HEYL,RARG,SMAD7,ZBTB20",4,-0.17418364439453446,0.17418364439453446
4,ATF4+SMAD7+SRF+HOXC13,"ATF4,HOXC13,SMAD7,SRF",4,-0.17417998958546793,0.17417998958546793
3,HES1+AEBP1+ZNF165,"AEBP1,HES1,ZNF165",3,-0.17413509978620087,0.17413509978620087
3,PAX3+ZBTB20+SFPQ,"PAX3,SFPQ,ZBTB20",3,-0.17413418880018383,0.17413418880018383
4,DNMT3B+NFIA+NPM1+ZNF165,"DNMT3B,NFIA,NPM1,ZNF165",4,-0.1740885300969709,0.1740885300969709
4,HEYL+DNMT3B+NFIA+HOXC13,"DNMT3B,HEYL,HOXC13,NFIA",4,-0.1740536060609563,0.1740536060609563
4,RARG+SFPQ+NFIA+AEBP1,"AEBP1,NFIA,RARG,SFPQ",4,-0.17401586749678427,0.17401586749678427
4,ATF4+HES1+ZNF202+NPM1,"ATF4,HES1,NPM1,ZNF202",4,-0.17394664821759898,0.17394664821759898
4,PAX3+SFPQ+NFIA+HOXC13,"HOXC13,NFIA,PAX3,SFPQ",4,-0.1739169013531412,0.1739169013531412
4,ATF4+FOXP3+SRF+AEBP1,"AEBP1,ATF4,FOXP3,SRF",4,-0.17385058187034252,0.17385058187034252
4,SMAD7+HES1+SRF+AEBP1,"AEBP1,HES1,SMAD7,SRF",4,-0.17381109674677897,0.17381109674677897
4,SFPQ+NPM1+HOXC13+ZNF165,"HOXC13,NPM1,SFPQ,ZNF165",4,-0.17376296482375747,0.17376296482375747
4,FOXP3+PAX3+HEYL+ZBTB20,"FOXP3,HEYL,PAX3,ZBTB20",4,-0.17375527053576595,0.17375527053576595
4,ATF4+SMAD7+SFPQ+NPM1,"ATF4,NPM1,SFPQ,SMAD7",4,-0.1736778633489331,0.1736778633489331
4,PAX3+SMAD7+NPM1+AEBP1,"AEBP1,NPM1,PAX3,SMAD7",4,-0.1735298873092839,0.1735298873092839
4,NFIA+SRF+NPM1+AEBP1,"AEBP1,NFIA,NPM1,SRF",4,-0.17351986423251814,0.17351986423251814
4,PAX3+DNMT3B+NFIA+ZNF165,"DNMT3B,NFIA,PAX3,ZNF165",4,-0.17341821538860658,0.17341821538860658
3,ATF4+HES1+HOXC13,"ATF4,HES1,HOXC13",3,-0.17337310886765347,0.17337310886765347
4,ATF4+FOXP3+DNMT3B+HES1,"ATF4,DNMT3B,FOXP3,HES1",4,-0.1732883639775589,0.1732883639775589
4,ATF4+PAX3+HES1+ZNF202,"ATF4,HES1,PAX3,ZNF202",4,-0.17327633350923466,0.17327633350923466
4,HEYL+DNMT3B+HOXC13+ZNF165,"DNMT3B,HEYL,HOXC13,ZNF165",4,-0.17322935482320828,0.17322935482320828
4,RARG+SFPQ+AEBP1+ZNF165,"AEBP1,RARG,SFPQ,ZNF165",4,-0.17319161625903629,0.17319161625903629
3,STAT1+FOXP3+NPM1,"FOXP3,NPM1,STAT1",3,-0.17318141990761454,0.17318141990761454
4,ATF4+SMAD7+HEYL+DNMT3B,"ATF4,DNMT3B,HEYL,SMAD7",4,-0.1731442533483839,0.1731442533483839
4,PAX3+SFPQ+HOXC13+ZNF165,"HOXC13,PAX3,SFPQ,ZNF165",4,-0.17309265011539315,0.17309265011539315
2,STAT1+DNMT3B,"DNMT3B,STAT1",2,-0.17302672817148318,0.17302672817148318
4,ATF4+PAX3+SMAD7+SFPQ,"ATF4,PAX3,SFPQ,SMAD7",4,-0.1730075486405688,0.1730075486405688
4,ATF4+SFPQ+NFIA+SRF,"ATF4,NFIA,SFPQ,SRF",4,-0.17299752556380305,0.17299752556380305
4,DNMT3B+HES1+NFIA+NPM1,"DNMT3B,HES1,NFIA,NPM1",4,-0.17295764633973454,0.17295764633973454
4,SFPQ+DNMT3B+SRF+AEBP1,"AEBP1,DNMT3B,SFPQ,SRF",4,-0.17295486233307883,0.17295486233307883
4,RARG+NPM1+HOXC13+AEBP1,"AEBP1,HOXC13,NPM1,RARG",4,-0.17295196400920398,0.17295196400920398
3,STAT1+SMAD7+RARG,"RARG,SMAD7,STAT1",3,-0.1729394790580187,0.1729394790580187
4,HEYL+HES1+NFIA+ZNF165,"HES1,HEYL,NFIA,ZNF165",4,-0.17290312521524354,0.17290312521524354
3,ATF4+HEYL+AEBP1,"AEBP1,ATF4,HEYL",3,-0.17289959052335305,0.17289959052335305
4,PAX3+NFIA+SRF+AEBP1,"AEBP1,NFIA,PAX3,SRF",4,-0.17284954952415382,0.17284954952415382
4,ATF4+RARG+DNMT3B+NFIA,"ATF4,DNMT3B,NFIA,RARG",4,-0.17275519061370226,0.17275519061370226
4,ZBTB20+RARG+DNMT3B+SRF,"DNMT3B,RARG,SRF,ZBTB20",4,-0.1727335764961474,0.1727335764961474
4,FOXP3+ZBTB20+ZNF202+NPM1,"FOXP3,NPM1,ZBTB20,ZNF202",4,-0.17270113419499555,0.17270113419499555
4,SRF+NPM1+AEBP1+ZNF165,"AEBP1,NPM1,SRF,ZNF165",4,-0.17269561299477015,0.17269561299477015
4,SMAD7+SFPQ+ZNF202+AEBP1,"AEBP1,SFPQ,SMAD7,ZNF202",4,-0.17268047918233115,0.17268047918233115
4,HEYL+SRF+HOXC13+AEBP1,"AEBP1,HEYL,HOXC13,SRF",4,-0.17266068895875553,0.17266068895875553
4,SFPQ+HES1+NPM1+HOXC13,"HES1,HOXC13,NPM1,SFPQ",4,-0.17263208106652114,0.17263208106652114
4,FOXP3+SMAD7+NFIA+AEBP1,"AEBP1,FOXP3,NFIA,SMAD7",4,-0.1725871968417304,0.1725871968417304
3,ZBTB20+DNMT3B+ZNF202,"DNMT3B,ZBTB20,ZNF202",3,-0.1725464424588642,0.1725464424588642
3,STAT1+FOXP3+PAX3,"FOXP3,PAX3,STAT1",3,-0.17251110519925023,0.17251110519925023
4,SMAD7+ZBTB20+RARG+ZNF202,"RARG,SMAD7,ZBTB20,ZNF202",4,-0.17245919334539972,0.17245919334539972
4,ATF4+RARG+SFPQ+HOXC13,"ATF4,HOXC13,RARG,SFPQ",4,-0.17242962534048886,0.17242962534048886
4,DNMT3B+NFIA+ZNF202+HOXC13,"DNMT3B,HOXC13,NFIA,ZNF202",4,-0.17232915501182156,0.17232915501182156
4,PAX3+DNMT3B+HES1+NFIA,"DNMT3B,HES1,NFIA,PAX3",4,-0.17228733163137022,0.17228733163137022
4,PAX3+RARG+HOXC13+AEBP1,"AEBP1,HOXC13,PAX3,RARG",4,-0.17228164930083967,0.17228164930083967
4,ATF4+SFPQ+SRF+ZNF165,"ATF4,SFPQ,SRF,ZNF165",4,-0.172173274326055,0.172173274326055
4,HEYL+SFPQ+NPM1+AEBP1,"AEBP1,HEYL,NPM1,SFPQ",4,-0.1721585627222207,0.1721585627222207
4,DNMT3B+HES1+NPM1+ZNF165,"DNMT3B,HES1,NPM1,ZNF165",4,-0.17213339510198652,0.17213339510198652
3,FOXP3+ZBTB20+HOXC13,"FOXP3,HOXC13,ZBTB20",3,-0.17212759484505002,0.17212759484505002
4,HEYL+DNMT3B+HES1+HOXC13,"DNMT3B,HES1,HEYL,HOXC13",4,-0.17209847106597193,0.17209847106597193
4,RARG+SFPQ+HES1+AEBP1,"AEBP1,HES1,RARG,SFPQ",4,-0.17206073250179987,0.17206073250179987
4,FOXP3+PAX3+ZBTB20+ZNF202,"FOXP3,PAX3,ZBTB20,ZNF202",4,-0.1720308194866312,0.1720308194866312
4,PAX3+SRF+AEBP1+ZNF165,"AEBP1,PAX3,SRF,ZNF165",4,-0.17202529828640584,0.17202529828640584
4,PAX3+SFPQ+HES1+HOXC13,"HES1,HOXC13,PAX3,SFPQ",4,-0.1719617663581568,0.1719617663581568
4,HEYL+ZBTB20+RARG+NPM1,"HEYL,NPM1,RARG,ZBTB20",4,-0.17193727688528926,0.17193727688528926
4,ATF4+SRF+NPM1+HOXC13,"ATF4,HOXC13,NPM1,SRF",4,-0.17193362207622273,0.17193362207622273
4,ATF4+RARG+DNMT3B+ZNF165,"ATF4,DNMT3B,RARG,ZNF165",4,-0.17193093937595427,0.17193093937595427
4,FOXP3+SMAD7+AEBP1+ZNF165,"AEBP1,FOXP3,SMAD7,ZNF165",4,-0.17176294560398242,0.17176294560398242
4,HES1+SRF+NPM1+AEBP1,"AEBP1,HES1,NPM1,SRF",4,-0.17156472923753377,0.17156472923753377
4,DNMT3B+ZNF202+HOXC13+ZNF165,"DNMT3B,HOXC13,ZNF165,ZNF202",4,-0.17150490377407357,0.17150490377407357
4,PAX3+HEYL+SFPQ+AEBP1,"AEBP1,HEYL,PAX3,SFPQ",4,-0.17148824801385637,0.17148824801385637
4,PAX3+DNMT3B+HES1+ZNF165,"DNMT3B,HES1,PAX3,ZNF165",4,-0.17146308039362218,0.17146308039362218
4,ATF4+SMAD7+DNMT3B+ZNF202,"ATF4,DNMT3B,SMAD7,ZNF202",4,-0.17141980229924916,0.17141980229924916
4,ATF4+RARG+SRF+AEBP1,"AEBP1,ATF4,RARG,SRF",4,-0.17136227351150152,0.17136227351150152
4,PAX3+HEYL+ZBTB20+RARG,"HEYL,PAX3,RARG,ZBTB20",4,-0.17126696217692494,0.17126696217692494
4,ATF4+PAX3+SRF+HOXC13,"ATF4,HOXC13,PAX3,SRF",4,-0.17126330736785841,0.17126330736785841
4,HES1+NFIA+ZNF202+ZNF165,"HES1,NFIA,ZNF165,ZNF202",4,-0.17117867416610877,0.17117867416610877
3,ATF4+ZNF202+AEBP1,"AEBP1,ATF4,ZNF202",3,-0.1711751394742183,0.1711751394742183
4,ATF4+SFPQ+HES1+SRF,"ATF4,HES1,SFPQ,SRF",4,-0.17104239056881865,0.17104239056881865
4,ATF4+FOXP3+SMAD7+HOXC13,"ATF4,FOXP3,HOXC13,SMAD7",4,-0.171000954685435,0.171000954685435
4,ZNF202+SRF+HOXC13+AEBP1,"AEBP1,HOXC13,SRF,ZNF202",4,-0.17093623790962081,0.17093623790962081
4,SMAD7+SFPQ+NFIA+ZNF165,"NFIA,SFPQ,SMAD7,ZNF165",4,-0.17090988929744294,0.17090988929744294
4,ATF4+HEYL+DNMT3B+NPM1,"ATF4,DNMT3B,HEYL,NPM1",4,-0.17089788583913867,0.17089788583913867
4,PAX3+HES1+SRF+AEBP1,"AEBP1,HES1,PAX3,SRF",4,-0.17089441452916945,0.17089441452916945
3,SMAD7+ZBTB20+NPM1,"NPM1,SMAD7,ZBTB20",3,-0.17088752449465328,0.17088752449465328
4,ATF4+RARG+DNMT3B+HES1,"ATF4,DNMT3B,HES1,RARG",4,-0.1708000556187179,0.1708000556187179
4,ATF4+PAX3+SFPQ+NPM1,"ATF4,NPM1,PAX3,SFPQ",4,-0.1707611811313236,0.1707611811313236
3,STAT1+RARG+NPM1,"NPM1,RARG,STAT1",3,-0.17069311154877348,0.17069311154877348
4,SMAD7+NFIA+NPM1+HOXC13,"HOXC13,NFIA,NPM1,SMAD7",4,-0.17067023704761064,0.17067023704761064
4,FOXP3+SMAD7+HES1+AEBP1,"AEBP1,FOXP3,HES1,SMAD7",4,-0.170632061846746,0.170632061846746
4,SFPQ+ZNF202+NPM1+AEBP1,"AEBP1,NPM1,SFPQ,ZNF202",4,-0.17043411167308598,0.17043411167308598
3,STAT1+HEYL+SRF,"HEYL,SRF,STAT1",3,-0.17040183649832508,0.17040183649832508
4,DNMT3B+HES1+ZNF202+HOXC13,"DNMT3B,HES1,HOXC13,ZNF202",4,-0.17037402001683719,0.17037402001683719
4,FOXP3+NFIA+NPM1+AEBP1,"AEBP1,FOXP3,NFIA,NPM1",4,-0.1703408293324852,0.1703408293324852
4,ATF4+PAX3+HEYL+DNMT3B,"ATF4,DNMT3B,HEYL,PAX3",4,-0.17022757113077439,0.17022757113077439
3,PAX3+SMAD7+ZBTB20,"PAX3,SMAD7,ZBTB20",3,-0.17021720978628896,0.17021720978628896
4,ZBTB20+RARG+ZNF202+NPM1,"NPM1,RARG,ZBTB20,ZNF202",4,-0.17021282583615455,0.17021282583615455
3,ZBTB20+NFIA+SRF,"NFIA,SRF,ZBTB20",3,-0.1702071867095232,0.1702071867095232
3,DNMT3B+NFIA+AEBP1,"AEBP1,DNMT3B,NFIA",3,-0.17018613759635387,0.17018613759635387
4,SMAD7+SFPQ+DNMT3B+HOXC13,"DNMT3B,HOXC13,SFPQ,SMAD7",4,-0.1701052351481713,0.1701052351481713
4,SMAD7+RARG+NFIA+AEBP1,"AEBP1,NFIA,RARG,SMAD7",4,-0.1700988884828894,0.1700988884828894
3,STAT1+PAX3+RARG,"PAX3,RARG,STAT1",3,-0.17002279684040916,0.17002279684040916
4,PAX3+SMAD7+NFIA+HOXC13,"HOXC13,NFIA,PAX3,SMAD7",4,-0.16999992233924632,0.16999992233924632
4,ATF4+HEYL+NFIA+ZNF202,"ATF4,HEYL,NFIA,ZNF202",4,-0.16994316490326097,0.16994316490326097
4,HEYL+ZBTB20+ZNF202+SRF,"HEYL,SRF,ZBTB20,ZNF202",4,-0.1699215507857061,0.1699215507857061
4,HEYL+DNMT3B+ZNF202+AEBP1,"AEBP1,DNMT3B,HEYL,ZNF202",4,-0.16990050167253673,0.16990050167253673
3,SFPQ+HOXC13+AEBP1,"AEBP1,HOXC13,SFPQ",3,-0.16986057232314045,0.16986057232314045
4,SMAD7+NPM1+HOXC13+ZNF165,"HOXC13,NPM1,SMAD7,ZNF165",4,-0.1698459858098626,0.1698459858098626
4,ATF4+FOXP3+SFPQ+NFIA,"ATF4,FOXP3,NFIA,SFPQ",4,-0.16981849066377008,0.16981849066377008
4,FOXP3+ZBTB20+SFPQ+SRF,"FOXP3,SFPQ,SRF,ZBTB20",4,-0.16979687654621523,0.16979687654621523
4,SMAD7+SFPQ+HES1+NFIA,"HES1,NFIA,SFPQ,SMAD7",4,-0.16977900554020656,0.16977900554020656
4,FOXP3+SFPQ+DNMT3B+AEBP1,"AEBP1,DNMT3B,FOXP3,SFPQ",4,-0.16977582743304587,0.16977582743304587
4,PAX3+SFPQ+ZNF202+AEBP1,"AEBP1,PAX3,SFPQ,ZNF202",4,-0.16976379696472163,0.16976379696472163
4,FOXP3+PAX3+NFIA+AEBP1,"AEBP1,FOXP3,NFIA,PAX3",4,-0.1696705146241209,0.1696705146241209
3,ZBTB20+RARG+HOXC13,"HOXC13,RARG,ZBTB20",3,-0.16963928648620902,0.16963928648620902
4,FOXP3+ZBTB20+RARG+DNMT3B,"DNMT3B,FOXP3,RARG,ZBTB20",4,-0.16955454159611444,0.16955454159611444
4,PAX3+ZBTB20+RARG+ZNF202,"PAX3,RARG,ZBTB20,ZNF202",4,-0.1695425111277902,0.1695425111277902
4,FOXP3+NPM1+AEBP1+ZNF165,"AEBP1,FOXP3,NPM1,ZNF165",4,-0.1695165780947372,0.1695165780947372
4,FOXP3+HEYL+HOXC13+AEBP1,"AEBP1,FOXP3,HEYL,HOXC13",4,-0.16948165405872262,0.16948165405872262
3,ATF4+NFIA+ZNF165,"ATF4,NFIA,ZNF165",3,-0.16940454958933004,0.16940454958933004
3,ZBTB20+SRF+ZNF165,"SRF,ZBTB20,ZNF165",3,-0.1693829354717752,0.1693829354717752
3,DNMT3B+AEBP1+ZNF165,"AEBP1,DNMT3B,ZNF165",3,-0.16936188635860583,0.16936188635860583
4,SMAD7+RARG+AEBP1+ZNF165,"AEBP1,RARG,SMAD7,ZNF165",4,-0.1692746372451414,0.1692746372451414
4,PAX3+SMAD7+HOXC13+ZNF165,"HOXC13,PAX3,SMAD7,ZNF165",4,-0.16917567110149828,0.16917567110149828
4,ATF4+DNMT3B+ZNF202+NPM1,"ATF4,DNMT3B,NPM1,ZNF202",4,-0.16917343479000396,0.16917343479000396
4,NFIA+SRF+HOXC13+ZNF165,"HOXC13,NFIA,SRF,ZNF165",4,-0.16916564802473255,0.16916564802473255
4,ATF4+HEYL+ZNF202+ZNF165,"ATF4,HEYL,ZNF165,ZNF202",4,-0.16911891366551296,0.16911891366551296
4,ATF4+SMAD7+NFIA+SRF,"ATF4,NFIA,SMAD7,SRF",4,-0.16908054654990817,0.16908054654990817
4,SMAD7+DNMT3B+SRF+AEBP1,"AEBP1,DNMT3B,SMAD7,SRF",4,-0.16903788331918396,0.16903788331918396
4,ATF4+FOXP3+SFPQ+ZNF165,"ATF4,FOXP3,SFPQ,ZNF165",4,-0.1689942394260221,0.1689942394260221
4,SMAD7+SFPQ+HES1+ZNF165,"HES1,SFPQ,SMAD7,ZNF165",4,-0.16895475430245854,0.16895475430245854
4,FOXP3+PAX3+AEBP1+ZNF165,"AEBP1,FOXP3,PAX3,ZNF165",4,-0.16884626338637287,0.16884626338637287
3,HEYL+ZBTB20+SFPQ,"HEYL,SFPQ,ZBTB20",3,-0.16884588519922575,0.16884588519922575
4,ATF4+FOXP3+NPM1+HOXC13,"ATF4,FOXP3,HOXC13,NPM1",4,-0.1687545871761898,0.1687545871761898
4,SMAD7+HES1+NPM1+HOXC13,"HES1,HOXC13,NPM1,SMAD7",4,-0.16871510205262627,0.16871510205262627
3,STAT1+ZNF202+SRF,"SRF,STAT1,ZNF202",3,-0.16867738544919034,0.16867738544919034
4,SFPQ+NFIA+NPM1+ZNF165,"NFIA,NPM1,SFPQ,ZNF165",4,-0.1686635217881977,0.1686635217881977
4,HEYL+SFPQ+NFIA+HOXC13,"HEYL,HOXC13,NFIA,SFPQ",4,-0.1686285977521831,0.1686285977521831
3,ATF4+DNMT3B+HOXC13,"ATF4,DNMT3B,HOXC13",3,-0.16859989544005843,0.16859989544005843
4,ATF4+SMAD7+RARG+HOXC13,"ATF4,HOXC13,RARG,SMAD7",4,-0.168512646326594,0.168512646326594
4,ATF4+PAX3+DNMT3B+ZNF202,"ATF4,DNMT3B,PAX3,ZNF202",4,-0.16850312008163965,0.16850312008163965
4,FOXP3+HES1+NPM1+AEBP1,"AEBP1,FOXP3,HES1,NPM1",4,-0.16838569433750084,0.16838569433750084
3,ATF4+HES1+NFIA,"ATF4,HES1,NFIA",3,-0.1682736658320937,0.1682736658320937
4,ATF4+SMAD7+SRF+ZNF165,"ATF4,SMAD7,SRF,ZNF165",4,-0.16825629531216013,0.16825629531216013
3,ZBTB20+HES1+SRF,"HES1,SRF,ZBTB20",3,-0.16825205171453883,0.16825205171453883
4,SMAD7+HEYL+NPM1+AEBP1,"AEBP1,HEYL,NPM1,SMAD7",4,-0.16824158370832581,0.16824158370832581
3,DNMT3B+HES1+AEBP1,"AEBP1,DNMT3B,HES1",3,-0.16823100260136947,0.16823100260136947
4,ATF4+FOXP3+RARG+AEBP1,"AEBP1,ATF4,FOXP3,RARG",4,-0.16818323861146856,0.16818323861146856
4,SMAD7+RARG+HES1+AEBP1,"AEBP1,HES1,RARG,SMAD7",4,-0.168143753487905,0.168143753487905
4,HEYL+DNMT3B+NFIA+ZNF165,"DNMT3B,HEYL,NFIA,ZNF165",4,-0.16812991178764852,0.16812991178764852
4,ATF4+FOXP3+PAX3+HOXC13,"ATF4,FOXP3,HOXC13,PAX3",4,-0.16808427246782548,0.16808427246782548
4,PAX3+SMAD7+HES1+HOXC13,"HES1,HOXC13,PAX3,SMAD7",4,-0.16804478734426193,0.16804478734426193
4,HES1+NFIA+SRF+HOXC13,"HES1,HOXC13,NFIA,SRF",4,-0.1680347642674962,0.1680347642674962
4,PAX3+SFPQ+NFIA+ZNF165,"NFIA,PAX3,SFPQ,ZNF165",4,-0.1679932070798334,0.1679932070798334
4,ATF4+HEYL+HES1+ZNF202,"ATF4,HES1,HEYL,ZNF202",4,-0.16798802990827658,0.16798802990827658
3,PAX3+ZBTB20+NPM1,"NPM1,PAX3,ZBTB20",3,-0.16797084227704373,0.16797084227704373
4,ATF4+FOXP3+SFPQ+HES1,"ATF4,FOXP3,HES1,SFPQ",4,-0.1678633556687857,0.1678633556687857
4,SFPQ+DNMT3B+NPM1+HOXC13,"DNMT3B,HOXC13,NPM1,SFPQ",4,-0.1678588676389261,0.1678588676389261
4,RARG+NFIA+NPM1+AEBP1,"AEBP1,NFIA,NPM1,RARG",4,-0.1678525209736442,0.1678525209736442
4,HEYL+SFPQ+HOXC13+ZNF165,"HEYL,HOXC13,SFPQ,ZNF165",4,-0.1678043465144351,0.1678043465144351
4,FOXP3+ZNF202+HOXC13+AEBP1,"AEBP1,FOXP3,HOXC13,ZNF202",4,-0.16775720300958785,0.16775720300958785
4,PAX3+NFIA+NPM1+HOXC13,"HOXC13,NFIA,NPM1,PAX3",4,-0.16775355483000112,0.16775355483000112
4,ATF4+SMAD7+HEYL+SFPQ,"ATF4,HEYL,SFPQ,SMAD7",4,-0.16771924503961072,0.16771924503961072
4,FOXP3+PAX3+HES1+AEBP1,"AEBP1,FOXP3,HES1,PAX3",4,-0.16771537962913652,0.16771537962913652
2,STAT1+SFPQ,"SFPQ,STAT1",2,-0.16760171986271,0.16760171986271
4,PAX3+SMAD7+HEYL+AEBP1,"AEBP1,HEYL,PAX3,SMAD7",4,-0.1675712689999615,0.1675712689999615
4,HEYL+NFIA+SRF+AEBP1,"AEBP1,HEYL,NFIA,SRF",4,-0.16756124592319577,0.16756124592319577
4,SFPQ+HES1+NFIA+NPM1,"HES1,NFIA,NPM1,SFPQ",4,-0.16753263803096136,0.16753263803096136
3,ATF4+HES1+ZNF165,"ATF4,HES1,ZNF165",3,-0.16744941459434567,0.16744941459434567
4,ATF4+RARG+SFPQ+NFIA,"ATF4,NFIA,RARG,SFPQ",4,-0.16733018230492908,0.16733018230492908
4,ZBTB20+RARG+SFPQ+SRF,"RARG,SFPQ,SRF,ZBTB20",4,-0.16730856818737422,0.16730856818737422
4,RARG+SFPQ+DNMT3B+AEBP1,"AEBP1,DNMT3B,RARG,SFPQ",4,-0.16728751907420486,0.16728751907420486
3,STAT1+FOXP3+HEYL,"FOXP3,HEYL,STAT1",3,-0.16722280159829214,0.16722280159829214
4,HES1+SRF+HOXC13+ZNF165,"HES1,HOXC13,SRF,ZNF165",4,-0.16721051302974815,0.16721051302974815
4,PAX3+SFPQ+DNMT3B+HOXC13,"DNMT3B,HOXC13,PAX3,SFPQ",4,-0.16718855293056178,0.16718855293056178
4,PAX3+RARG+NFIA+AEBP1,"AEBP1,NFIA,PAX3,RARG",4,-0.16718220626527988,0.16718220626527988
4,ATF4+SMAD7+HES1+SRF,"ATF4,HES1,SMAD7,SRF",4,-0.16712541155492378,0.16712541155492378
3,ZBTB20+SFPQ+ZNF202,"SFPQ,ZBTB20,ZNF202",3,-0.167121434150091,0.167121434150091
4,RARG+NPM1+AEBP1+ZNF165,"AEBP1,NPM1,RARG,ZNF165",4,-0.16702826973589618,0.16702826973589618
3,FOXP3+ZBTB20+NFIA,"FOXP3,NFIA,ZBTB20",3,-0.16702815180949027,0.16702815180949027
4,HEYL+DNMT3B+HES1+NFIA,"DNMT3B,HES1,HEYL,NFIA",4,-0.16699902803041214,0.16699902803041214
4,HEYL+RARG+HOXC13+AEBP1,"AEBP1,HEYL,HOXC13,RARG",4,-0.16699334569988158,0.16699334569988158
4,PAX3+NPM1+HOXC13+ZNF165,"HOXC13,NPM1,PAX3,ZNF165",4,-0.1669293035922531,0.1669293035922531
4,SFPQ+NFIA+ZNF202+HOXC13,"HOXC13,NFIA,SFPQ,ZNF202",4,-0.16690414670304837,0.16690414670304837
4,PAX3+SFPQ+HES1+NFIA,"HES1,NFIA,PAX3,SFPQ",4,-0.16686232332259704,0.16686232332259704
4,ATF4+PAX3+SMAD7+NPM1,"ATF4,NPM1,PAX3,SMAD7",4,-0.16684420211742873,0.16684420211742873
4,ATF4+NFIA+SRF+NPM1,"ATF4,NFIA,NPM1,SRF",4,-0.16683417904066294,0.16683417904066294
4,DNMT3B+SRF+NPM1+AEBP1,"AEBP1,DNMT3B,NPM1,SRF",4,-0.16679151580993876,0.16679151580993876
4,FOXP3+HEYL+ZBTB20+ZNF202,"FOXP3,HEYL,ZBTB20,ZNF202",4,-0.16674251588567315,0.16674251588567315
4,HEYL+SRF+AEBP1+ZNF165,"AEBP1,HEYL,SRF,ZNF165",4,-0.16673699468544775,0.16673699468544775
4,SFPQ+HES1+NPM1+ZNF165,"HES1,NPM1,SFPQ,ZNF165",4,-0.16670838679321334,0.16670838679321334
4,HEYL+SFPQ+HES1+HOXC13,"HES1,HEYL,HOXC13,SFPQ",4,-0.16667346275719874,0.16667346275719874
4,SMAD7+ZNF202+NPM1+AEBP1,"AEBP1,NPM1,SMAD7,ZNF202",4,-0.1665171326591911,0.1665171326591911
4,ATF4+RARG+SFPQ+ZNF165,"ATF4,RARG,SFPQ,ZNF165",4,-0.1665059310671811,0.1665059310671811
4,DNMT3B+NFIA+ZNF202+ZNF165,"DNMT3B,NFIA,ZNF165,ZNF202",4,-0.16640546073851376,0.16640546073851376
4,PAX3+RARG+AEBP1+ZNF165,"AEBP1,PAX3,RARG,ZNF165",4,-0.16635795502753187,0.16635795502753187
4,ATF4+SFPQ+DNMT3B+SRF,"ATF4,DNMT3B,SFPQ,SRF",4,-0.16626917714122363,0.16626917714122363
4,ATF4+RARG+NPM1+HOXC13,"ATF4,HOXC13,NPM1,RARG",4,-0.1662662788173488,0.1662662788173488
3,FOXP3+ZBTB20+ZNF165,"FOXP3,ZBTB20,ZNF165",3,-0.16620390057174222,0.16620390057174222
4,HEYL+DNMT3B+HES1+ZNF165,"DNMT3B,HES1,HEYL,ZNF165",4,-0.16617477679266413,0.16617477679266413
4,ATF4+PAX3+NFIA+SRF,"ATF4,NFIA,PAX3,SRF",4,-0.16616386433229863,0.16616386433229863
4,PAX3+DNMT3B+SRF+AEBP1,"AEBP1,DNMT3B,PAX3,SRF",4,-0.1661212011015744,0.1661212011015744
4,SFPQ+ZNF202+HOXC13+ZNF165,"HOXC13,SFPQ,ZNF165,ZNF202",4,-0.1660798954653004,0.1660798954653004
4,PAX3+SFPQ+HES1+ZNF165,"HES1,PAX3,SFPQ,ZNF165",4,-0.166038072084849,0.166038072084849
4,ATF4+SRF+NPM1+ZNF165,"ATF4,NPM1,SRF,ZNF165",4,-0.16600992780291496,0.16600992780291496
4,ATF4+SMAD7+SFPQ+ZNF202,"ATF4,SFPQ,SMAD7,ZNF202",4,-0.16599479399047598,0.16599479399047598
4,FOXP3+NFIA+HOXC13+ZNF165,"FOXP3,HOXC13,NFIA,ZNF165",4,-0.1659866131246996,0.1659866131246996
4,ATF4+HEYL+SRF+HOXC13,"ATF4,HEYL,HOXC13,SRF",4,-0.16597500376690036,0.16597500376690036
3,SMAD7+HOXC13+AEBP1,"AEBP1,HOXC13,SMAD7",3,-0.16594359330924557,0.16594359330924557
4,ATF4+FOXP3+SMAD7+NFIA,"ATF4,FOXP3,NFIA,SMAD7",4,-0.1659015116498752,0.1659015116498752
4,RARG+HES1+NPM1+AEBP1,"AEBP1,HES1,NPM1,RARG",4,-0.16589738597865983,0.16589738597865983
4,FOXP3+SMAD7+ZBTB20+SRF,"FOXP3,SMAD7,SRF,ZBTB20",4,-0.16587989753232035,0.16587989753232035
4,FOXP3+SMAD7+DNMT3B+AEBP1,"AEBP1,DNMT3B,FOXP3,SMAD7",4,-0.165858848419151,0.165858848419151
4,PAX3+SMAD7+ZNF202+AEBP1,"AEBP1,PAX3,SMAD7,ZNF202",4,-0.16584681795082676,0.16584681795082676
4,NFIA+ZNF202+SRF+AEBP1,"AEBP1,NFIA,SRF,ZNF202",4,-0.165836794874061,0.165836794874061
4,PAX3+HES1+NPM1+HOXC13,"HES1,HOXC13,NPM1,PAX3",4,-0.16579841983501672,0.16579841983501672
4,STAT1+FOXP3+RARG+SRF,"FOXP3,RARG,SRF,STAT1",4,-0.16568548458644058,0.16568548458644058
4,HEYL+HES1+SRF+AEBP1,"AEBP1,HES1,HEYL,SRF",4,-0.16560611092821137,0.16560611092821137
4,ATF4+PAX3+RARG+HOXC13,"ATF4,HOXC13,PAX3,RARG",4,-0.16559596410898447,0.16559596410898447
3,STAT1+FOXP3+ZNF202,"FOXP3,STAT1,ZNF202",3,-0.1654983505491574,0.1654983505491574
4,ATF4+HEYL+SFPQ+NPM1,"ATF4,HEYL,NPM1,SFPQ",4,-0.1654728775303655,0.1654728775303655
4,ATF4+RARG+SFPQ+HES1,"ATF4,HES1,RARG,SFPQ",4,-0.1653750473099447,0.1653750473099447
4,ATF4+PAX3+SRF+ZNF165,"ATF4,PAX3,SRF,ZNF165",4,-0.16533961309455064,0.16533961309455064
4,PAX3+HEYL+NPM1+AEBP1,"AEBP1,HEYL,NPM1,PAX3",4,-0.16532490149071633,0.16532490149071633
4,DNMT3B+HES1+NFIA+ZNF202,"DNMT3B,HES1,NFIA,ZNF202",4,-0.16527457698127743,0.16527457698127743
4,RARG+ZNF202+HOXC13+AEBP1,"AEBP1,HOXC13,RARG,ZNF202",4,-0.16526889465074684,0.16526889465074684
4,PAX3+RARG+HES1+AEBP1,"AEBP1,HES1,PAX3,RARG",4,-0.1652270712702955,0.1652270712702955
4,ATF4+FOXP3+SMAD7+ZNF165,"ATF4,FOXP3,SMAD7,ZNF165",4,-0.16507726041212722,0.16507726041212722
3,FOXP3+ZBTB20+HES1,"FOXP3,HES1,ZBTB20",3,-0.16507301681450587,0.16507301681450587
4,ZNF202+SRF+AEBP1+ZNF165,"AEBP1,SRF,ZNF165,ZNF202",4,-0.165012543636313,0.165012543636313
4,SMAD7+SFPQ+DNMT3B+NFIA,"DNMT3B,NFIA,SFPQ,SMAD7",4,-0.16500579211261152,0.16500579211261152
4,SFPQ+HES1+ZNF202+HOXC13,"HES1,HOXC13,SFPQ,ZNF202",4,-0.164949011708064,0.164949011708064
3,SMAD7+HEYL+ZBTB20,"HEYL,SMAD7,ZBTB20",3,-0.16492890618533088,0.16492890618533088
4,ATF4+HES1+SRF+NPM1,"ATF4,HES1,NPM1,SRF",4,-0.1648790440456786,0.1648790440456786
4,FOXP3+HES1+NFIA+HOXC13,"FOXP3,HES1,HOXC13,NFIA",4,-0.16485572936746323,0.16485572936746323
4,ATF4+PAX3+HEYL+SFPQ,"ATF4,HEYL,PAX3,SFPQ",4,-0.1648025628220012,0.1648025628220012
3,SFPQ+NFIA+AEBP1,"AEBP1,NFIA,SFPQ",3,-0.1647611292875807,0.1647611292875807
4,SMAD7+NFIA+NPM1+ZNF165,"NFIA,NPM1,SMAD7,ZNF165",4,-0.16474654277430284,0.16474654277430284
3,STAT1+HEYL+RARG,"HEYL,RARG,STAT1",3,-0.1647344932394511,0.1647344932394511
4,SMAD7+HEYL+NFIA+HOXC13,"HEYL,HOXC13,NFIA,SMAD7",4,-0.16471161873828824,0.16471161873828824
3,ZBTB20+RARG+NFIA,"NFIA,RARG,ZBTB20",3,-0.16453984345064926,0.16453984345064926
4,HEYL+SFPQ+ZNF202+AEBP1,"AEBP1,HEYL,SFPQ,ZNF202",4,-0.16447549336376355,0.16447549336376355
4,DNMT3B+HES1+ZNF202+ZNF165,"DNMT3B,HES1,ZNF165,ZNF202",4,-0.16445032574352939,0.16445032574352939
4,FOXP3+HEYL+NFIA+AEBP1,"AEBP1,FOXP3,HEYL,NFIA",4,-0.1643822110231628,0.1643822110231628
4,HEYL+ZBTB20+RARG+ZNF202,"HEYL,RARG,ZBTB20,ZNF202",4,-0.16425420752683212,0.16425420752683212
4,ATF4+ZNF202+SRF+HOXC13,"ATF4,HOXC13,SRF,ZNF202",4,-0.1642505527177656,0.1642505527177656
4,ATF4+PAX3+HES1+SRF,"ATF4,HES1,PAX3,SRF",4,-0.16420872933731426,0.16420872933731426
4,SMAD7+SFPQ+DNMT3B+ZNF165,"DNMT3B,SFPQ,SMAD7,ZNF165",4,-0.16418154087486353,0.16418154087486353
4,FOXP3+ZBTB20+RARG+SFPQ,"FOXP3,RARG,SFPQ,ZBTB20",4,-0.16412953328734126,0.16412953328734126
4,PAX3+SMAD7+NFIA+ZNF165,"NFIA,PAX3,SMAD7,ZNF165",4,-0.16407622806593852,0.16407622806593852
4,FOXP3+HES1+HOXC13+ZNF165,"FOXP3,HES1,HOXC13,ZNF165",4,-0.16403147812971525,0.16403147812971525
4,ATF4+FOXP3+SMAD7+HES1,"ATF4,FOXP3,HES1,SMAD7",4,-0.16394637665489084,0.16394637665489084
4,SMAD7+DNMT3B+NPM1+HOXC13,"DNMT3B,HOXC13,NPM1,SMAD7",4,-0.16394188862503123,0.16394188862503123
3,SFPQ+AEBP1+ZNF165,"AEBP1,SFPQ,ZNF165",3,-0.16393687804983265,0.16393687804983265
4,SMAD7+HEYL+HOXC13+ZNF165,"HEYL,HOXC13,SMAD7,ZNF165",4,-0.16388736750054023,0.16388736750054023
4,HES1+ZNF202+SRF+AEBP1,"AEBP1,HES1,SRF,ZNF202",4,-0.16388165987907663,0.16388165987907663
4,ATF4+SFPQ+ZNF202+NPM1,"ATF4,NPM1,SFPQ,ZNF202",4,-0.16374842648123078,0.16374842648123078
3,ZBTB20+RARG+ZNF165,"RARG,ZBTB20,ZNF165",3,-0.16371559221290122,0.16371559221290122
3,NPM1+HOXC13+AEBP1,"AEBP1,HOXC13,NPM1",3,-0.1636972258000004,0.1636972258000004
2,STAT1+SMAD7,"SMAD7,STAT1",2,-0.16368474084881512,0.16368474084881512
4,ATF4+FOXP3+NFIA+NPM1,"ATF4,FOXP3,NFIA,NPM1",4,-0.16365514414062998,0.16365514414062998
4,FOXP3+ZBTB20+SRF+NPM1,"FOXP3,NPM1,SRF,ZBTB20",4,-0.16363353002307512,0.16363353002307512
4,SMAD7+HES1+NFIA+NPM1,"HES1,NFIA,NPM1,SMAD7",4,-0.16361565901706648,0.16361565901706648
4,SMAD7+SFPQ+SRF+AEBP1,"AEBP1,SFPQ,SMAD7,SRF",4,-0.16361287501041077,0.16361287501041077
4,FOXP3+DNMT3B+NPM1+AEBP1,"AEBP1,DNMT3B,FOXP3,NPM1",4,-0.16361248090990582,0.16361248090990582
4,PAX3+ZNF202+NPM1+AEBP1,"AEBP1,NPM1,PAX3,ZNF202",4,-0.16360045044158156,0.16360045044158156
4,FOXP3+HEYL+AEBP1+ZNF165,"AEBP1,FOXP3,HEYL,ZNF165",4,-0.16355795978541482,0.16355795978541482
3,ATF4+DNMT3B+NFIA,"ATF4,DNMT3B,NFIA",3,-0.16350045240449868,0.16350045240449868
4,RARG+NFIA+HOXC13+ZNF165,"HOXC13,NFIA,RARG,ZNF165",4,-0.16349830476585858,0.16349830476585858
3,ZBTB20+DNMT3B+SRF,"DNMT3B,SRF,ZBTB20",3,-0.1634788382869438,0.1634788382869438
4,ATF4+SMAD7+RARG+NFIA,"ATF4,NFIA,RARG,SMAD7",4,-0.1634132032910342,0.1634132032910342
4,SMAD7+ZBTB20+RARG+SRF,"RARG,SMAD7,SRF,ZBTB20",4,-0.16339158917347932,0.16339158917347932
4,SMAD7+RARG+DNMT3B+AEBP1,"AEBP1,DNMT3B,RARG,SMAD7",4,-0.16337054006031,0.16337054006031
4,PAX3+SMAD7+DNMT3B+HOXC13,"DNMT3B,HOXC13,PAX3,SMAD7",4,-0.1632715739166669,0.1632715739166669
4,DNMT3B+NFIA+SRF+HOXC13,"DNMT3B,HOXC13,NFIA,SRF",4,-0.16326155083990115,0.16326155083990115
4,ATF4+HEYL+DNMT3B+ZNF202,"ATF4,DNMT3B,HEYL,ZNF202",4,-0.16321481648068156,0.16321481648068156
3,SMAD7+ZBTB20+ZNF202,"SMAD7,ZBTB20,ZNF202",3,-0.16320445513619614,0.16320445513619614
3,ATF4+SFPQ+HOXC13,"ATF4,HOXC13,SFPQ",3,-0.16317488713128525,0.16317488713128525
4,ATF4+FOXP3+SFPQ+DNMT3B,"ATF4,DNMT3B,FOXP3,SFPQ",4,-0.1630901422411907,0.1630901422411907
4,ATF4+PAX3+SFPQ+ZNF202,"ATF4,PAX3,SFPQ,ZNF202",4,-0.16307811177286646,0.16307811177286646
4,SMAD7+SFPQ+DNMT3B+HES1,"DNMT3B,HES1,SFPQ,SMAD7",4,-0.16305065711762715,0.16305065711762715
3,PAX3+HOXC13+AEBP1,"AEBP1,HOXC13,PAX3",3,-0.16302691109163608,0.16302691109163608
3,STAT1+RARG+ZNF202,"RARG,STAT1,ZNF202",3,-0.16301004219031637,0.16301004219031637
4,SMAD7+NFIA+ZNF202+HOXC13,"HOXC13,NFIA,SMAD7,ZNF202",4,-0.1629871676891535,0.1629871676891535
4,ATF4+FOXP3+PAX3+NFIA,"ATF4,FOXP3,NFIA,PAX3",4,-0.1629848294322657,0.1629848294322657
4,FOXP3+PAX3+ZBTB20+SRF,"FOXP3,PAX3,SRF,ZBTB20",4,-0.1629632153147108,0.1629632153147108
4,PAX3+SMAD7+HES1+NFIA,"HES1,NFIA,PAX3,SMAD7",4,-0.16294534430870217,0.16294534430870217
4,FOXP3+PAX3+DNMT3B+AEBP1,"AEBP1,DNMT3B,FOXP3,PAX3",4,-0.1629421662015415,0.1629421662015415
4,ATF4+FOXP3+NPM1+ZNF165,"ATF4,FOXP3,NPM1,ZNF165",4,-0.162830892902882,0.162830892902882
3,SFPQ+HES1+AEBP1,"AEBP1,HES1,SFPQ",3,-0.1628059942925963,0.1628059942925963
4,ATF4+FOXP3+HEYL+HOXC13,"ATF4,FOXP3,HEYL,HOXC13",4,-0.1627959688668674,0.1627959688668674
4,SMAD7+HES1+NPM1+ZNF165,"HES1,NPM1,SMAD7,ZNF165",4,-0.16279140777931847,0.16279140777931847
4,SFPQ+DNMT3B+NFIA+NPM1,"DNMT3B,NFIA,NPM1,SFPQ",4,-0.16275942460336634,0.16275942460336634
4,SMAD7+HEYL+HES1+HOXC13,"HES1,HEYL,HOXC13,SMAD7",4,-0.16275648374330387,0.16275648374330387
4,HEYL+SFPQ+NFIA+ZNF165,"HEYL,NFIA,SFPQ,ZNF165",4,-0.16270490347887534,0.16270490347887534
3,HEYL+ZBTB20+NPM1,"HEYL,NPM1,ZBTB20",3,-0.16268253867608568,0.16268253867608568
3,ATF4+DNMT3B+ZNF165,"ATF4,DNMT3B,ZNF165",3,-0.16267620116675063,0.16267620116675063
4,FOXP3+NFIA+ZNF202+AEBP1,"AEBP1,FOXP3,NFIA,ZNF202",4,-0.16265775997402807,0.16265775997402807
4,ATF4+SMAD7+RARG+ZNF165,"ATF4,RARG,SMAD7,ZNF165",4,-0.1625889520532862,0.1625889520532862
3,ZBTB20+RARG+HES1,"HES1,RARG,ZBTB20",3,-0.16258470845566486,0.16258470845566486
4,HEYL+NFIA+NPM1+HOXC13,"HEYL,HOXC13,NFIA,NPM1",4,-0.16246525122904304,0.16246525122904304
4,DNMT3B+SRF+HOXC13+ZNF165,"DNMT3B,HOXC13,SRF,ZNF165",4,-0.16243729960215314,0.16243729960215314
4,FOXP3+HEYL+HES1+AEBP1,"AEBP1,FOXP3,HES1,HEYL",4,-0.16242707602817844,0.16242707602817844
4,RARG+HES1+NFIA+HOXC13,"HES1,HOXC13,NFIA,RARG",4,-0.16236742100862223,0.16236742100862223
4,ATF4+SMAD7+DNMT3B+SRF,"ATF4,DNMT3B,SMAD7,SRF",4,-0.16235219812732876,0.16235219812732876
4,SMAD7+ZNF202+HOXC13+ZNF165,"HOXC13,SMAD7,ZNF165,ZNF202",4,-0.16216291645140551,0.16216291645140551
4,ATF4+FOXP3+PAX3+ZNF165,"ATF4,FOXP3,PAX3,ZNF165",4,-0.16216057819451768,0.16216057819451768
4,PAX3+SMAD7+HES1+ZNF165,"HES1,PAX3,SMAD7,ZNF165",4,-0.16212109307095413,0.16212109307095413
4,HES1+NFIA+SRF+ZNF165,"HES1,NFIA,SRF,ZNF165",4,-0.1621110699941884,0.1621110699941884
3,ATF4+SRF+AEBP1,"AEBP1,ATF4,SRF",3,-0.1621075353022979,0.1621075353022979
4,PAX3+SFPQ+DNMT3B+NFIA,"DNMT3B,NFIA,PAX3,SFPQ",4,-0.16208910989500203,0.16208910989500203
3,PAX3+HEYL+ZBTB20,"HEYL,PAX3,ZBTB20",3,-0.16201222396772136,0.16201222396772136
4,SFPQ+DNMT3B+NPM1+ZNF165,"DNMT3B,NPM1,SFPQ,ZNF165",4,-0.1619351733656183,0.1619351733656183
4,HEYL+SFPQ+DNMT3B+HOXC13,"DNMT3B,HEYL,HOXC13,SFPQ",4,-0.1619002493296037,0.1619002493296037
4,HEYL+RARG+NFIA+AEBP1,"AEBP1,HEYL,NFIA,RARG",4,-0.1618939026643218,0.1618939026643218
4,FOXP3+ZNF202+AEBP1+ZNF165,"AEBP1,FOXP3,ZNF165,ZNF202",4,-0.16183350873628005,0.16183350873628005
4,PAX3+NFIA+NPM1+ZNF165,"NFIA,NPM1,PAX3,ZNF165",4,-0.16182986055669332,0.16182986055669332
4,PAX3+HEYL+NFIA+HOXC13,"HEYL,HOXC13,NFIA,PAX3",4,-0.16179493652067872,0.16179493652067872
4,ATF4+FOXP3+HES1+NPM1,"ATF4,FOXP3,HES1,NPM1",4,-0.16170000914564564,0.16170000914564564
4,HEYL+NPM1+HOXC13+ZNF165,"HEYL,HOXC13,NPM1,ZNF165",4,-0.16164099999129505,0.16164099999129505
4,HEYL+SFPQ+HES1+NFIA,"HES1,HEYL,NFIA,SFPQ",4,-0.16157401972163896,0.16157401972163896
4,ATF4+SMAD7+HEYL+NPM1,"ATF4,HEYL,NPM1,SMAD7",4,-0.16155589851647062,0.16155589851647062
3,ATF4+DNMT3B+HES1,"ATF4,DNMT3B,HES1",3,-0.16154531740951428,0.16154531740951428
4,RARG+HES1+HOXC13+ZNF165,"HES1,HOXC13,RARG,ZNF165",4,-0.16154316977087424,0.16154316977087424
4,ATF4+SMAD7+RARG+HES1,"ATF4,HES1,RARG,SMAD7",4,-0.1614580682960498,0.1614580682960498
2,STAT1+NPM1,"NPM1,STAT1",2,-0.1614383733395699,0.1614383733395699
4,SFPQ+SRF+NPM1+AEBP1,"AEBP1,NPM1,SFPQ,SRF",4,-0.16136650750116557,0.16136650750116557
4,DNMT3B+HES1+SRF+HOXC13,"DNMT3B,HES1,HOXC13,SRF",4,-0.16130641584491678,0.16130641584491678
4,PAX3+SFPQ+DNMT3B+ZNF165,"DNMT3B,PAX3,SFPQ,ZNF165",4,-0.16126485865725398,0.16126485865725398
4,ATF4+RARG+NFIA+NPM1,"ATF4,NFIA,NPM1,RARG",4,-0.16116683578178898,0.16116683578178898
4,ZBTB20+RARG+SRF+NPM1,"NPM1,RARG,SRF,ZBTB20",4,-0.16114522166423412,0.16114522166423412
4,RARG+DNMT3B+NPM1+AEBP1,"AEBP1,DNMT3B,NPM1,RARG",4,-0.16112417255106481,0.16112417255106481
4,ATF4+FOXP3+ZNF202+HOXC13,"ATF4,FOXP3,HOXC13,ZNF202",4,-0.16107151781773266,0.16107151781773266
4,HEYL+RARG+AEBP1+ZNF165,"AEBP1,HEYL,RARG,ZNF165",4,-0.1610696514265738,0.1610696514265738
4,SMAD7+HES1+ZNF202+HOXC13,"HES1,HOXC13,SMAD7,ZNF202",4,-0.16103203269416913,0.16103203269416913
4,ATF4+FOXP3+PAX3+HES1,"ATF4,FOXP3,HES1,PAX3",4,-0.16102969443728132,0.16102969443728132
4,PAX3+DNMT3B+NPM1+HOXC13,"DNMT3B,HOXC13,NPM1,PAX3",4,-0.1610252064074217,0.1610252064074217
4,SFPQ+NFIA+ZNF202+ZNF165,"NFIA,SFPQ,ZNF165,ZNF202",4,-0.16098045242974057,0.16098045242974057
4,PAX3+HEYL+HOXC13+ZNF165,"HEYL,HOXC13,PAX3,ZNF165",4,-0.16097068528293074,0.16097068528293074
3,ZBTB20+ZNF202+NPM1,"NPM1,ZBTB20,ZNF202",3,-0.1609580876269509,0.1609580876269509
4,ATF4+PAX3+SMAD7+HEYL,"ATF4,HEYL,PAX3,SMAD7",4,-0.16088558380810633,0.16088558380810633
4,ATF4+HEYL+NFIA+SRF,"ATF4,HEYL,NFIA,SRF",4,-0.16087556073134057,0.16087556073134057
3,SMAD7+NFIA+AEBP1,"AEBP1,NFIA,SMAD7",3,-0.16084415027368582,0.16084415027368582
4,HEYL+DNMT3B+SRF+AEBP1,"AEBP1,DNMT3B,HEYL,SRF",4,-0.16083289750061636,0.16083289750061636
4,SFPQ+DNMT3B+HES1+NPM1,"DNMT3B,HES1,NPM1,SFPQ",4,-0.16080428960838195,0.16080428960838195
2,STAT1+PAX3,"PAX3,STAT1",2,-0.16076805863120558,0.16076805863120558
4,HEYL+SFPQ+HES1+ZNF165,"HES1,HEYL,SFPQ,ZNF165",4,-0.16074976848389094,0.16074976848389094
4,NFIA+ZNF202+NPM1+HOXC13,"HOXC13,NFIA,NPM1,ZNF202",4,-0.1607408001799083,0.1607408001799083
4,FOXP3+HES1+ZNF202+AEBP1,"AEBP1,FOXP3,HES1,ZNF202",4,-0.1607026249790437,0.1607026249790437
4,PAX3+HES1+NFIA+NPM1,"HES1,NFIA,NPM1,PAX3",4,-0.16069897679945694,0.16069897679945694
4,PAX3+SFPQ+SRF+AEBP1,"AEBP1,PAX3,SFPQ,SRF",4,-0.16069619279280123,0.16069619279280123
4,ATF4+RARG+SFPQ+DNMT3B,"ATF4,DNMT3B,RARG,SFPQ",4,-0.1606018338823497,0.1606018338823497
4,SMAD7+HEYL+ZNF202+AEBP1,"AEBP1,HEYL,SMAD7,ZNF202",4,-0.16055851434986868,0.16055851434986868
4,HEYL+HES1+NPM1+HOXC13,"HES1,HEYL,HOXC13,NPM1",4,-0.16051011623405867,0.16051011623405867
4,ATF4+PAX3+RARG+NFIA,"ATF4,NFIA,PAX3,RARG",4,-0.16049652107342469,0.16049652107342469
4,PAX3+ZBTB20+RARG+SRF,"PAX3,RARG,SRF,ZBTB20",4,-0.1604749069558698,0.1604749069558698
4,PAX3+RARG+DNMT3B+AEBP1,"AEBP1,DNMT3B,PAX3,RARG",4,-0.1604538578427005,0.1604538578427005
4,FOXP3+SMAD7+SFPQ+AEBP1,"AEBP1,FOXP3,SFPQ,SMAD7",4,-0.1604338401103778,0.1604338401103778
2,ZBTB20+HOXC13,"HOXC13,ZBTB20",2,-0.16038454827700543,0.16038454827700543
4,ATF4+RARG+NPM1+ZNF165,"ATF4,NPM1,RARG,ZNF165",4,-0.160342584544041,0.160342584544041
4,ATF4+HEYL+RARG+HOXC13,"ATF4,HEYL,HOXC13,RARG",4,-0.1603076605080264,0.1603076605080264
3,FOXP3+ZBTB20+DNMT3B,"DNMT3B,FOXP3,ZBTB20",3,-0.16029980338691086,0.16029980338691086
3,PAX3+ZBTB20+ZNF202,"PAX3,ZBTB20,ZNF202",3,-0.16028777291858662,0.16028777291858662
4,FOXP3+SMAD7+ZBTB20+RARG,"FOXP3,RARG,SMAD7,ZBTB20",4,-0.16021255427344638,0.16021255427344638
4,SFPQ+DNMT3B+ZNF202+HOXC13,"DNMT3B,HOXC13,SFPQ,ZNF202",4,-0.16017579828046896,0.16017579828046896
4,RARG+NFIA+ZNF202+AEBP1,"AEBP1,NFIA,RARG,ZNF202",4,-0.16016945161518706,0.16016945161518706
4,PAX3+SFPQ+DNMT3B+HES1,"DNMT3B,HES1,PAX3,SFPQ",4,-0.16013397490001763,0.16013397490001763
4,ATF4+DNMT3B+SRF+NPM1,"ATF4,DNMT3B,NPM1,SRF",4,-0.16010583061808353,0.16010583061808353
4,FOXP3+DNMT3B+NFIA+HOXC13,"DNMT3B,FOXP3,HOXC13,NFIA",4,-0.16008251593986822,0.16008251593986822
4,PAX3+NFIA+ZNF202+HOXC13,"HOXC13,NFIA,PAX3,ZNF202",4,-0.16007048547154398,0.16007048547154398
4,ATF4+HEYL+SRF+ZNF165,"ATF4,HEYL,SRF,ZNF165",4,-0.16005130949359256,0.16005130949359256
3,SMAD7+AEBP1+ZNF165,"AEBP1,SMAD7,ZNF165",3,-0.16001989903593777,0.16001989903593777
4,HEYL+RARG+HES1+AEBP1,"AEBP1,HES1,HEYL,RARG",4,-0.1599387676693374,0.1599387676693374
4,ZNF202+NPM1+HOXC13+ZNF165,"HOXC13,NPM1,ZNF165,ZNF202",4,-0.15991654894216029,0.15991654894216029
4,PAX3+HES1+NPM1+ZNF165,"HES1,NPM1,PAX3,ZNF165",4,-0.15987472556170895,0.15987472556170895
4,SFPQ+HES1+NFIA+ZNF202,"HES1,NFIA,SFPQ,ZNF202",4,-0.15984956867250424,0.15984956867250424
4,PAX3+HEYL+HES1+HOXC13,"HES1,HEYL,HOXC13,PAX3",4,-0.15983980152569435,0.15983980152569435
4,ATF4+SMAD7+ZNF202+NPM1,"ATF4,NPM1,SMAD7,ZNF202",4,-0.1598314474673359,0.1598314474673359
4,ATF4+PAX3+RARG+ZNF165,"ATF4,PAX3,RARG,ZNF165",4,-0.15967226983567667,0.15967226983567667
4,ATF4+PAX3+DNMT3B+SRF,"ATF4,DNMT3B,PAX3,SRF",4,-0.15943551590971924,0.15943551590971924
4,RARG+ZNF202+AEBP1+ZNF165,"AEBP1,RARG,ZNF165,ZNF202",4,-0.15934520037743904,0.15934520037743904
4,FOXP3+DNMT3B+HOXC13+ZNF165,"DNMT3B,FOXP3,HOXC13,ZNF165",4,-0.1592582647021202,0.1592582647021202
3,ATF4+SMAD7+HOXC13,"ATF4,HOXC13,SMAD7",3,-0.15925790811739038,0.15925790811739038
4,PAX3+ZNF202+HOXC13+ZNF165,"HOXC13,PAX3,ZNF165,ZNF202",4,-0.15924623423379597,0.15924623423379597
4,ATF4+RARG+HES1+NPM1,"ATF4,HES1,NPM1,RARG",4,-0.15921170078680463,0.15921170078680463
4,ATF4+FOXP3+SMAD7+DNMT3B,"ATF4,DNMT3B,FOXP3,SMAD7",4,-0.15917316322729583,0.15917316322729583
4,ATF4+PAX3+SMAD7+ZNF202,"ATF4,PAX3,SMAD7,ZNF202",4,-0.1591611327589716,0.1591611327589716
4,ATF4+NFIA+ZNF202+SRF,"ATF4,NFIA,SRF,ZNF202",4,-0.15915110968220583,0.15915110968220583
4,DNMT3B+ZNF202+SRF+AEBP1,"AEBP1,DNMT3B,SRF,ZNF202",4,-0.15910844645148162,0.15910844645148162
4,SFPQ+HES1+ZNF202+ZNF165,"HES1,SFPQ,ZNF165,ZNF202",4,-0.1590253174347562,0.1590253174347562
4,FOXP3+HES1+NFIA+ZNF165,"FOXP3,HES1,NFIA,ZNF165",4,-0.15893203509415543,0.15893203509415543
3,ATF4+FOXP3+AEBP1,"AEBP1,ATF4,FOXP3",3,-0.15892850040226497,0.15892850040226497
4,ATF4+HEYL+HES1+SRF,"ATF4,HES1,HEYL,SRF",4,-0.15892042573635617,0.15892042573635617
3,SMAD7+HES1+AEBP1,"AEBP1,HES1,SMAD7",3,-0.15888901527870142,0.15888901527870142
4,SMAD7+DNMT3B+NFIA+NPM1,"DNMT3B,NFIA,NPM1,SMAD7",4,-0.15884244558947147,0.15884244558947147
4,SMAD7+HEYL+NFIA+ZNF165,"HEYL,NFIA,SMAD7,ZNF165",4,-0.15878792446498047,0.15878792446498047
4,HES1+ZNF202+NPM1+HOXC13,"HES1,HOXC13,NPM1,ZNF202",4,-0.1587856651849239,0.1587856651849239
4,FOXP3+SRF+HOXC13+AEBP1,"AEBP1,FOXP3,HOXC13,SRF",4,-0.15868959883766748,0.15868959883766748
4,ATF4+PAX3+HEYL+NPM1,"ATF4,HEYL,NPM1,PAX3",4,-0.15863921629886113,0.15863921629886113
3,NFIA+NPM1+AEBP1,"AEBP1,NFIA,NPM1",3,-0.1585977827644406,0.1585977827644406
4,ATF4+RARG+ZNF202+HOXC13,"ATF4,HOXC13,RARG,ZNF202",4,-0.15858320945889165,0.15858320945889165
4,ATF4+PAX3+RARG+HES1,"ATF4,HES1,PAX3,RARG",4,-0.15854138607844032,0.15854138607844032
4,SMAD7+SFPQ+NPM1+HOXC13,"HOXC13,NPM1,SFPQ,SMAD7",4,-0.15851688031625805,0.15851688031625805
4,ATF4+ZNF202+SRF+ZNF165,"ATF4,SRF,ZNF165,ZNF202",4,-0.15832685844445782,0.15832685844445782
4,HEYL+ZNF202+NPM1+AEBP1,"AEBP1,HEYL,NPM1,ZNF202",4,-0.1583121468406235,0.1583121468406235
4,RARG+HES1+ZNF202+AEBP1,"AEBP1,HES1,RARG,ZNF202",4,-0.1582143166202027,0.1582143166202027
4,FOXP3+SFPQ+NPM1+AEBP1,"AEBP1,FOXP3,NPM1,SFPQ",4,-0.15818747260113264,0.15818747260113264
4,PAX3+SMAD7+DNMT3B+NFIA,"DNMT3B,NFIA,PAX3,SMAD7",4,-0.15817213088110715,0.15817213088110715
4,FOXP3+DNMT3B+HES1+HOXC13,"DNMT3B,FOXP3,HES1,HOXC13",4,-0.15812738094488382,0.15812738094488382
4,PAX3+HES1+ZNF202+HOXC13,"HES1,HOXC13,PAX3,ZNF202",4,-0.15811535047655959,0.15811535047655959
3,ATF4+SFPQ+NFIA,"ATF4,NFIA,SFPQ",3,-0.1580754440957255,0.1580754440957255
3,ZBTB20+SFPQ+SRF,"SFPQ,SRF,ZBTB20",3,-0.1580538299781706,0.1580538299781706
3,SFPQ+DNMT3B+AEBP1,"AEBP1,DNMT3B,SFPQ",3,-0.15803278086500128,0.15803278086500128
4,SMAD7+DNMT3B+NPM1+ZNF165,"DNMT3B,NPM1,SMAD7,ZNF165",4,-0.15801819435172343,0.15801819435172343
4,SMAD7+HEYL+DNMT3B+HOXC13,"DNMT3B,HEYL,HOXC13,SMAD7",4,-0.15798327031570883,0.15798327031570883
4,FOXP3+ZBTB20+RARG+NPM1,"FOXP3,NPM1,RARG,ZBTB20",4,-0.15796618676420116,0.15796618676420116
4,SMAD7+RARG+SFPQ+AEBP1,"AEBP1,RARG,SFPQ,SMAD7",4,-0.1579455317515368,0.1579455317515368
3,PAX3+NFIA+AEBP1,"AEBP1,NFIA,PAX3",3,-0.15792746805607627,0.15792746805607627
4,PAX3+SMAD7+SFPQ+HOXC13,"HOXC13,PAX3,SFPQ,SMAD7",4,-0.15784656560789373,0.15784656560789373
4,SFPQ+NFIA+SRF+HOXC13,"HOXC13,NFIA,SFPQ,SRF",4,-0.15783654253112797,0.15783654253112797
3,ZBTB20+RARG+DNMT3B,"DNMT3B,RARG,ZBTB20",3,-0.15781149502806985,0.15781149502806985
4,ATF4+HEYL+SFPQ+ZNF202,"ATF4,HEYL,SFPQ,ZNF202",4,-0.15778980817190838,0.15778980817190838
3,NPM1+AEBP1+ZNF165,"AEBP1,NPM1,ZNF165",3,-0.1577735315266926,0.1577735315266926
3,HEYL+HOXC13+AEBP1,"AEBP1,HEYL,HOXC13",3,-0.15773860749067797,0.15773860749067797
4,ATF4+FOXP3+HEYL+NFIA,"ATF4,FOXP3,HEYL,NFIA",4,-0.1576965258313076,0.1576965258313076
4,FOXP3+HEYL+ZBTB20+SRF,"FOXP3,HEYL,SRF,ZBTB20",4,-0.15767491171375275,0.15767491171375275
4,SMAD7+HEYL+HES1+NFIA,"HES1,HEYL,NFIA,SMAD7",4,-0.15765704070774408,0.15765704070774408
4,FOXP3+HEYL+DNMT3B+AEBP1,"AEBP1,DNMT3B,FOXP3,HEYL",4,-0.1576538626005834,0.1576538626005834
4,PAX3+HEYL+ZNF202+AEBP1,"AEBP1,HEYL,PAX3,ZNF202",4,-0.15764183213225919,0.15764183213225919
4,RARG+DNMT3B+NFIA+HOXC13,"DNMT3B,HOXC13,NFIA,RARG",4,-0.1575942075810272,0.1575942075810272
4,FOXP3+PAX3+SFPQ+AEBP1,"AEBP1,FOXP3,PAX3,SFPQ",4,-0.15751715789276832,0.15751715789276832
4,SMAD7+SRF+NPM1+AEBP1,"AEBP1,NPM1,SMAD7,SRF",4,-0.1574495284872707,0.1574495284872707
4,PAX3+SMAD7+DNMT3B+ZNF165,"DNMT3B,PAX3,SMAD7,ZNF165",4,-0.1573478796433591,0.1573478796433591
4,DNMT3B+NFIA+SRF+ZNF165,"DNMT3B,NFIA,SRF,ZNF165",4,-0.15733785656659338,0.15733785656659338
4,FOXP3+PAX3+ZBTB20+RARG,"FOXP3,PAX3,RARG,ZBTB20",4,-0.15729587205583684,0.15729587205583684
3,ATF4+SFPQ+ZNF165,"ATF4,SFPQ,ZNF165",3,-0.15725119285797745,0.15725119285797745
4,ATF4+HES1+ZNF202+SRF,"ATF4,HES1,SRF,ZNF202",4,-0.15719597468722143,0.15719597468722143
3,PAX3+AEBP1+ZNF165,"AEBP1,PAX3,ZNF165",3,-0.15710321681832828,0.15710321681832828
4,SMAD7+NFIA+ZNF202+ZNF165,"NFIA,SMAD7,ZNF165,ZNF202",4,-0.1570634734158457,0.1570634734158457
4,SFPQ+SRF+HOXC13+ZNF165,"HOXC13,SFPQ,SRF,ZNF165",4,-0.15701229129337996,0.15701229129337996
3,ATF4+NPM1+HOXC13,"ATF4,HOXC13,NPM1",3,-0.15701154060814518,0.15701154060814518
4,ATF4+SMAD7+SFPQ+SRF,"ATF4,SFPQ,SMAD7,SRF",4,-0.15692718981855558,0.15692718981855558
4,ATF4+FOXP3+DNMT3B+NPM1,"ATF4,DNMT3B,FOXP3,NPM1",4,-0.15692679571805063,0.15692679571805063
4,ATF4+PAX3+ZNF202+NPM1,"ATF4,NPM1,PAX3,ZNF202",4,-0.15691476524972636,0.15691476524972636
4,SMAD7+DNMT3B+HES1+NPM1,"DNMT3B,HES1,NPM1,SMAD7",4,-0.15688731059448707,0.15688731059448707
4,ATF4+FOXP3+HEYL+ZNF165,"ATF4,FOXP3,HEYL,ZNF165",4,-0.15687227459355962,0.15687227459355962
4,SMAD7+HEYL+HES1+ZNF165,"HES1,HEYL,SMAD7,ZNF165",4,-0.15683278946999607,0.15683278946999607
4,HEYL+SFPQ+DNMT3B+NFIA,"DNMT3B,HEYL,NFIA,SFPQ",4,-0.15680080629404392,0.15680080629404392
4,PAX3+SMAD7+SRF+AEBP1,"AEBP1,PAX3,SMAD7,SRF",4,-0.15677921377890636,0.15677921377890636
4,RARG+DNMT3B+HOXC13+ZNF165,"DNMT3B,HOXC13,RARG,ZNF165",4,-0.1567699563432792,0.1567699563432792
4,ATF4+SMAD7+RARG+DNMT3B,"ATF4,DNMT3B,RARG,SMAD7",4,-0.1566848548684548,0.1566848548684548
3,HES1+NPM1+AEBP1,"AEBP1,HES1,NPM1",3,-0.15664264776945622,0.15664264776945622
4,HEYL+NFIA+NPM1+ZNF165,"HEYL,NFIA,NPM1,ZNF165",4,-0.15654155695573524,0.15654155695573524
4,RARG+HES1+NFIA+ZNF165,"HES1,NFIA,RARG,ZNF165",4,-0.15644372673531443,0.15644372673531443
3,ATF4+RARG+AEBP1,"AEBP1,ATF4,RARG",3,-0.15644019204342396,0.15644019204342396
3,STAT1+FOXP3+SRF,"FOXP3,SRF,STAT1",3,-0.156430746377237,0.156430746377237
3,ATF4+PAX3+HOXC13,"ATF4,HOXC13,PAX3",3,-0.15634122589978086,0.15634122589978086
4,SMAD7+DNMT3B+ZNF202+HOXC13,"DNMT3B,HOXC13,SMAD7,ZNF202",4,-0.1562588192665741,0.1562588192665741
4,ATF4+FOXP3+PAX3+DNMT3B,"ATF4,DNMT3B,FOXP3,PAX3",4,-0.15625648100968628,0.15625648100968628
4,PAX3+SMAD7+DNMT3B+HES1,"DNMT3B,HES1,PAX3,SMAD7",4,-0.15621699588612276,0.15621699588612276
4,DNMT3B+HES1+NFIA+SRF,"DNMT3B,HES1,NFIA,SRF",4,-0.15620697280935703,0.15620697280935703
4,RARG+SRF+HOXC13+AEBP1,"AEBP1,HOXC13,RARG,SRF",4,-0.15620129047882647,0.15620129047882647
3,ATF4+SFPQ+HES1,"ATF4,HES1,SFPQ",3,-0.1561203091007411,0.1561203091007411
3,ZNF202+HOXC13+AEBP1,"AEBP1,HOXC13,ZNF202",3,-0.15601415644154326,0.15601415644154326
4,HEYL+SFPQ+DNMT3B+ZNF165,"DNMT3B,HEYL,SFPQ,ZNF165",4,-0.15597655505629593,0.15597655505629593
3,PAX3+HES1+AEBP1,"AEBP1,HES1,PAX3",3,-0.1559723330610919,0.1559723330610919
4,ATF4+FOXP3+NFIA+ZNF202,"ATF4,FOXP3,NFIA,ZNF202",4,-0.15597207478217287,0.15597207478217287
4,FOXP3+ZBTB20+ZNF202+SRF,"FOXP3,SRF,ZBTB20,ZNF202",4,-0.155950460664618,0.155950460664618
4,SMAD7+HES1+NFIA+ZNF202,"HES1,NFIA,SMAD7,ZNF202",4,-0.15593258965860937,0.15593258965860937
4,FOXP3+DNMT3B+ZNF202+AEBP1,"AEBP1,DNMT3B,FOXP3,ZNF202",4,-0.15592941155144868,0.15592941155144868
4,PAX3+DNMT3B+NFIA+NPM1,"DNMT3B,NFIA,NPM1,PAX3",4,-0.15592576337186193,0.15592576337186193
4,SFPQ+HES1+SRF+HOXC13,"HES1,HOXC13,SFPQ,SRF",4,-0.1558814075361436,0.1558814075361436
4,PAX3+HEYL+NFIA+ZNF165,"HEYL,NFIA,PAX3,ZNF165",4,-0.15587124224737092,0.15587124224737092
4,ATF4+FOXP3+HEYL+HES1,"ATF4,FOXP3,HES1,HEYL",4,-0.15574139083632324,0.15574139083632324
4,HEYL+DNMT3B+NPM1+HOXC13,"DNMT3B,HEYL,HOXC13,NPM1",4,-0.15573690280646363,0.15573690280646363
4,RARG+SFPQ+NPM1+AEBP1,"AEBP1,NPM1,RARG,SFPQ",4,-0.15569916424229163,0.15569916424229163
4,RARG+DNMT3B+HES1+HOXC13,"DNMT3B,HES1,HOXC13,RARG",4,-0.15563907258604281,0.15563907258604281
4,PAX3+SFPQ+NPM1+HOXC13,"HOXC13,NPM1,PAX3,SFPQ",4,-0.15560019809864853,0.15560019809864853
2,STAT1+HEYL,"HEYL,STAT1",2,-0.15547975503024752,0.15547975503024752
4,HEYL+HES1+NFIA+NPM1,"HES1,HEYL,NFIA,NPM1",4,-0.15541067319849888,0.15541067319849888
4,HEYL+SFPQ+SRF+AEBP1,"AEBP1,HEYL,SFPQ,SRF",4,-0.15540788919184317,0.15540788919184317
4,DNMT3B+HES1+SRF+ZNF165,"DNMT3B,HES1,SRF,ZNF165",4,-0.15538272157160898,0.15538272157160898
2,ZBTB20+NFIA,"NFIA,ZBTB20",2,-0.15528510524144565,0.15528510524144565
4,ATF4+HEYL+RARG+NFIA,"ATF4,HEYL,NFIA,RARG",4,-0.1552082174724666,0.1552082174724666
4,HEYL+ZBTB20+RARG+SRF,"HEYL,RARG,SRF,ZBTB20",4,-0.15518660335491172,0.15518660335491172
4,HEYL+RARG+DNMT3B+AEBP1,"AEBP1,DNMT3B,HEYL,RARG",4,-0.1551655542417424,0.1551655542417424
4,ATF4+FOXP3+ZNF202+ZNF165,"ATF4,FOXP3,ZNF165,ZNF202",4,-0.15514782354442486,0.15514782354442486
4,SMAD7+HES1+ZNF202+ZNF165,"HES1,SMAD7,ZNF165,ZNF202",4,-0.15510833842086133,0.15510833842086133
4,PAX3+DNMT3B+NPM1+ZNF165,"DNMT3B,NPM1,PAX3,ZNF165",4,-0.1551015121341139,0.1551015121341139
4,SFPQ+DNMT3B+NFIA+ZNF202,"DNMT3B,NFIA,SFPQ,ZNF202",4,-0.1550763552449092,0.1550763552449092
4,PAX3+HEYL+DNMT3B+HOXC13,"DNMT3B,HEYL,HOXC13,PAX3",4,-0.1550665880980993,0.1550665880980993
4,PAX3+RARG+SFPQ+AEBP1,"AEBP1,PAX3,RARG,SFPQ",4,-0.15502884953392732,0.15502884953392732
3,HEYL+ZBTB20+ZNF202,"HEYL,ZBTB20,ZNF202",3,-0.15499946931762854,0.15499946931762854
3,FOXP3+ZBTB20+SFPQ,"FOXP3,SFPQ,ZBTB20",3,-0.15487479507813767,0.15487479507813767
4,HEYL+SFPQ+DNMT3B+HES1,"DNMT3B,HES1,HEYL,SFPQ",4,-0.15484567129905955,0.15484567129905955
4,NFIA+ZNF202+NPM1+ZNF165,"NFIA,NPM1,ZNF165,ZNF202",4,-0.1548171059066005,0.1548171059066005
4,HEYL+NFIA+ZNF202+HOXC13,"HEYL,HOXC13,NFIA,ZNF202",4,-0.1547821818705859,0.1547821818705859
4,PAX3+HEYL+HES1+NFIA,"HES1,HEYL,NFIA,PAX3",4,-0.15474035849013457,0.15474035849013457
4,ATF4+SFPQ+SRF+NPM1,"ATF4,NPM1,SFPQ,SRF",4,-0.15468082230931035,0.15468082230931035
4,FOXP3+SFPQ+NFIA+HOXC13,"FOXP3,HOXC13,NFIA,SFPQ",4,-0.15465750763109504,0.15465750763109504
4,HEYL+HES1+NPM1+ZNF165,"HES1,HEYL,NPM1,ZNF165",4,-0.15458642196075087,0.15458642196075087
4,PAX3+SRF+NPM1+AEBP1,"AEBP1,NPM1,PAX3,SRF",4,-0.15453284626966118,0.15453284626966118
2,ZBTB20+ZNF165,"ZBTB20,ZNF165",2,-0.15446085400369763,0.15446085400369763
4,ATF4+RARG+DNMT3B+NPM1,"ATF4,DNMT3B,NPM1,RARG",4,-0.15443848735920962,0.15443848735920962
4,ATF4+HEYL+RARG+ZNF165,"ATF4,HEYL,RARG,ZNF165",4,-0.15438396623471862,0.15438396623471862
4,FOXP3+SMAD7+NPM1+AEBP1,"AEBP1,FOXP3,NPM1,SMAD7",4,-0.15427049358723777,0.15427049358723777
4,SFPQ+DNMT3B+ZNF202+ZNF165,"DNMT3B,SFPQ,ZNF165,ZNF202",4,-0.15425210400716116,0.15425210400716116
3,NFIA+HOXC13+ZNF165,"HOXC13,NFIA,ZNF165",3,-0.154243566556655,0.154243566556655
4,FOXP3+DNMT3B+NFIA+ZNF165,"DNMT3B,FOXP3,NFIA,ZNF165",4,-0.15415882166656042,0.15415882166656042
3,ATF4+SMAD7+NFIA,"ATF4,NFIA,SMAD7",3,-0.15415846508183062,0.15415846508183062
4,ATF4+HEYL+DNMT3B+SRF,"ATF4,DNMT3B,HEYL,SRF",4,-0.15414721230876116,0.15414721230876116
4,PAX3+NFIA+ZNF202+ZNF165,"NFIA,PAX3,ZNF165,ZNF202",4,-0.15414679119823618,0.15414679119823618
3,SMAD7+ZBTB20+SRF,"SMAD7,SRF,ZBTB20",3,-0.15413685096427573,0.15413685096427573
3,SMAD7+DNMT3B+AEBP1,"AEBP1,DNMT3B,SMAD7",3,-0.1541158018511064,0.1541158018511064
4,ATF4+FOXP3+HES1+ZNF202,"ATF4,FOXP3,HES1,ZNF202",4,-0.1540169397871885,0.1540169397871885
4,DNMT3B+ZNF202+NPM1+HOXC13,"DNMT3B,HOXC13,NPM1,ZNF202",4,-0.1540124517573289,0.1540124517573289
4,ATF4+PAX3+SFPQ+SRF,"ATF4,PAX3,SFPQ,SRF",4,-0.15401050760094606,0.15401050760094606
4,PAX3+DNMT3B+HES1+NPM1,"DNMT3B,HES1,NPM1,PAX3",4,-0.15397062837687753,0.15397062837687753
4,HEYL+ZNF202+HOXC13+ZNF165,"HEYL,HOXC13,ZNF165,ZNF202",4,-0.1539579306328379,0.1539579306328379
3,STAT1+RARG+SRF,"RARG,SRF,STAT1",3,-0.15394243801839597,0.15394243801839597
4,SMAD7+NFIA+SRF+HOXC13,"HOXC13,NFIA,SMAD7,SRF",4,-0.1539195635172331,0.1539195635172331
4,PAX3+HEYL+HES1+ZNF165,"HES1,HEYL,PAX3,ZNF165",4,-0.15391610725238655,0.15391610725238655
4,ATF4+SMAD7+HEYL+ZNF202,"ATF4,HEYL,SMAD7,ZNF202",4,-0.1538728291580135,0.1538728291580135
4,FOXP3+SFPQ+HOXC13+ZNF165,"FOXP3,HOXC13,SFPQ,ZNF165",4,-0.15383325639334702,0.15383325639334702
4,ATF4+PAX3+RARG+DNMT3B,"ATF4,DNMT3B,PAX3,RARG",4,-0.15376817265084528,0.15376817265084528
2,STAT1+ZNF202,"STAT1,ZNF202",2,-0.15375530398111278,0.15375530398111278
4,ATF4+FOXP3+SMAD7+SFPQ,"ATF4,FOXP3,SFPQ,SMAD7",4,-0.15374815491852264,0.15374815491852264
4,HES1+NFIA+ZNF202+NPM1,"HES1,NFIA,NPM1,ZNF202",4,-0.15368622214936412,0.15368622214936412
4,SFPQ+ZNF202+SRF+AEBP1,"AEBP1,SFPQ,SRF,ZNF202",4,-0.15368343814270843,0.15368343814270843
4,FOXP3+PAX3+SMAD7+AEBP1,"AEBP1,FOXP3,PAX3,SMAD7",4,-0.15360017887887345,0.15360017887887345
4,FOXP3+NFIA+SRF+AEBP1,"AEBP1,FOXP3,NFIA,SRF",4,-0.15359015580210766,0.15359015580210766
4,ATF4+RARG+NFIA+ZNF202,"ATF4,NFIA,RARG,ZNF202",4,-0.15348376642333186,0.15348376642333186
4,ZBTB20+RARG+ZNF202+SRF,"RARG,SRF,ZBTB20,ZNF202",4,-0.153462152305777,0.153462152305777
4,RARG+DNMT3B+ZNF202+AEBP1,"AEBP1,DNMT3B,RARG,ZNF202",4,-0.15344110319260768,0.15344110319260768
4,SMAD7+SFPQ+NFIA+NPM1,"NFIA,NPM1,SFPQ,SMAD7",4,-0.1534174372806983,0.1534174372806983
4,PAX3+DNMT3B+ZNF202+HOXC13,"DNMT3B,HOXC13,PAX3,ZNF202",4,-0.15334213704896457,0.15334213704896457
3,ATF4+SMAD7+ZNF165,"ATF4,SMAD7,ZNF165",3,-0.15333421384408258,0.15333421384408258
2,ZBTB20+HES1,"HES1,ZBTB20",2,-0.15332997024646128,0.15332997024646128
4,ATF4+HEYL+RARG+HES1,"ATF4,HES1,HEYL,RARG",4,-0.15325308247748223,0.15325308247748223
4,SFPQ+DNMT3B+HES1+ZNF202,"DNMT3B,HES1,SFPQ,ZNF202",4,-0.15312122024992483,0.15312122024992483
3,HES1+NFIA+HOXC13,"HES1,HOXC13,NFIA",3,-0.15311268279941864,0.15311268279941864
4,SMAD7+SRF+HOXC13+ZNF165,"HOXC13,SMAD7,SRF,ZNF165",4,-0.15309531227948509,0.15309531227948509
4,FOXP3+DNMT3B+HES1+NFIA,"DNMT3B,FOXP3,HES1,NFIA",4,-0.15302793790932406,0.15302793790932406
4,FOXP3+RARG+HOXC13+AEBP1,"AEBP1,FOXP3,HOXC13,RARG",4,-0.1530222555787935,0.1530222555787935
4,PAX3+HES1+NFIA+ZNF202,"HES1,NFIA,PAX3,ZNF202",4,-0.15301590744099983,0.15301590744099983
4,SMAD7+HEYL+DNMT3B+NFIA,"DNMT3B,HEYL,NFIA,SMAD7",4,-0.15288382728014904,0.15288382728014904
4,HES1+ZNF202+NPM1+ZNF165,"HES1,NPM1,ZNF165,ZNF202",4,-0.15286197091161613,0.15286197091161613
4,HEYL+HES1+ZNF202+HOXC13,"HES1,HEYL,HOXC13,ZNF202",4,-0.15282704687560153,0.15282704687560153
4,FOXP3+SRF+AEBP1+ZNF165,"AEBP1,FOXP3,SRF,ZNF165",4,-0.15276590456435968,0.15276590456435968
4,PAX3+SMAD7+SFPQ+NFIA,"NFIA,PAX3,SFPQ,SMAD7",4,-0.15274712257233397,0.15274712257233397
4,FOXP3+SFPQ+HES1+HOXC13,"FOXP3,HES1,HOXC13,SFPQ",4,-0.15270237263611064,0.15270237263611064
4,ATF4+RARG+ZNF202+ZNF165,"ATF4,RARG,ZNF165,ZNF202",4,-0.15265951518558385,0.15265951518558385
3,HEYL+NFIA+AEBP1,"AEBP1,HEYL,NFIA",3,-0.15263916445511821,0.15263916445511821
4,SMAD7+SFPQ+NPM1+ZNF165,"NPM1,SFPQ,SMAD7,ZNF165",4,-0.15259318604295025,0.15259318604295025
4,SMAD7+HEYL+SFPQ+HOXC13,"HEYL,HOXC13,SFPQ,SMAD7",4,-0.15255826200693565,0.15255826200693565
4,ATF4+DNMT3B+ZNF202+SRF,"ATF4,DNMT3B,SRF,ZNF202",4,-0.15242276125962642,0.15242276125962642
3,ZBTB20+RARG+SFPQ,"RARG,SFPQ,ZBTB20",3,-0.15238648671929667,0.15238648671929667
3,HES1+HOXC13+ZNF165,"HES1,HOXC13,ZNF165",3,-0.1522884315616706,0.1522884315616706
4,FOXP3+HEYL+SFPQ+AEBP1,"AEBP1,FOXP3,HEYL,SFPQ",4,-0.1522288542918102,0.1522288542918102
4,FOXP3+DNMT3B+HES1+ZNF165,"DNMT3B,FOXP3,HES1,ZNF165",4,-0.15220368667157602,0.15220368667157602
3,ATF4+SMAD7+HES1,"ATF4,HES1,SMAD7",3,-0.15220333008684622,0.15220333008684622
4,PAX3+HES1+ZNF202+ZNF165,"HES1,PAX3,ZNF165,ZNF202",4,-0.1521916562032518,0.1521916562032518
4,RARG+SFPQ+NFIA+HOXC13,"HOXC13,NFIA,RARG,SFPQ",4,-0.15216919927225403,0.15216919927225403
4,SMAD7+HEYL+DNMT3B+ZNF165,"DNMT3B,HEYL,SMAD7,ZNF165",4,-0.15205957604240106,0.15205957604240106
4,FOXP3+HEYL+ZBTB20+RARG,"FOXP3,HEYL,RARG,ZBTB20",4,-0.15200756845487878,0.15200756845487878
4,ATF4+FOXP3+SRF+HOXC13,"ATF4,FOXP3,HOXC13,SRF",4,-0.15200391364581226,0.15200391364581226
4,SMAD7+HES1+SRF+HOXC13,"HES1,HOXC13,SMAD7,SRF",4,-0.15196442852224873,0.15196442852224873
4,PAX3+SMAD7+SFPQ+ZNF165,"PAX3,SFPQ,SMAD7,ZNF165",4,-0.15192287133458593,0.15192287133458593
4,SFPQ+NFIA+SRF+ZNF165,"NFIA,SFPQ,SRF,ZNF165",4,-0.1519128482578202,0.1519128482578202
3,ATF4+NFIA+NPM1,"ATF4,NFIA,NPM1",3,-0.1519120975725854,0.1519120975725854
3,ZBTB20+SRF+NPM1,"NPM1,SRF,ZBTB20",3,-0.15189048345503053,0.15189048345503053
3,DNMT3B+NPM1+AEBP1,"AEBP1,DNMT3B,NPM1",3,-0.15186943434186118,0.15186943434186118
3,HEYL+AEBP1+ZNF165,"AEBP1,HEYL,ZNF165",3,-0.1518149132173702,0.1518149132173702
4,SMAD7+RARG+NPM1+AEBP1,"AEBP1,NPM1,RARG,SMAD7",4,-0.15178218522839676,0.15178218522839676
4,PAX3+SMAD7+NPM1+HOXC13,"HOXC13,NPM1,PAX3,SMAD7",4,-0.15168321908475366,0.15168321908475366
4,NFIA+SRF+NPM1+HOXC13,"HOXC13,NFIA,NPM1,SRF",4,-0.1516731960079879,0.1516731960079879
4,RARG+DNMT3B+NFIA+ZNF165,"DNMT3B,NFIA,RARG,ZNF165",4,-0.1516705133077194,0.1516705133077194
4,FOXP3+HES1+SRF+AEBP1,"AEBP1,FOXP3,HES1,SRF",4,-0.1516350208071233,0.1516350208071233
4,ATF4+HEYL+ZNF202+NPM1,"ATF4,HEYL,NPM1,ZNF202",4,-0.1516264616487683,0.1516264616487683
4,ATF4+RARG+HES1+ZNF202,"ATF4,HES1,RARG,ZNF202",4,-0.1515286314283475,0.1515286314283475
4,ATF4+FOXP3+SFPQ+NPM1,"ATF4,FOXP3,NPM1,SFPQ",4,-0.15150178740927744,0.15150178740927744
4,SMAD7+HEYL+SRF+AEBP1,"AEBP1,HEYL,SMAD7,SRF",4,-0.1514909101779483,0.1514909101779483
4,SMAD7+SFPQ+HES1+NPM1,"HES1,NPM1,SFPQ,SMAD7",4,-0.1514623022857139,0.1514623022857139
4,FOXP3+PAX3+NPM1+AEBP1,"AEBP1,FOXP3,NPM1,PAX3",4,-0.15135381136962822,0.15135381136962822
3,ATF4+SFPQ+DNMT3B,"ATF4,DNMT3B,SFPQ",3,-0.15134709567314608,0.15134709567314608
4,RARG+SFPQ+HOXC13+ZNF165,"HOXC13,RARG,SFPQ,ZNF165",4,-0.15134494803450602,0.15134494803450602
4,ATF4+SMAD7+RARG+SFPQ,"ATF4,RARG,SFPQ,SMAD7",4,-0.1512598465596816,0.1512598465596816
3,ATF4+PAX3+NFIA,"ATF4,NFIA,PAX3",3,-0.15124178286422107,0.15124178286422107
3,PAX3+ZBTB20+SRF,"PAX3,SRF,ZBTB20",3,-0.15122016874666622,0.15122016874666622
3,PAX3+DNMT3B+AEBP1,"AEBP1,DNMT3B,PAX3",3,-0.15119911963349686,0.15119911963349686
4,SMAD7+DNMT3B+NFIA+ZNF202,"DNMT3B,NFIA,SMAD7,ZNF202",4,-0.15115937623101433,0.15115937623101433
4,PAX3+SMAD7+RARG+AEBP1,"AEBP1,PAX3,RARG,SMAD7",4,-0.15111187052003242,0.15111187052003242
4,SFPQ+DNMT3B+SRF+HOXC13,"DNMT3B,HOXC13,SFPQ,SRF",4,-0.1511081941085486,0.1511081941085486
4,RARG+NFIA+SRF+AEBP1,"AEBP1,NFIA,RARG,SRF",4,-0.15110184744326666,0.15110184744326666
3,ATF4+NPM1+ZNF165,"ATF4,NPM1,ZNF165",3,-0.1510878463348374,0.1510878463348374
3,ATF4+HEYL+HOXC13,"ATF4,HEYL,HOXC13",3,-0.1510529222988228,0.1510529222988228
4,PAX3+NFIA+SRF+HOXC13,"HOXC13,NFIA,PAX3,SRF",4,-0.15100288129962358,0.15100288129962358
4,ATF4+FOXP3+HEYL+DNMT3B,"ATF4,DNMT3B,FOXP3,HEYL",4,-0.15096817740872823,0.15096817740872823
3,FOXP3+SMAD7+ZBTB20,"FOXP3,SMAD7,ZBTB20",3,-0.1509578160642428,0.1509578160642428
4,ATF4+PAX3+HEYL+ZNF202,"ATF4,HEYL,PAX3,ZNF202",4,-0.150956146940404,0.150956146940404
4,SMAD7+HEYL+DNMT3B+HES1,"DNMT3B,HES1,HEYL,SMAD7",4,-0.15092869228516467,0.15092869228516467
3,NFIA+ZNF202+AEBP1,"AEBP1,NFIA,ZNF202",3,-0.15091471340598345,0.15091471340598345
4,SRF+NPM1+HOXC13+ZNF165,"HOXC13,NPM1,SRF,ZNF165",4,-0.1508489447702399,0.1508489447702399
4,SMAD7+SFPQ+ZNF202+HOXC13,"HOXC13,SFPQ,SMAD7,ZNF202",4,-0.1508338109578009,0.1508338109578009
4,ATF4+FOXP3+PAX3+SFPQ,"ATF4,FOXP3,PAX3,SFPQ",4,-0.1508314727009131,0.1508314727009131
4,PAX3+SMAD7+SFPQ+HES1,"HES1,PAX3,SFPQ,SMAD7",4,-0.15079198757734957,0.15079198757734957
4,SFPQ+HES1+NFIA+SRF,"HES1,NFIA,SFPQ,SRF",4,-0.15078196450058384,0.15078196450058384
4,ATF4+SMAD7+SRF+NPM1,"ATF4,NPM1,SMAD7,SRF",4,-0.15076384329541548,0.15076384329541548
3,STAT1+FOXP3+RARG,"FOXP3,RARG,STAT1",3,-0.15076340311836303,0.15076340311836303
4,FOXP3+SMAD7+NFIA+HOXC13,"FOXP3,HOXC13,NFIA,SMAD7",4,-0.15074052861720016,0.15074052861720016
3,HEYL+HES1+AEBP1,"AEBP1,HES1,HEYL",3,-0.15068402946013382,0.15068402946013382
4,HEYL+DNMT3B+NFIA+NPM1,"DNMT3B,HEYL,NFIA,NPM1",4,-0.15063745977090387,0.15063745977090387
4,RARG+DNMT3B+HES1+NFIA,"DNMT3B,HES1,NFIA,RARG",4,-0.15053962955048306,0.15053962955048306
4,FOXP3+SFPQ+ZNF202+AEBP1,"AEBP1,FOXP3,SFPQ,ZNF202",4,-0.1505044032426755,0.1505044032426755
4,PAX3+SFPQ+NFIA+NPM1,"NFIA,NPM1,PAX3,SFPQ",4,-0.15050075506308874,0.15050075506308874
3,ATF4+PAX3+ZNF165,"ATF4,PAX3,ZNF165",3,-0.1504175316264731,0.1504175316264731
4,SMAD7+DNMT3B+ZNF202+ZNF165,"DNMT3B,SMAD7,ZNF165,ZNF202",4,-0.1503351249932663,0.1503351249932663
4,HEYL+SFPQ+NPM1+HOXC13,"HEYL,HOXC13,NPM1,SFPQ",4,-0.15031189449769045,0.15031189449769045
4,FOXP3+ZBTB20+RARG+ZNF202,"FOXP3,RARG,ZBTB20,ZNF202",4,-0.15028311740574404,0.15028311740574404
4,RARG+SRF+AEBP1+ZNF165,"AEBP1,RARG,SRF,ZNF165",4,-0.15027759620551867,0.15027759620551867
4,RARG+SFPQ+HES1+HOXC13,"HES1,HOXC13,RARG,SFPQ",4,-0.15021406427726963,0.15021406427726963
4,PAX3+SRF+HOXC13+ZNF165,"HOXC13,PAX3,SRF,ZNF165",4,-0.1501786300618756,0.1501786300618756
4,ATF4+PAX3+SMAD7+SRF,"ATF4,PAX3,SMAD7,SRF",4,-0.1500935285870512,0.1500935285870512
3,ZNF202+AEBP1+ZNF165,"AEBP1,ZNF165,ZNF202",3,-0.15009046216823546,0.15009046216823546
4,PAX3+HEYL+DNMT3B+NFIA,"DNMT3B,HEYL,NFIA,PAX3",4,-0.14996714506253955,0.14996714506253955
4,SFPQ+HES1+SRF+ZNF165,"HES1,SFPQ,SRF,ZNF165",4,-0.1499577132628358,0.1499577132628358
3,ATF4+HES1+NPM1,"ATF4,HES1,NPM1",3,-0.14995696257760102,0.14995696257760102
4,FOXP3+SMAD7+HOXC13+ZNF165,"FOXP3,HOXC13,SMAD7,ZNF165",4,-0.14991627737945215,0.14991627737945215
4,HEYL+DNMT3B+NPM1+ZNF165,"DNMT3B,HEYL,NPM1,ZNF165",4,-0.14981320853315583,0.14981320853315583
4,SMAD7+ZNF202+SRF+AEBP1,"AEBP1,SMAD7,SRF,ZNF202",4,-0.14976645912881356,0.14976645912881356
4,HEYL+RARG+SFPQ+AEBP1,"AEBP1,HEYL,RARG,SFPQ",4,-0.1497405459329692,0.1497405459329692
4,HES1+SRF+NPM1+HOXC13,"HES1,HOXC13,NPM1,SRF",4,-0.14971806101300353,0.14971806101300353
4,RARG+DNMT3B+HES1+ZNF165,"DNMT3B,HES1,RARG,ZNF165",4,-0.14971537831273501,0.14971537831273501
4,PAX3+SFPQ+NPM1+ZNF165,"NPM1,PAX3,SFPQ,ZNF165",4,-0.14967650382534073,0.14967650382534073
4,PAX3+HEYL+SFPQ+HOXC13,"HEYL,HOXC13,PAX3,SFPQ",4,-0.14964157978932613,0.14964157978932613
4,ATF4+RARG+SRF+HOXC13,"ATF4,HOXC13,RARG,SRF",4,-0.14951560528697125,0.14951560528697125
3,ATF4+ZNF202+HOXC13,"ATF4,HOXC13,ZNF202",3,-0.14932847124968804,0.14932847124968804
3,ATF4+PAX3+HES1,"ATF4,HES1,PAX3",3,-0.1492866478692367,0.1492866478692367
4,HEYL+SRF+NPM1+AEBP1,"AEBP1,HEYL,NPM1,SRF",4,-0.1492445426687031,0.1492445426687031
4,ATF4+FOXP3+DNMT3B+ZNF202,"ATF4,DNMT3B,FOXP3,ZNF202",4,-0.1492437263595935,0.1492437263595935
4,SMAD7+DNMT3B+HES1+ZNF202,"DNMT3B,HES1,SMAD7,ZNF202",4,-0.14920424123602996,0.14920424123602996
4,RARG+HES1+SRF+AEBP1,"AEBP1,HES1,RARG,SRF",4,-0.1491467124482823,0.1491467124482823
4,PAX3+HEYL+DNMT3B+ZNF165,"DNMT3B,HEYL,PAX3,ZNF165",4,-0.1491428938247915,0.1491428938247915
4,PAX3+HES1+SRF+HOXC13,"HES1,HOXC13,PAX3,SRF",4,-0.1490477463046392,0.1490477463046392
4,ATF4+RARG+SFPQ+NPM1,"ATF4,NPM1,RARG,SFPQ",4,-0.14901347905043644,0.14901347905043644
3,HES1+ZNF202+AEBP1,"AEBP1,HES1,ZNF202",3,-0.14895957841099908,0.14895957841099908
4,DNMT3B+NFIA+ZNF202+NPM1,"DNMT3B,NFIA,NPM1,ZNF202",4,-0.1489130087217691,0.1489130087217691
4,PAX3+RARG+NPM1+AEBP1,"AEBP1,NPM1,PAX3,RARG",4,-0.14886550301078721,0.14886550301078721
4,HEYL+NFIA+ZNF202+ZNF165,"HEYL,NFIA,ZNF165,ZNF202",4,-0.1488584875972781,0.1488584875972781
4,FOXP3+SMAD7+HES1+HOXC13,"FOXP3,HES1,HOXC13,SMAD7",4,-0.14878539362221577,0.14878539362221577
4,FOXP3+SFPQ+NFIA+ZNF165,"FOXP3,NFIA,SFPQ,ZNF165",4,-0.14873381335778724,0.14873381335778724
4,ATF4+HEYL+SFPQ+SRF,"ATF4,HEYL,SFPQ,SRF",4,-0.14872220399998798,0.14872220399998798
3,FOXP3+ZBTB20+NPM1,"FOXP3,NPM1,ZBTB20",3,-0.14871144855499757,0.14871144855499757
3,SMAD7+SFPQ+AEBP1,"AEBP1,SFPQ,SMAD7",3,-0.14869079354233322,0.14869079354233322
4,HEYL+DNMT3B+HES1+NPM1,"DNMT3B,HES1,HEYL,NPM1",4,-0.14868232477591947,0.14868232477591947
4,SFPQ+ZNF202+NPM1+HOXC13,"HOXC13,NPM1,SFPQ,ZNF202",4,-0.1485874434485557,0.1485874434485557
4,PAX3+HEYL+SRF+AEBP1,"AEBP1,HEYL,PAX3,SRF",4,-0.14857422796033878,0.14857422796033878
2,ZBTB20+DNMT3B,"DNMT3B,ZBTB20",2,-0.14855675681886624,0.14855675681886624
4,PAX3+SFPQ+HES1+NPM1,"HES1,NPM1,PAX3,SFPQ",4,-0.14854562006810434,0.14854562006810434
4,FOXP3+NFIA+NPM1+HOXC13,"FOXP3,HOXC13,NFIA,NPM1",4,-0.14849416110795496,0.14849416110795496
4,ATF4+HEYL+RARG+DNMT3B,"ATF4,DNMT3B,HEYL,RARG",4,-0.14847986904988722,0.14847986904988722
3,SMAD7+ZBTB20+RARG,"RARG,SMAD7,ZBTB20",3,-0.14846950770540177,0.14846950770540177
4,ATF4+PAX3+RARG+SFPQ,"ATF4,PAX3,RARG,SFPQ",4,-0.1483431643420721,0.1483431643420721
3,DNMT3B+NFIA+HOXC13,"DNMT3B,HOXC13,NFIA",3,-0.1483394693718236,0.1483394693718236
4,FOXP3+SMAD7+HEYL+AEBP1,"AEBP1,FOXP3,HEYL,SMAD7",4,-0.14831187527791534,0.14831187527791534
4,SMAD7+RARG+NFIA+HOXC13,"HOXC13,NFIA,RARG,SMAD7",4,-0.14825222025835916,0.14825222025835916
4,PAX3+DNMT3B+NFIA+ZNF202,"DNMT3B,NFIA,PAX3,ZNF202",4,-0.14824269401340479,0.14824269401340479
4,DNMT3B+ZNF202+NPM1+ZNF165,"DNMT3B,NPM1,ZNF165,ZNF202",4,-0.14808875748402112,0.14808875748402112
4,HEYL+DNMT3B+ZNF202+HOXC13,"DNMT3B,HEYL,HOXC13,ZNF202",4,-0.1480538334480065,0.1480538334480065
3,FOXP3+PAX3+ZBTB20,"FOXP3,PAX3,ZBTB20",3,-0.14804113384663325,0.14804113384663325
4,RARG+SFPQ+ZNF202+AEBP1,"AEBP1,RARG,SFPQ,ZNF202",4,-0.1480160948838345,0.1480160948838345
4,PAX3+HEYL+DNMT3B+HES1,"DNMT3B,HES1,HEYL,PAX3",4,-0.14801201006755516,0.14801201006755516
4,SMAD7+NFIA+SRF+ZNF165,"NFIA,SMAD7,SRF,ZNF165",4,-0.14799586924392533,0.14799586924392533
4,FOXP3+SFPQ+DNMT3B+HOXC13,"DNMT3B,FOXP3,HOXC13,SFPQ",4,-0.14792915920851563,0.14792915920851563
4,FOXP3+RARG+NFIA+AEBP1,"AEBP1,FOXP3,NFIA,RARG",4,-0.14792281254323372,0.14792281254323372
4,PAX3+SFPQ+ZNF202+HOXC13,"HOXC13,PAX3,SFPQ,ZNF202",4,-0.1479171287401914,0.1479171287401914
4,ATF4+PAX3+SRF+NPM1,"ATF4,NPM1,PAX3,SRF",4,-0.147847161077806,0.147847161077806
4,FOXP3+PAX3+NFIA+HOXC13,"FOXP3,HOXC13,NFIA,PAX3",4,-0.14782384639959065,0.14782384639959065
4,HEYL+HES1+NFIA+ZNF202,"HES1,HEYL,NFIA,ZNF202",4,-0.14772760384004174,0.14772760384004174
4,FOXP3+NPM1+HOXC13+ZNF165,"FOXP3,HOXC13,NPM1,ZNF165",4,-0.14766990987020695,0.14766990987020695
4,FOXP3+SFPQ+HES1+NFIA,"FOXP3,HES1,NFIA,SFPQ",4,-0.14760292960055088,0.14760292960055088
4,ATF4+FOXP3+SMAD7+NPM1,"ATF4,FOXP3,NPM1,SMAD7",4,-0.14758480839538257,0.14758480839538257
4,ZNF202+SRF+NPM1+AEBP1,"AEBP1,NPM1,SRF,ZNF202",4,-0.14752009161956836,0.14752009161956836
3,DNMT3B+HOXC13+ZNF165,"DNMT3B,HOXC13,ZNF165",3,-0.1475152181340756,0.1475152181340756
4,SMAD7+HEYL+SFPQ+NFIA,"HEYL,NFIA,SFPQ,SMAD7",4,-0.14745881897137586,0.14745881897137586
3,ATF4+SMAD7+DNMT3B,"ATF4,DNMT3B,SMAD7",3,-0.1474301166592512,0.1474301166592512
4,SMAD7+RARG+HOXC13+ZNF165,"HOXC13,RARG,SMAD7,ZNF165",4,-0.14742796902061114,0.14742796902061114
4,PAX3+DNMT3B+ZNF202+ZNF165,"DNMT3B,PAX3,ZNF165,ZNF202",4,-0.14741844277565677,0.14741844277565677
4,SMAD7+DNMT3B+SRF+HOXC13,"DNMT3B,HOXC13,SMAD7,SRF",4,-0.14719121509465372,0.14719121509465372
3,HES1+NFIA+ZNF165,"HES1,NFIA,ZNF165",3,-0.14718898852611084,0.14718898852611084
2,ATF4+AEBP1,"AEBP1,ATF4",2,-0.14718545383422035,0.14718545383422035
4,FOXP3+RARG+AEBP1+ZNF165,"AEBP1,FOXP3,RARG,ZNF165",4,-0.1470985613054857,0.1470985613054857
4,FOXP3+PAX3+HOXC13+ZNF165,"FOXP3,HOXC13,PAX3,ZNF165",4,-0.14699959516184263,0.14699959516184263
4,ATF4+SFPQ+ZNF202+SRF,"ATF4,SFPQ,SRF,ZNF202",4,-0.14699775295085324,0.14699775295085324
4,DNMT3B+HES1+ZNF202+NPM1,"DNMT3B,HES1,NPM1,ZNF202",4,-0.14695787372678473,0.14695787372678473
3,SRF+HOXC13+AEBP1,"AEBP1,HOXC13,SRF",3,-0.14694655226962286,0.14694655226962286
4,ATF4+FOXP3+PAX3+SMAD7,"ATF4,FOXP3,PAX3,SMAD7",4,-0.14691449368701823,0.14691449368701823
4,ATF4+FOXP3+NFIA+SRF,"ATF4,FOXP3,NFIA,SRF",4,-0.14690447061025247,0.14690447061025247
4,HEYL+HES1+ZNF202+ZNF165,"HES1,HEYL,ZNF165,ZNF202",4,-0.14690335260229373,0.14690335260229373
4,SMAD7+HES1+NFIA+SRF,"HES1,NFIA,SMAD7,SRF",4,-0.14686498548668897,0.14686498548668897
4,FOXP3+DNMT3B+SRF+AEBP1,"AEBP1,DNMT3B,FOXP3,SRF",4,-0.14686180737952828,0.14686180737952828
4,PAX3+ZNF202+SRF+AEBP1,"AEBP1,PAX3,SRF,ZNF202",4,-0.14684977691120404,0.14684977691120404
4,FOXP3+SFPQ+HES1+ZNF165,"FOXP3,HES1,SFPQ,ZNF165",4,-0.14677867836280284,0.14677867836280284
4,ATF4+RARG+DNMT3B+ZNF202,"ATF4,DNMT3B,RARG,ZNF202",4,-0.14675541800075248,0.14675541800075248
4,SMAD7+SFPQ+DNMT3B+NPM1,"DNMT3B,NPM1,SFPQ,SMAD7",4,-0.14668908885811888,0.14668908885811888
4,SMAD7+HEYL+SFPQ+ZNF165,"HEYL,SFPQ,SMAD7,ZNF165",4,-0.14663456773362787,0.14663456773362787
4,FOXP3+SMAD7+ZNF202+AEBP1,"AEBP1,FOXP3,SMAD7,ZNF202",4,-0.14658742422878063,0.14658742422878063
4,PAX3+SMAD7+NFIA+NPM1,"NFIA,NPM1,PAX3,SMAD7",4,-0.14658377604919387,0.14658377604919387
4,FOXP3+HES1+NPM1+HOXC13,"FOXP3,HES1,HOXC13,NPM1",4,-0.14653902611297057,0.14653902611297057
3,SFPQ+NPM1+AEBP1,"AEBP1,NPM1,SFPQ",3,-0.146444426033088,0.146444426033088
4,SMAD7+HEYL+NPM1+HOXC13,"HEYL,HOXC13,NPM1,SMAD7",4,-0.14639491548379557,0.14639491548379557
3,DNMT3B+HES1+HOXC13,"DNMT3B,HES1,HOXC13",3,-0.14638433437683923,0.14638433437683923
4,ATF4+FOXP3+RARG+HOXC13,"ATF4,FOXP3,HOXC13,RARG",4,-0.1463365703869383,0.1463365703869383
4,SMAD7+RARG+HES1+HOXC13,"HES1,HOXC13,RARG,SMAD7",4,-0.14629708526337476,0.14629708526337476
4,PAX3+DNMT3B+HES1+ZNF202,"DNMT3B,HES1,PAX3,ZNF202",4,-0.14628755901842042,0.14628755901842042
4,RARG+SFPQ+NFIA+ZNF165,"NFIA,RARG,SFPQ,ZNF165",4,-0.14624550499894623,0.14624550499894623
3,ZBTB20+RARG+NPM1,"NPM1,RARG,ZBTB20",3,-0.14622314019615656,0.14622314019615656
4,ATF4+FOXP3+SRF+ZNF165,"ATF4,FOXP3,SRF,ZNF165",4,-0.14608021937250448,0.14608021937250448
4,FOXP3+HEYL+NPM1+AEBP1,"AEBP1,FOXP3,HEYL,NPM1",4,-0.14606550776867017,0.14606550776867017
4,SMAD7+HES1+SRF+ZNF165,"HES1,SMAD7,SRF,ZNF165",4,-0.14604073424894093,0.14604073424894093
4,PAX3+SMAD7+SFPQ+DNMT3B,"DNMT3B,PAX3,SFPQ,SMAD7",4,-0.14601877414975456,0.14601877414975456
4,SFPQ+DNMT3B+NFIA+SRF,"DNMT3B,NFIA,SFPQ,SRF",4,-0.1460087510729888,0.1460087510729888
4,RARG+NFIA+NPM1+HOXC13,"HOXC13,NFIA,NPM1,RARG",4,-0.14600585274911396,0.14600585274911396
4,FOXP3+RARG+HES1+AEBP1,"AEBP1,FOXP3,HES1,RARG",4,-0.14596767754824935,0.14596767754824935
3,ATF4+HEYL+NFIA,"ATF4,HEYL,NFIA",3,-0.14595347926326302,0.14595347926326302
3,HEYL+ZBTB20+SRF,"HEYL,SRF,ZBTB20",3,-0.14593186514570813,0.14593186514570813
3,HEYL+DNMT3B+AEBP1,"AEBP1,DNMT3B,HEYL",3,-0.1459108160325388,0.1459108160325388
4,FOXP3+PAX3+HES1+HOXC13,"FOXP3,HES1,HOXC13,PAX3",4,-0.14586871140460625,0.14586871140460625
4,SMAD7+HEYL+RARG+AEBP1,"AEBP1,HEYL,RARG,SMAD7",4,-0.14582356691907433,0.14582356691907433
3,PAX3+SFPQ+AEBP1,"AEBP1,PAX3,SFPQ",3,-0.14577411132472368,0.14577411132472368
4,PAX3+SMAD7+NPM1+ZNF165,"NPM1,PAX3,SMAD7,ZNF165",4,-0.14575952481144586,0.14575952481144586
4,NFIA+SRF+NPM1+ZNF165,"NFIA,NPM1,SRF,ZNF165",4,-0.1457495017346801,0.1457495017346801
4,SMAD7+SFPQ+NFIA+ZNF202,"NFIA,SFPQ,SMAD7,ZNF202",4,-0.14573436792224115,0.14573436792224115
4,PAX3+SMAD7+HEYL+HOXC13,"HEYL,HOXC13,PAX3,SMAD7",4,-0.14572460077543126,0.14572460077543126
4,HEYL+NFIA+SRF+HOXC13,"HEYL,HOXC13,NFIA,SRF",4,-0.14571457769866553,0.14571457769866553
3,PAX3+ZBTB20+RARG,"PAX3,RARG,ZBTB20",3,-0.14555282548779225,0.14555282548779225
4,ATF4+FOXP3+HEYL+SFPQ,"ATF4,FOXP3,HEYL,SFPQ",4,-0.14554316909995504,0.14554316909995504
4,SMAD7+HEYL+SFPQ+HES1,"HES1,HEYL,SFPQ,SMAD7",4,-0.1455036839763915,0.1455036839763915
4,RARG+SFPQ+DNMT3B+HOXC13,"DNMT3B,HOXC13,RARG,SFPQ",4,-0.14544085084967462,0.14544085084967462
4,FOXP3+PAX3+HEYL+AEBP1,"AEBP1,FOXP3,HEYL,PAX3",4,-0.14539519306030585,0.14539519306030585
4,PAX3+RARG+NFIA+HOXC13,"HOXC13,NFIA,PAX3,RARG",4,-0.14533553804074964,0.14533553804074964
4,HEYL+SFPQ+NFIA+NPM1,"HEYL,NFIA,NPM1,SFPQ",4,-0.1452124514621307,0.1452124514621307
4,SFPQ+DNMT3B+SRF+ZNF165,"DNMT3B,SFPQ,SRF,ZNF165",4,-0.1451844998352408,0.1451844998352408
3,ATF4+DNMT3B+NPM1,"ATF4,DNMT3B,NPM1",3,-0.14518374915000598,0.14518374915000598
4,RARG+NPM1+HOXC13+ZNF165,"HOXC13,NPM1,RARG,ZNF165",4,-0.14518160151136594,0.14518160151136594
3,ATF4+HEYL+ZNF165,"ATF4,HEYL,ZNF165",3,-0.145129228025515,0.145129228025515
4,RARG+SFPQ+HES1+NFIA,"HES1,NFIA,RARG,SFPQ",4,-0.14511462124170987,0.14511462124170987
4,ATF4+SMAD7+RARG+NPM1,"ATF4,NPM1,RARG,SMAD7",4,-0.14509650003654154,0.14509650003654154
4,PAX3+NFIA+SRF+ZNF165,"NFIA,PAX3,SRF,ZNF165",4,-0.14507918702631578,0.14507918702631578
4,ATF4+FOXP3+HES1+SRF,"ATF4,FOXP3,HES1,SRF",4,-0.1449493356152681,0.1449493356152681
4,DNMT3B+SRF+NPM1+HOXC13,"DNMT3B,HOXC13,NPM1,SRF",4,-0.14494484758540851,0.14494484758540851
4,SMAD7+SFPQ+ZNF202+ZNF165,"SFPQ,SMAD7,ZNF165,ZNF202",4,-0.1449101166844931,0.1449101166844931
4,HEYL+SRF+HOXC13+ZNF165,"HEYL,HOXC13,SRF,ZNF165",4,-0.14489032646091748,0.14489032646091748
4,FOXP3+SMAD7+NFIA+ZNF165,"FOXP3,NFIA,SMAD7,ZNF165",4,-0.14481683434389236,0.14481683434389236
4,ATF4+SMAD7+HEYL+SRF,"ATF4,HEYL,SMAD7,SRF",4,-0.1448052249860931,0.1448052249860931
2,STAT1+SRF,"SRF,STAT1",2,-0.14468769980919238,0.14468769980919238
4,SMAD7+ZNF202+NPM1+HOXC13,"HOXC13,NPM1,SMAD7,ZNF202",4,-0.14467046443466083,0.14467046443466083
4,ATF4+FOXP3+PAX3+NPM1,"ATF4,FOXP3,NPM1,PAX3",4,-0.14466812617777303,0.14466812617777303
4,PAX3+SMAD7+HES1+NPM1,"HES1,NPM1,PAX3,SMAD7",4,-0.14462864105420947,0.14462864105420947
4,HES1+NFIA+SRF+NPM1,"HES1,NFIA,NPM1,SRF",4,-0.14461861797744374,0.14461861797744374
4,PAX3+HEYL+SFPQ+NFIA,"HEYL,NFIA,PAX3,SFPQ",4,-0.14454213675376637,0.14454213675376637
3,ATF4+PAX3+DNMT3B,"ATF4,DNMT3B,PAX3",3,-0.1445134344416417,0.1445134344416417
4,PAX3+RARG+HOXC13+ZNF165,"HOXC13,PAX3,RARG,ZNF165",4,-0.14451128680300163,0.14451128680300163
4,ATF4+PAX3+SMAD7+RARG,"ATF4,PAX3,RARG,SMAD7",4,-0.14442618532817722,0.14442618532817722
4,ATF4+RARG+NFIA+SRF,"ATF4,NFIA,RARG,SRF",4,-0.14441616225141146,0.14441616225141146
4,HEYL+SFPQ+NPM1+ZNF165,"HEYL,NPM1,SFPQ,ZNF165",4,-0.14438820022438265,0.14438820022438265
4,RARG+DNMT3B+SRF+AEBP1,"AEBP1,DNMT3B,RARG,SRF",4,-0.14437349902068727,0.14437349902068727
4,FOXP3+ZNF202+NPM1+AEBP1,"AEBP1,FOXP3,NPM1,ZNF202",4,-0.1443410567195354,0.1443410567195354
4,RARG+SFPQ+HES1+ZNF165,"HES1,RARG,SFPQ,ZNF165",4,-0.14429037000396183,0.14429037000396183
4,PAX3+DNMT3B+SRF+HOXC13,"DNMT3B,HOXC13,PAX3,SRF",4,-0.14427453287704417,0.14427453287704417
3,ATF4+NFIA+ZNF202,"ATF4,NFIA,ZNF202",3,-0.14422902821412828,0.14422902821412828
3,ZBTB20+ZNF202+SRF,"SRF,ZBTB20,ZNF202",3,-0.1442074140965734,0.1442074140965734
3,DNMT3B+ZNF202+AEBP1,"AEBP1,DNMT3B,ZNF202",3,-0.14418636498340406,0.14418636498340406
4,SMAD7+RARG+ZNF202+AEBP1,"AEBP1,RARG,SMAD7,ZNF202",4,-0.14409911586993962,0.14409911586993962
4,SFPQ+DNMT3B+HES1+SRF,"DNMT3B,HES1,SFPQ,SRF",4,-0.14405361607800443,0.14405361607800443
4,RARG+HES1+NPM1+HOXC13,"HES1,HOXC13,NPM1,RARG",4,-0.14405071775412956,0.14405071775412956
4,FOXP3+SMAD7+DNMT3B+HOXC13,"DNMT3B,FOXP3,HOXC13,SMAD7",4,-0.14401218019462075,0.14401218019462075
4,PAX3+SMAD7+ZNF202+HOXC13,"HOXC13,PAX3,SMAD7,ZNF202",4,-0.14400014972629652,0.14400014972629652
3,ATF4+HEYL+HES1,"ATF4,HES1,HEYL",3,-0.14399834426827862,0.14399834426827862
4,NFIA+ZNF202+SRF+HOXC13,"HOXC13,NFIA,SRF,ZNF202",4,-0.14399012664953076,0.14399012664953076
4,PAX3+HES1+NFIA+SRF,"HES1,NFIA,PAX3,SRF",4,-0.14394830326907943,0.14394830326907943
4,ATF4+FOXP3+SFPQ+ZNF202,"ATF4,FOXP3,SFPQ,ZNF202",4,-0.1438187180508203,0.1438187180508203
4,HES1+SRF+NPM1+ZNF165,"HES1,NPM1,SRF,ZNF165",4,-0.14379436673969573,0.14379436673969573
4,SMAD7+SFPQ+HES1+ZNF202,"HES1,SFPQ,SMAD7,ZNF202",4,-0.14377923292725675,0.14377923292725675
4,PAX3+SFPQ+DNMT3B+NPM1,"DNMT3B,NPM1,PAX3,SFPQ",4,-0.14377240664050933,0.14377240664050933
3,FOXP3+HOXC13+AEBP1,"AEBP1,FOXP3,HOXC13",3,-0.14376751736958993,0.14376751736958993
4,HEYL+HES1+SRF+HOXC13,"HES1,HEYL,HOXC13,SRF",4,-0.14375944270368113,0.14375944270368113
4,PAX3+HEYL+SFPQ+ZNF165,"HEYL,PAX3,SFPQ,ZNF165",4,-0.14371788551601833,0.14371788551601833
4,FOXP3+SMAD7+HES1+NFIA,"FOXP3,HES1,NFIA,SMAD7",4,-0.143685950586656,0.143685950586656
4,FOXP3+PAX3+ZNF202+AEBP1,"AEBP1,FOXP3,PAX3,ZNF202",4,-0.14367074201117108,0.14367074201117108
4,ATF4+RARG+SRF+ZNF165,"ATF4,RARG,SRF,ZNF165",4,-0.14359191101366348,0.14359191101366348
4,HEYL+RARG+NPM1+AEBP1,"AEBP1,HEYL,NPM1,RARG",4,-0.14357719940982916,0.14357719940982916
4,SFPQ+NFIA+ZNF202+NPM1,"NFIA,NPM1,SFPQ,ZNF202",4,-0.14348800041299592,0.14348800041299592
4,PAX3+HEYL+NPM1+HOXC13,"HEYL,HOXC13,NPM1,PAX3",4,-0.14347823326618606,0.14347823326618606
3,ATF4+ZNF202+ZNF165,"ATF4,ZNF165,ZNF202",3,-0.14340477697638027,0.14340477697638027
4,PAX3+RARG+HES1+HOXC13,"HES1,HOXC13,PAX3,RARG",4,-0.14338040304576524,0.14338040304576524
4,HEYL+SFPQ+HES1+NPM1,"HES1,HEYL,NPM1,SFPQ",4,-0.1432573164671463,0.1432573164671463
4,ZNF202+SRF+HOXC13+ZNF165,"HOXC13,SRF,ZNF165,ZNF202",4,-0.14316587541178277,0.14316587541178277
2,ZBTB20+SFPQ,"SFPQ,ZBTB20",2,-0.14313174851009305,0.14313174851009305
4,PAX3+HES1+SRF+ZNF165,"HES1,PAX3,SRF,ZNF165",4,-0.1431240520313314,0.1431240520313314
4,ATF4+SMAD7+ZNF202+SRF,"ATF4,SMAD7,SRF,ZNF202",4,-0.14308077393695837,0.14308077393695837
4,ATF4+HEYL+RARG+SFPQ,"ATF4,HEYL,RARG,SFPQ",4,-0.14305486074111404,0.14305486074111404
4,HEYL+DNMT3B+NFIA+ZNF202,"DNMT3B,HEYL,NFIA,ZNF202",4,-0.14295439041244673,0.14295439041244673
3,SFPQ+NFIA+HOXC13,"HOXC13,NFIA,SFPQ",3,-0.14291446106305042,0.14291446106305042
4,PAX3+HEYL+RARG+AEBP1,"AEBP1,HEYL,PAX3,RARG",4,-0.14290688470146484,0.14290688470146484
4,FOXP3+SMAD7+HES1+ZNF165,"FOXP3,HES1,SMAD7,ZNF165",4,-0.14286169934890797,0.14286169934890797
4,FOXP3+SFPQ+DNMT3B+NFIA,"DNMT3B,FOXP3,NFIA,SFPQ",4,-0.14282971617295587,0.14282971617295587
4,PAX3+SFPQ+NFIA+ZNF202,"NFIA,PAX3,SFPQ,ZNF202",4,-0.1428176857046316,0.1428176857046316
3,FOXP3+HEYL+ZBTB20,"FOXP3,HEYL,ZBTB20",3,-0.1427528302456752,0.1427528302456752
4,SFPQ+ZNF202+NPM1+ZNF165,"NPM1,SFPQ,ZNF165,ZNF202",4,-0.14266374917524793,0.14266374917524793
4,HEYL+SFPQ+ZNF202+HOXC13,"HEYL,HOXC13,SFPQ,ZNF202",4,-0.1426288251392333,0.1426288251392333
4,PAX3+HEYL+SFPQ+HES1,"HES1,HEYL,PAX3,SFPQ",4,-0.14258700175878197,0.14258700175878197
4,FOXP3+NFIA+NPM1+ZNF165,"FOXP3,NFIA,NPM1,ZNF165",4,-0.14257046683464716,0.14257046683464716
4,ATF4+HEYL+SRF+NPM1,"ATF4,HEYL,NPM1,SRF",4,-0.1425588574768479,0.1425588574768479
4,FOXP3+HEYL+NFIA+HOXC13,"FOXP3,HEYL,HOXC13,NFIA",4,-0.14253554279863256,0.14253554279863256
3,SMAD7+NPM1+AEBP1,"AEBP1,NPM1,SMAD7",3,-0.14252744701919312,0.14252744701919312
4,ATF4+RARG+HES1+SRF,"ATF4,HES1,RARG,SRF",4,-0.1424610272564271,0.1424610272564271
3,DNMT3B+NFIA+ZNF165,"DNMT3B,NFIA,ZNF165",3,-0.14241577509851583,0.14241577509851583
4,SMAD7+RARG+NFIA+ZNF165,"NFIA,RARG,SMAD7,ZNF165",4,-0.14232852598505136,0.14232852598505136
3,ATF4+HES1+ZNF202,"ATF4,HES1,ZNF202",3,-0.14227389321914388,0.14227389321914388
4,ATF4+PAX3+RARG+NPM1,"ATF4,NPM1,PAX3,RARG",4,-0.14217981781893202,0.14217981781893202
4,HEYL+DNMT3B+ZNF202+ZNF165,"DNMT3B,HEYL,ZNF165,ZNF202",4,-0.1421301391746987,0.1421301391746987
4,SMAD7+DNMT3B+NFIA+SRF,"DNMT3B,NFIA,SMAD7,SRF",4,-0.14209177205909393,0.14209177205909393
3,SFPQ+HOXC13+ZNF165,"HOXC13,SFPQ,ZNF165",3,-0.1420902098253024,0.1420902098253024
4,HES1+ZNF202+SRF+HOXC13,"HES1,HOXC13,SRF,ZNF202",4,-0.1420349916545464,0.1420349916545464
4,FOXP3+SFPQ+DNMT3B+ZNF165,"DNMT3B,FOXP3,SFPQ,ZNF165",4,-0.14200546493520783,0.14200546493520783
3,ATF4+SMAD7+SFPQ,"ATF4,SFPQ,SMAD7",3,-0.14200510835047803,0.14200510835047803
4,PAX3+SFPQ+ZNF202+ZNF165,"PAX3,SFPQ,ZNF165,ZNF202",4,-0.1419934344668836,0.1419934344668836
4,FOXP3+PAX3+NFIA+ZNF165,"FOXP3,NFIA,PAX3,ZNF165",4,-0.14190015212628285,0.14190015212628285
4,ATF4+PAX3+HEYL+SRF,"ATF4,HEYL,PAX3,SRF",4,-0.1418885427684836,0.1418885427684836
3,PAX3+SMAD7+AEBP1,"AEBP1,PAX3,SMAD7",3,-0.1418571323108288,0.1418571323108288
4,RARG+ZNF202+NPM1+AEBP1,"AEBP1,NPM1,RARG,ZNF202",4,-0.1418527483606944,0.1418527483606944
3,NFIA+SRF+AEBP1,"AEBP1,NFIA,SRF",3,-0.14184710923406307,0.14184710923406307
4,SMAD7+SFPQ+SRF+HOXC13,"HOXC13,SFPQ,SMAD7,SRF",4,-0.14176620678588053,0.14176620678588053
4,FOXP3+DNMT3B+NPM1+HOXC13,"DNMT3B,FOXP3,HOXC13,NPM1",4,-0.14176581268537555,0.14176581268537555
4,PAX3+ZNF202+NPM1+HOXC13,"HOXC13,NPM1,PAX3,ZNF202",4,-0.14175378221705132,0.14175378221705132
4,FOXP3+HEYL+HOXC13+ZNF165,"FOXP3,HEYL,HOXC13,ZNF165",4,-0.14171129156088458,0.14171129156088458
4,ATF4+FOXP3+SMAD7+HEYL,"ATF4,FOXP3,HEYL,SMAD7",4,-0.14162619008606017,0.14162619008606017
4,HEYL+ZNF202+SRF+AEBP1,"AEBP1,HEYL,SRF,ZNF202",4,-0.14156147331024596,0.14156147331024596
4,SFPQ+HES1+ZNF202+NPM1,"HES1,NPM1,SFPQ,ZNF202",4,-0.14153286541801155,0.14153286541801155
4,SMAD7+RARG+DNMT3B+HOXC13,"DNMT3B,HOXC13,RARG,SMAD7",4,-0.14152387183577975,0.14152387183577975
2,STAT1+FOXP3,"FOXP3,STAT1",2,-0.14150866490915945,0.14150866490915945
4,FOXP3+HES1+NFIA+NPM1,"FOXP3,HES1,NFIA,NPM1",4,-0.14143958307741078,0.14143958307741078
4,FOXP3+SFPQ+SRF+AEBP1,"AEBP1,FOXP3,SFPQ,SRF",4,-0.1414367990707551,0.1414367990707551
4,ATF4+RARG+SFPQ+ZNF202,"ATF4,RARG,SFPQ,ZNF202",4,-0.1413304096919793,0.1413304096919793
4,SMAD7+HEYL+NFIA+NPM1,"HEYL,NFIA,NPM1,SMAD7",4,-0.14129547244823581,0.14129547244823581
3,DNMT3B+HES1+NFIA,"DNMT3B,HES1,NFIA",3,-0.14128489134127947,0.14128489134127947
3,RARG+HOXC13+AEBP1,"AEBP1,HOXC13,RARG",3,-0.1412792090107489,0.1412792090107489
4,SMAD7+DNMT3B+SRF+ZNF165,"DNMT3B,SMAD7,SRF,ZNF165",4,-0.14126752082134592,0.14126752082134592
4,ATF4+FOXP3+RARG+NFIA,"ATF4,FOXP3,NFIA,RARG",4,-0.14123712735137853,0.14123712735137853
4,FOXP3+ZBTB20+RARG+SRF,"FOXP3,RARG,SRF,ZBTB20",4,-0.14121551323382364,0.14121551323382364
4,SMAD7+RARG+HES1+NFIA,"HES1,NFIA,RARG,SMAD7",4,-0.141197642227815,0.141197642227815
4,FOXP3+RARG+DNMT3B+AEBP1,"AEBP1,DNMT3B,FOXP3,RARG",4,-0.14119446412065434,0.14119446412065434
4,PAX3+RARG+ZNF202+AEBP1,"AEBP1,PAX3,RARG,ZNF202",4,-0.14118243365233007,0.14118243365233007
4,FOXP3+PAX3+DNMT3B+HOXC13,"DNMT3B,FOXP3,HOXC13,PAX3",4,-0.14109549797701124,0.14109549797701124
3,FOXP3+ZBTB20+ZNF202,"FOXP3,ZBTB20,ZNF202",3,-0.14102837919654046,0.14102837919654046
3,SRF+AEBP1+ZNF165,"AEBP1,SRF,ZNF165",3,-0.14102285799631506,0.14102285799631506
4,HEYL+DNMT3B+HES1+ZNF202,"DNMT3B,HES1,HEYL,ZNF202",4,-0.14099925541746233,0.14099925541746233
3,SFPQ+HES1+HOXC13,"HES1,HOXC13,SFPQ",3,-0.14095932606806605,0.14095932606806605
4,FOXP3+SFPQ+DNMT3B+HES1,"DNMT3B,FOXP3,HES1,SFPQ",4,-0.14087458117797147,0.14087458117797147
4,PAX3+SFPQ+HES1+ZNF202,"HES1,PAX3,SFPQ,ZNF202",4,-0.14086255070964723,0.14086255070964723
4,ATF4+ZNF202+SRF+NPM1,"ATF4,NPM1,SRF,ZNF202",4,-0.14083440642771317,0.14083440642771317
4,FOXP3+NFIA+ZNF202+HOXC13,"FOXP3,HOXC13,NFIA,ZNF202",4,-0.14081109174949782,0.14081109174949782
4,FOXP3+PAX3+HES1+NFIA,"FOXP3,HES1,NFIA,PAX3",4,-0.14076926836904646,0.14076926836904646
4,SMAD7+HEYL+SFPQ+DNMT3B,"DNMT3B,HEYL,SFPQ,SMAD7",4,-0.14073047054879648,0.14073047054879648
4,PAX3+SMAD7+HEYL+NFIA,"HEYL,NFIA,PAX3,SMAD7",4,-0.1406251577398715,0.1406251577398715
4,FOXP3+HES1+NPM1+ZNF165,"FOXP3,HES1,NPM1,ZNF165",4,-0.1406153318396628,0.1406153318396628
4,FOXP3+HEYL+HES1+HOXC13,"FOXP3,HES1,HEYL,HOXC13",4,-0.1405804078036482,0.1405804078036482
3,HEYL+SFPQ+AEBP1,"AEBP1,HEYL,SFPQ",3,-0.14048580772376562,0.14048580772376562
4,SMAD7+HEYL+NPM1+ZNF165,"HEYL,NPM1,SMAD7,ZNF165",4,-0.14047122121048777,0.14047122121048777
3,DNMT3B+HES1+ZNF165,"DNMT3B,HES1,ZNF165",3,-0.14046064010353143,0.14046064010353143
4,ATF4+FOXP3+RARG+ZNF165,"ATF4,FOXP3,RARG,ZNF165",4,-0.1404128761136305,0.1404128761136305
4,SMAD7+RARG+HES1+ZNF165,"HES1,RARG,SMAD7,ZNF165",4,-0.14037339099006696,0.14037339099006696
4,RARG+SFPQ+DNMT3B+NFIA,"DNMT3B,NFIA,RARG,SFPQ",4,-0.14034140781411486,0.14034140781411486
3,HEYL+ZBTB20+RARG,"HEYL,RARG,ZBTB20",3,-0.14026452188683416,0.14026452188683416
3,ATF4+SRF+HOXC13,"ATF4,HOXC13,SRF",3,-0.14026086707776766,0.14026086707776766
4,ATF4+FOXP3+DNMT3B+SRF,"ATF4,DNMT3B,FOXP3,SRF",4,-0.14017612218767309,0.14017612218767309
4,ATF4+PAX3+ZNF202+SRF,"ATF4,PAX3,SRF,ZNF202",4,-0.14016409171934885,0.14016409171934885
4,SMAD7+DNMT3B+HES1+SRF,"DNMT3B,HES1,SMAD7,SRF",4,-0.14013663706410956,0.14013663706410956
4,RARG+NFIA+NPM1+ZNF165,"NFIA,NPM1,RARG,ZNF165",4,-0.14008215847580616,0.14008215847580616
4,HEYL+RARG+NFIA+HOXC13,"HEYL,HOXC13,NFIA,RARG",4,-0.14004723443979156,0.14004723443979156
4,FOXP3+ZNF202+HOXC13+ZNF165,"FOXP3,HOXC13,ZNF165,ZNF202",4,-0.1399868405117498,0.1399868405117498
4,FOXP3+PAX3+HES1+ZNF165,"FOXP3,HES1,PAX3,ZNF165",4,-0.13994501713129848,0.13994501713129848
4,ATF4+FOXP3+SMAD7+ZNF202,"ATF4,FOXP3,SMAD7,ZNF202",4,-0.13990173903692543,0.13990173903692543
3,HES1+SRF+AEBP1,"AEBP1,HES1,SRF",3,-0.13989197423907868,0.13989197423907868
4,PAX3+SMAD7+DNMT3B+NPM1,"DNMT3B,NPM1,PAX3,SMAD7",4,-0.13985542762661446,0.13985542762661446
4,DNMT3B+NFIA+SRF+NPM1,"DNMT3B,NFIA,NPM1,SRF",4,-0.13984540454984873,0.13984540454984873
4,PAX3+SMAD7+HEYL+ZNF165,"HEYL,PAX3,SMAD7,ZNF165",4,-0.13980090650212346,0.13980090650212346
4,HEYL+NFIA+SRF+ZNF165,"HEYL,NFIA,SRF,ZNF165",4,-0.13979088342535773,0.13979088342535773
3,ATF4+SFPQ+NPM1,"ATF4,NPM1,SFPQ",3,-0.1397587408412328,0.1397587408412328
3,PAX3+NPM1+AEBP1,"AEBP1,NPM1,PAX3",3,-0.13961076480158363,0.13961076480158363
4,SMAD7+NFIA+ZNF202+NPM1,"NFIA,NPM1,SMAD7,ZNF202",4,-0.13957102139910105,0.13957102139910105
4,SFPQ+SRF+NPM1+HOXC13,"HOXC13,NPM1,SFPQ,SRF",4,-0.13951983927663533,0.13951983927663533
4,RARG+SFPQ+DNMT3B+ZNF165,"DNMT3B,RARG,SFPQ,ZNF165",4,-0.13951715657636682,0.13951715657636682
4,PAX3+RARG+NFIA+ZNF165,"NFIA,PAX3,RARG,ZNF165",4,-0.13941184376744184,0.13941184376744184
4,ATF4+FOXP3+HEYL+NPM1,"ATF4,FOXP3,HEYL,NPM1",4,-0.13937982257681497,0.13937982257681497
4,SMAD7+HEYL+HES1+NPM1,"HES1,HEYL,NPM1,SMAD7",4,-0.13934033745325142,0.13934033745325142
4,ATF4+FOXP3+RARG+HES1,"ATF4,FOXP3,HES1,RARG",4,-0.13928199235639416,0.13928199235639416
4,RARG+DNMT3B+NPM1+HOXC13,"DNMT3B,HOXC13,NPM1,RARG",4,-0.13927750432653455,0.13927750432653455
3,ATF4+HEYL+DNMT3B,"ATF4,DNMT3B,HEYL",3,-0.1392251308406836,0.1392251308406836
4,HEYL+RARG+HOXC13+ZNF165,"HEYL,HOXC13,RARG,ZNF165",4,-0.13922298320204354,0.13922298320204354
2,SMAD7+ZBTB20,"SMAD7,ZBTB20",2,-0.13921476949619818,0.13921476949619818
4,PAX3+DNMT3B+NFIA+SRF,"DNMT3B,NFIA,PAX3,SRF",4,-0.1391750898414844,0.1391750898414844
4,ATF4+SMAD7+HEYL+RARG,"ATF4,HEYL,RARG,SMAD7",4,-0.13913788172721914,0.13913788172721914
3,ATF4+PAX3+SFPQ,"ATF4,PAX3,SFPQ",3,-0.1390884261328685,0.1390884261328685
4,DNMT3B+SRF+NPM1+ZNF165,"DNMT3B,NPM1,SRF,ZNF165",4,-0.13902115331210071,0.13902115331210071
2,STAT1+RARG,"RARG,STAT1",2,-0.1390203565503184,0.1390203565503184
4,SMAD7+SFPQ+DNMT3B+ZNF202,"DNMT3B,SFPQ,SMAD7,ZNF202",4,-0.13900601949966174,0.13900601949966174
3,SMAD7+NFIA+HOXC13,"HOXC13,NFIA,SMAD7",3,-0.13899748204915555,0.13899748204915555
4,HEYL+DNMT3B+SRF+HOXC13,"DNMT3B,HEYL,HOXC13,SRF",4,-0.13898622927608612,0.13898622927608612
4,RARG+HES1+NFIA+NPM1,"HES1,NFIA,NPM1,RARG",4,-0.13895127471856977,0.13895127471856977
4,RARG+SFPQ+SRF+AEBP1,"AEBP1,RARG,SFPQ,SRF",4,-0.1389484907119141,0.1389484907119141
4,FOXP3+SMAD7+DNMT3B+NFIA,"DNMT3B,FOXP3,NFIA,SMAD7",4,-0.138912737159061,0.138912737159061
4,PAX3+SMAD7+NFIA+ZNF202,"NFIA,PAX3,SMAD7,ZNF202",4,-0.13890070669073673,0.13890070669073673
4,FOXP3+HES1+ZNF202+HOXC13,"FOXP3,HES1,HOXC13,ZNF202",4,-0.13885595675451343,0.13885595675451343
4,PAX3+SFPQ+SRF+HOXC13,"HOXC13,PAX3,SFPQ,SRF",4,-0.138849524568271,0.138849524568271
3,SFPQ+ZNF202+AEBP1,"AEBP1,SFPQ,ZNF202",3,-0.13876135667463088,0.13876135667463088
4,SMAD7+ZNF202+NPM1+ZNF165,"NPM1,SMAD7,ZNF165,ZNF202",4,-0.13874677016135306,0.13874677016135306
4,SMAD7+HEYL+ZNF202+HOXC13,"HEYL,HOXC13,SMAD7,ZNF202",4,-0.13871184612533843,0.13871184612533843
4,ATF4+FOXP3+PAX3+HEYL,"ATF4,FOXP3,HEYL,PAX3",4,-0.13870950786845063,0.13870950786845063
4,PAX3+SMAD7+HEYL+HES1,"HES1,HEYL,PAX3,SMAD7",4,-0.1386700227448871,0.1386700227448871
3,FOXP3+NFIA+AEBP1,"AEBP1,FOXP3,NFIA",3,-0.1386680743340301,0.1386680743340301
4,HEYL+HES1+NFIA+SRF,"HES1,HEYL,NFIA,SRF",4,-0.13865999966812137,0.13865999966812137
4,PAX3+RARG+DNMT3B+HOXC13,"DNMT3B,HOXC13,PAX3,RARG",4,-0.13860718961817023,0.13860718961817023
4,FOXP3+SMAD7+SFPQ+HOXC13,"FOXP3,HOXC13,SFPQ,SMAD7",4,-0.13858717188584757,0.13858717188584757
3,ZBTB20+RARG+ZNF202,"RARG,ZBTB20,ZNF202",3,-0.13854007083769945,0.13854007083769945
4,HEYL+SFPQ+DNMT3B+NPM1,"DNMT3B,HEYL,NPM1,SFPQ",4,-0.13848410303955128,0.13848410303955128
4,RARG+SFPQ+DNMT3B+HES1,"DNMT3B,HES1,RARG,SFPQ",4,-0.13838627281913046,0.13838627281913046
4,FOXP3+HEYL+ZNF202+AEBP1,"AEBP1,FOXP3,HEYL,ZNF202",4,-0.13838243841021303,0.13838243841021303
4,PAX3+HEYL+NFIA+NPM1,"HEYL,NFIA,NPM1,PAX3",4,-0.13837879023062627,0.13837879023062627
4,PAX3+DNMT3B+SRF+ZNF165,"DNMT3B,PAX3,SRF,ZNF165",4,-0.13835083860373637,0.13835083860373637
4,RARG+NFIA+ZNF202+HOXC13,"HOXC13,NFIA,RARG,ZNF202",4,-0.13832278339065682,0.13832278339065682
4,PAX3+RARG+HES1+NFIA,"HES1,NFIA,PAX3,RARG",4,-0.13828096001020546,0.13828096001020546
3,SMAD7+HOXC13+ZNF165,"HOXC13,SMAD7,ZNF165",3,-0.13817323081140753,0.13817323081140753
4,RARG+HES1+NPM1+ZNF165,"HES1,NPM1,RARG,ZNF165",4,-0.1381270234808218,0.1381270234808218
4,HEYL+RARG+HES1+HOXC13,"HES1,HEYL,HOXC13,RARG",4,-0.13809209944480716,0.13809209944480716
4,FOXP3+SMAD7+DNMT3B+ZNF165,"DNMT3B,FOXP3,SMAD7,ZNF165",4,-0.13808848592131295,0.13808848592131295
4,PAX3+SMAD7+ZNF202+ZNF165,"PAX3,SMAD7,ZNF165,ZNF202",4,-0.13807645545298872,0.13807645545298872
4,NFIA+ZNF202+SRF+ZNF165,"NFIA,SRF,ZNF165,ZNF202",4,-0.13806643237622296,0.13806643237622296
4,DNMT3B+HES1+SRF+NPM1,"DNMT3B,HES1,NPM1,SRF",4,-0.13789026955486433,0.13789026955486433
3,FOXP3+AEBP1+ZNF165,"AEBP1,FOXP3,ZNF165",3,-0.13784382309628213,0.13784382309628213
4,HEYL+HES1+SRF+ZNF165,"HES1,HEYL,SRF,ZNF165",4,-0.13783574843037333,0.13783574843037333
4,PAX3+HEYL+SFPQ+DNMT3B,"DNMT3B,HEYL,PAX3,SFPQ",4,-0.13781378833118696,0.13781378833118696
4,ATF4+RARG+DNMT3B+SRF,"ATF4,DNMT3B,RARG,SRF",4,-0.13768781382883208,0.13768781382883208
4,ATF4+FOXP3+ZNF202+NPM1,"ATF4,FOXP3,NPM1,ZNF202",4,-0.1376553715276802,0.1376553715276802
4,SMAD7+HES1+ZNF202+NPM1,"HES1,NPM1,SMAD7,ZNF202",4,-0.13761588640411668,0.13761588640411668
4,PAX3+HEYL+NPM1+ZNF165,"HEYL,NPM1,PAX3,ZNF165",4,-0.13755453899287828,0.13755453899287828
4,HEYL+SFPQ+NFIA+ZNF202,"HEYL,NFIA,SFPQ,ZNF202",4,-0.13752938210367355,0.13752938210367355
4,FOXP3+SMAD7+SRF+AEBP1,"AEBP1,FOXP3,SMAD7,SRF",4,-0.13751982005686023,0.13751982005686023
3,ATF4+DNMT3B+ZNF202,"ATF4,DNMT3B,ZNF202",3,-0.13750067979154887,0.13750067979154887
4,RARG+ZNF202+HOXC13+ZNF165,"HOXC13,RARG,ZNF165,ZNF202",4,-0.1374985321529088,0.1374985321529088
4,PAX3+RARG+HES1+ZNF165,"HES1,PAX3,RARG,ZNF165",4,-0.13745670877245747,0.13745670877245747
4,ATF4+SMAD7+RARG+ZNF202,"ATF4,RARG,SMAD7,ZNF202",4,-0.1374134306780844,0.1374134306780844
4,DNMT3B+ZNF202+SRF+HOXC13,"DNMT3B,HOXC13,SRF,ZNF202",4,-0.13726177822695138,0.13726177822695138
4,PAX3+DNMT3B+HES1+SRF,"DNMT3B,HES1,PAX3,SRF",4,-0.13721995484650001,0.13721995484650001
3,ATF4+FOXP3+HOXC13,"ATF4,FOXP3,HOXC13",3,-0.1370818321777347,0.1370818321777347
3,SMAD7+HES1+HOXC13,"HES1,HOXC13,SMAD7",3,-0.13704234705417118,0.13704234705417118
3,SFPQ+NFIA+ZNF165,"NFIA,SFPQ,ZNF165",3,-0.13699076678974265,0.13699076678974265
4,ATF4+FOXP3+PAX3+ZNF202,"ATF4,FOXP3,PAX3,ZNF202",4,-0.1369850568193159,0.1369850568193159
2,ZBTB20+NPM1,"NPM1,ZBTB20",2,-0.13696840198695298,0.13696840198695298
4,FOXP3+SMAD7+DNMT3B+HES1,"DNMT3B,FOXP3,HES1,SMAD7",4,-0.1369576021640766,0.1369576021640766
4,PAX3+SMAD7+HES1+ZNF202,"HES1,PAX3,SMAD7,ZNF202",4,-0.13694557169575236,0.13694557169575236
4,HES1+NFIA+ZNF202+SRF,"HES1,NFIA,SRF,ZNF202",4,-0.1369355486189866,0.1369355486189866
4,ATF4+HEYL+RARG+NPM1,"ATF4,HEYL,NPM1,RARG",4,-0.13689151421797396,0.13689151421797396
4,SFPQ+DNMT3B+ZNF202+NPM1,"DNMT3B,NPM1,SFPQ,ZNF202",4,-0.1367596519904165,0.1367596519904165
3,NFIA+NPM1+HOXC13,"HOXC13,NFIA,NPM1",3,-0.13675111453991035,0.13675111453991035
3,FOXP3+HES1+AEBP1,"AEBP1,FOXP3,HES1",3,-0.13671293933904574,0.13671293933904574
4,HEYL+SFPQ+ZNF202+ZNF165,"HEYL,SFPQ,ZNF165,ZNF202",4,-0.1367051308659255,0.1367051308659255
4,SMAD7+SFPQ+NFIA+SRF,"NFIA,SFPQ,SMAD7,SRF",4,-0.13666676375032075,0.13666676375032075
4,FOXP3+DNMT3B+NFIA+NPM1,"DNMT3B,FOXP3,NFIA,NPM1",4,-0.13666636964981577,0.13666636964981577
4,PAX3+NFIA+ZNF202+NPM1,"NFIA,NPM1,PAX3,ZNF202",4,-0.13665433918149153,0.13665433918149153
4,FOXP3+HEYL+NFIA+ZNF165,"FOXP3,HEYL,NFIA,ZNF165",4,-0.13661184852532476,0.13661184852532476
3,SMAD7+HEYL+AEBP1,"AEBP1,HEYL,SMAD7",3,-0.13656882870987075,0.13656882870987075
4,HEYL+ZNF202+NPM1+HOXC13,"HEYL,HOXC13,NPM1,ZNF202",4,-0.13646547861609323,0.13646547861609323
4,SMAD7+RARG+DNMT3B+NFIA,"DNMT3B,NFIA,RARG,SMAD7",4,-0.13642442880022,0.13642442880022
4,PAX3+HEYL+HES1+NPM1,"HES1,HEYL,NPM1,PAX3",4,-0.1364236552356419,0.1364236552356419
4,RARG+HES1+ZNF202+HOXC13,"HES1,HOXC13,RARG,ZNF202",4,-0.13636764839567242,0.13636764839567242
4,FOXP3+SFPQ+NPM1+HOXC13,"FOXP3,HOXC13,NPM1,SFPQ",4,-0.13634080437660237,0.13634080437660237
2,PAX3+ZBTB20,"PAX3,ZBTB20",2,-0.13629808727858866,0.13629808727858866
4,ATF4+PAX3+HEYL+RARG,"ATF4,HEYL,PAX3,RARG",4,-0.13622119950960962,0.13622119950960962
3,SFPQ+DNMT3B+HOXC13,"DNMT3B,HOXC13,SFPQ",3,-0.13618611264047104,0.13618611264047104
3,RARG+NFIA+AEBP1,"AEBP1,NFIA,RARG",3,-0.1361797659751891,0.1361797659751891
4,HES1+ZNF202+SRF+ZNF165,"HES1,SRF,ZNF165,ZNF202",4,-0.1361112973812386,0.1361112973812386
4,SMAD7+RARG+SFPQ+HOXC13,"HOXC13,RARG,SFPQ,SMAD7",4,-0.13609886352700656,0.13609886352700656
4,PAX3+SFPQ+DNMT3B+ZNF202,"DNMT3B,PAX3,SFPQ,ZNF202",4,-0.13608933728205222,0.13608933728205222
3,PAX3+NFIA+HOXC13,"HOXC13,NFIA,PAX3",3,-0.13608079983154603,0.13608079983154603
4,FOXP3+PAX3+DNMT3B+NFIA,"DNMT3B,FOXP3,NFIA,PAX3",4,-0.13599605494145145,0.13599605494145145
3,NPM1+HOXC13+ZNF165,"HOXC13,NPM1,ZNF165",3,-0.13592686330216236,0.13592686330216236
4,HEYL+RARG+ZNF202+AEBP1,"AEBP1,HEYL,RARG,ZNF202",4,-0.13589413005137202,0.13589413005137202
3,SFPQ+HES1+NFIA,"HES1,NFIA,SFPQ",3,-0.1358598830325063,0.1358598830325063
4,SMAD7+SFPQ+SRF+ZNF165,"SFPQ,SMAD7,SRF,ZNF165",4,-0.13584251251257273,0.13584251251257273
4,FOXP3+DNMT3B+NPM1+ZNF165,"DNMT3B,FOXP3,NPM1,ZNF165",4,-0.13584211841206778,0.13584211841206778
3,ATF4+SMAD7+NPM1,"ATF4,NPM1,SMAD7",3,-0.13584176182733793,0.13584176182733793
4,PAX3+ZNF202+NPM1+ZNF165,"NPM1,PAX3,ZNF165,ZNF202",4,-0.13583008794374352,0.13583008794374352
4,FOXP3+HEYL+DNMT3B+HOXC13,"DNMT3B,FOXP3,HEYL,HOXC13",4,-0.13580719437605315,0.13580719437605315
4,PAX3+HEYL+ZNF202+HOXC13,"HEYL,HOXC13,PAX3,ZNF202",4,-0.13579516390772892,0.13579516390772892
4,FOXP3+RARG+SFPQ+AEBP1,"AEBP1,FOXP3,RARG,SFPQ",4,-0.13576945581188113,0.13576945581188113
4,FOXP3+PAX3+SFPQ+HOXC13,"FOXP3,HOXC13,PAX3,SFPQ",4,-0.13567048966823805,0.13567048966823805
4,SMAD7+SRF+NPM1+HOXC13,"HOXC13,NPM1,SMAD7,SRF",4,-0.13560286026274046,0.13560286026274046
4,SMAD7+RARG+DNMT3B+ZNF165,"DNMT3B,RARG,SMAD7,ZNF165",4,-0.13560017756247195,0.13560017756247195
4,HEYL+SFPQ+HES1+ZNF202,"HES1,HEYL,SFPQ,ZNF202",4,-0.13557424710868915,0.13557424710868915
4,FOXP3+HEYL+HES1+NFIA,"FOXP3,HES1,HEYL,NFIA",4,-0.1354809647680884,0.1354809647680884
3,RARG+AEBP1+ZNF165,"AEBP1,RARG,ZNF165",3,-0.13535551473744112,0.13535551473744112
4,FOXP3+SRF+NPM1+AEBP1,"AEBP1,FOXP3,NPM1,SRF",4,-0.13527345254761503,0.13527345254761503
3,PAX3+HOXC13+ZNF165,"HOXC13,PAX3,ZNF165",3,-0.13525654859379804,0.13525654859379804
4,FOXP3+PAX3+DNMT3B+ZNF165,"DNMT3B,FOXP3,PAX3,ZNF165",4,-0.13517180370370346,0.13517180370370346
3,ATF4+PAX3+SMAD7,"ATF4,PAX3,SMAD7",3,-0.13517144711897364,0.13517144711897364
4,ATF4+RARG+ZNF202+NPM1,"ATF4,NPM1,RARG,ZNF202",4,-0.1351670631688392,0.1351670631688392
3,ATF4+NFIA+SRF,"ATF4,NFIA,SRF",3,-0.13516142404220788,0.13516142404220788
3,DNMT3B+SRF+AEBP1,"AEBP1,DNMT3B,SRF",3,-0.13511876081148366,0.13511876081148366
3,SFPQ+HES1+ZNF165,"HES1,SFPQ,ZNF165",3,-0.13503563179475825,0.13503563179475825
4,SMAD7+RARG+SRF+AEBP1,"AEBP1,RARG,SMAD7,SRF",4,-0.13503151169801922,0.13503151169801922
4,PAX3+SMAD7+SRF+HOXC13,"HOXC13,PAX3,SMAD7,SRF",4,-0.13493254555437612,0.13493254555437612
4,FOXP3+NFIA+ZNF202+ZNF165,"FOXP3,NFIA,ZNF165,ZNF202",4,-0.13488739747619002,0.13488739747619002
4,ATF4+HEYL+ZNF202+SRF,"ATF4,HEYL,SRF,ZNF202",4,-0.13487578811839077,0.13487578811839077
3,SMAD7+ZNF202+AEBP1,"AEBP1,SMAD7,ZNF202",3,-0.134844377660736,0.134844377660736
3,HES1+NPM1+HOXC13,"HES1,HOXC13,NPM1",3,-0.13479597954492598,0.13479597954492598
4,ATF4+FOXP3+SFPQ+SRF,"ATF4,FOXP3,SFPQ,SRF",4,-0.1347511138788999,0.1347511138788999
4,SMAD7+SFPQ+HES1+SRF,"HES1,SFPQ,SMAD7,SRF",4,-0.13471162875533638,0.13471162875533638
4,FOXP3+DNMT3B+HES1+NPM1,"DNMT3B,FOXP3,HES1,NPM1",4,-0.13471123465483137,0.13471123465483137
4,PAX3+HES1+ZNF202+NPM1,"HES1,NPM1,PAX3,ZNF202",4,-0.13469920418650716,0.13469920418650716
4,FOXP3+HEYL+HES1+ZNF165,"FOXP3,HES1,HEYL,ZNF165",4,-0.1346567135303404,0.1346567135303404
4,FOXP3+PAX3+SRF+AEBP1,"AEBP1,FOXP3,PAX3,SRF",4,-0.1346031378392507,0.1346031378392507
3,ATF4+RARG+HOXC13,"ATF4,HOXC13,RARG",3,-0.1345935238188937,0.1345935238188937
4,SMAD7+HEYL+DNMT3B+NPM1,"DNMT3B,HEYL,NPM1,SMAD7",4,-0.1345671240256564,0.1345671240256564
4,ATF4+FOXP3+RARG+DNMT3B,"ATF4,DNMT3B,FOXP3,RARG",4,-0.13450877892879912,0.13450877892879912
4,ATF4+PAX3+RARG+ZNF202,"ATF4,PAX3,RARG,ZNF202",4,-0.13449674846047488,0.13449674846047488
4,SMAD7+RARG+DNMT3B+HES1,"DNMT3B,HES1,RARG,SMAD7",4,-0.1344692938052356,0.1344692938052356
4,PAX3+SMAD7+SFPQ+NPM1,"NPM1,PAX3,SFPQ,SMAD7",4,-0.13443041931784128,0.13443041931784128
4,SFPQ+NFIA+SRF+NPM1,"NFIA,NPM1,SFPQ,SRF",4,-0.13442039624107555,0.13442039624107555
3,ATF4+SRF+ZNF165,"ATF4,SRF,ZNF165",3,-0.13433717280445986,0.13433717280445986
3,HEYL+NPM1+AEBP1,"AEBP1,HEYL,NPM1",3,-0.13432246120062555,0.13432246120062555
3,RARG+HES1+AEBP1,"AEBP1,HES1,RARG",3,-0.13422463098020473,0.13422463098020473
4,RARG+DNMT3B+NFIA+NPM1,"DNMT3B,NFIA,NPM1,RARG",4,-0.13417806129097476,0.13417806129097476
3,PAX3+HES1+HOXC13,"HES1,HOXC13,PAX3",3,-0.13412566483656166,0.13412566483656166
4,HEYL+RARG+NFIA+ZNF165,"HEYL,NFIA,RARG,ZNF165",4,-0.13412354016648376,0.13412354016648376
4,FOXP3+DNMT3B+ZNF202+HOXC13,"DNMT3B,FOXP3,HOXC13,ZNF202",4,-0.1340827433269184,0.1340827433269184
4,FOXP3+PAX3+DNMT3B+HES1,"DNMT3B,FOXP3,HES1,PAX3",4,-0.13404091994646708,0.13404091994646708
4,PAX3+SMAD7+HEYL+DNMT3B,"DNMT3B,HEYL,PAX3,SMAD7",4,-0.1338968093172921,0.1338968093172921
4,HEYL+DNMT3B+NFIA+SRF,"DNMT3B,HEYL,NFIA,SRF",4,-0.13388678624052633,0.13388678624052633
4,RARG+SFPQ+NPM1+HOXC13,"HOXC13,NPM1,RARG,SFPQ",4,-0.13385249601776136,0.13385249601776136
3,ATF4+HEYL+SFPQ,"ATF4,HEYL,SFPQ",3,-0.13380012253191043,0.13380012253191043
4,FOXP3+HES1+NFIA+ZNF202,"FOXP3,HES1,NFIA,ZNF202",4,-0.13375651371895367,0.13375651371895367
4,PAX3+SFPQ+NFIA+SRF,"NFIA,PAX3,SFPQ,SRF",4,-0.13375008153271123,0.13375008153271123
3,PAX3+HEYL+AEBP1,"AEBP1,HEYL,PAX3",3,-0.13365214649226123,0.13365214649226123
4,SMAD7+HEYL+NFIA+ZNF202,"HEYL,NFIA,SMAD7,ZNF202",4,-0.13361240308977868,0.13361240308977868
4,SFPQ+SRF+NPM1+ZNF165,"NPM1,SFPQ,SRF,ZNF165",4,-0.13359614500332753,0.13359614500332753
4,HEYL+SFPQ+SRF+HOXC13,"HEYL,HOXC13,SFPQ,SRF",4,-0.13356122096731293,0.13356122096731293
4,PAX3+RARG+DNMT3B+NFIA,"DNMT3B,NFIA,PAX3,RARG",4,-0.13350774658261044,0.13350774658261044
4,FOXP3+SMAD7+SFPQ+NFIA,"FOXP3,NFIA,SFPQ,SMAD7",4,-0.1334877288502878,0.1334877288502878
4,RARG+DNMT3B+NPM1+ZNF165,"DNMT3B,NPM1,RARG,ZNF165",4,-0.13335381005322677,0.13335381005322677
4,HEYL+RARG+DNMT3B+HOXC13,"DNMT3B,HEYL,HOXC13,RARG",4,-0.13331888601721215,0.13331888601721215
3,ATF4+HES1+SRF,"ATF4,HES1,SRF",3,-0.1332062890472235,0.1332062890472235
4,PAX3+RARG+SFPQ+HOXC13,"HOXC13,PAX3,RARG,SFPQ",4,-0.13318218130939705,0.13318218130939705
3,SMAD7+NFIA+ZNF165,"NFIA,SMAD7,ZNF165",3,-0.13307378777584777,0.13307378777584777
4,HEYL+DNMT3B+SRF+ZNF165,"DNMT3B,HEYL,SRF,ZNF165",4,-0.13306253500277831,0.13306253500277831
4,HEYL+RARG+HES1+NFIA,"HES1,HEYL,NFIA,RARG",4,-0.1329926564092474,0.1329926564092474
4,FOXP3+HES1+ZNF202+ZNF165,"FOXP3,HES1,ZNF165,ZNF202",4,-0.13293226248120565,0.13293226248120565
4,PAX3+SFPQ+SRF+ZNF165,"PAX3,SFPQ,SRF,ZNF165",4,-0.1329258302949632,0.1329258302949632
3,ATF4+PAX3+NPM1,"ATF4,NPM1,PAX3",3,-0.13292507960972844,0.13292507960972844
4,SMAD7+DNMT3B+ZNF202+NPM1,"DNMT3B,NPM1,SMAD7,ZNF202",4,-0.13284267297652164,0.13284267297652164
4,SMAD7+HEYL+ZNF202+ZNF165,"HEYL,SMAD7,ZNF165,ZNF202",4,-0.13278815185203063,0.13278815185203063
4,RARG+SRF+NPM1+AEBP1,"AEBP1,NPM1,RARG,SRF",4,-0.13278514418877402,0.13278514418877402
4,PAX3+SRF+NPM1+HOXC13,"HOXC13,NPM1,PAX3,SRF",4,-0.13268617804513091,0.13268617804513091
4,PAX3+RARG+DNMT3B+ZNF165,"DNMT3B,PAX3,RARG,ZNF165",4,-0.13268349534486246,0.13268349534486246
4,FOXP3+SMAD7+SFPQ+ZNF165,"FOXP3,SFPQ,SMAD7,ZNF165",4,-0.13266347761253977,0.13266347761253977
3,ZNF202+NPM1+AEBP1,"AEBP1,NPM1,ZNF202",3,-0.1325980101514908,0.1325980101514908
4,SFPQ+HES1+SRF+NPM1,"HES1,NPM1,SFPQ,SRF",4,-0.13246526124609115,0.13246526124609115
4,FOXP3+SMAD7+NPM1+HOXC13,"FOXP3,HOXC13,NPM1,SMAD7",4,-0.1324238253627075,0.1324238253627075
4,RARG+NFIA+ZNF202+ZNF165,"NFIA,RARG,ZNF165,ZNF202",4,-0.13239908911734902,0.13239908911734902
3,SMAD7+DNMT3B+HOXC13,"DNMT3B,HOXC13,SMAD7",3,-0.13226913362657616,0.13226913362657616
4,ATF4+RARG+SFPQ+SRF,"ATF4,RARG,SFPQ,SRF",4,-0.1322628055200589,0.1322628055200589
4,RARG+DNMT3B+HES1+NPM1,"DNMT3B,HES1,NPM1,RARG",4,-0.13222292629599036,0.13222292629599036
4,PAX3+SMAD7+DNMT3B+ZNF202,"DNMT3B,PAX3,SMAD7,ZNF202",4,-0.13217235826815735,0.13217235826815735
4,HEYL+RARG+HES1+ZNF165,"HES1,HEYL,RARG,ZNF165",4,-0.13216840517149936,0.13216840517149936
4,DNMT3B+NFIA+ZNF202+SRF,"DNMT3B,NFIA,SRF,ZNF202",4,-0.1321623351913916,0.1321623351913916
4,PAX3+RARG+SRF+AEBP1,"AEBP1,PAX3,RARG,SRF",4,-0.1321148294804097,0.1321148294804097
3,ATF4+SFPQ+ZNF202,"ATF4,SFPQ,ZNF202",3,-0.1320756714827757,0.1320756714827757
2,HOXC13+AEBP1,"AEBP1,HOXC13",2,-0.1320244708015453,0.1320244708015453
3,ATF4+FOXP3+NFIA,"ATF4,FOXP3,NFIA",3,-0.13198238914217492,0.13198238914217492
3,FOXP3+ZBTB20+SRF,"FOXP3,SRF,ZBTB20",3,-0.13196077502462006,0.13196077502462006
3,SMAD7+HES1+NFIA,"HES1,NFIA,SMAD7",3,-0.13194290401861142,0.13194290401861142
3,FOXP3+DNMT3B+AEBP1,"AEBP1,DNMT3B,FOXP3",3,-0.13193972591145073,0.13193972591145073
4,HEYL+DNMT3B+HES1+SRF,"DNMT3B,HES1,HEYL,SRF",4,-0.13193165124554196,0.13193165124554196
3,PAX3+ZNF202+AEBP1,"AEBP1,PAX3,ZNF202",3,-0.1319276954431265,0.1319276954431265
4,FOXP3+SMAD7+RARG+AEBP1,"AEBP1,FOXP3,RARG,SMAD7",4,-0.13185247679798626,0.13185247679798626
4,SFPQ+ZNF202+SRF+HOXC13,"HOXC13,SFPQ,SRF,ZNF202",4,-0.1318367699181782,0.1318367699181782
4,PAX3+SFPQ+HES1+SRF,"HES1,PAX3,SFPQ,SRF",4,-0.13179494653772683,0.13179494653772683
4,FOXP3+PAX3+SMAD7+HOXC13,"FOXP3,HOXC13,PAX3,SMAD7",4,-0.13175351065434318,0.13175351065434318
4,FOXP3+NFIA+SRF+HOXC13,"FOXP3,HOXC13,NFIA,SRF",4,-0.13174348757757742,0.13174348757757742
4,ATF4+FOXP3+HEYL+ZNF202,"ATF4,FOXP3,HEYL,ZNF202",4,-0.13169675321835783,0.13169675321835783
4,SMAD7+HEYL+HES1+ZNF202,"HES1,HEYL,SMAD7,ZNF202",4,-0.13165726809479428,0.13165726809479428
4,PAX3+HEYL+DNMT3B+NPM1,"DNMT3B,HEYL,NPM1,PAX3",4,-0.13165044180804686,0.13165044180804686
4,RARG+DNMT3B+ZNF202+HOXC13,"DNMT3B,HOXC13,RARG,ZNF202",4,-0.1315944349680774,0.1315944349680774
4,PAX3+RARG+DNMT3B+HES1,"DNMT3B,HES1,PAX3,RARG",4,-0.13155261158762607,0.13155261158762607
4,FOXP3+SMAD7+SFPQ+HES1,"FOXP3,HES1,SFPQ,SMAD7",4,-0.13153259385530341,0.13153259385530341
4,HEYL+NFIA+ZNF202+NPM1,"HEYL,NFIA,NPM1,ZNF202",4,-0.13136603558053345,0.13136603558053345
4,DNMT3B+ZNF202+SRF+ZNF165,"DNMT3B,SRF,ZNF165,ZNF202",4,-0.13133808395364358,0.13133808395364358
4,RARG+HES1+NFIA+ZNF202,"HES1,NFIA,RARG,ZNF202",4,-0.13126820536011266,0.13126820536011266
4,FOXP3+SFPQ+NFIA+NPM1,"FOXP3,NFIA,NPM1,SFPQ",4,-0.13124136134104258,0.13124136134104258
3,ATF4+FOXP3+ZNF165,"ATF4,FOXP3,ZNF165",3,-0.13115813790442693,0.13115813790442693
3,SMAD7+HES1+ZNF165,"HES1,SMAD7,ZNF165",3,-0.13111865278086338,0.13111865278086338
3,SFPQ+DNMT3B+NFIA,"DNMT3B,NFIA,SFPQ",3,-0.13108666960491125,0.13108666960491125
2,HEYL+ZBTB20,"HEYL,ZBTB20",2,-0.13100978367763058,0.13100978367763058
4,SMAD7+RARG+SFPQ+NFIA,"NFIA,RARG,SFPQ,SMAD7",4,-0.1309994204914468,0.1309994204914468
4,FOXP3+SRF+HOXC13+ZNF165,"FOXP3,HOXC13,SRF,ZNF165",4,-0.13091923633982944,0.13091923633982944
4,ATF4+FOXP3+SMAD7+SRF,"ATF4,FOXP3,SMAD7,SRF",4,-0.13083413486500503,0.13083413486500503
3,NFIA+NPM1+ZNF165,"NFIA,NPM1,ZNF165",3,-0.13082742026660255,0.13082742026660255
4,HEYL+SFPQ+DNMT3B+ZNF202,"DNMT3B,HEYL,SFPQ,ZNF202",4,-0.13080103368109414,0.13080103368109414
3,HEYL+NFIA+HOXC13,"HEYL,HOXC13,NFIA",3,-0.13079249623058797,0.13079249623058797
4,FOXP3+HEYL+DNMT3B+NFIA,"DNMT3B,FOXP3,HEYL,NFIA",4,-0.1307077513404934,0.1307077513404934
4,PAX3+HEYL+NFIA+ZNF202,"HEYL,NFIA,PAX3,ZNF202",4,-0.13069572087216916,0.13069572087216916
4,FOXP3+PAX3+SFPQ+NFIA,"FOXP3,NFIA,PAX3,SFPQ",4,-0.13057104663267827,0.13057104663267827
4,HEYL+ZNF202+NPM1+ZNF165,"HEYL,NPM1,ZNF165,ZNF202",4,-0.13054178434278546,0.13054178434278546
4,SMAD7+NFIA+SRF+NPM1,"NFIA,NPM1,SMAD7,SRF",4,-0.13050341722718067,0.13050341722718067
4,RARG+HES1+ZNF202+ZNF165,"HES1,RARG,ZNF165,ZNF202",4,-0.13044395412236465,0.13044395412236465
4,FOXP3+SFPQ+NPM1+ZNF165,"FOXP3,NPM1,SFPQ,ZNF165",4,-0.1304171101032946,0.1304171101032946
4,FOXP3+HEYL+SFPQ+HOXC13,"FOXP3,HEYL,HOXC13,SFPQ",4,-0.13038218606727997,0.13038218606727997
3,SFPQ+DNMT3B+ZNF165,"DNMT3B,SFPQ,ZNF165",3,-0.13026241836716324,0.13026241836716324
4,DNMT3B+HES1+ZNF202+SRF,"DNMT3B,HES1,SRF,ZNF202",4,-0.13020720019640722,0.13020720019640722
4,SMAD7+RARG+SFPQ+ZNF165,"RARG,SFPQ,SMAD7,ZNF165",4,-0.13017516925369876,0.13017516925369876
3,PAX3+NFIA+ZNF165,"NFIA,PAX3,ZNF165",3,-0.13015710555823823,0.13015710555823823
3,ATF4+FOXP3+HES1,"ATF4,FOXP3,HES1",3,-0.13002725414719055,0.13002725414719055
3,DNMT3B+NPM1+HOXC13,"DNMT3B,HOXC13,NPM1",3,-0.13002276611733093,0.13002276611733093
3,HEYL+HOXC13+ZNF165,"HEYL,HOXC13,ZNF165",3,-0.12996824499283993,0.12996824499283993
4,SMAD7+SFPQ+DNMT3B+SRF,"DNMT3B,SFPQ,SMAD7,SRF",4,-0.12993841532774134,0.12993841532774134
4,SMAD7+RARG+NPM1+HOXC13,"HOXC13,NPM1,RARG,SMAD7",4,-0.1299355170038665,0.1299355170038665
4,PAX3+DNMT3B+ZNF202+NPM1,"DNMT3B,NPM1,PAX3,ZNF202",4,-0.12992599075891212,0.12992599075891212
4,FOXP3+HEYL+DNMT3B+ZNF165,"DNMT3B,FOXP3,HEYL,ZNF165",4,-0.12988350010274535,0.12988350010274535
3,ATF4+SMAD7+HEYL,"ATF4,HEYL,SMAD7",3,-0.12988314351801555,0.12988314351801555
4,PAX3+HEYL+ZNF202+ZNF165,"HEYL,PAX3,ZNF165,ZNF202",4,-0.12987146963442114,0.12987146963442114
4,PAX3+SMAD7+NFIA+SRF,"NFIA,PAX3,SMAD7,SRF",4,-0.12983310251881636,0.12983310251881636
4,FOXP3+HES1+SRF+HOXC13,"FOXP3,HES1,HOXC13,SRF",4,-0.12978835258259305,0.12978835258259305
4,FOXP3+PAX3+SFPQ+ZNF165,"FOXP3,PAX3,SFPQ,ZNF165",4,-0.12974679539493028,0.12974679539493028
3,HES1+NFIA+NPM1,"HES1,NFIA,NPM1",3,-0.1296965365093662,0.1296965365093662
3,SFPQ+SRF+AEBP1,"AEBP1,SFPQ,SRF",3,-0.12969375250271048,0.12969375250271048
4,SMAD7+SRF+NPM1+ZNF165,"NPM1,SMAD7,SRF,ZNF165",4,-0.12967916598943266,0.12967916598943266
4,SMAD7+HEYL+SRF+HOXC13,"HEYL,HOXC13,SMAD7,SRF",4,-0.12964424195341806,0.12964424195341806
4,FOXP3+RARG+NPM1+AEBP1,"AEBP1,FOXP3,NPM1,RARG",4,-0.12960610928874106,0.12960610928874106
4,FOXP3+PAX3+NPM1+HOXC13,"FOXP3,HOXC13,NPM1,PAX3",4,-0.12950714314509798,0.12950714314509798
3,ATF4+RARG+NFIA,"ATF4,NFIA,RARG",3,-0.1294940807833339,0.1294940807833339
3,ZBTB20+RARG+SRF,"RARG,SRF,ZBTB20",3,-0.12947246666577905,0.12947246666577905
3,RARG+DNMT3B+AEBP1,"AEBP1,DNMT3B,RARG",3,-0.12945141755260972,0.12945141755260972
4,HEYL+HES1+ZNF202+NPM1,"HES1,HEYL,NPM1,ZNF202",4,-0.12941090058554908,0.12941090058554908
3,PAX3+DNMT3B+HOXC13,"DNMT3B,HOXC13,PAX3",3,-0.12935245140896662,0.12935245140896662
4,FOXP3+HEYL+SRF+AEBP1,"AEBP1,FOXP3,HEYL,SRF",4,-0.12931483423829263,0.12931483423829263
4,FOXP3+SFPQ+HES1+NPM1,"FOXP3,HES1,NPM1,SFPQ",4,-0.1292862263460582,0.1292862263460582
2,ZBTB20+ZNF202,"ZBTB20,ZNF202",2,-0.12928533262849584,0.12928533262849584
4,PAX3+SMAD7+RARG+HOXC13,"HOXC13,PAX3,RARG,SMAD7",4,-0.12926520229550217,0.12926520229550217
4,RARG+NFIA+SRF+HOXC13,"HOXC13,NFIA,RARG,SRF",4,-0.12925517921873642,0.12925517921873642
4,ATF4+HEYL+RARG+ZNF202,"ATF4,HEYL,RARG,ZNF202",4,-0.12920844485951682,0.12920844485951682
4,SMAD7+HEYL+SFPQ+NPM1,"HEYL,NPM1,SFPQ,SMAD7",4,-0.12914211571688322,0.12914211571688322
3,SFPQ+DNMT3B+HES1,"DNMT3B,HES1,SFPQ",3,-0.12913153460992688,0.12913153460992688
4,ATF4+FOXP3+RARG+SFPQ,"ATF4,FOXP3,RARG,SFPQ",4,-0.12908377062002593,0.12908377062002593
3,NFIA+ZNF202+HOXC13,"HOXC13,NFIA,ZNF202",3,-0.1290680451814532,0.1290680451814532
4,SMAD7+RARG+SFPQ+HES1,"HES1,RARG,SFPQ,SMAD7",4,-0.1290442854964624,0.1290442854964624
3,PAX3+HES1+NFIA,"HES1,NFIA,PAX3",3,-0.12902622180100187,0.12902622180100187
4,PAX3+SMAD7+SRF+ZNF165,"PAX3,SMAD7,SRF,ZNF165",4,-0.12900885128106832,0.12900885128106832
4,FOXP3+DNMT3B+NFIA+ZNF202,"DNMT3B,FOXP3,NFIA,ZNF202",4,-0.12898330029135865,0.12898330029135865
4,FOXP3+PAX3+RARG+AEBP1,"AEBP1,FOXP3,PAX3,RARG",4,-0.12893579458037674,0.12893579458037674
3,HES1+NPM1+ZNF165,"HES1,NPM1,ZNF165",3,-0.12887228527161818,0.12887228527161818
3,HEYL+HES1+HOXC13,"HES1,HEYL,HOXC13",3,-0.12883736123560358,0.12883736123560358
4,RARG+SFPQ+NFIA+NPM1,"NFIA,NPM1,RARG,SFPQ",4,-0.12875305298220158,0.12875305298220158
4,FOXP3+HEYL+DNMT3B+HES1,"DNMT3B,FOXP3,HES1,HEYL",4,-0.128752616345509,0.128752616345509
4,PAX3+HEYL+HES1+ZNF202,"HES1,HEYL,PAX3,ZNF202",4,-0.12874058587718476,0.12874058587718476
3,ATF4+RARG+ZNF165,"ATF4,RARG,ZNF165",3,-0.12866982954558592,0.12866982954558592
4,FOXP3+SFPQ+ZNF202+HOXC13,"FOXP3,HOXC13,SFPQ,ZNF202",4,-0.12865773501814523,0.12865773501814523
4,FOXP3+PAX3+SFPQ+HES1,"FOXP3,HES1,PAX3,SFPQ",4,-0.1286159116376939,0.1286159116376939
4,ATF4+FOXP3+SRF+NPM1,"ATF4,FOXP3,NPM1,SRF",4,-0.12858776735575983,0.12858776735575983
4,SMAD7+HES1+SRF+NPM1,"HES1,NPM1,SMAD7,SRF",4,-0.12854828223219628,0.12854828223219628
4,PAX3+SMAD7+HEYL+SFPQ,"HEYL,PAX3,SFPQ,SMAD7",4,-0.1284718010085189,0.1284718010085189
4,HEYL+SFPQ+NFIA+SRF,"HEYL,NFIA,SFPQ,SRF",4,-0.12846177793175315,0.12846177793175315
3,ATF4+DNMT3B+SRF,"ATF4,DNMT3B,SRF",3,-0.12843307561962847,0.12843307561962847
4,RARG+SRF+HOXC13+ZNF165,"HOXC13,RARG,SRF,ZNF165",4,-0.12843092798098843,0.12843092798098843
4,ATF4+SMAD7+RARG+SRF,"ATF4,RARG,SMAD7,SRF",4,-0.12834582650616402,0.12834582650616402
3,ZNF202+HOXC13+ZNF165,"HOXC13,ZNF165,ZNF202",3,-0.12824379394370522,0.12824379394370522
4,HEYL+RARG+DNMT3B+NFIA,"DNMT3B,HEYL,NFIA,RARG",4,-0.1282194429816524,0.1282194429816524
3,PAX3+HES1+ZNF165,"HES1,PAX3,ZNF165",3,-0.12820197056325386,0.12820197056325386
4,FOXP3+DNMT3B+ZNF202+ZNF165,"DNMT3B,FOXP3,ZNF165,ZNF202",4,-0.12815904905361064,0.12815904905361064
3,ATF4+SMAD7+ZNF202,"ATF4,SMAD7,ZNF202",3,-0.1281586924688808,0.1281586924688808
4,PAX3+RARG+SFPQ+NFIA,"NFIA,PAX3,RARG,SFPQ",4,-0.12808273827383726,0.12808273827383726
4,RARG+SFPQ+NPM1+ZNF165,"NPM1,RARG,SFPQ,ZNF165",4,-0.1279288017444536,0.1279288017444536
4,SMAD7+ZNF202+SRF+HOXC13,"HOXC13,SMAD7,SRF,ZNF202",4,-0.12791979090428332,0.12791979090428332
4,ATF4+FOXP3+PAX3+SRF,"ATF4,FOXP3,PAX3,SRF",4,-0.1279174526473955,0.1279174526473955
4,HEYL+RARG+SFPQ+HOXC13,"HEYL,HOXC13,RARG,SFPQ",4,-0.12789387770843896,0.12789387770843896
4,PAX3+SMAD7+HES1+SRF,"HES1,PAX3,SMAD7,SRF",4,-0.12787796752383196,0.12787796752383196
4,SFPQ+DNMT3B+SRF+NPM1,"DNMT3B,NPM1,SFPQ,SRF",4,-0.12769204781849613,0.12769204781849613
4,HEYL+SFPQ+SRF+ZNF165,"HEYL,SFPQ,SRF,ZNF165",4,-0.12763752669400513,0.12763752669400513
3,ATF4+HEYL+NPM1,"ATF4,HEYL,NPM1",3,-0.12763677600877035,0.12763677600877035
4,FOXP3+ZNF202+SRF+AEBP1,"AEBP1,FOXP3,SRF,ZNF202",4,-0.12759038318915789,0.12759038318915789
4,PAX3+NFIA+SRF+NPM1,"NFIA,NPM1,PAX3,SRF",4,-0.12758673500957113,0.12758673500957113
3,ATF4+RARG+HES1,"ATF4,HES1,RARG",3,-0.12753894578834954,0.12753894578834954
4,SMAD7+SFPQ+ZNF202+NPM1,"NPM1,SFPQ,SMAD7,ZNF202",4,-0.12741766466774845,0.12741766466774845
4,HEYL+SRF+NPM1+HOXC13,"HEYL,HOXC13,NPM1,SRF",4,-0.12739787444417286,0.12739787444417286
4,HEYL+RARG+DNMT3B+ZNF165,"DNMT3B,HEYL,RARG,ZNF165",4,-0.12739519174390435,0.12739519174390435
4,FOXP3+SMAD7+NFIA+NPM1,"FOXP3,NFIA,NPM1,SMAD7",4,-0.1273243823271477,0.1273243823271477
4,RARG+HES1+SRF+HOXC13,"HES1,HOXC13,RARG,SRF",4,-0.12730004422375205,0.12730004422375205
4,PAX3+RARG+SFPQ+ZNF165,"PAX3,RARG,SFPQ,ZNF165",4,-0.12725848703608927,0.12725848703608927
3,SMAD7+DNMT3B+NFIA,"DNMT3B,NFIA,SMAD7",3,-0.12716969059101638,0.12716969059101638
3,HES1+ZNF202+HOXC13,"HES1,HOXC13,ZNF202",3,-0.12711291018646884,0.12711291018646884
4,FOXP3+DNMT3B+HES1+ZNF202,"DNMT3B,FOXP3,HES1,ZNF202",4,-0.12702816529637426,0.12702816529637426
4,PAX3+SFPQ+DNMT3B+SRF,"DNMT3B,PAX3,SFPQ,SRF",4,-0.12702173311013182,0.12702173311013182
4,PAX3+RARG+NPM1+HOXC13,"HOXC13,NPM1,PAX3,RARG",4,-0.12701883478625697,0.12701883478625697
3,ATF4+PAX3+HEYL,"ATF4,HEYL,PAX3",3,-0.12696646130040604,0.12696646130040604
2,NFIA+AEBP1,"AEBP1,NFIA",2,-0.12692502776598552,0.12692502776598552
4,SMAD7+HEYL+DNMT3B+ZNF202,"DNMT3B,HEYL,SMAD7,ZNF202",4,-0.12688405466719926,0.12688405466719926
3,SMAD7+SFPQ+HOXC13,"HOXC13,SFPQ,SMAD7",3,-0.12684412531780298,0.12684412531780298
4,HEYL+RARG+SRF+AEBP1,"AEBP1,HEYL,RARG,SRF",4,-0.12682652587945162,0.12682652587945162
4,RARG+SFPQ+HES1+NPM1,"HES1,NPM1,RARG,SFPQ",4,-0.12679791798721718,0.12679791798721718
4,PAX3+SRF+NPM1+ZNF165,"NPM1,PAX3,SRF,ZNF165",4,-0.12676248377182314,0.12676248377182314
4,FOXP3+SMAD7+SFPQ+DNMT3B,"DNMT3B,FOXP3,SFPQ,SMAD7",4,-0.1267593804277084,0.1267593804277084
4,PAX3+SMAD7+SFPQ+ZNF202,"PAX3,SFPQ,SMAD7,ZNF202",4,-0.12674734995938416,0.12674734995938416
4,SFPQ+NFIA+ZNF202+SRF,"NFIA,SFPQ,SRF,ZNF202",4,-0.1267373268826184,0.1267373268826184
4,PAX3+HEYL+SRF+HOXC13,"HEYL,HOXC13,PAX3,SRF",4,-0.12672755973580854,0.12672755973580854
4,FOXP3+PAX3+SMAD7+NFIA,"FOXP3,NFIA,PAX3,SMAD7",4,-0.1266540676187834,0.1266540676187834
3,HEYL+ZNF202+AEBP1,"AEBP1,HEYL,ZNF202",3,-0.1266393918421684,0.1266393918421684
3,FOXP3+SFPQ+AEBP1,"AEBP1,FOXP3,SFPQ",3,-0.12651471760267755,0.12651471760267755
4,HEYL+SFPQ+HES1+SRF,"HES1,HEYL,SFPQ,SRF",4,-0.12650664293676878,0.12650664293676878
4,FOXP3+SMAD7+NPM1+ZNF165,"FOXP3,NPM1,SMAD7,ZNF165",4,-0.12650013108939973,0.12650013108939973
4,RARG+DNMT3B+NFIA+ZNF202,"DNMT3B,NFIA,RARG,ZNF202",4,-0.12649499193251765,0.12649499193251765
4,FOXP3+SMAD7+HEYL+HOXC13,"FOXP3,HEYL,HOXC13,SMAD7",4,-0.1264652070533851,0.1264652070533851
3,SMAD7+DNMT3B+ZNF165,"DNMT3B,SMAD7,ZNF165",3,-0.12634543935326836,0.12634543935326836
3,FOXP3+ZBTB20+RARG,"FOXP3,RARG,ZBTB20",3,-0.1262934317657461,0.1262934317657461
4,HEYL+RARG+DNMT3B+HES1,"DNMT3B,HES1,HEYL,RARG",4,-0.126264307986668,0.126264307986668
4,PAX3+HEYL+SFPQ+NPM1,"HEYL,NPM1,PAX3,SFPQ",4,-0.12622543349927368,0.12622543349927368
4,RARG+SFPQ+ZNF202+HOXC13,"HOXC13,RARG,SFPQ,ZNF202",4,-0.12616942665930422,0.12616942665930422
4,PAX3+RARG+SFPQ+HES1,"HES1,PAX3,RARG,SFPQ",4,-0.1261276032788529,0.1261276032788529
2,AEBP1+ZNF165,"AEBP1,ZNF165",2,-0.1261007765282375,0.1261007765282375
4,ATF4+RARG+SRF+NPM1,"ATF4,NPM1,RARG,SRF",4,-0.12609945899691882,0.12609945899691882
4,FOXP3+RARG+NFIA+HOXC13,"FOXP3,HOXC13,NFIA,RARG",4,-0.12607614431870348,0.12607614431870348
4,SFPQ+ZNF202+SRF+ZNF165,"SFPQ,SRF,ZNF165,ZNF202",4,-0.1259130756448704,0.1259130756448704
3,ATF4+ZNF202+NPM1,"ATF4,NPM1,ZNF202",3,-0.1259123249596356,0.1259123249596356
4,FOXP3+PAX3+SMAD7+ZNF165,"FOXP3,PAX3,SMAD7,ZNF165",4,-0.1258298163810354,0.1258298163810354
4,FOXP3+NFIA+SRF+ZNF165,"FOXP3,NFIA,SRF,ZNF165",4,-0.12581979330426962,0.12581979330426962
3,SMAD7+SRF+AEBP1,"AEBP1,SMAD7,SRF",3,-0.1257767734888156,0.1257767734888156
4,ZNF202+SRF+NPM1+HOXC13,"HOXC13,NPM1,SRF,ZNF202",4,-0.1256734233950381,0.1256734233950381
4,RARG+DNMT3B+ZNF202+ZNF165,"DNMT3B,RARG,ZNF165,ZNF202",4,-0.12567074069476963,0.12567074069476963
4,PAX3+HES1+SRF+NPM1,"HES1,NPM1,PAX3,SRF",4,-0.12563160001458676,0.12563160001458676
4,ATF4+PAX3+RARG+SRF,"ATF4,PAX3,RARG,SRF",4,-0.1254291442885545,0.1254291442885545
4,FOXP3+SMAD7+HES1+NPM1,"FOXP3,HES1,NPM1,SMAD7",4,-0.1253692473321633,0.1253692473321633
2,ATF4+HOXC13,"ATF4,HOXC13",2,-0.1253387856096901,0.1253387856096901
4,FOXP3+HEYL+SFPQ+NFIA,"FOXP3,HEYL,NFIA,SFPQ",4,-0.1252827430317202,0.1252827430317202
3,ATF4+FOXP3+DNMT3B,"ATF4,DNMT3B,FOXP3",3,-0.12525404071959553,0.12525404071959553
4,FOXP3+RARG+HOXC13+ZNF165,"FOXP3,HOXC13,RARG,ZNF165",4,-0.12525189308095547,0.12525189308095547
3,ATF4+PAX3+ZNF202,"ATF4,PAX3,ZNF202",3,-0.1252420102512713,0.1252420102512713
3,SMAD7+DNMT3B+HES1,"DNMT3B,HES1,SMAD7",3,-0.125214555596032,0.125214555596032
4,ATF4+FOXP3+SMAD7+RARG,"ATF4,FOXP3,RARG,SMAD7",4,-0.12516679160613106,0.12516679160613106
4,RARG+ZNF202+SRF+AEBP1,"AEBP1,RARG,SRF,ZNF202",4,-0.12510207483031688,0.12510207483031688
4,FOXP3+DNMT3B+SRF+HOXC13,"DNMT3B,FOXP3,HOXC13,SRF",4,-0.12501513915499804,0.12501513915499804
4,PAX3+ZNF202+SRF+HOXC13,"HOXC13,PAX3,SRF,ZNF202",4,-0.12500310868667378,0.12500310868667378
2,HES1+AEBP1,"AEBP1,HES1",2,-0.12496989277100114,0.12496989277100114
3,DNMT3B+NFIA+NPM1,"DNMT3B,NFIA,NPM1",3,-0.12492332308177116,0.12492332308177116
3,HEYL+NFIA+ZNF165,"HEYL,NFIA,ZNF165",3,-0.12486880195728017,0.12486880195728017
4,SMAD7+RARG+NFIA+NPM1,"NFIA,NPM1,RARG,SMAD7",4,-0.12483607396830672,0.12483607396830672
4,SFPQ+HES1+ZNF202+SRF,"HES1,SFPQ,SRF,ZNF202",4,-0.12478219188763402,0.12478219188763402
4,FOXP3+SMAD7+ZNF202+HOXC13,"FOXP3,HOXC13,SMAD7,ZNF202",4,-0.12474075600425036,0.12474075600425036
4,FOXP3+PAX3+SMAD7+HES1,"FOXP3,HES1,PAX3,SMAD7",4,-0.12469893262379902,0.12469893262379902
4,FOXP3+HES1+NFIA+SRF,"FOXP3,HES1,NFIA,SRF",4,-0.12468890954703327,0.12468890954703327
4,HEYL+DNMT3B+ZNF202+NPM1,"DNMT3B,HEYL,NPM1,ZNF202",4,-0.12463768715795405,0.12463768715795405
3,SFPQ+NPM1+HOXC13,"HOXC13,NPM1,SFPQ",3,-0.12459775780855775,0.12459775780855775
4,SMAD7+HEYL+NFIA+SRF,"HEYL,NFIA,SMAD7,SRF",4,-0.12454479891785827,0.12454479891785827
4,RARG+DNMT3B+HES1+ZNF202,"DNMT3B,HES1,RARG,ZNF202",4,-0.12453985693753324,0.12453985693753324
4,FOXP3+SFPQ+DNMT3B+NPM1,"DNMT3B,FOXP3,NPM1,SFPQ",4,-0.12451301291846319,0.12451301291846319
4,PAX3+SFPQ+ZNF202+NPM1,"NPM1,PAX3,SFPQ,ZNF202",4,-0.12450098245013894,0.12450098245013894
4,FOXP3+HEYL+SFPQ+ZNF165,"FOXP3,HEYL,SFPQ,ZNF165",4,-0.12445849179397218,0.12445849179397218
4,FOXP3+PAX3+NFIA+NPM1,"FOXP3,NFIA,NPM1,PAX3",4,-0.1244077001095382,0.1244077001095382
4,SMAD7+RARG+SFPQ+DNMT3B,"DNMT3B,RARG,SFPQ,SMAD7",4,-0.1242710720688674,0.1242710720688674
3,PAX3+DNMT3B+NFIA,"DNMT3B,NFIA,PAX3",3,-0.12425300837340685,0.12425300837340685
4,FOXP3+HEYL+NPM1+HOXC13,"FOXP3,HEYL,HOXC13,NPM1",4,-0.1242188395441399,0.1242188395441399
4,PAX3+SMAD7+RARG+NFIA,"NFIA,PAX3,RARG,SMAD7",4,-0.12416575925994239,0.12416575925994239
4,FOXP3+RARG+HES1+HOXC13,"FOXP3,HES1,HOXC13,RARG",4,-0.12412100932371908,0.12412100932371908
3,DNMT3B+NPM1+ZNF165,"DNMT3B,NPM1,ZNF165",3,-0.12409907184402315,0.12409907184402315
3,HEYL+DNMT3B+HOXC13,"DNMT3B,HEYL,HOXC13",3,-0.12406414780800856,0.12406414780800856
3,RARG+SFPQ+AEBP1,"AEBP1,RARG,SFPQ",3,-0.12402640924383654,0.12402640924383654
4,SMAD7+RARG+NPM1+ZNF165,"NPM1,RARG,SMAD7,ZNF165",4,-0.1240118227305587,0.1240118227305587
4,SMAD7+HEYL+RARG+HOXC13,"HEYL,HOXC13,RARG,SMAD7",4,-0.12397689869454409,0.12397689869454409
4,PAX3+HEYL+DNMT3B+ZNF202,"DNMT3B,HEYL,PAX3,ZNF202",4,-0.12396737244958973,0.12396737244958973
3,PAX3+SFPQ+HOXC13,"HOXC13,PAX3,SFPQ",3,-0.12392744310019344,0.12392744310019344
4,FOXP3+HES1+SRF+ZNF165,"FOXP3,HES1,SRF,ZNF165",4,-0.12386465830928525,0.12386465830928525
4,FOXP3+PAX3+SFPQ+DNMT3B,"DNMT3B,FOXP3,PAX3,SFPQ",4,-0.12384269821009888,0.12384269821009888
4,SMAD7+DNMT3B+SRF+NPM1,"DNMT3B,NPM1,SMAD7,SRF",4,-0.12377506880460126,0.12377506880460126
3,HEYL+HES1+NFIA,"HES1,HEYL,NFIA",3,-0.1237379182000438,0.1237379182000438
4,SMAD7+HEYL+SRF+ZNF165,"HEYL,SMAD7,SRF,ZNF165",4,-0.12372054768011026,0.12372054768011026
4,FOXP3+HEYL+RARG+AEBP1,"AEBP1,FOXP3,HEYL,RARG",4,-0.12364749097941867,0.12364749097941867
4,FOXP3+PAX3+NPM1+ZNF165,"FOXP3,NPM1,PAX3,ZNF165",4,-0.12358344887179018,0.12358344887179018
4,FOXP3+SFPQ+NFIA+ZNF202,"FOXP3,NFIA,SFPQ,ZNF202",4,-0.12355829198258546,0.12355829198258546
4,FOXP3+PAX3+HEYL+HOXC13,"FOXP3,HEYL,HOXC13,PAX3",4,-0.12354852483577558,0.12354852483577558
3,SRF+NPM1+AEBP1,"AEBP1,NPM1,SRF",3,-0.1235304059795704,0.1235304059795704
3,PAX3+DNMT3B+ZNF165,"DNMT3B,PAX3,ZNF165",3,-0.12342875713565883,0.12342875713565883
4,PAX3+SMAD7+RARG+ZNF165,"PAX3,RARG,SMAD7,ZNF165",4,-0.12334150802219437,0.12334150802219437
4,RARG+NFIA+SRF+ZNF165,"NFIA,RARG,SRF,ZNF165",4,-0.12333148494542863,0.12333148494542863
4,FOXP3+HEYL+SFPQ+HES1,"FOXP3,HES1,HEYL,SFPQ",4,-0.12332760803673581,0.12332760803673581
3,NFIA+ZNF202+ZNF165,"NFIA,ZNF165,ZNF202",3,-0.12314435090814542,0.12314435090814542
4,PAX3+SMAD7+DNMT3B+SRF,"DNMT3B,PAX3,SMAD7,SRF",4,-0.12310475409623695,0.12310475409623695
3,ATF4+SFPQ+SRF,"ATF4,SFPQ,SRF",3,-0.12300806731085528,0.12300806731085528
3,DNMT3B+HES1+NPM1,"DNMT3B,HES1,NPM1",3,-0.12296818808678679,0.12296818808678679
4,ATF4+FOXP3+RARG+NPM1,"ATF4,FOXP3,NPM1,RARG",4,-0.12292042409688586,0.12292042409688586
3,HEYL+HES1+ZNF165,"HES1,HEYL,ZNF165",3,-0.12291366696229579,0.12291366696229579
4,SMAD7+RARG+HES1+NPM1,"HES1,NPM1,RARG,SMAD7",4,-0.12288093897332232,0.12288093897332232
3,PAX3+SRF+AEBP1,"AEBP1,PAX3,SRF",3,-0.12286009127120609,0.12286009127120609
4,SMAD7+NFIA+ZNF202+SRF,"NFIA,SMAD7,SRF,ZNF202",4,-0.12282034786872352,0.12282034786872352
4,HEYL+RARG+SFPQ+NFIA,"HEYL,NFIA,RARG,SFPQ",4,-0.12279443467287919,0.12279443467287919
3,ATF4+RARG+DNMT3B,"ATF4,DNMT3B,RARG",3,-0.12276573236075453,0.12276573236075453
4,FOXP3+SFPQ+ZNF202+ZNF165,"FOXP3,SFPQ,ZNF165,ZNF202",4,-0.12273404074483744,0.12273404074483744
4,ATF4+FOXP3+HEYL+SRF,"ATF4,FOXP3,HEYL,SRF",4,-0.12262914904643743,0.12262914904643743
3,FOXP3+SMAD7+AEBP1,"AEBP1,FOXP3,SMAD7",3,-0.12259773858878267,0.12259773858878267
4,SMAD7+HEYL+HES1+SRF,"HES1,HEYL,SMAD7,SRF",4,-0.12258966392287389,0.12258966392287389
4,RARG+DNMT3B+SRF+HOXC13,"DNMT3B,HOXC13,RARG,SRF",4,-0.12252683079615703,0.12252683079615703
4,FOXP3+ZNF202+NPM1+HOXC13,"FOXP3,HOXC13,NPM1,ZNF202",4,-0.12249438849500516,0.12249438849500516
4,FOXP3+PAX3+HES1+NPM1,"FOXP3,HES1,NPM1,PAX3",4,-0.12245256511455381,0.12245256511455381
3,DNMT3B+ZNF202+HOXC13,"DNMT3B,HOXC13,ZNF202",3,-0.12233969675887382,0.12233969675887382
4,PAX3+SMAD7+HEYL+NPM1,"HEYL,NPM1,PAX3,SMAD7",4,-0.12230845448537882,0.12230845448537882
4,HEYL+NFIA+SRF+NPM1,"HEYL,NFIA,NPM1,SRF",4,-0.12229843140861307,0.12229843140861307
3,PAX3+DNMT3B+HES1,"DNMT3B,HES1,PAX3",3,-0.12229787337842246,0.12229787337842246
4,SMAD7+RARG+ZNF202+HOXC13,"HOXC13,RARG,SMAD7,ZNF202",4,-0.12225244764540935,0.12225244764540935
4,ATF4+FOXP3+PAX3+RARG,"ATF4,FOXP3,PAX3,RARG",4,-0.12225010938852154,0.12225010938852154
4,PAX3+SMAD7+RARG+HES1,"HES1,PAX3,RARG,SMAD7",4,-0.122210624264958,0.122210624264958
4,RARG+HES1+NFIA+SRF,"HES1,NFIA,RARG,SRF",4,-0.12220060118819226,0.12220060118819226
4,RARG+SFPQ+DNMT3B+NPM1,"DNMT3B,NPM1,RARG,SFPQ",4,-0.12202470455962218,0.12202470455962218
3,HES1+NFIA+ZNF202,"HES1,NFIA,ZNF202",3,-0.12201346715090905,0.12201346715090905
4,SMAD7+ZNF202+SRF+ZNF165,"SMAD7,SRF,ZNF165,ZNF202",4,-0.12199609663097552,0.12199609663097552
4,HEYL+RARG+SFPQ+ZNF165,"HEYL,RARG,SFPQ,ZNF165",4,-0.12197018343513118,0.12197018343513118
4,FOXP3+RARG+ZNF202+AEBP1,"AEBP1,FOXP3,RARG,ZNF202",4,-0.12192303993028392,0.12192303993028392
4,PAX3+RARG+NFIA+NPM1,"NFIA,NPM1,PAX3,RARG",4,-0.12191939175069719,0.12191939175069719
4,FOXP3+PAX3+ZNF202+HOXC13,"FOXP3,HOXC13,PAX3,ZNF202",4,-0.12182407378664084,0.12182407378664084
3,SMAD7+SFPQ+NFIA,"NFIA,SFPQ,SMAD7",3,-0.1217446822822432,0.1217446822822432
4,HEYL+SFPQ+DNMT3B+SRF,"DNMT3B,HEYL,SFPQ,SRF",4,-0.12173342950917374,0.12173342950917374
4,HEYL+RARG+NPM1+HOXC13,"HEYL,HOXC13,NPM1,RARG",4,-0.12173053118529889,0.12173053118529889
4,PAX3+HEYL+NFIA+SRF,"HEYL,NFIA,PAX3,SRF",4,-0.12162811670024876,0.12162811670024876
4,FOXP3+SFPQ+HES1+ZNF202,"FOXP3,HES1,SFPQ,ZNF202",4,-0.12160315698760106,0.12160315698760106
4,HEYL+SRF+NPM1+ZNF165,"HEYL,NPM1,SRF,ZNF165",4,-0.12147418017086506,0.12147418017086506
4,SMAD7+HEYL+SFPQ+ZNF202,"HEYL,SFPQ,SMAD7,ZNF202",4,-0.12145904635842607,0.12145904635842607
4,RARG+HES1+SRF+ZNF165,"HES1,RARG,SRF,ZNF165",4,-0.12137634995044425,0.12137634995044425
4,FOXP3+SMAD7+HEYL+NFIA,"FOXP3,HEYL,NFIA,SMAD7",4,-0.12136576401782533,0.12136576401782533
4,PAX3+RARG+SFPQ+DNMT3B,"DNMT3B,PAX3,RARG,SFPQ",4,-0.12135438985125788,0.12135438985125788
3,HES1+ZNF202+ZNF165,"HES1,ZNF165,ZNF202",3,-0.12118921591316104,0.12118921591316104
4,PAX3+RARG+NPM1+ZNF165,"NPM1,PAX3,RARG,ZNF165",4,-0.12109514051294917,0.12109514051294917
4,RARG+SFPQ+NFIA+ZNF202,"NFIA,RARG,SFPQ,ZNF202",4,-0.12106998362374445,0.12106998362374445
4,PAX3+HEYL+RARG+HOXC13,"HEYL,HOXC13,PAX3,RARG",4,-0.12106021647693457,0.12106021647693457
3,SMAD7+SFPQ+ZNF165,"SFPQ,SMAD7,ZNF165",3,-0.12092043104449518,0.12092043104449518
4,ATF4+FOXP3+ZNF202+SRF,"ATF4,FOXP3,SRF,ZNF202",4,-0.12090469799730268,0.12090469799730268
4,SMAD7+HES1+ZNF202+SRF,"HES1,SMAD7,SRF,ZNF202",4,-0.12086521287373915,0.12086521287373915
4,PAX3+DNMT3B+SRF+NPM1,"DNMT3B,NPM1,PAX3,SRF",4,-0.12085838658699173,0.12085838658699173
4,HEYL+RARG+SFPQ+HES1,"HES1,HEYL,RARG,SFPQ",4,-0.12083929967789481,0.12083929967789481
4,PAX3+HEYL+SRF+ZNF165,"HEYL,PAX3,SRF,ZNF165",4,-0.12080386546250074,0.12080386546250074
3,SMAD7+NPM1+HOXC13,"HOXC13,NPM1,SMAD7",3,-0.12068077879466288,0.12068077879466288
4,FOXP3+SMAD7+DNMT3B+NPM1,"DNMT3B,FOXP3,NPM1,SMAD7",4,-0.12059603390456831,0.12059603390456831
4,PAX3+SMAD7+ZNF202+NPM1,"NPM1,PAX3,SMAD7,ZNF202",4,-0.12058400343624406,0.12058400343624406
4,NFIA+ZNF202+SRF+NPM1,"NFIA,NPM1,SRF,ZNF202",4,-0.12057398035947832,0.12057398035947832
4,FOXP3+SMAD7+HEYL+ZNF165,"FOXP3,HEYL,SMAD7,ZNF165",4,-0.12054151278007731,0.12054151278007731
3,FOXP3+NPM1+AEBP1,"AEBP1,FOXP3,NPM1",3,-0.12035137107953746,0.12035137107953746
4,HEYL+HES1+SRF+NPM1,"HES1,HEYL,NPM1,SRF",4,-0.12034329641362869,0.12034329641362869
4,RARG+SFPQ+ZNF202+ZNF165,"RARG,SFPQ,ZNF165,ZNF202",4,-0.12024573238599644,0.12024573238599644
2,ATF4+NFIA,"ATF4,NFIA",2,-0.12023934257413033,0.12023934257413033
2,ZBTB20+SRF,"SRF,ZBTB20",2,-0.12021772845657545,0.12021772845657545
2,DNMT3B+AEBP1,"AEBP1,DNMT3B",2,-0.12019667934340611,0.12019667934340611
4,FOXP3+RARG+NFIA+ZNF165,"FOXP3,NFIA,RARG,ZNF165",4,-0.12015245004539568,0.12015245004539568
4,ATF4+HEYL+RARG+SRF,"ATF4,HEYL,RARG,SRF",4,-0.12014084068759642,0.12014084068759642
3,SMAD7+RARG+AEBP1,"AEBP1,RARG,SMAD7",3,-0.12010943022994167,0.12010943022994167
3,PAX3+SMAD7+HOXC13,"HOXC13,PAX3,SMAD7",3,-0.12001046408629856,0.12001046408629856
4,SFPQ+DNMT3B+ZNF202+SRF,"DNMT3B,SFPQ,SRF,ZNF202",4,-0.120008978460039,0.120008978460039
4,RARG+ZNF202+NPM1+HOXC13,"HOXC13,NPM1,RARG,ZNF202",4,-0.12000608013616415,0.12000608013616415
3,NFIA+SRF+HOXC13,"HOXC13,NFIA,SRF",3,-0.12000044100953283,0.12000044100953283
4,PAX3+RARG+HES1+NPM1,"HES1,NPM1,PAX3,RARG",4,-0.1199642567557128,0.1199642567557128
3,ATF4+HEYL+ZNF202,"ATF4,HEYL,ZNF202",3,-0.11995370665031321,0.11995370665031321
4,FOXP3+PAX3+SMAD7+DNMT3B,"DNMT3B,FOXP3,PAX3,SMAD7",4,-0.11992571919620401,0.11992571919620401
4,FOXP3+DNMT3B+NFIA+SRF,"DNMT3B,FOXP3,NFIA,SRF",4,-0.11991569611943825,0.11991569611943825
4,PAX3+NFIA+ZNF202+SRF,"NFIA,PAX3,SRF,ZNF202",4,-0.119903665651114,0.119903665651114
3,ATF4+FOXP3+SFPQ,"ATF4,FOXP3,SFPQ",3,-0.11982903241082235,0.11982903241082235
3,SMAD7+SFPQ+HES1,"HES1,SFPQ,SMAD7",3,-0.11978954728725881,0.11978954728725881
4,ZNF202+SRF+NPM1+ZNF165,"NPM1,SRF,ZNF165,ZNF202",4,-0.1197497291217303,0.1197497291217303
4,HEYL+ZNF202+SRF+HOXC13,"HEYL,HOXC13,SRF,ZNF202",4,-0.11971480508571572,0.11971480508571572
3,FOXP3+PAX3+AEBP1,"AEBP1,FOXP3,PAX3",3,-0.11968105637117314,0.11968105637117314
4,PAX3+HEYL+HES1+SRF,"HES1,HEYL,PAX3,SRF",4,-0.11967298170526437,0.11967298170526437
4,FOXP3+SMAD7+NFIA+ZNF202,"FOXP3,NFIA,SMAD7,ZNF202",4,-0.11964131296869059,0.11964131296869059
4,FOXP3+SFPQ+SRF+HOXC13,"FOXP3,HOXC13,SFPQ,SRF",4,-0.11959013084622486,0.11959013084622486
3,SFPQ+NFIA+NPM1,"NFIA,NPM1,SFPQ",3,-0.11949831477299798,0.11949831477299798
2,ATF4+ZNF165,"ATF4,ZNF165",2,-0.11941509133638231,0.11941509133638231
4,FOXP3+SMAD7+HEYL+HES1,"FOXP3,HES1,HEYL,SMAD7",4,-0.11941062902284094,0.11941062902284094
4,FOXP3+RARG+DNMT3B+HOXC13,"DNMT3B,FOXP3,HOXC13,RARG",4,-0.11934779589612407,0.11934779589612407
4,PAX3+RARG+ZNF202+HOXC13,"HOXC13,PAX3,RARG,ZNF202",4,-0.11933576542779983,0.11933576542779983
4,HEYL+SFPQ+ZNF202+NPM1,"HEYL,NPM1,SFPQ,ZNF202",4,-0.11921267884918087,0.11921267884918087
3,SRF+HOXC13+ZNF165,"HOXC13,SRF,ZNF165",3,-0.11917618977178482,0.11917618977178482
4,FOXP3+HEYL+NFIA+NPM1,"FOXP3,HEYL,NFIA,NPM1",4,-0.11911939650858012,0.11911939650858012
4,RARG+SFPQ+HES1+ZNF202,"HES1,RARG,SFPQ,ZNF202",4,-0.11911484862876005,0.11911484862876005
4,FOXP3+DNMT3B+SRF+ZNF165,"DNMT3B,FOXP3,SRF,ZNF165",4,-0.11909144488169024,0.11909144488169024
3,ATF4+SMAD7+SRF,"ATF4,SMAD7,SRF",3,-0.11909108829696041,0.11909108829696041
4,PAX3+ZNF202+SRF+ZNF165,"PAX3,SRF,ZNF165,ZNF202",4,-0.11907941441336599,0.11907941441336599
4,FOXP3+RARG+HES1+NFIA,"FOXP3,HES1,NFIA,RARG",4,-0.11902156628815931,0.11902156628815931
3,HEYL+DNMT3B+NFIA,"DNMT3B,HEYL,NFIA",3,-0.11896470477244878,0.11896470477244878
4,SMAD7+HEYL+RARG+NFIA,"HEYL,NFIA,RARG,SMAD7",4,-0.11887745565898432,0.11887745565898432
3,PAX3+SFPQ+NFIA,"NFIA,PAX3,SFPQ",3,-0.11882800006463366,0.11882800006463366
4,FOXP3+SMAD7+ZNF202+ZNF165,"FOXP3,SMAD7,ZNF165,ZNF202",4,-0.11881706173094257,0.11881706173094257
3,SFPQ+NPM1+ZNF165,"NPM1,SFPQ,ZNF165",3,-0.11867406353524997,0.11867406353524997
3,HEYL+SFPQ+HOXC13,"HEYL,HOXC13,SFPQ",3,-0.11863913949923538,0.11863913949923538
4,HES1+ZNF202+SRF+NPM1,"HES1,NPM1,SRF,ZNF202",4,-0.11861884536449394,0.11861884536449394
4,FOXP3+HEYL+SFPQ+DNMT3B,"DNMT3B,FOXP3,HEYL,SFPQ",4,-0.1185543946091408,0.1185543946091408
4,PAX3+HEYL+SFPQ+ZNF202,"HEYL,PAX3,SFPQ,ZNF202",4,-0.11854236414081655,0.11854236414081655
4,FOXP3+PAX3+HEYL+NFIA,"FOXP3,HEYL,NFIA,PAX3",4,-0.11844908180021581,0.11844908180021581
4,ATF4+RARG+ZNF202+SRF,"ATF4,RARG,SRF,ZNF202",4,-0.11841638963846167,0.11841638963846167
4,SMAD7+SFPQ+SRF+NPM1,"NPM1,SFPQ,SMAD7,SRF",4,-0.11835006049582808,0.11835006049582808
4,FOXP3+HEYL+NPM1+ZNF165,"FOXP3,HEYL,NPM1,ZNF165",4,-0.11829514527083211,0.11829514527083211
2,ATF4+HES1,"ATF4,HES1",2,-0.11828420757914594,0.11828420757914594
4,FOXP3+RARG+HES1+ZNF165,"FOXP3,HES1,RARG,ZNF165",4,-0.1181973150504113,0.1181973150504113
3,HEYL+DNMT3B+ZNF165,"DNMT3B,HEYL,ZNF165",3,-0.11814045353470076,0.11814045353470076
4,SMAD7+RARG+DNMT3B+NPM1,"DNMT3B,NPM1,RARG,SMAD7",4,-0.11810772554572731,0.11810772554572731
4,SMAD7+HEYL+RARG+ZNF165,"HEYL,RARG,SMAD7,ZNF165",4,-0.1180532044212363,0.1180532044212363
3,HES1+SRF+HOXC13,"HES1,HOXC13,SRF",3,-0.11804530601454843,0.11804530601454843
3,PAX3+SFPQ+ZNF165,"PAX3,SFPQ,ZNF165",3,-0.11800374882688565,0.11800374882688565
4,FOXP3+DNMT3B+HES1+SRF,"DNMT3B,FOXP3,HES1,SRF",4,-0.11796056112445386,0.11796056112445386
4,PAX3+HES1+ZNF202+SRF,"HES1,PAX3,SRF,ZNF202",4,-0.11794853065612962,0.11794853065612962
3,RARG+NPM1+AEBP1,"AEBP1,NPM1,RARG",3,-0.11786306272069645,0.11786306272069645
4,SMAD7+HEYL+DNMT3B+SRF,"DNMT3B,HEYL,SMAD7,SRF",4,-0.11781645049527886,0.11781645049527886
3,PAX3+NPM1+HOXC13,"HOXC13,NPM1,PAX3",3,-0.11776409657705336,0.11776409657705336
4,FOXP3+SMAD7+HES1+ZNF202,"FOXP3,HES1,SMAD7,ZNF202",4,-0.11768617797370619,0.11768617797370619
4,PAX3+SMAD7+SFPQ+SRF,"PAX3,SFPQ,SMAD7,SRF",4,-0.11767974578746376,0.11767974578746376
4,FOXP3+PAX3+DNMT3B+NPM1,"DNMT3B,FOXP3,NPM1,PAX3",4,-0.1176793516869588,0.1176793516869588
4,FOXP3+PAX3+HEYL+ZNF165,"FOXP3,HEYL,PAX3,ZNF165",4,-0.1176248305624678,0.1176248305624678
3,HEYL+SRF+AEBP1,"AEBP1,HEYL,SRF",3,-0.11757178767024802,0.11757178767024802
3,SFPQ+HES1+NPM1,"HES1,NPM1,SFPQ",3,-0.11754317977801361,0.11754317977801361
4,PAX3+SMAD7+RARG+DNMT3B,"DNMT3B,PAX3,RARG,SMAD7",4,-0.11743741083736298,0.11743741083736298
4,RARG+DNMT3B+NFIA+SRF,"DNMT3B,NFIA,RARG,SRF",4,-0.11742738776059725,0.11742738776059725
4,FOXP3+NFIA+ZNF202+NPM1,"FOXP3,NFIA,NPM1,ZNF202",4,-0.11739494545944537,0.11739494545944537
3,ATF4+RARG+SFPQ,"ATF4,RARG,SFPQ",3,-0.11734072405198134,0.11734072405198134
3,DNMT3B+NFIA+ZNF202,"DNMT3B,NFIA,ZNF202",3,-0.11724025372331402,0.11724025372331402
3,PAX3+RARG+AEBP1,"AEBP1,PAX3,RARG",3,-0.11719274801233213,0.11719274801233213
4,FOXP3+HEYL+HES1+NPM1,"FOXP3,HES1,HEYL,NPM1",4,-0.11716426151359574,0.11716426151359574
4,SMAD7+RARG+NFIA+ZNF202,"NFIA,RARG,SMAD7,ZNF202",4,-0.11715300460984958,0.11715300460984958
4,RARG+SFPQ+SRF+HOXC13,"HOXC13,RARG,SFPQ,SRF",4,-0.11710182248738385,0.11710182248738385
2,FOXP3+ZBTB20,"FOXP3,ZBTB20",2,-0.1170386935565425,0.1170386935565425
3,HEYL+DNMT3B+HES1,"DNMT3B,HES1,HEYL",3,-0.11700956977746439,0.11700956977746439
4,ATF4+FOXP3+HEYL+RARG,"ATF4,FOXP3,HEYL,RARG",4,-0.11696180578756347,0.11696180578756347
4,SMAD7+HEYL+RARG+HES1,"HES1,HEYL,RARG,SMAD7",4,-0.11692232066399993,0.11692232066399993
3,SFPQ+ZNF202+HOXC13,"HOXC13,SFPQ,ZNF202",3,-0.11691468845010064,0.11691468845010064
3,PAX3+SFPQ+HES1,"HES1,PAX3,SFPQ",3,-0.11687286506964928,0.11687286506964928
3,ATF4+SRF+NPM1,"ATF4,NPM1,SRF",3,-0.11684472078771521,0.11684472078771521
4,FOXP3+SFPQ+DNMT3B+ZNF202,"DNMT3B,FOXP3,SFPQ,ZNF202",4,-0.11682994356000605,0.11682994356000605
3,FOXP3+NFIA+HOXC13,"FOXP3,HOXC13,NFIA",3,-0.11682140610949987,0.11682140610949987
4,FOXP3+PAX3+NFIA+ZNF202,"FOXP3,NFIA,PAX3,ZNF202",4,-0.11672463075108105,0.11672463075108105
4,HEYL+RARG+NFIA+NPM1,"HEYL,NFIA,NPM1,RARG",4,-0.11663108814973912,0.11663108814973912
4,RARG+DNMT3B+SRF+ZNF165,"DNMT3B,RARG,SRF,ZNF165",4,-0.11660313652284923,0.11660313652284923
4,FOXP3+ZNF202+NPM1+ZNF165,"FOXP3,NPM1,ZNF165,ZNF202",4,-0.11657069422169737,0.11657069422169737
4,FOXP3+HEYL+ZNF202+HOXC13,"FOXP3,HEYL,HOXC13,ZNF202",4,-0.11653577018568276,0.11653577018568276
4,FOXP3+PAX3+HEYL+HES1,"FOXP3,HES1,HEYL,PAX3",4,-0.11649394680523142,0.11649394680523142
3,DNMT3B+ZNF202+ZNF165,"DNMT3B,ZNF165,ZNF202",3,-0.11641600248556602,0.11641600248556602
4,SMAD7+RARG+ZNF202+ZNF165,"RARG,SMAD7,ZNF165,ZNF202",4,-0.11632875337210156,0.11632875337210156
3,ATF4+PAX3+SRF,"ATF4,PAX3,SRF",3,-0.1161744060793509,0.1161744060793509
4,SMAD7+DNMT3B+ZNF202+SRF,"DNMT3B,SMAD7,SRF,ZNF202",4,-0.11609199944614412,0.11609199944614412
4,HEYL+RARG+SFPQ+DNMT3B,"DNMT3B,HEYL,RARG,SFPQ",4,-0.1160660862502998,0.1160660862502998
3,FOXP3+HOXC13+ZNF165,"FOXP3,HOXC13,ZNF165",3,-0.11599715487175187,0.11599715487175187
4,PAX3+HEYL+RARG+NFIA,"HEYL,NFIA,PAX3,RARG",4,-0.1159607734413748,0.1159607734413748
3,ATF4+FOXP3+SMAD7,"ATF4,FOXP3,SMAD7",3,-0.11591205339692748,0.11591205339692748
4,FOXP3+PAX3+ZNF202+ZNF165,"FOXP3,PAX3,ZNF165,ZNF202",4,-0.11590037951333304,0.11590037951333304
3,ZNF202+SRF+AEBP1,"AEBP1,SRF,ZNF202",3,-0.11584733662111327,0.11584733662111327
4,HEYL+RARG+NPM1+ZNF165,"HEYL,NPM1,RARG,ZNF165",4,-0.1158068369119911,0.1158068369119911
4,FOXP3+SMAD7+SRF+HOXC13,"FOXP3,HOXC13,SMAD7,SRF",4,-0.11567315183232998,0.11567315183232998
3,SMAD7+NFIA+NPM1,"NFIA,NPM1,SMAD7",3,-0.11558133575910311,0.11558133575910311
4,HEYL+DNMT3B+SRF+NPM1,"DNMT3B,HEYL,NPM1,SRF",4,-0.11557008298603366,0.11557008298603366
4,RARG+DNMT3B+HES1+SRF,"DNMT3B,HES1,RARG,SRF",4,-0.11547225276561285,0.11547225276561285
4,FOXP3+HES1+ZNF202+NPM1,"FOXP3,HES1,NPM1,ZNF202",4,-0.11543981046446099,0.11543981046446099
4,PAX3+SFPQ+SRF+NPM1,"NPM1,PAX3,SFPQ,SRF",4,-0.11543337827821855,0.11543337827821855
4,SMAD7+HEYL+ZNF202+NPM1,"HEYL,NPM1,SMAD7,ZNF202",4,-0.115295699835286,0.115295699835286
3,DNMT3B+HES1+ZNF202,"DNMT3B,HES1,ZNF202",3,-0.11528511872832965,0.11528511872832965
4,ATF4+FOXP3+RARG+ZNF202,"ATF4,FOXP3,RARG,ZNF202",4,-0.11523735473842872,0.11523735473842872
4,SMAD7+RARG+HES1+ZNF202,"HES1,RARG,SMAD7,ZNF202",4,-0.11519786961486518,0.11519786961486518
4,PAX3+RARG+DNMT3B+NPM1,"DNMT3B,NPM1,PAX3,RARG",4,-0.11519104332811779,0.11519104332811779
4,FOXP3+SMAD7+SFPQ+NPM1,"FOXP3,NPM1,SFPQ,SMAD7",4,-0.11517102559579513,0.11517102559579513
4,PAX3+HEYL+RARG+ZNF165,"HEYL,PAX3,RARG,ZNF165",4,-0.11513652220362679,0.11513652220362679
3,SMAD7+SFPQ+DNMT3B,"DNMT3B,SFPQ,SMAD7",3,-0.11501633385966378,0.11501633385966378
3,PAX3+SMAD7+NFIA,"NFIA,PAX3,SMAD7",3,-0.11491102105073879,0.11491102105073879
4,RARG+NFIA+ZNF202+NPM1,"NFIA,NPM1,RARG,ZNF202",4,-0.11490663710060436,0.11490663710060436
4,PAX3+HEYL+DNMT3B+SRF,"DNMT3B,HEYL,PAX3,SRF",4,-0.11489976827766935,0.11489976827766935
3,FOXP3+HES1+HOXC13,"FOXP3,HES1,HOXC13",3,-0.1148662711145155,0.1148662711145155
2,SFPQ+AEBP1,"AEBP1,SFPQ",2,-0.11477167103463293,0.11477167103463293
4,FOXP3+PAX3+HES1+ZNF202,"FOXP3,HES1,PAX3,ZNF202",4,-0.11476949575609667,0.11476949575609667
3,SMAD7+NPM1+ZNF165,"NPM1,SMAD7,ZNF165",3,-0.1147570845213551,0.1147570845213551
3,SMAD7+HEYL+HOXC13,"HEYL,HOXC13,SMAD7",3,-0.11472216048534051,0.11472216048534051
4,HEYL+RARG+HES1+NPM1,"HES1,HEYL,NPM1,RARG",4,-0.11467595315475472,0.11467595315475472
4,FOXP3+SMAD7+HEYL+DNMT3B,"DNMT3B,FOXP3,HEYL,SMAD7",4,-0.11463741559524593,0.11463741559524593
4,PAX3+SMAD7+HEYL+ZNF202,"HEYL,PAX3,SMAD7,ZNF202",4,-0.11462538512692168,0.11462538512692168
4,HEYL+NFIA+ZNF202+SRF,"HEYL,NFIA,SRF,ZNF202",4,-0.11461536205015593,0.11461536205015593
2,ZBTB20+RARG,"RARG,ZBTB20",2,-0.1145503851977015,0.1145503851977015
4,FOXP3+PAX3+SMAD7+SFPQ,"FOXP3,PAX3,SFPQ,SMAD7",4,-0.11450071088743083,0.11450071088743083
4,FOXP3+SFPQ+NFIA+SRF,"FOXP3,NFIA,SFPQ,SRF",4,-0.11449068781066507,0.11449068781066507
3,FOXP3+HEYL+AEBP1,"AEBP1,FOXP3,HEYL",3,-0.11439275277021507,0.11439275277021507
4,RARG+SFPQ+DNMT3B+ZNF202,"DNMT3B,RARG,SFPQ,ZNF202",4,-0.11434163520116504,0.11434163520116504
3,RARG+NFIA+HOXC13,"HOXC13,NFIA,RARG",3,-0.11433309775065886,0.11433309775065886
4,FOXP3+RARG+DNMT3B+NFIA,"DNMT3B,FOXP3,NFIA,RARG",4,-0.1142483528605643,0.1142483528605643
4,PAX3+RARG+NFIA+ZNF202,"NFIA,PAX3,RARG,ZNF202",4,-0.11423632239224005,0.11423632239224005
3,PAX3+SMAD7+ZNF165,"PAX3,SMAD7,ZNF165",3,-0.11408676981299078,0.11408676981299078
4,RARG+ZNF202+NPM1+ZNF165,"NPM1,RARG,ZNF165,ZNF202",4,-0.11408238586285635,0.11408238586285635
3,NFIA+SRF+ZNF165,"NFIA,SRF,ZNF165",3,-0.11407674673622503,0.11407674673622503
4,HEYL+RARG+ZNF202+HOXC13,"HEYL,HOXC13,RARG,ZNF202",4,-0.11404746182684175,0.11404746182684175
4,PAX3+HEYL+RARG+HES1,"HES1,HEYL,PAX3,RARG",4,-0.11400563844639042,0.11400563844639042
4,FOXP3+RARG+SFPQ+HOXC13,"FOXP3,HOXC13,RARG,SFPQ",4,-0.11392278758735089,0.11392278758735089
4,DNMT3B+ZNF202+SRF+NPM1,"DNMT3B,NPM1,SRF,ZNF202",4,-0.11384563193689892,0.11384563193689892
4,HEYL+ZNF202+SRF+ZNF165,"HEYL,SRF,ZNF165,ZNF202",4,-0.11379111081240792,0.11379111081240792
4,FOXP3+SFPQ+SRF+ZNF165,"FOXP3,SFPQ,SRF,ZNF165",4,-0.11366643657291706,0.11366643657291706
3,ATF4+FOXP3+NPM1,"ATF4,FOXP3,NPM1",3,-0.11366568588768226,0.11366568588768226
3,SMAD7+HES1+NPM1,"HES1,NPM1,SMAD7",3,-0.11362620076411874,0.11362620076411874
3,HEYL+SFPQ+NFIA,"HEYL,NFIA,SFPQ",3,-0.1135396964636756,0.1135396964636756
2,ATF4+DNMT3B,"ATF4,DNMT3B",2,-0.11351099415155091,0.11351099415155091
3,RARG+HOXC13+ZNF165,"HOXC13,RARG,ZNF165",3,-0.11350884651291085,0.11350884651291085
4,FOXP3+SRF+NPM1+HOXC13,"FOXP3,HOXC13,NPM1,SRF",4,-0.11342678432308477,0.11342678432308477
4,FOXP3+RARG+DNMT3B+ZNF165,"DNMT3B,FOXP3,RARG,ZNF165",4,-0.11342410162281628,0.11342410162281628
3,ATF4+SMAD7+RARG,"ATF4,RARG,SMAD7",3,-0.11342374503808646,0.11342374503808646
4,PAX3+RARG+ZNF202+ZNF165,"PAX3,RARG,ZNF165,ZNF202",4,-0.11341207115449203,0.11341207115449203
3,DNMT3B+SRF+HOXC13,"DNMT3B,HOXC13,SRF",3,-0.11327209258695342,0.11327209258695342
4,SMAD7+RARG+SRF+HOXC13,"HOXC13,RARG,SMAD7,SRF",4,-0.11318484347348898,0.11318484347348898
4,PAX3+DNMT3B+ZNF202+SRF,"DNMT3B,PAX3,SRF,ZNF202",4,-0.11317531722853459,0.11317531722853459
3,SMAD7+ZNF202+HOXC13,"HOXC13,SMAD7,ZNF202",3,-0.11299770943620577,0.11299770943620577
3,ATF4+FOXP3+PAX3,"ATF4,FOXP3,PAX3",3,-0.11299537117931795,0.11299537117931795
3,PAX3+SMAD7+HES1,"HES1,PAX3,SMAD7",3,-0.1129558860557544,0.1129558860557544
4,RARG+HES1+ZNF202+NPM1,"HES1,NPM1,RARG,ZNF202",4,-0.11295150210561998,0.11295150210561998
3,HES1+NFIA+SRF,"HES1,NFIA,SRF",3,-0.11294586297898866,0.11294586297898866
4,FOXP3+SMAD7+DNMT3B+ZNF202,"DNMT3B,FOXP3,SMAD7,ZNF202",4,-0.11291296454611117,0.11291296454611117
4,FOXP3+RARG+SRF+AEBP1,"AEBP1,FOXP3,RARG,SRF",4,-0.11285543575836353,0.11285543575836353
3,SFPQ+DNMT3B+NPM1,"DNMT3B,NPM1,SFPQ",3,-0.11276996635041858,0.11276996635041858
4,FOXP3+PAX3+SRF+HOXC13,"FOXP3,HOXC13,PAX3,SRF",4,-0.11275646961472044,0.11275646961472044
3,HEYL+SFPQ+ZNF165,"HEYL,SFPQ,ZNF165",3,-0.11271544522592758,0.11271544522592758
4,SMAD7+RARG+SFPQ+NPM1,"NPM1,RARG,SFPQ,SMAD7",4,-0.11268271723695412,0.11268271723695412
3,FOXP3+ZNF202+AEBP1,"AEBP1,FOXP3,ZNF202",3,-0.11266830172108033,0.11266830172108033
3,PAX3+NFIA+NPM1,"NFIA,NPM1,PAX3",3,-0.11266465354149359,0.11266465354149359
4,HEYL+HES1+ZNF202+SRF,"HES1,HEYL,SRF,ZNF202",4,-0.11266022705517155,0.11266022705517155
4,FOXP3+SFPQ+HES1+SRF,"FOXP3,HES1,SFPQ,SRF",4,-0.11253555281568067,0.11253555281568067
3,HEYL+NPM1+HOXC13,"HEYL,HOXC13,NPM1",3,-0.1124757929760953,0.1124757929760953
4,SMAD7+HEYL+SFPQ+SRF,"HEYL,SFPQ,SMAD7,SRF",4,-0.11239144218650568,0.11239144218650568
4,FOXP3+HEYL+DNMT3B+NPM1,"DNMT3B,FOXP3,HEYL,NPM1",4,-0.11239104808600071,0.11239104808600071
4,PAX3+HEYL+ZNF202+NPM1,"HEYL,NPM1,PAX3,ZNF202",4,-0.11237901761767648,0.11237901761767648
3,RARG+HES1+HOXC13,"HES1,HOXC13,RARG",3,-0.1123779627556745,0.1123779627556745
4,FOXP3+RARG+DNMT3B+HES1,"DNMT3B,FOXP3,HES1,RARG",4,-0.11229321786557991,0.11229321786557991
4,PAX3+RARG+HES1+ZNF202,"HES1,PAX3,RARG,ZNF202",4,-0.11228118739725566,0.11228118739725566
4,FOXP3+PAX3+SFPQ+NPM1,"FOXP3,NPM1,PAX3,SFPQ",4,-0.11225434337818561,0.11225434337818561
4,SMAD7+HEYL+RARG+DNMT3B,"DNMT3B,HEYL,RARG,SMAD7",4,-0.11214910723640492,0.11214910723640492
3,HES1+SRF+ZNF165,"HES1,SRF,ZNF165",3,-0.11212161174124065,0.11212161174124065
3,PAX3+SFPQ+DNMT3B,"DNMT3B,PAX3,SFPQ",3,-0.11209965164205427,0.11209965164205427
4,PAX3+SMAD7+RARG+SFPQ,"PAX3,RARG,SFPQ,SMAD7",4,-0.1120124025285898,0.1120124025285898
4,RARG+SFPQ+NFIA+SRF,"NFIA,RARG,SFPQ,SRF",4,-0.11200237945182406,0.11200237945182406
3,HEYL+RARG+AEBP1,"AEBP1,HEYL,RARG",3,-0.11190444441137407,0.11190444441137407
3,PAX3+NPM1+ZNF165,"NPM1,PAX3,ZNF165",3,-0.11184040230374558,0.11184040230374558
3,SFPQ+NFIA+ZNF202,"NFIA,SFPQ,ZNF202",3,-0.11181524541454084,0.11181524541454084
3,PAX3+HEYL+HOXC13,"HEYL,HOXC13,PAX3",3,-0.11180547826773099,0.11180547826773099
4,FOXP3+PAX3+HEYL+DNMT3B,"DNMT3B,FOXP3,HEYL,PAX3",4,-0.11172073337763641,0.11172073337763641
3,HEYL+SFPQ+HES1,"HES1,HEYL,SFPQ",3,-0.11158456146869121,0.11158456146869121
4,PAX3+SMAD7+SRF+NPM1,"NPM1,PAX3,SMAD7,SRF",4,-0.11151639926432368,0.11151639926432368
4,FOXP3+HEYL+NFIA+ZNF202,"FOXP3,HEYL,NFIA,ZNF202",4,-0.11143632715012299,0.11143632715012299
4,RARG+SFPQ+SRF+ZNF165,"RARG,SFPQ,SRF,ZNF165",4,-0.11117812821407605,0.11117812821407605
3,ATF4+RARG+NPM1,"ATF4,NPM1,RARG",3,-0.11117737752884126,0.11117737752884126
3,SFPQ+ZNF202+ZNF165,"SFPQ,ZNF165,ZNF202",3,-0.11099099417679284,0.11099099417679284
4,RARG+SRF+NPM1+HOXC13,"HOXC13,NPM1,RARG,SRF",4,-0.11093847596424375,0.11093847596424375
3,FOXP3+NFIA+ZNF165,"FOXP3,NFIA,ZNF165",3,-0.11089771183619208,0.11089771183619208
3,ATF4+HEYL+SRF,"ATF4,HEYL,SRF",3,-0.11088610247839283,0.11088610247839283
2,SMAD7+AEBP1,"AEBP1,SMAD7",2,-0.11085469202073805,0.11085469202073805
3,ZNF202+NPM1+HOXC13,"HOXC13,NPM1,ZNF202",3,-0.11075134192696054,0.11075134192696054
3,PAX3+HES1+NPM1,"HES1,NPM1,PAX3",3,-0.1107095185465092,0.1107095185465092
4,SMAD7+SFPQ+ZNF202+SRF,"SFPQ,SMAD7,SRF,ZNF202",4,-0.11066699113737094,0.11066699113737094
4,FOXP3+DNMT3B+ZNF202+NPM1,"DNMT3B,FOXP3,NPM1,ZNF202",4,-0.11066659703686597,0.11066659703686597
4,FOXP3+HEYL+ZNF202+ZNF165,"FOXP3,HEYL,ZNF165,ZNF202",4,-0.11061207591237497,0.11061207591237497
4,FOXP3+SMAD7+NFIA+SRF,"FOXP3,NFIA,SMAD7,SRF",4,-0.1105737087967702,0.1105737087967702
3,ATF4+PAX3+RARG,"ATF4,PAX3,RARG",3,-0.11050706282047694,0.11050706282047694
4,SMAD7+RARG+DNMT3B+ZNF202,"DNMT3B,RARG,SMAD7,ZNF202",4,-0.11042465618727017,0.11042465618727017
4,PAX3+RARG+SRF+HOXC13,"HOXC13,PAX3,RARG,SRF",4,-0.11026816125587943,0.11026816125587943
3,RARG+ZNF202+AEBP1,"AEBP1,RARG,ZNF202",3,-0.11017999336223931,0.11017999336223931
4,HEYL+SFPQ+SRF+NPM1,"HEYL,NPM1,SFPQ,SRF",4,-0.11014507467726048,0.11014507467726048
3,FOXP3+DNMT3B+HOXC13,"DNMT3B,FOXP3,HOXC13",3,-0.11009305768692047,0.11009305768692047
3,PAX3+ZNF202+HOXC13,"HOXC13,PAX3,ZNF202",3,-0.11008102721859622,0.11008102721859622
4,RARG+SFPQ+HES1+SRF,"HES1,RARG,SFPQ,SRF",4,-0.11004724445683967,0.11004724445683967
4,FOXP3+SMAD7+RARG+HOXC13,"FOXP3,HOXC13,RARG,SMAD7",4,-0.11000580857345602,0.11000580857345602
4,FOXP3+PAX3+DNMT3B+ZNF202,"DNMT3B,FOXP3,PAX3,ZNF202",4,-0.10999628232850166,0.10999628232850166
4,HEYL+RARG+DNMT3B+NPM1,"DNMT3B,HEYL,NPM1,RARG",4,-0.1099027397271597,0.1099027397271597
3,SFPQ+HES1+ZNF202,"HES1,SFPQ,ZNF202",3,-0.10986011041955647,0.10986011041955647
3,FOXP3+HES1+NFIA,"FOXP3,HES1,NFIA",3,-0.10976682807895571,0.10976682807895571
4,PAX3+RARG+SFPQ+NPM1,"NPM1,PAX3,RARG,SFPQ",4,-0.10976603501934461,0.10976603501934461
4,FOXP3+SMAD7+SRF+ZNF165,"FOXP3,SMAD7,SRF,ZNF165",4,-0.10974945755902218,0.10974945755902218
3,SMAD7+HEYL+NFIA,"HEYL,NFIA,SMAD7",3,-0.10962271744978072,0.10962271744978072
4,FOXP3+HEYL+HES1+ZNF202,"FOXP3,HES1,HEYL,ZNF202",4,-0.1094811921551386,0.1094811921551386
4,PAX3+HEYL+SFPQ+SRF,"HEYL,PAX3,SFPQ,SRF",4,-0.10947475996889616,0.10947475996889616
4,PAX3+HEYL+RARG+DNMT3B,"DNMT3B,HEYL,PAX3,RARG",4,-0.1092324250187954,0.1092324250187954
4,FOXP3+SMAD7+HEYL+SFPQ,"FOXP3,HEYL,SFPQ,SMAD7",4,-0.10921240728647275,0.10921240728647275
3,ATF4+ZNF202+SRF,"ATF4,SRF,ZNF202",3,-0.10916165142925807,0.10916165142925807
4,HEYL+RARG+NFIA+ZNF202,"HEYL,NFIA,RARG,ZNF202",4,-0.10894801879128198,0.10894801879128198
3,FOXP3+HES1+ZNF165,"FOXP3,HES1,ZNF165",3,-0.1089425768412077,0.1089425768412077
3,SMAD7+DNMT3B+NPM1,"DNMT3B,NPM1,SMAD7",3,-0.10885298733652371,0.10885298733652371
4,FOXP3+RARG+SFPQ+NFIA,"FOXP3,NFIA,RARG,SFPQ",4,-0.1088233445517911,0.1088233445517911
3,SMAD7+HEYL+ZNF165,"HEYL,SMAD7,ZNF165",3,-0.10879846621203271,0.10879846621203271
4,FOXP3+SMAD7+HES1+SRF,"FOXP3,HES1,SMAD7,SRF",4,-0.1086185738017858,0.1086185738017858
2,NPM1+AEBP1,"AEBP1,NPM1",2,-0.10860832451149285,0.10860832451149285
4,SFPQ+ZNF202+SRF+NPM1,"NPM1,SFPQ,SRF,ZNF202",4,-0.10842062362812574,0.10842062362812574
3,RARG+NFIA+ZNF165,"NFIA,RARG,ZNF165",3,-0.10840940347735108,0.10840940347735108
4,FOXP3+PAX3+SMAD7+NPM1,"FOXP3,NPM1,PAX3,SMAD7",4,-0.10833736436429074,0.10833736436429074
4,FOXP3+NFIA+SRF+NPM1,"FOXP3,NFIA,NPM1,SRF",4,-0.10832734128752498,0.10832734128752498
3,PAX3+SMAD7+DNMT3B,"DNMT3B,PAX3,SMAD7",3,-0.1081826726281594,0.1081826726281594
4,RARG+DNMT3B+ZNF202+NPM1,"DNMT3B,NPM1,RARG,ZNF202",4,-0.10817828867802497,0.10817828867802497
3,DNMT3B+NFIA+SRF,"DNMT3B,NFIA,SRF",3,-0.10817264955139363,0.10817264955139363
4,HEYL+RARG+ZNF202+ZNF165,"HEYL,RARG,ZNF165,ZNF202",4,-0.10812376755353396,0.10812376755353396
2,ATF4+SFPQ,"ATF4,SFPQ",2,-0.10808598584277773,0.10808598584277773
4,SMAD7+RARG+NFIA+SRF,"NFIA,RARG,SMAD7,SRF",4,-0.10808540043792919,0.10808540043792919
4,FOXP3+RARG+SFPQ+ZNF165,"FOXP3,RARG,SFPQ,ZNF165",4,-0.10799909331404309,0.10799909331404309
2,PAX3+AEBP1,"AEBP1,PAX3",2,-0.10793800980312854,0.10793800980312854
3,SMAD7+NFIA+ZNF202,"NFIA,SMAD7,ZNF202",3,-0.10789826640064597,0.10789826640064597
4,HEYL+DNMT3B+ZNF202+SRF,"DNMT3B,HEYL,SRF,ZNF202",4,-0.10788701362757652,0.10788701362757652
3,SFPQ+SRF+HOXC13,"HOXC13,SFPQ,SRF",3,-0.10784708427818024,0.10784708427818024
4,FOXP3+SFPQ+DNMT3B+SRF,"DNMT3B,FOXP3,SFPQ,SRF",4,-0.10776233938808566,0.10776233938808566
4,FOXP3+RARG+NPM1+HOXC13,"FOXP3,HOXC13,NPM1,RARG",4,-0.10775944106421081,0.10775944106421081
4,PAX3+SFPQ+ZNF202+SRF,"PAX3,SFPQ,SRF,ZNF202",4,-0.10775030891976141,0.10775030891976141
3,ATF4+FOXP3+HEYL,"ATF4,FOXP3,HEYL",3,-0.10770706757835988,0.10770706757835988
3,SMAD7+HEYL+HES1,"HES1,HEYL,SMAD7",3,-0.10766758245479634,0.10766758245479634
4,FOXP3+PAX3+NFIA+SRF,"FOXP3,NFIA,PAX3,SRF",4,-0.10765702657916067,0.10765702657916067
3,RARG+DNMT3B+HOXC13,"DNMT3B,HOXC13,RARG",3,-0.10760474932807947,0.10760474932807947
4,PAX3+RARG+DNMT3B+ZNF202,"DNMT3B,PAX3,RARG,ZNF202",4,-0.10750797396966065,0.10750797396966065
4,FOXP3+SRF+NPM1+ZNF165,"FOXP3,NPM1,SRF,ZNF165",4,-0.10750309004977698,0.10750309004977698
4,FOXP3+SMAD7+SFPQ+ZNF202,"FOXP3,SFPQ,SMAD7,ZNF202",4,-0.10748795623733799,0.10748795623733799
4,FOXP3+HEYL+SRF+HOXC13,"FOXP3,HEYL,HOXC13,SRF",4,-0.10746816601376238,0.10746816601376238
3,HEYL+NFIA+NPM1,"HEYL,NFIA,NPM1",3,-0.10737634994053552,0.10737634994053552
3,DNMT3B+SRF+ZNF165,"DNMT3B,SRF,ZNF165",3,-0.10734839831364563,0.10734839831364563
3,RARG+HES1+NFIA,"HES1,NFIA,RARG",3,-0.1072785197201147,0.1072785197201147
4,SMAD7+RARG+SRF+ZNF165,"RARG,SMAD7,SRF,ZNF165",4,-0.10726114920018118,0.10726114920018118
4,FOXP3+PAX3+RARG+HOXC13,"FOXP3,HOXC13,PAX3,RARG",4,-0.1070891263558465,0.1070891263558465
3,SMAD7+ZNF202+ZNF165,"SMAD7,ZNF165,ZNF202",3,-0.10707401516289797,0.10707401516289797
4,HEYL+RARG+HES1+ZNF202,"HES1,HEYL,RARG,ZNF202",4,-0.10699288379629758,0.10699288379629758
4,FOXP3+HEYL+SFPQ+NPM1,"FOXP3,HEYL,NPM1,SFPQ",4,-0.10696603977722753,0.10696603977722753
4,FOXP3+RARG+SFPQ+HES1,"FOXP3,HES1,RARG,SFPQ",4,-0.10686820955680673,0.10686820955680673
4,FOXP3+PAX3+SRF+ZNF165,"FOXP3,PAX3,SRF,ZNF165",4,-0.10683277534141265,0.10683277534141265
3,HEYL+SFPQ+DNMT3B,"DNMT3B,HEYL,SFPQ",3,-0.10681134804109618,0.10681134804109618
4,SMAD7+HEYL+RARG+SFPQ,"HEYL,RARG,SFPQ,SMAD7",4,-0.10672409892763174,0.10672409892763174
3,PAX3+HEYL+NFIA,"HEYL,NFIA,PAX3",3,-0.1067060352321712,0.1067060352321712
3,HEYL+NPM1+ZNF165,"HEYL,NPM1,ZNF165",3,-0.1065520987027875,0.1065520987027875
3,RARG+HES1+ZNF165,"HES1,RARG,ZNF165",3,-0.10645426848236669,0.10645426848236669
4,FOXP3+HES1+SRF+NPM1,"FOXP3,HES1,NPM1,SRF",4,-0.1063722062925406,0.1063722062925406
4,FOXP3+PAX3+HEYL+SFPQ,"FOXP3,HEYL,PAX3,SFPQ",4,-0.10629572506886323,0.10629572506886323
4,SMAD7+HEYL+SRF+NPM1,"HEYL,NPM1,SMAD7,SRF",4,-0.10622809566336561,0.10622809566336561
3,DNMT3B+HES1+SRF,"DNMT3B,HES1,SRF",3,-0.10621751455640926,0.10621751455640926
4,ATF4+FOXP3+RARG+SRF,"ATF4,FOXP3,RARG,SRF",4,-0.10616975056650833,0.10616975056650833
4,SMAD7+RARG+HES1+SRF,"HES1,RARG,SMAD7,SRF",4,-0.1061302654429448,0.1061302654429448
3,ATF4+FOXP3+ZNF202,"ATF4,FOXP3,ZNF202",3,-0.10598261652922512,0.10598261652922512
3,SMAD7+HES1+ZNF202,"HES1,SMAD7,ZNF202",3,-0.1059431314056616,0.1059431314056616
3,PAX3+DNMT3B+NPM1,"DNMT3B,NPM1,PAX3",3,-0.10593630511891418,0.10593630511891418
3,PAX3+HEYL+ZNF165,"HEYL,PAX3,ZNF165",3,-0.10588178399442319,0.10588178399442319
4,PAX3+SMAD7+RARG+NPM1,"NPM1,PAX3,RARG,SMAD7",4,-0.10584905600544972,0.10584905600544972
4,RARG+NFIA+SRF+NPM1,"NFIA,NPM1,RARG,SRF",4,-0.10583903292868398,0.10583903292868398
4,FOXP3+ZNF202+SRF+HOXC13,"FOXP3,HOXC13,SRF,ZNF202",4,-0.10574371496462764,0.10574371496462764
4,FOXP3+PAX3+HES1+SRF,"FOXP3,HES1,PAX3,SRF",4,-0.10570189158417628,0.10570189158417628
3,NFIA+ZNF202+NPM1,"NFIA,NPM1,ZNF202",3,-0.10565189889140077,0.10565189889140077
4,PAX3+SMAD7+HEYL+SRF,"HEYL,PAX3,SMAD7,SRF",4,-0.10555778095500129,0.10555778095500129
3,HEYL+HES1+NPM1,"HES1,HEYL,NPM1",3,-0.10542121494555114,0.10542121494555114
4,RARG+SFPQ+DNMT3B+SRF,"DNMT3B,RARG,SFPQ,SRF",4,-0.10527403102924465,0.10527403102924465
4,FOXP3+SFPQ+ZNF202+NPM1,"FOXP3,NPM1,SFPQ,ZNF202",4,-0.10524158872809279,0.10524158872809279
3,ATF4+HEYL+RARG,"ATF4,HEYL,RARG",3,-0.10521875921951887,0.10521875921951887
4,PAX3+RARG+NFIA+SRF,"NFIA,PAX3,RARG,SRF",4,-0.10516871822031966,0.10516871822031966
3,SFPQ+DNMT3B+ZNF202,"DNMT3B,SFPQ,ZNF202",3,-0.10508689699196144,0.10508689699196144
2,NFIA+HOXC13,"HOXC13,NFIA",2,-0.10507835954145528,0.10507835954145528
4,RARG+SRF+NPM1+ZNF165,"NPM1,RARG,SRF,ZNF165",4,-0.10501478169093596,0.10501478169093596
4,SMAD7+RARG+SFPQ+ZNF202,"RARG,SFPQ,SMAD7,ZNF202",4,-0.10499964787849698,0.10499964787849698
3,FOXP3+DNMT3B+NFIA,"DNMT3B,FOXP3,NFIA",3,-0.1049936146513607,0.1049936146513607
3,PAX3+NFIA+ZNF202,"NFIA,PAX3,ZNF202",3,-0.10498158418303645,0.10498158418303645
4,HEYL+RARG+SRF+HOXC13,"HEYL,HOXC13,RARG,SRF",4,-0.10497985765492138,0.10497985765492138
4,FOXP3+SMAD7+RARG+NFIA,"FOXP3,NFIA,RARG,SMAD7",4,-0.10490636553789623,0.10490636553789623
3,ZNF202+NPM1+ZNF165,"NPM1,ZNF165,ZNF202",3,-0.10482764765365275,0.10482764765365275
3,HEYL+ZNF202+HOXC13,"HEYL,HOXC13,ZNF202",3,-0.10479272361763817,0.10479272361763817
3,PAX3+HEYL+HES1,"HES1,HEYL,PAX3",3,-0.10475090023718682,0.10475090023718682
4,FOXP3+HEYL+DNMT3B+ZNF202,"DNMT3B,FOXP3,HEYL,ZNF202",4,-0.10470797872754357,0.10470797872754357
3,FOXP3+SFPQ+HOXC13,"FOXP3,HOXC13,SFPQ",3,-0.10466804937814729,0.10466804937814729
4,FOXP3+PAX3+SFPQ+ZNF202,"FOXP3,PAX3,SFPQ,ZNF202",4,-0.10457127401972847,0.10457127401972847
4,SMAD7+ZNF202+SRF+NPM1,"NPM1,SMAD7,SRF,ZNF202",4,-0.10450364461423087,0.10450364461423087
4,HEYL+RARG+SFPQ+NPM1,"HEYL,NPM1,RARG,SFPQ",4,-0.10447773141838652,0.10447773141838652
4,PAX3+RARG+SRF+ZNF165,"PAX3,RARG,SRF,ZNF165",4,-0.10434446698257165,0.10434446698257165
2,HOXC13+ZNF165,"HOXC13,ZNF165",2,-0.10425410830370727,0.10425410830370727
3,FOXP3+DNMT3B+ZNF165,"DNMT3B,FOXP3,ZNF165",3,-0.10416936341361269,0.10416936341361269
2,ATF4+SMAD7,"ATF4,SMAD7",2,-0.10416900682888286,0.10416900682888286
3,PAX3+ZNF202+ZNF165,"PAX3,ZNF165,ZNF202",3,-0.10415733294528844,0.10415733294528844
4,FOXP3+SMAD7+RARG+ZNF165,"FOXP3,RARG,SMAD7,ZNF165",4,-0.10408211430014822,0.10408211430014822
3,SMAD7+SRF+HOXC13,"HOXC13,SMAD7,SRF",3,-0.10393010526428537,0.10393010526428537
4,RARG+HES1+SRF+NPM1,"HES1,NPM1,RARG,SRF",4,-0.10388389793369959,0.10388389793369959
4,FOXP3+SMAD7+DNMT3B+SRF,"DNMT3B,FOXP3,SMAD7,SRF",4,-0.10384536037419079,0.10384536037419079
4,PAX3+SMAD7+ZNF202+SRF,"PAX3,SMAD7,SRF,ZNF202",4,-0.10383332990586654,0.10383332990586654
4,PAX3+HEYL+RARG+SFPQ,"HEYL,PAX3,RARG,SFPQ",4,-0.10380741671002222,0.10380741671002222
3,HES1+ZNF202+NPM1,"HES1,NPM1,ZNF202",3,-0.10369676389641638,0.10369676389641638
3,FOXP3+SRF+AEBP1,"AEBP1,FOXP3,SRF",3,-0.10360069754915993,0.10360069754915993
3,ATF4+RARG+ZNF202,"ATF4,RARG,ZNF202",3,-0.10349430817038412,0.10349430817038412
3,SMAD7+SFPQ+NPM1,"NPM1,SFPQ,SMAD7",3,-0.10342797902775053,0.10342797902775053
4,PAX3+HEYL+SRF+NPM1,"HEYL,NPM1,PAX3,SRF",4,-0.10331141344575609,0.10331141344575609
4,RARG+ZNF202+SRF+HOXC13,"HOXC13,RARG,SRF,ZNF202",4,-0.10325540660578661,0.10325540660578661
4,PAX3+RARG+HES1+SRF,"HES1,PAX3,RARG,SRF",4,-0.10321358322533528,0.10321358322533528
2,HES1+HOXC13,"HES1,HOXC13",2,-0.10312322454647088,0.10312322454647088
4,FOXP3+SMAD7+HEYL+NPM1,"FOXP3,HEYL,NPM1,SMAD7",4,-0.10304906076333266,0.10304906076333266
3,FOXP3+DNMT3B+HES1,"DNMT3B,FOXP3,HES1",3,-0.1030384796563763,0.1030384796563763
3,PAX3+HES1+ZNF202,"HES1,PAX3,ZNF202",3,-0.10302644918805207,0.10302644918805207
4,FOXP3+SMAD7+RARG+HES1,"FOXP3,HES1,RARG,SMAD7",4,-0.10295123054291186,0.10295123054291186
3,SMAD7+HEYL+DNMT3B,"DNMT3B,HEYL,SMAD7",3,-0.10289436902720131,0.10289436902720131
3,PAX3+SMAD7+SFPQ,"PAX3,SFPQ,SMAD7",3,-0.10275766431938621,0.10275766431938621
4,RARG+SFPQ+ZNF202+NPM1,"NPM1,RARG,SFPQ,ZNF202",4,-0.10275328036925178,0.10275328036925178
3,SFPQ+NFIA+SRF,"NFIA,SFPQ,SRF",3,-0.10274764124262045,0.10274764124262045
4,FOXP3+RARG+NFIA+NPM1,"FOXP3,NFIA,NPM1,RARG",4,-0.10265999802865103,0.10265999802865103
2,HEYL+AEBP1,"AEBP1,HEYL",2,-0.10264970620217047,0.10264970620217047
3,RARG+DNMT3B+NFIA,"DNMT3B,NFIA,RARG",3,-0.1025053062925197,0.1025053062925197
4,HEYL+SFPQ+ZNF202+SRF,"HEYL,SFPQ,SRF,ZNF202",4,-0.10246200531880334,0.10246200531880334
4,FOXP3+PAX3+SMAD7+HEYL,"FOXP3,HEYL,PAX3,SMAD7",4,-0.10237874605496836,0.10237874605496836
4,FOXP3+HEYL+NFIA+SRF,"FOXP3,HEYL,NFIA,SRF",4,-0.1023687229782026,0.1023687229782026
4,HEYL+RARG+DNMT3B+ZNF202,"DNMT3B,HEYL,RARG,ZNF202",4,-0.10221967036870257,0.10221967036870257
3,RARG+SFPQ+HOXC13,"HOXC13,RARG,SFPQ",3,-0.10217974101930628,0.10217974101930628
4,FOXP3+RARG+SFPQ+DNMT3B,"DNMT3B,FOXP3,RARG,SFPQ",4,-0.1020949961292117,0.1020949961292117
4,PAX3+RARG+SFPQ+ZNF202,"PAX3,RARG,SFPQ,ZNF202",4,-0.10208296566088747,0.10208296566088747
4,FOXP3+PAX3+RARG+NFIA,"FOXP3,NFIA,PAX3,RARG",4,-0.10198968332028671,0.10198968332028671
3,SFPQ+SRF+ZNF165,"SFPQ,SRF,ZNF165",3,-0.10192339000487245,0.10192339000487245
2,ATF4+NPM1,"ATF4,NPM1",2,-0.10192263931963766,0.10192263931963766
4,FOXP3+RARG+NPM1+ZNF165,"FOXP3,NPM1,RARG,ZNF165",4,-0.10183574679090301,0.10183574679090301
4,FOXP3+HEYL+RARG+HOXC13,"FOXP3,HEYL,HOXC13,RARG",4,-0.10180082275488841,0.10180082275488841
3,SRF+NPM1+HOXC13,"HOXC13,NPM1,SRF",3,-0.10168373775504017,0.10168373775504017
3,RARG+DNMT3B+ZNF165,"DNMT3B,RARG,ZNF165",3,-0.10168105505477168,0.10168105505477168
4,FOXP3+DNMT3B+SRF+NPM1,"DNMT3B,FOXP3,NPM1,SRF",4,-0.10159899286494559,0.10159899286494559
4,PAX3+ZNF202+SRF+NPM1,"NPM1,PAX3,SRF,ZNF202",4,-0.10158696239662134,0.10158696239662134
4,FOXP3+HEYL+SRF+ZNF165,"FOXP3,HEYL,SRF,ZNF165",4,-0.10154447174045458,0.10154447174045458
4,SMAD7+RARG+DNMT3B+SRF,"DNMT3B,RARG,SMAD7,SRF",4,-0.10135705201534978,0.10135705201534978
4,FOXP3+SMAD7+ZNF202+NPM1,"FOXP3,NPM1,SMAD7,ZNF202",4,-0.10132460971419792,0.10132460971419792
2,ATF4+PAX3,"ATF4,PAX3",2,-0.10125232461127334,0.10125232461127334
3,SMAD7+DNMT3B+ZNF202,"DNMT3B,SMAD7,ZNF202",3,-0.10116991797806657,0.10116991797806657
4,FOXP3+PAX3+RARG+ZNF165,"FOXP3,PAX3,RARG,ZNF165",4,-0.1011654320825387,0.1011654320825387
3,RARG+SRF+AEBP1,"AEBP1,RARG,SRF",3,-0.10111238919031892,0.10111238919031892
3,PAX3+SRF+HOXC13,"HOXC13,PAX3,SRF",3,-0.10101342304667585,0.10101342304667585
4,FOXP3+PAX3+DNMT3B+SRF,"DNMT3B,FOXP3,PAX3,SRF",4,-0.10092867815658127,0.10092867815658127
2,ZNF202+AEBP1,"AEBP1,ZNF202",2,-0.10092525515303571,0.10092525515303571
3,SFPQ+HES1+SRF,"HES1,SFPQ,SRF",3,-0.10079250624763608,0.10079250624763608
3,FOXP3+SMAD7+HOXC13,"FOXP3,HOXC13,SMAD7",3,-0.10075107036425242,0.10075107036425242
4,FOXP3+RARG+HES1+NPM1,"FOXP3,HES1,NPM1,RARG",4,-0.10070486303366664,0.10070486303366664
4,FOXP3+PAX3+SMAD7+ZNF202,"FOXP3,PAX3,SMAD7,ZNF202",4,-0.1006542950058336,0.1006542950058336
3,HEYL+DNMT3B+NPM1,"DNMT3B,HEYL,NPM1",3,-0.10064800151795611,0.10064800151795611
4,FOXP3+NFIA+ZNF202+SRF,"FOXP3,NFIA,SRF,ZNF202",4,-0.10064427192906784,0.10064427192906784
4,SMAD7+HEYL+RARG+NPM1,"HEYL,NPM1,RARG,SMAD7",4,-0.10056075240449165,0.10056075240449165
3,RARG+DNMT3B+HES1,"DNMT3B,HES1,RARG",3,-0.1005501712975353,0.1005501712975353
3,PAX3+SFPQ+NPM1,"NPM1,PAX3,SFPQ",3,-0.100511296810141,0.100511296810141
4,FOXP3+HEYL+HES1+SRF,"FOXP3,HES1,HEYL,SRF",4,-0.10041358798321821,0.10041358798321821
4,FOXP3+PAX3+HEYL+NPM1,"FOXP3,HEYL,NPM1,PAX3",4,-0.10013237854572314,0.10013237854572314
4,FOXP3+RARG+ZNF202+HOXC13,"FOXP3,HOXC13,RARG,ZNF202",4,-0.10007637170575368,0.10007637170575368
4,FOXP3+PAX3+RARG+HES1,"FOXP3,HES1,PAX3,RARG",4,-0.10003454832530233,0.10003454832530233
3,PAX3+HEYL+DNMT3B,"DNMT3B,HEYL,PAX3",3,-0.09997768680959179,0.09997768680959179
4,PAX3+SMAD7+HEYL+RARG,"HEYL,PAX3,RARG,SMAD7",4,-0.09989043769612733,0.09989043769612733
4,HEYL+RARG+NFIA+SRF,"HEYL,NFIA,RARG,SRF",4,-0.09988041461936159,0.09988041461936159
4,FOXP3+ZNF202+SRF+ZNF165,"FOXP3,SRF,ZNF165,ZNF202",4,-0.09982002069131984,0.09982002069131984
3,HEYL+NFIA+ZNF202,"HEYL,NFIA,ZNF202",3,-0.09969328058207838,0.09969328058207838
3,FOXP3+SFPQ+NFIA,"FOXP3,NFIA,SFPQ",3,-0.09956860634258752,0.09956860634258752
4,FOXP3+HEYL+SFPQ+ZNF202,"FOXP3,HEYL,SFPQ,ZNF202",4,-0.09928297041877039,0.09928297041877039
2,NFIA+ZNF165,"NFIA,ZNF165",2,-0.09915466526814748,0.09915466526814748
4,RARG+DNMT3B+SRF+NPM1,"DNMT3B,NPM1,RARG,SRF",4,-0.09911068450610458,0.09911068450610458
4,HEYL+RARG+SRF+ZNF165,"HEYL,RARG,SRF,ZNF165",4,-0.09905616338161358,0.09905616338161358
3,DNMT3B+ZNF202+NPM1,"DNMT3B,NPM1,ZNF202",3,-0.09892355046882137,0.09892355046882137
3,HEYL+ZNF202+ZNF165,"HEYL,ZNF165,ZNF202",3,-0.09886902934433037,0.09886902934433037
4,SMAD7+RARG+ZNF202+NPM1,"NPM1,RARG,SMAD7,ZNF202",4,-0.09883630135535691,0.09883630135535691
3,SMAD7+NFIA+SRF,"NFIA,SMAD7,SRF",3,-0.09883066222872558,0.09883066222872558
3,FOXP3+SFPQ+ZNF165,"FOXP3,SFPQ,ZNF165",3,-0.0987443551048395,0.0987443551048395
4,FOXP3+HES1+ZNF202+SRF,"FOXP3,HES1,SRF,ZNF202",4,-0.09868913693408346,0.09868913693408346
4,SMAD7+HEYL+ZNF202+SRF,"HEYL,SMAD7,SRF,ZNF202",4,-0.09854502630490847,0.09854502630490847
3,FOXP3+NPM1+HOXC13,"FOXP3,HOXC13,NPM1",3,-0.0985047028550072,0.0985047028550072
4,PAX3+RARG+DNMT3B+SRF,"DNMT3B,PAX3,RARG,SRF",4,-0.09844036979774026,0.09844036979774026
4,FOXP3+SMAD7+SFPQ+SRF,"FOXP3,SFPQ,SMAD7,SRF",4,-0.0984203520654176,0.0984203520654176
4,FOXP3+PAX3+ZNF202+NPM1,"FOXP3,NPM1,PAX3,ZNF202",4,-0.09840792749658839,0.09840792749658839
2,DNMT3B+HOXC13,"DNMT3B,HOXC13",2,-0.09835001111887587,0.09835001111887587
3,SMAD7+RARG+HOXC13,"HOXC13,RARG,SMAD7",3,-0.09826276200541141,0.09826276200541141
3,PAX3+DNMT3B+ZNF202,"DNMT3B,PAX3,ZNF202",3,-0.09825323576045704,0.09825323576045704
4,FOXP3+SMAD7+RARG+DNMT3B,"DNMT3B,FOXP3,RARG,SMAD7",4,-0.09817801711531683,0.09817801711531683
4,PAX3+SMAD7+RARG+ZNF202,"PAX3,RARG,SMAD7,ZNF202",4,-0.09816598664699258,0.09816598664699258
4,RARG+NFIA+ZNF202+SRF,"NFIA,RARG,SRF,ZNF202",4,-0.09815596357022684,0.09815596357022684
2,HES1+NFIA,"HES1,NFIA",2,-0.09802378151091111,0.09802378151091111
3,SMAD7+SRF+ZNF165,"SMAD7,SRF,ZNF165",3,-0.09800641099097758,0.09800641099097758
3,FOXP3+RARG+AEBP1,"AEBP1,FOXP3,RARG",3,-0.09793335429028598,0.09793335429028598
4,HEYL+RARG+HES1+SRF,"HES1,HEYL,RARG,SRF",4,-0.09792527962437719,0.09792527962437719
3,FOXP3+PAX3+HOXC13,"FOXP3,HOXC13,PAX3",3,-0.09783438814664289,0.09783438814664289
3,HEYL+HES1+ZNF202,"HES1,HEYL,ZNF202",3,-0.097738145587094,0.097738145587094
4,PAX3+HEYL+RARG+NPM1,"HEYL,NPM1,PAX3,RARG",4,-0.09764407018688213,0.09764407018688213
3,FOXP3+SFPQ+HES1,"FOXP3,HES1,SFPQ",3,-0.09761347134760312,0.09761347134760312
3,SMAD7+HEYL+SFPQ,"HEYL,SFPQ,SMAD7",3,-0.09746936071842813,0.09746936071842813
4,RARG+ZNF202+SRF+ZNF165,"RARG,SRF,ZNF165,ZNF202",4,-0.09733171233247882,0.09733171233247882
2,HES1+ZNF165,"HES1,ZNF165",2,-0.0971995302731631,0.0971995302731631
3,RARG+SFPQ+NFIA,"NFIA,RARG,SFPQ",3,-0.09708029798374651,0.09708029798374651
3,ATF4+FOXP3+SRF,"ATF4,FOXP3,SRF",3,-0.09691501235730474,0.09691501235730474
3,SMAD7+HES1+SRF,"HES1,SMAD7,SRF",3,-0.09687552723374121,0.09687552723374121
4,HEYL+RARG+SFPQ+ZNF202,"HEYL,RARG,SFPQ,ZNF202",4,-0.09679466205992938,0.09679466205992938
4,FOXP3+HEYL+RARG+NFIA,"FOXP3,HEYL,NFIA,RARG",4,-0.09670137971932864,0.09670137971932864
3,PAX3+SMAD7+NPM1,"NPM1,PAX3,SMAD7",3,-0.09659431779624612,0.09659431779624612
3,NFIA+SRF+NPM1,"NFIA,NPM1,SRF",3,-0.09658429471948038,0.09658429471948038
4,HEYL+ZNF202+SRF+NPM1,"HEYL,NPM1,SRF,ZNF202",4,-0.09629865879566327,0.09629865879566327
3,RARG+SFPQ+ZNF165,"RARG,SFPQ,ZNF165",3,-0.0962560467459985,0.0962560467459985
4,RARG+HES1+ZNF202+SRF,"HES1,RARG,SRF,ZNF202",4,-0.09620082857524245,0.09620082857524245
4,FOXP3+SFPQ+SRF+NPM1,"FOXP3,NPM1,SFPQ,SRF",4,-0.0961739845561724,0.0961739845561724
3,SFPQ+DNMT3B+SRF,"DNMT3B,SFPQ,SRF",3,-0.09601929282004106,0.09601929282004106
3,RARG+NPM1+HOXC13,"HOXC13,NPM1,RARG",3,-0.0960163944961662,0.0960163944961662
2,ATF4+HEYL,"ATF4,HEYL",2,-0.09596402101031527,0.09596402101031527
4,SMAD7+RARG+SFPQ+SRF,"RARG,SFPQ,SMAD7,SRF",4,-0.0959320437065766,0.0959320437065766
4,FOXP3+RARG+DNMT3B+NPM1,"DNMT3B,FOXP3,NPM1,RARG",4,-0.09593164960607163,0.09593164960607163
4,PAX3+RARG+ZNF202+NPM1,"NPM1,PAX3,RARG,ZNF202",4,-0.09591961913774738,0.09591961913774738
3,PAX3+NFIA+SRF,"NFIA,PAX3,SRF",3,-0.09591398001111606,0.09591398001111606
4,FOXP3+HEYL+RARG+ZNF165,"FOXP3,HEYL,RARG,ZNF165",4,-0.09587712848158063,0.09587712848158063
3,SRF+NPM1+ZNF165,"NPM1,SRF,ZNF165",3,-0.09576004348173237,0.09576004348173237
3,SMAD7+SFPQ+ZNF202,"SFPQ,SMAD7,ZNF202",3,-0.09574490966929339,0.09574490966929339
3,HEYL+SRF+HOXC13,"HEYL,HOXC13,SRF",3,-0.09572511944571777,0.09572511944571777
3,FOXP3+SMAD7+NFIA,"FOXP3,NFIA,SMAD7",3,-0.09565162732869265,0.09565162732869265
4,FOXP3+HEYL+DNMT3B+SRF,"DNMT3B,FOXP3,HEYL,SRF",4,-0.09564037455562319,0.09564037455562319
4,PAX3+HEYL+ZNF202+SRF,"HEYL,PAX3,SRF,ZNF202",4,-0.09562834408729895,0.09562834408729895
4,FOXP3+PAX3+SFPQ+SRF,"FOXP3,PAX3,SFPQ,SRF",4,-0.09550366984780809,0.09550366984780809
4,FOXP3+SMAD7+HEYL+ZNF202,"FOXP3,HEYL,SMAD7,ZNF202",4,-0.09536599140487552,0.09536599140487552
3,PAX3+RARG+HOXC13,"HOXC13,PAX3,RARG",3,-0.09534607978780188,0.09534607978780188
4,FOXP3+PAX3+RARG+DNMT3B,"DNMT3B,FOXP3,PAX3,RARG",4,-0.0952613348977073,0.0952613348977073
3,HEYL+SFPQ+NPM1,"HEYL,NPM1,SFPQ",3,-0.09522299320918293,0.09522299320918293
3,RARG+SFPQ+HES1,"HES1,RARG,SFPQ",3,-0.09512516298876211,0.09512516298876211
3,PAX3+SRF+ZNF165,"PAX3,SRF,ZNF165",3,-0.09508972877336805,0.09508972877336805
4,FOXP3+RARG+NFIA+ZNF202,"FOXP3,NFIA,RARG,ZNF202",4,-0.09497692867019389,0.09497692867019389
3,FOXP3+SMAD7+ZNF165,"FOXP3,SMAD7,ZNF165",3,-0.09482737609094463,0.09482737609094463
4,FOXP3+HEYL+RARG+HES1,"FOXP3,HES1,HEYL,RARG",4,-0.09474624472434426,0.09474624472434426
3,HES1+SRF+NPM1,"HES1,NPM1,SRF",3,-0.094629159724496,0.094629159724496
3,PAX3+HEYL+SFPQ,"HEYL,PAX3,SFPQ",3,-0.09455267850081861,0.09455267850081861
3,ATF4+RARG+SRF,"ATF4,RARG,SRF",3,-0.09442670399846373,0.09442670399846373
2,ATF4+ZNF202,"ATF4,ZNF202",2,-0.09423956996118052,0.09423956996118052
4,FOXP3+RARG+ZNF202+ZNF165,"FOXP3,RARG,ZNF165,ZNF202",4,-0.09415267743244587,0.09415267743244587
3,ZNF202+SRF+HOXC13,"HOXC13,SRF,ZNF202",3,-0.09400066839658303,0.09400066839658303
3,PAX3+HES1+SRF,"HES1,PAX3,SRF",3,-0.09395884501613168,0.09395884501613168
4,FOXP3+DNMT3B+ZNF202+SRF,"DNMT3B,FOXP3,SRF,ZNF202",4,-0.09391592350648845,0.09391592350648845
3,FOXP3+SMAD7+HES1,"FOXP3,HES1,SMAD7",3,-0.09369649233370825,0.09369649233370825
4,RARG+SFPQ+SRF+NPM1,"NPM1,RARG,SFPQ,SRF",4,-0.0936856761973314,0.0936856761973314
3,SFPQ+ZNF202+NPM1,"NPM1,SFPQ,ZNF202",3,-0.09349854216004819,0.09349854216004819
3,FOXP3+NFIA+NPM1,"FOXP3,NFIA,NPM1",3,-0.09340525981944743,0.09340525981944743
2,DNMT3B+NFIA,"DNMT3B,NFIA",2,-0.09325056808331608,0.09325056808331608
3,SMAD7+RARG+NFIA,"NFIA,RARG,SMAD7",3,-0.09316331896985164,0.09316331896985164
4,HEYL+RARG+DNMT3B+SRF,"DNMT3B,HEYL,RARG,SRF",4,-0.09315206619678218,0.09315206619678218
4,FOXP3+HEYL+ZNF202+NPM1,"FOXP3,HEYL,NPM1,ZNF202",4,-0.09311962389563032,0.09311962389563032
4,FOXP3+RARG+HES1+ZNF202,"FOXP3,HES1,RARG,ZNF202",4,-0.0930217936752095,0.0930217936752095
4,PAX3+RARG+SFPQ+SRF,"PAX3,RARG,SFPQ,SRF",4,-0.09301536148896708,0.09301536148896708
3,HEYL+DNMT3B+ZNF202,"DNMT3B,HEYL,ZNF202",3,-0.09296493215949897,0.09296493215949897
2,SFPQ+HOXC13,"HOXC13,SFPQ",2,-0.09292500281010269,0.09292500281010269
4,SMAD7+HEYL+RARG+ZNF202,"HEYL,RARG,SMAD7,ZNF202",4,-0.09287768304603451,0.09287768304603451
3,FOXP3+SFPQ+DNMT3B,"DNMT3B,FOXP3,SFPQ",3,-0.0928402579200081,0.0928402579200081
3,PAX3+SFPQ+ZNF202,"PAX3,SFPQ,ZNF202",3,-0.09282822745168386,0.09282822745168386
4,FOXP3+SMAD7+RARG+SFPQ,"FOXP3,RARG,SFPQ,SMAD7",4,-0.09275300880654365,0.09275300880654365
3,FOXP3+PAX3+NFIA,"FOXP3,NFIA,PAX3",3,-0.09273494511108311,0.09273494511108311
3,FOXP3+NPM1+ZNF165,"FOXP3,NPM1,ZNF165",3,-0.09258100858169942,0.09258100858169942
3,FOXP3+HEYL+HOXC13,"FOXP3,HEYL,HOXC13",3,-0.09254608454568483,0.09254608454568483
4,FOXP3+PAX3+HEYL+ZNF202,"FOXP3,HEYL,PAX3,ZNF202",4,-0.092449309187266,0.092449309187266
2,DNMT3B+ZNF165,"DNMT3B,ZNF165",2,-0.09242631684556807,0.09242631684556807
3,SMAD7+RARG+ZNF165,"RARG,SMAD7,ZNF165",3,-0.09233906773210362,0.09233906773210362
4,FOXP3+SMAD7+SRF+NPM1,"FOXP3,NPM1,SMAD7,SRF",4,-0.09225700554227753,0.09225700554227753
3,SMAD7+DNMT3B+SRF,"DNMT3B,SMAD7,SRF",3,-0.09210231380614618,0.09210231380614618
3,FOXP3+PAX3+ZNF165,"FOXP3,PAX3,ZNF165",3,-0.0919106938733351,0.0919106938733351
2,SRF+AEBP1,"AEBP1,SRF",2,-0.09185765098111533,0.09185765098111533
4,FOXP3+PAX3+SMAD7+SRF,"FOXP3,PAX3,SMAD7,SRF",4,-0.09158669083391321,0.09158669083391321
3,FOXP3+HES1+NPM1,"FOXP3,HES1,NPM1",3,-0.09145012482446305,0.09145012482446305
4,RARG+DNMT3B+ZNF202+SRF,"DNMT3B,RARG,SRF,ZNF202",4,-0.09142761514764744,0.09142761514764744
3,SMAD7+HEYL+NPM1,"HEYL,NPM1,SMAD7",3,-0.09130601419528805,0.09130601419528805
2,DNMT3B+HES1,"DNMT3B,HES1",2,-0.09129543308833171,0.09129543308833171
3,ATF4+FOXP3+RARG,"ATF4,FOXP3,RARG",3,-0.09124766909843078,0.09124766909843078
3,SMAD7+RARG+HES1,"HES1,RARG,SMAD7",3,-0.09120818397486724,0.09120818397486724
4,FOXP3+RARG+SRF+HOXC13,"FOXP3,HOXC13,RARG,SRF",4,-0.09100876753383327,0.09100876753383327
3,RARG+NFIA+NPM1,"NFIA,NPM1,RARG",3,-0.09091695146060642,0.09091695146060642
3,FOXP3+ZNF202+HOXC13,"FOXP3,HOXC13,ZNF202",3,-0.09082163349655008,0.09082163349655008
3,FOXP3+PAX3+HES1,"FOXP3,HES1,PAX3",3,-0.09077981011609873,0.09077981011609873
3,PAX3+SMAD7+HEYL,"HEYL,PAX3,SMAD7",3,-0.09063569948692374,0.09063569948692374
4,HEYL+RARG+ZNF202+NPM1,"HEYL,NPM1,RARG,ZNF202",4,-0.09063131553678931,0.09063131553678931
3,HEYL+NFIA+SRF,"HEYL,NFIA,SRF",3,-0.090625676410158,0.090625676410158
4,FOXP3+RARG+SFPQ+NPM1,"FOXP3,NPM1,RARG,SFPQ",4,-0.09050664129729843,0.09050664129729843
3,RARG+SFPQ+DNMT3B,"DNMT3B,RARG,SFPQ",3,-0.0903519495611671,0.0903519495611671
3,PAX3+RARG+NFIA,"NFIA,PAX3,RARG",3,-0.09024663675224211,0.09024663675224211
4,FOXP3+HEYL+SFPQ+SRF,"FOXP3,HEYL,SFPQ,SRF",4,-0.09021536624685,0.09021536624685
3,RARG+NPM1+ZNF165,"NPM1,RARG,ZNF165",3,-0.09009270022285841,0.09009270022285841
3,HEYL+RARG+HOXC13,"HEYL,HOXC13,RARG",3,-0.09005777618684381,0.09005777618684381
4,FOXP3+HEYL+RARG+DNMT3B,"DNMT3B,FOXP3,HEYL,RARG",4,-0.08997303129674925,0.08997303129674925
4,PAX3+HEYL+RARG+ZNF202,"HEYL,PAX3,RARG,ZNF202",4,-0.089961000828425,0.089961000828425
3,DNMT3B+SRF+NPM1,"DNMT3B,NPM1,SRF",3,-0.08985594629690098,0.08985594629690098
4,FOXP3+PAX3+RARG+SFPQ,"FOXP3,PAX3,RARG,SFPQ",4,-0.08983632658893412,0.08983632658893412
3,HEYL+SRF+ZNF165,"HEYL,SRF,ZNF165",3,-0.08980142517240998,0.08980142517240998
4,SMAD7+RARG+SRF+NPM1,"NPM1,RARG,SMAD7,SRF",4,-0.08976869718343652,0.08976869718343652
3,SMAD7+ZNF202+NPM1,"NPM1,SMAD7,ZNF202",3,-0.08958156314615331,0.08958156314615331
3,PAX3+RARG+ZNF165,"PAX3,RARG,ZNF165",3,-0.0894223855144941,0.0894223855144941
4,FOXP3+PAX3+SRF+NPM1,"FOXP3,NPM1,PAX3,SRF",4,-0.089340323324668,0.089340323324668
3,PAX3+DNMT3B+SRF,"DNMT3B,PAX3,SRF",3,-0.08918563158853665,0.08918563158853665
4,PAX3+SMAD7+RARG+SRF,"PAX3,RARG,SMAD7,SRF",4,-0.0890983824750722,0.0890983824750722
2,SMAD7+HOXC13,"HOXC13,SMAD7",2,-0.08900802379620781,0.08900802379620781
3,RARG+HES1+NPM1,"HES1,NPM1,RARG",3,-0.08896181646562204,0.08896181646562204
3,FOXP3+SMAD7+DNMT3B,"DNMT3B,FOXP3,SMAD7",3,-0.08892327890611323,0.08892327890611323
3,PAX3+SMAD7+ZNF202,"PAX3,SMAD7,ZNF202",3,-0.08891124843778898,0.08891124843778898
3,NFIA+ZNF202+SRF,"NFIA,SRF,ZNF202",3,-0.08890122536102324,0.08890122536102324
2,FOXP3+AEBP1,"AEBP1,FOXP3",2,-0.08867861608108238,0.08867861608108238
3,HEYL+HES1+SRF,"HES1,HEYL,SRF",3,-0.08867054141517361,0.08867054141517361
4,FOXP3+SFPQ+ZNF202+SRF,"FOXP3,SFPQ,SRF,ZNF202",4,-0.08849091519771526,0.08849091519771526
3,PAX3+HEYL+NPM1,"HEYL,NPM1,PAX3",3,-0.08838933197767854,0.08838933197767854
3,RARG+ZNF202+HOXC13,"HOXC13,RARG,ZNF202",3,-0.08833332513770906,0.08833332513770906
3,PAX3+RARG+HES1,"HES1,PAX3,RARG",3,-0.08829150175725772,0.08829150175725772
4,FOXP3+RARG+DNMT3B+ZNF202,"DNMT3B,FOXP3,RARG,ZNF202",4,-0.08824858024761449,0.08824858024761449
3,ZNF202+SRF+ZNF165,"SRF,ZNF165,ZNF202",3,-0.08807697412327523,0.08807697412327523
2,SFPQ+NFIA,"NFIA,SFPQ",2,-0.0878255597745429,0.0878255597745429
4,HEYL+RARG+SFPQ+SRF,"HEYL,RARG,SFPQ,SRF",4,-0.087727057888009,0.087727057888009
3,HEYL+SFPQ+ZNF202,"HEYL,SFPQ,ZNF202",3,-0.08753992385072579,0.08753992385072579
3,FOXP3+HEYL+NFIA,"FOXP3,HEYL,NFIA",3,-0.08744664151012504,0.08744664151012504
2,SFPQ+ZNF165,"SFPQ,ZNF165",2,-0.08700130853679489,0.08700130853679489
3,HES1+ZNF202+SRF,"HES1,SRF,ZNF202",3,-0.08694609036603886,0.08694609036603886
4,PAX3+RARG+SRF+NPM1,"NPM1,PAX3,RARG,SRF",4,-0.08685201496582699,0.08685201496582699
2,NPM1+HOXC13,"HOXC13,NPM1",2,-0.08676165628696261,0.08676165628696261
3,SMAD7+SFPQ+SRF,"SFPQ,SMAD7,SRF",3,-0.086677305497373,0.086677305497373
3,FOXP3+DNMT3B+NPM1,"DNMT3B,FOXP3,NPM1",3,-0.08667691139686803,0.08667691139686803
3,PAX3+ZNF202+NPM1,"NPM1,PAX3,ZNF202",3,-0.08666488092854378,0.08666488092854378
3,FOXP3+HEYL+ZNF165,"FOXP3,HEYL,ZNF165",3,-0.08662239027237703,0.08662239027237703
4,FOXP3+SMAD7+RARG+NPM1,"FOXP3,NPM1,RARG,SMAD7",4,-0.08658966228340356,0.08658966228340356
3,SMAD7+RARG+DNMT3B,"DNMT3B,RARG,SMAD7",3,-0.08643497054727223,0.08643497054727223
4,FOXP3+SMAD7+HEYL+SRF,"FOXP3,HEYL,SMAD7,SRF",4,-0.08629838723295513,0.08629838723295513
2,RARG+AEBP1,"AEBP1,RARG",2,-0.08619030772224137,0.08619030772224137
2,PAX3+HOXC13,"HOXC13,PAX3",2,-0.0860913415785983,0.0860913415785983
3,FOXP3+PAX3+DNMT3B,"DNMT3B,FOXP3,PAX3",3,-0.08600659668850372,0.08600659668850372
4,RARG+SFPQ+ZNF202+SRF,"RARG,SFPQ,SRF,ZNF202",4,-0.08600260683887426,0.08600260683887426
4,FOXP3+PAX3+SMAD7+RARG,"FOXP3,PAX3,RARG,SMAD7",4,-0.08591934757503926,0.08591934757503926
4,FOXP3+RARG+NFIA+SRF,"FOXP3,NFIA,RARG,SRF",4,-0.0859093244982735,0.0859093244982735
2,SFPQ+HES1,"HES1,SFPQ",2,-0.08587042477955853,0.08587042477955853
3,FOXP3+NFIA+ZNF202,"FOXP3,NFIA,ZNF202",3,-0.08572219046099029,0.08572219046099029
3,FOXP3+HEYL+HES1,"FOXP3,HES1,HEYL",3,-0.08549150651514066,0.08549150651514066
2,ATF4+SRF,"ATF4,SRF",2,-0.08517196578926013,0.08517196578926013
4,FOXP3+RARG+SRF+ZNF165,"FOXP3,RARG,SRF,ZNF165",4,-0.08508507326052549,0.08508507326052549
3,HEYL+RARG+NFIA,"HEYL,NFIA,RARG",3,-0.08495833315128404,0.08495833315128404
3,FOXP3+ZNF202+ZNF165,"FOXP3,ZNF165,ZNF202",3,-0.08489793922324229,0.08489793922324229
4,FOXP3+SMAD7+ZNF202+SRF,"FOXP3,SMAD7,SRF,ZNF202",4,-0.08457393618382039,0.08457393618382039
4,FOXP3+HEYL+RARG+SFPQ,"FOXP3,HEYL,RARG,SFPQ",4,-0.08454802298797606,0.08454802298797606
3,SFPQ+SRF+NPM1,"NPM1,SFPQ,SRF",3,-0.0844309379881278,0.0844309379881278
3,RARG+DNMT3B+NPM1,"DNMT3B,NPM1,RARG",3,-0.08418860303802703,0.08418860303802703
3,HEYL+RARG+ZNF165,"HEYL,RARG,ZNF165",3,-0.08413408191353602,0.08413408191353602
4,FOXP3+HEYL+SRF+NPM1,"FOXP3,HEYL,NPM1,SRF",4,-0.08405201972370993,0.08405201972370993
4,FOXP3+RARG+HES1+SRF,"FOXP3,HES1,RARG,SRF",4,-0.08395418950328912,0.08395418950328912
2,SMAD7+NFIA,"NFIA,SMAD7",2,-0.08390858076064803,0.08390858076064803
3,HEYL+DNMT3B+SRF,"DNMT3B,HEYL,SRF",3,-0.08389732798757858,0.08389732798757858
4,SMAD7+HEYL+RARG+SRF,"HEYL,RARG,SMAD7,SRF",4,-0.08381007887411412,0.08381007887411412
3,FOXP3+HES1+ZNF202,"FOXP3,HES1,ZNF202",3,-0.08376705546600591,0.08376705546600591
3,PAX3+SFPQ+SRF,"PAX3,SFPQ,SRF",3,-0.08376062327976347,0.08376062327976347
4,FOXP3+PAX3+RARG+NPM1,"FOXP3,NPM1,PAX3,RARG",4,-0.08367298006579404,0.08367298006579404
3,SMAD7+HEYL+ZNF202,"HEYL,SMAD7,ZNF202",3,-0.08362294483683091,0.08362294483683091
3,PAX3+RARG+DNMT3B,"DNMT3B,PAX3,RARG",3,-0.08351828832966271,0.08351828832966271
3,FOXP3+SMAD7+SFPQ,"FOXP3,SFPQ,SMAD7",3,-0.08349827059734005,0.08349827059734005
4,FOXP3+PAX3+HEYL+SRF,"FOXP3,HEYL,PAX3,SRF",4,-0.08338170501534561,0.08338170501534561
3,RARG+NFIA+ZNF202,"NFIA,RARG,ZNF202",3,-0.08323388210214928,0.08323388210214928
2,SMAD7+ZNF165,"SMAD7,ZNF165",2,-0.08308432952290001,0.08308432952290001
3,HEYL+RARG+HES1,"HES1,HEYL,RARG",3,-0.08300319815629964,0.08300319815629964
4,FOXP3+RARG+SFPQ+ZNF202,"FOXP3,RARG,SFPQ,ZNF202",4,-0.08282357193884131,0.08282357193884131
3,RARG+ZNF202+ZNF165,"RARG,ZNF165,ZNF202",3,-0.08240963086440127,0.08240963086440127
4,FOXP3+ZNF202+SRF+NPM1,"FOXP3,NPM1,SRF,ZNF202",4,-0.08232756867457519,0.08232756867457519
3,DNMT3B+ZNF202+SRF,"DNMT3B,SRF,ZNF202",3,-0.08217287693844384,0.08217287693844384
4,SMAD7+RARG+ZNF202+SRF,"RARG,SMAD7,SRF,ZNF202",4,-0.08208562782497938,0.08208562782497938
2,ATF4+FOXP3,"ATF4,FOXP3",2,-0.08199293088922718,0.08199293088922718
2,SMAD7+HES1,"HES1,SMAD7",2,-0.08195344576566366,0.08195344576566366
3,FOXP3+SRF+HOXC13,"FOXP3,HOXC13,SRF",3,-0.08175402932462969,0.08175402932462969
2,NFIA+NPM1,"NFIA,NPM1",2,-0.08166221325140283,0.08166221325140283
4,FOXP3+PAX3+ZNF202+SRF,"FOXP3,PAX3,SRF,ZNF202",4,-0.08165725396621086,0.08165725396621086
4,HEYL+RARG+SRF+NPM1,"HEYL,NPM1,RARG,SRF",4,-0.08156371136486892,0.08156371136486892
3,HEYL+ZNF202+NPM1,"HEYL,NPM1,ZNF202",3,-0.08137657732758571,0.08137657732758571
3,RARG+HES1+ZNF202,"HES1,RARG,ZNF202",3,-0.0812787471071649,0.0812787471071649
3,FOXP3+SFPQ+NPM1,"FOXP3,NPM1,SFPQ",3,-0.08125190308809485,0.08125190308809485
2,SFPQ+DNMT3B,"DNMT3B,SFPQ",2,-0.0810972113519635,0.0810972113519635
3,SMAD7+RARG+SFPQ,"RARG,SFPQ,SMAD7",3,-0.08100996223849904,0.08100996223849904
2,PAX3+NFIA,"NFIA,PAX3",2,-0.08099189854303851,0.08099189854303851
4,PAX3+HEYL+RARG+SRF,"HEYL,PAX3,RARG,SRF",4,-0.08089339665650461,0.08089339665650461
2,NPM1+ZNF165,"NPM1,ZNF165",2,-0.08083796201365481,0.08083796201365481
2,HEYL+HOXC13,"HEYL,HOXC13",2,-0.08080303797764021,0.08080303797764021
3,FOXP3+HEYL+DNMT3B,"DNMT3B,FOXP3,HEYL",3,-0.08071829308754563,0.08071829308754563
3,PAX3+HEYL+ZNF202,"HEYL,PAX3,ZNF202",3,-0.0807062626192214,0.0807062626192214
4,FOXP3+SMAD7+HEYL+RARG,"FOXP3,HEYL,RARG,SMAD7",4,-0.08063104397408118,0.08063104397408118
3,FOXP3+PAX3+SFPQ,"FOXP3,PAX3,SFPQ",3,-0.08058158837973053,0.08058158837973053
3,SMAD7+SRF+NPM1,"NPM1,SMAD7,SRF",3,-0.08051395897423293,0.08051395897423293
2,PAX3+ZNF165,"PAX3,ZNF165",2,-0.0801676473052905,0.0801676473052905
3,PAX3+SMAD7+SRF,"PAX3,SMAD7,SRF",3,-0.0798436442658686,0.0798436442658686
4,RARG+ZNF202+SRF+NPM1,"NPM1,RARG,SRF,ZNF202",4,-0.07983926031573417,0.07983926031573417
2,HES1+NPM1,"HES1,NPM1",2,-0.07970707825641844,0.07970707825641844
2,ATF4+RARG,"ATF4,RARG",2,-0.07950462253038618,0.07950462253038618
3,RARG+SRF+HOXC13,"HOXC13,RARG,SRF",3,-0.07926572096578868,0.07926572096578868
4,FOXP3+RARG+DNMT3B+SRF,"DNMT3B,FOXP3,RARG,SRF",4,-0.0791809760756941,0.0791809760756941
4,PAX3+RARG+ZNF202+SRF,"PAX3,RARG,SRF,ZNF202",4,-0.07916894560736985,0.07916894560736985
2,ZNF202+HOXC13,"HOXC13,ZNF202",2,-0.07907858692850547,0.07907858692850547
2,PAX3+HES1,"HES1,PAX3",2,-0.07903676354805413,0.07903676354805413
3,FOXP3+DNMT3B+ZNF202,"DNMT3B,FOXP3,ZNF202",3,-0.0789938420384109,0.0789938420384109
4,FOXP3+SMAD7+RARG+ZNF202,"FOXP3,RARG,SMAD7,ZNF202",4,-0.07890659292494644,0.07890659292494644
3,RARG+SFPQ+NPM1,"NPM1,RARG,SFPQ",3,-0.07876359472925384,0.07876359472925384
3,HEYL+SFPQ+SRF,"HEYL,SFPQ,SRF",3,-0.0784723196788054,0.0784723196788054
4,FOXP3+HEYL+RARG+NPM1,"FOXP3,HEYL,NPM1,RARG",4,-0.07838467646483598,0.07838467646483598
3,HEYL+RARG+DNMT3B,"DNMT3B,HEYL,RARG",3,-0.07822998472870463,0.07822998472870463
3,PAX3+RARG+SFPQ,"PAX3,RARG,SFPQ",3,-0.07809328002088953,0.07809328002088953
4,FOXP3+PAX3+HEYL+RARG,"FOXP3,HEYL,PAX3,RARG",4,-0.07771436175647166,0.07771436175647166
3,PAX3+SRF+NPM1,"NPM1,PAX3,SRF",3,-0.0775972767566234,0.0775972767566234
3,FOXP3+SMAD7+NPM1,"FOXP3,NPM1,SMAD7",3,-0.07733492407419998,0.07733492407419998
2,SMAD7+DNMT3B,"DNMT3B,SMAD7",2,-0.07718023233806863,0.07718023233806863
3,SFPQ+ZNF202+SRF,"SFPQ,SRF,ZNF202",3,-0.07674786862967066,0.07674786862967066
3,FOXP3+PAX3+SMAD7,"FOXP3,PAX3,SMAD7",3,-0.07666460936583566,0.07666460936583566
4,FOXP3+RARG+ZNF202+NPM1,"FOXP3,NPM1,RARG,ZNF202",4,-0.07666022541570122,0.07666022541570122
3,FOXP3+NFIA+SRF,"FOXP3,NFIA,SRF",3,-0.0766545862890699,0.0766545862890699
3,RARG+DNMT3B+ZNF202,"DNMT3B,RARG,ZNF202",3,-0.07650553367956989,0.07650553367956989
4,FOXP3+HEYL+ZNF202+SRF,"FOXP3,HEYL,SRF,ZNF202",4,-0.07636895036525279,0.07636895036525279
3,FOXP3+RARG+HOXC13,"FOXP3,HOXC13,RARG",3,-0.07608668606575572,0.07608668606575572
4,FOXP3+PAX3+RARG+ZNF202,"FOXP3,PAX3,RARG,ZNF202",4,-0.0759899107073369,0.0759899107073369
3,FOXP3+SRF+ZNF165,"FOXP3,SRF,ZNF165",3,-0.07583033505132189,0.07583033505132189
2,HEYL+NFIA,"HEYL,NFIA",2,-0.07570359494208044,0.07570359494208044
3,FOXP3+HEYL+SFPQ,"FOXP3,HEYL,SFPQ",3,-0.07529328477877245,0.07529328477877245
2,DNMT3B+NPM1,"DNMT3B,NPM1",2,-0.07493386482882342,0.07493386482882342
2,HEYL+ZNF165,"HEYL,ZNF165",2,-0.07487934370433243,0.07487934370433243
3,SMAD7+RARG+NPM1,"NPM1,RARG,SMAD7",3,-0.07484661571535897,0.07484661571535897
3,FOXP3+HES1+SRF,"FOXP3,HES1,SRF",3,-0.07469945129408552,0.07469945129408552
3,SMAD7+HEYL+SRF,"HEYL,SMAD7,SRF",3,-0.07455534066491053,0.07455534066491053
3,FOXP3+PAX3+NPM1,"FOXP3,NPM1,PAX3",3,-0.07441824185659045,0.07441824185659045
2,PAX3+DNMT3B,"DNMT3B,PAX3",2,-0.0742635501204591,0.0742635501204591
3,PAX3+SMAD7+RARG,"PAX3,RARG,SMAD7",3,-0.07417630100699464,0.07417630100699464
3,RARG+NFIA+SRF,"NFIA,RARG,SRF",3,-0.0741662779302289,0.0741662779302289
2,NFIA+ZNF202,"NFIA,ZNF202",2,-0.07397914389294569,0.07397914389294569
4,HEYL+RARG+ZNF202+SRF,"HEYL,RARG,SRF,ZNF202",4,-0.07388064200641178,0.07388064200641178
4,FOXP3+RARG+SFPQ+SRF,"FOXP3,RARG,SFPQ,SRF",4,-0.07375596776692092,0.07375596776692092
2,HEYL+HES1,"HES1,HEYL",2,-0.07374845994709606,0.07374845994709606
3,FOXP3+SFPQ+ZNF202,"FOXP3,SFPQ,ZNF202",3,-0.07356883372963771,0.07356883372963771
3,RARG+SRF+ZNF165,"RARG,SRF,ZNF165",3,-0.07334202669248088,0.07334202669248088
2,ZNF202+ZNF165,"ZNF165,ZNF202",2,-0.07315489265519767,0.07315489265519767
3,SMAD7+ZNF202+SRF,"SMAD7,SRF,ZNF202",3,-0.07283088961577579,0.07283088961577579
3,HEYL+RARG+SFPQ,"HEYL,RARG,SFPQ",3,-0.07280497641993144,0.07280497641993144
3,HEYL+SRF+NPM1,"HEYL,NPM1,SRF",3,-0.07230897315566533,0.07230897315566533
3,RARG+HES1+SRF,"HES1,RARG,SRF",3,-0.07221114293524451,0.07221114293524451
2,HES1+ZNF202,"HES1,ZNF202",2,-0.0720240088979613,0.0720240088979613
3,PAX3+RARG+NPM1,"NPM1,PAX3,RARG",3,-0.07192993349774944,0.07192993349774944
2,SMAD7+SFPQ,"SFPQ,SMAD7",2,-0.07175522402929545,0.07175522402929545
3,PAX3+HEYL+SRF,"HEYL,PAX3,SRF",3,-0.07163865844730101,0.07163865844730101
3,FOXP3+SMAD7+HEYL,"FOXP3,HEYL,SMAD7",3,-0.07137630576487758,0.07137630576487758
3,RARG+SFPQ+ZNF202,"RARG,SFPQ,ZNF202",3,-0.0710805253707967,0.0710805253707967
3,FOXP3+RARG+NFIA,"FOXP3,NFIA,RARG",3,-0.07098724303019595,0.07098724303019595
4,FOXP3+HEYL+RARG+ZNF202,"FOXP3,HEYL,RARG,ZNF202",4,-0.07070160710637884,0.07070160710637884
3,ZNF202+SRF+NPM1,"NPM1,SRF,ZNF202",3,-0.07058452210653057,0.07058452210653057
3,FOXP3+RARG+ZNF165,"FOXP3,RARG,ZNF165",3,-0.07016299179244793,0.07016299179244793
2,SRF+HOXC13,"HOXC13,SRF",2,-0.07001098275658509,0.07001098275658509
3,FOXP3+DNMT3B+SRF,"DNMT3B,FOXP3,SRF",3,-0.0699262378664905,0.0699262378664905
3,PAX3+ZNF202+SRF,"PAX3,SRF,ZNF202",3,-0.06991420739816626,0.06991420739816626
4,FOXP3+SMAD7+RARG+SRF,"FOXP3,RARG,SMAD7,SRF",4,-0.06983898875302605,0.06983898875302605
3,FOXP3+SMAD7+ZNF202,"FOXP3,SMAD7,ZNF202",3,-0.06965185471574284,0.06965185471574284
2,SFPQ+NPM1,"NPM1,SFPQ",2,-0.06950885652005023,0.06950885652005023
3,FOXP3+HEYL+NPM1,"FOXP3,HEYL,NPM1",3,-0.06912993825563238,0.06912993825563238
3,FOXP3+RARG+HES1,"FOXP3,HES1,RARG",3,-0.06903210803521156,0.06903210803521156
2,HEYL+DNMT3B,"DNMT3B,HEYL",2,-0.06897524651950103,0.06897524651950103
3,SMAD7+HEYL+RARG,"HEYL,RARG,SMAD7",3,-0.06888799740603657,0.06888799740603657
2,PAX3+SFPQ,"PAX3,SFPQ",2,-0.06883854181168592,0.06883854181168592
3,FOXP3+PAX3+HEYL,"FOXP3,HEYL,PAX3",3,-0.06845962354726806,0.06845962354726806
4,FOXP3+RARG+SRF+NPM1,"FOXP3,NPM1,RARG,SRF",4,-0.06759262124378083,0.06759262124378083
3,RARG+DNMT3B+SRF,"DNMT3B,RARG,SRF",3,-0.0674379295076495,0.0674379295076495
3,FOXP3+ZNF202+NPM1,"FOXP3,NPM1,ZNF202",3,-0.06740548720649764,0.06740548720649764
2,DNMT3B+ZNF202,"DNMT3B,ZNF202",2,-0.06725079547036629,0.06725079547036629
3,SMAD7+RARG+ZNF202,"RARG,SMAD7,ZNF202",3,-0.06716354635690183,0.06716354635690183
4,FOXP3+PAX3+RARG+SRF,"FOXP3,PAX3,RARG,SRF",4,-0.06692230653541652,0.06692230653541652
2,FOXP3+HOXC13,"FOXP3,HOXC13",2,-0.06683194785655214,0.06683194785655214
3,FOXP3+PAX3+ZNF202,"FOXP3,PAX3,ZNF202",3,-0.06673517249813331,0.06673517249813331
3,HEYL+RARG+NPM1,"HEYL,NPM1,RARG",3,-0.06664162989679137,0.06664162989679137
3,PAX3+HEYL+RARG,"HEYL,PAX3,RARG",3,-0.06597131518842705,0.06597131518842705
2,SMAD7+NPM1,"NPM1,SMAD7",2,-0.06559187750615536,0.06559187750615536
2,PAX3+SMAD7,"PAX3,SMAD7",2,-0.06492156279779104,0.06492156279779104
3,RARG+ZNF202+NPM1,"NPM1,RARG,ZNF202",3,-0.06491717884765662,0.06491717884765662
2,NFIA+SRF,"NFIA,SRF",2,-0.0649115397210253,0.0649115397210253
3,HEYL+ZNF202+SRF,"HEYL,SRF,ZNF202",3,-0.06462590379720819,0.06462590379720819
3,FOXP3+SFPQ+SRF,"FOXP3,SFPQ,SRF",3,-0.06450122955771732,0.06450122955771732
2,RARG+HOXC13,"HOXC13,RARG",2,-0.06434363949771112,0.06434363949771112
3,FOXP3+RARG+DNMT3B,"DNMT3B,FOXP3,RARG",3,-0.06425889460761655,0.06425889460761655
3,PAX3+RARG+ZNF202,"PAX3,RARG,ZNF202",3,-0.0642468641392923,0.0642468641392923
2,SRF+ZNF165,"SRF,ZNF165",2,-0.06408728848327729,0.06408728848327729
2,HEYL+SFPQ,"HEYL,SFPQ",2,-0.06355023821072785,0.06355023821072785
2,HES1+SRF,"HES1,SRF",2,-0.06295640472604092,0.06295640472604092
2,PAX3+NPM1,"NPM1,PAX3",2,-0.06267519528854584,0.06267519528854584
3,RARG+SFPQ+SRF,"RARG,SFPQ,SRF",3,-0.06201292119887632,0.06201292119887632
2,SFPQ+ZNF202,"SFPQ,ZNF202",2,-0.06182578716159311,0.06182578716159311
2,FOXP3+NFIA,"FOXP3,NFIA",2,-0.06173250482099235,0.06173250482099235
4,FOXP3+HEYL+RARG+SRF,"FOXP3,HEYL,RARG,SRF",4,-0.06163400293445845,0.06163400293445845
3,FOXP3+HEYL+ZNF202,"FOXP3,HEYL,ZNF202",3,-0.06144686889717524,0.06144686889717524
2,FOXP3+ZNF165,"FOXP3,ZNF165",2,-0.06090825358324434,0.06090825358324434
3,FOXP3+SMAD7+SRF,"FOXP3,SMAD7,SRF",3,-0.06058425054382245,0.06058425054382245
4,FOXP3+RARG+ZNF202+SRF,"FOXP3,RARG,SRF,ZNF202",4,-0.059909551885323695,0.059909551885323695
2,FOXP3+HES1,"FOXP3,HES1",2,-0.05977736982600797,0.05977736982600797
2,SMAD7+HEYL,"HEYL,SMAD7",2,-0.059633259196832974,0.059633259196832974
2,RARG+NFIA,"NFIA,RARG",2,-0.059244196462151344,0.059244196462151344
3,HEYL+RARG+ZNF202,"HEYL,RARG,ZNF202",3,-0.05895856053833423,0.05895856053833423
3,FOXP3+RARG+SFPQ,"FOXP3,RARG,SFPQ",3,-0.05883388629884336,0.05883388629884336
2,RARG+ZNF165,"RARG,ZNF165",2,-0.05841994522440333,0.05841994522440333
3,FOXP3+SRF+NPM1,"FOXP3,NPM1,SRF",3,-0.058337883034577244,0.058337883034577244
2,DNMT3B+SRF,"DNMT3B,SRF",2,-0.0581831912984459,0.0581831912984459
3,SMAD7+RARG+SRF,"RARG,SMAD7,SRF",3,-0.058095942184981444,0.058095942184981444
2,SMAD7+ZNF202,"SMAD7,ZNF202",2,-0.057908808147698235,0.057908808147698235
3,FOXP3+PAX3+SRF,"FOXP3,PAX3,SRF",3,-0.05766756832621292,0.05766756832621292
2,HEYL+NPM1,"HEYL,NPM1",2,-0.057386891687587774,0.057386891687587774
2,RARG+HES1,"HES1,RARG",2,-0.05728906146716696,0.05728906146716696
2,PAX3+HEYL,"HEYL,PAX3",2,-0.05671657697922346,0.05671657697922346
3,RARG+SRF+NPM1,"NPM1,RARG,SRF",3,-0.05584957467573623,0.05584957467573623
2,ZNF202+NPM1,"NPM1,ZNF202",2,-0.05566244063845302,0.05566244063845302
3,PAX3+RARG+SRF,"PAX3,RARG,SRF",3,-0.05517925996737191,0.05517925996737191
2,FOXP3+DNMT3B,"DNMT3B,FOXP3",2,-0.05500415639841295,0.05500415639841295
2,PAX3+ZNF202,"PAX3,ZNF202",2,-0.0549921259300887,0.0549921259300887
3,FOXP3+SMAD7+RARG,"FOXP3,RARG,SMAD7",3,-0.05491690728494849,0.05491690728494849
2,SFPQ+SRF,"SFPQ,SRF",2,-0.05275818298967272,0.05275818298967272
3,FOXP3+RARG+NPM1,"FOXP3,NPM1,RARG",3,-0.05267053977570328,0.05267053977570328
2,RARG+DNMT3B,"DNMT3B,RARG",2,-0.05251584803957194,0.05251584803957194
3,FOXP3+HEYL+SRF,"FOXP3,HEYL,SRF",3,-0.05237926472525485,0.05237926472525485
3,FOXP3+PAX3+RARG,"FOXP3,PAX3,RARG",3,-0.052000225067338965,0.052000225067338965
3,FOXP3+ZNF202+SRF,"FOXP3,SRF,ZNF202",3,-0.05065481367612011,0.05065481367612011
3,HEYL+RARG+SRF,"HEYL,RARG,SRF",3,-0.049890956366413844,0.049890956366413844
2,HEYL+ZNF202,"HEYL,ZNF202",2,-0.049703822329130634,0.049703822329130634
2,FOXP3+SFPQ,"FOXP3,SFPQ",2,-0.049579148089639764,0.049579148089639764
2,SMAD7+SRF,"SMAD7,SRF",2,-0.04884120397577785,0.04884120397577785
3,RARG+ZNF202+SRF,"RARG,SRF,ZNF202",3,-0.04816650531727909,0.04816650531727909
2,RARG+SFPQ,"RARG,SFPQ",2,-0.04709083973079876,0.04709083973079876
3,FOXP3+HEYL+RARG,"FOXP3,HEYL,RARG",3,-0.046711921466380896,0.046711921466380896
2,SRF+NPM1,"NPM1,SRF",2,-0.04659483646653263,0.04659483646653263
2,PAX3+SRF,"PAX3,SRF",2,-0.045924521758168316,0.045924521758168316
2,FOXP3+SMAD7,"FOXP3,SMAD7",2,-0.04566216907574489,0.04566216907574489
3,FOXP3+RARG+ZNF202,"FOXP3,RARG,ZNF202",3,-0.04498747041724614,0.04498747041724614
2,FOXP3+NPM1,"FOXP3,NPM1",2,-0.043415801566499684,0.043415801566499684
2,SMAD7+RARG,"RARG,SMAD7",2,-0.043173860716903885,0.043173860716903885
2,FOXP3+PAX3,"FOXP3,PAX3",2,-0.04274548685813537,0.04274548685813537
2,RARG+NPM1,"NPM1,RARG",2,-0.04092749320765868,0.04092749320765868
2,HEYL+SRF,"HEYL,SRF",2,-0.04063621815721025,0.04063621815721025
2,PAX3+RARG,"PAX3,RARG",2,-0.04025717849929436,0.04025717849929436
2,ZNF202+SRF,"SRF,ZNF202",2,-0.0389117671080755,0.0389117671080755
2,FOXP3+HEYL,"FOXP3,HEYL",2,-0.0374571832571773,0.0374571832571773
3,FOXP3+RARG+SRF,"FOXP3,RARG,SRF",3,-0.035919866245325754,0.035919866245325754
2,FOXP3+ZNF202,"FOXP3,ZNF202",2,-0.03573273220804255,0.03573273220804255
2,HEYL+RARG,"HEYL,RARG",2,-0.034968874898336284,0.034968874898336284
2,RARG+ZNF202,"RARG,ZNF202",2,-0.03324442384920154,0.03324442384920154
2,FOXP3+SRF,"FOXP3,SRF",2,-0.026665128036122164,0.026665128036122164
2,RARG+SRF,"RARG,SRF",2,-0.02417681967728115,0.02417681967728115
2,FOXP3+RARG,"FOXP3,RARG",2,-0.020997784777248202,0.020997784777248202
