drug,metric,n,spearman_r,spearman_p,fdr
123138,shannon_entropy,691,0.2170113792053724,8.261246277481468e-09,1.6294596105928966e-08
123138,expression_variance,691,0.0039309122531495854,0.9178481023464623,0.9650902840848832
123138,expression_mad,691,0.2703889704596018,4.833181648935111e-13,9.154238090036036e-13
123138,expression_cv,691,0.03240129347671512,0.39509710437191325,0.973826299331119
123138,prob_entropy,691,-0.007553294448532074,0.8428918045768348,0.996451665181847
123138,NetITH,691,0.2194120071038655,5.596756777526674e-09,9.306235106817609e-09
123829,shannon_entropy,691,-0.001985823547575568,0.9584437179410151,0.9584437179410151
123829,expression_variance,691,-0.026861609557266825,0.48083718983398716,0.7433483042838936
123829,expression_mad,691,0.011093115848072134,0.7709867654509264,0.7791597700316782
123829,expression_cv,691,-0.005355140537023425,0.8882522509433756,0.985364405144123
123829,prob_entropy,691,0.026257715524593845,0.49075873542854764,0.996451665181847
123829,NetITH,691,0.0433662764244556,0.2549385620984566,0.25764109102529537
150412,shannon_entropy,691,0.11717311835035528,0.002034340696844528,0.00235555238581998
150412,expression_variance,691,-0.053024907537364226,0.16382692184110798,0.5512294076065516
150412,expression_mad,691,0.1673630263659902,9.746708284255639e-06,1.2279993697344108e-05
150412,expression_cv,691,0.003995978889168133,0.9164932033585369,0.985364405144123
150412,prob_entropy,691,0.038258963756538034,0.3152554163611154,0.9254027682045745
150412,NetITH,691,0.21169133609918064,1.9270552375906804e-08,2.995314119298558e-08
5-Fluorouracil,shannon_entropy,910,0.21801673418327952,2.9745715697427216e-11,9.247037705939331e-11
5-Fluorouracil,expression_variance,910,-0.04215117136615654,0.20395720270722523,0.5936442576080735
5-Fluorouracil,expression_mad,910,0.27403239690683584,3.8694135071099357e-17,1.1066522630334417e-16
5-Fluorouracil,expression_cv,910,0.0006319438713391611,0.9848114704895532,0.9955788389980562
5-Fluorouracil,prob_entropy,910,0.041198108061852624,0.21438065065744885,0.8494163374169884
5-Fluorouracil,NetITH,910,0.22986043673787535,2.2398184966867175e-12,6.470586768206073e-12
5-azacytidine,shannon_entropy,715,0.257494742010329,2.7204527049956395e-12,1.0514182076064228e-11
5-azacytidine,expression_variance,715,-0.061183247094535834,0.10211663910380508,0.47105417393045573
5-azacytidine,expression_mad,715,0.33972347353372456,8.969237332104378e-21,4.840003541475193e-20
5-azacytidine,expression_cv,715,-0.038427642341454495,0.30483667036727086,0.973826299331119
5-azacytidine,prob_entropy,715,0.05114678331155193,0.17189504808499928,0.8265928826578695
5-azacytidine,NetITH,715,0.21822865122249302,3.716932606388697e-09,6.2901936415808715e-09
50869,shannon_entropy,691,0.17252143943838294,5.089076858014817e-06,7.425897864246111e-06
50869,expression_variance,691,-0.028139192409935083,0.4602115266593305,0.7312249812476029
50869,expression_mad,691,0.26661666949749574,1.0392982146252188e-12,1.8348104282889664e-12
50869,expression_cv,691,0.031463955665943746,0.40891969487944035,0.973826299331119
50869,prob_entropy,691,0.018117366536109073,0.6344835074985229,0.996451665181847
50869,NetITH,691,0.2590902891410004,4.619785069641449e-12,1.2583414570642423e-11
615590,shannon_entropy,691,0.17435839896067962,4.018944921390027e-06,5.89445255137204e-06
615590,expression_variance,691,-0.056103079517684916,0.1406795115734767,0.4967202507409177
615590,expression_mad,691,0.23597639415906013,3.369154760161246e-10,5.180528287129658e-10
615590,expression_cv,691,-0.02861429887517281,0.4526691607061146,0.973826299331119
615590,prob_entropy,691,0.033852763186177505,0.37425731221133307,0.9937864446567125
615590,NetITH,691,0.22303777174594988,3.081938942717236e-09,5.246634152482914e-09
630600,shannon_entropy,691,0.2727378432865162,2.982269094567304e-13,1.6092999265023565e-12
630600,expression_variance,691,-0.06510911663949193,0.08722302394739642,0.4382995634454874
630600,expression_mad,691,0.32223587728483366,3.6875006988740925e-18,1.270632770937338e-17
630600,expression_cv,691,-0.05891400183815975,0.1218137099831737,0.8493893898038807
630600,prob_entropy,691,0.049333930777682694,0.19522505396315243,0.8265928826578695
630600,NetITH,691,0.23847282167704617,2.164643711542642e-10,4.329287423085284e-10
667880,shannon_entropy,691,0.15081118709694785,6.892604329030958e-05,9.00130063060664e-05
667880,expression_variance,691,0.0065618374905300585,0.8632961852605954,0.9574585177146904
667880,expression_mad,691,0.15834320486461304,2.8995075964145072e-05,3.513810053281988e-05
667880,expression_cv,691,0.04524884442163617,0.23487048554983284,0.9597412806595652
667880,prob_entropy,691,-0.0456418265357672,0.23082613755272685,0.8494163374169884
667880,NetITH,691,0.20717904308764282,3.885697081823988e-08,5.84899666000874e-08
720427,shannon_entropy,691,0.21403297121756076,1.3309301787525042e-08,2.5042502047580013e-08
720427,expression_variance,691,-0.03745703292502717,0.3255135020301888,0.6465059831988471
720427,expression_mad,691,0.26904341133934345,6.359694625255352e-13,1.165944014630148e-12
720427,expression_cv,691,-0.0001447905410787241,0.996968683805971,0.996968683805971
720427,prob_entropy,691,-0.007857314577363285,0.8366553755761973,0.996451665181847
720427,NetITH,691,0.2587965618338535,4.8920365034955334e-12,1.3199268301884175e-11
729189,shannon_entropy,691,0.16241199728385894,1.7860083194490988e-05,2.420845399822001e-05
729189,expression_variance,691,-0.046497476440167614,0.22219170065903912,0.6032174384959504
729189,expression_mad,691,0.2315013080612434,7.354045028690356e-10,1.084153030002805e-09
729189,expression_cv,691,-0.00911882171559879,0.8108912990583388,0.973826299331119
729189,prob_entropy,691,0.026952353691904206,0.479355807386316,0.996451665181847
729189,NetITH,691,0.1966170804829552,1.888094223087911e-07,2.6732423158571416e-07
741909,shannon_entropy,691,0.06018092816519724,0.11398384695119913,0.12163947846284684
741909,expression_variance,691,-0.03989417669974312,0.2950019656019592,0.6375675800404526
741909,expression_mad,691,0.10082673544065826,0.007992567692471784,0.008658615000177766
741909,expression_cv,691,0.0037809207456367348,0.9209723139678078,0.985364405144123
741909,prob_entropy,691,0.0010685985650424497,0.977630828582908,0.996451665181847
741909,NetITH,691,0.1295073375452675,0.0006435538773483415,0.0007051969690483742
743380,shannon_entropy,691,0.10227180396066325,0.0071324244804271955,0.008062740717004656
743380,expression_variance,691,-0.03885227400436954,0.30780385292338425,0.6375675800404526
743380,expression_mad,691,0.14100856559164268,0.00020036230935681687,0.0002292144819041985
743380,expression_cv,691,0.0031234531216527872,0.9346806030215109,0.985364405144123
743380,prob_entropy,691,-0.021463988399298924,0.5732546907920824,0.996451665181847
743380,NetITH,691,0.17899333294295777,2.1911131138011175e-06,2.928310049285606e-06
765771,shannon_entropy,691,0.18578877747828781,8.750284870855957e-07,1.3675308595982533e-06
765771,expression_variance,691,-0.09740239004411366,0.010411233455480787,0.18610079801671908
765771,expression_mad,691,0.24419613971905327,7.703310995355345e-11,1.2172082567246565e-10
765771,expression_cv,691,-0.044923402130359495,0.23825745079310884,0.9597412806595652
765771,prob_entropy,691,0.02032330371207159,0.5938092597863651,0.996451665181847
765771,NetITH,691,0.26037805570416905,3.591097818915627e-12,9.971397827280284e-12
776928,shannon_entropy,690,0.25250460787430307,1.695675919139644e-11,5.5742909525740015e-11
776928,expression_variance,690,0.005302532529542404,0.8894228300965739,0.9574585177146904
776928,expression_mad,690,0.30755720608711545,1.3924342884519366e-16,3.721833705581812e-16
776928,expression_cv,690,0.022377096031451993,0.5573340311592583,0.973826299331119
776928,prob_entropy,690,0.0022824445445535305,0.952278060152804,0.996451665181847
776928,NetITH,690,0.2052090006490247,5.369826931001958e-08,7.916342795188454e-08
A-366,shannon_entropy,716,0.22546869460218846,1.051940003583813e-09,2.3322080699610117e-09
A-366,expression_variance,716,-0.04506758522793679,0.22842288530900665,0.6048976407257028
A-366,expression_mad,716,0.2763150035724309,5.159882914095265e-14,1.0693670387182941e-13
A-366,expression_cv,716,-0.009518995998975429,0.799285661943732,0.973826299331119
A-366,prob_entropy,716,0.02460219007751791,0.5110143845423013,0.996451665181847
A-366,NetITH,716,0.24928656813371994,1.3248512539556176e-11,3.2385252874470654e-11
ABT737,shannon_entropy,899,0.15120842840308418,5.272785415382941e-06,7.654906745175233e-06
ABT737,expression_variance,899,0.01582976383063587,0.6355010851934249,0.8780353157744905
ABT737,expression_mad,899,0.15392747695410147,3.5436586706029154e-06,4.524492766930508e-06
ABT737,expression_cv,899,0.055975450740036986,0.09348179587108266,0.833154007939354
ABT737,prob_entropy,899,-0.05823131038116261,0.08098135180194521,0.7603638090072514
ABT737,NetITH,899,0.22570137734495063,7.573466507794848e-12,1.9691012920266605e-11
AGI-5198,shannon_entropy,900,0.23478529397361397,9.769326998189366e-13,4.43496431981295e-12
AGI-5198,expression_variance,900,-0.03587280148905535,0.28235932519235357,0.6358643071260875
AGI-5198,expression_mad,900,0.29752053191835215,7.475238490996002e-20,3.3404972006638386e-19
AGI-5198,expression_cv,900,0.0003484119527719582,0.9916719658613014,0.996968683805971
AGI-5198,prob_entropy,900,-0.019055068792266,0.568061039243905,0.996451665181847
AGI-5198,NetITH,900,0.21419830559461597,8.441342394505345e-11,1.7883140183915027e-10
AGI-6780,shannon_entropy,839,0.20767776731590343,1.2565844795996774e-09,2.722599705799301e-09
AGI-6780,expression_variance,839,-0.11022993863345344,0.0013845420183712022,0.09899475431354096
AGI-6780,expression_mad,839,0.26912837234592024,2.1810712378625565e-15,5.155259289493316e-15
AGI-6780,expression_cv,839,-0.04659025750704957,0.1775843703233314,0.9597412806595652
AGI-6780,prob_entropy,839,0.00513522706353699,0.8819295464628601,0.996451665181847
AGI-6780,NetITH,839,0.23494006185825916,5.5130542467573836e-12,1.473582723899637e-11
AGK2,shannon_entropy,878,0.17061331528651977,3.664970155599549e-07,6.024031405180868e-07
AGK2,expression_variance,878,-0.039480947619760134,0.2425440454395602,0.6142249059180244
AGK2,expression_mad,878,0.1825014900154273,5.1570737133470334e-08,7.090976355852171e-08
AGK2,expression_cv,878,0.004471265189999539,0.8947467987546456,0.985364405144123
AGK2,prob_entropy,878,0.004525765895587765,0.8934714482255625,0.996451665181847
AGK2,NetITH,878,0.2023780072668021,1.4408216369969149e-09,2.559471976280234e-09
AMG-319,shannon_entropy,892,0.3174302070751285,2.4858019887521075e-22,3.5546968439155135e-20
AMG-319,expression_variance,892,0.0056244658507399615,0.8667814175091705,0.9574585177146904
AMG-319,expression_mad,892,0.36241884951078035,4.4799170255436934e-29,2.570792313435641e-27
AMG-319,expression_cv,892,0.01029651504947655,0.7587699675843057,0.973826299331119
AMG-319,prob_entropy,892,-0.03331985612201943,0.32021133418039394,0.9254027682045745
AMG-319,NetITH,892,0.25925880274852603,3.6277886703946726e-15,1.9952837687170698e-14
AT13148,shannon_entropy,897,0.14921229304490416,7.195688777403193e-06,1.0289834951686565e-05
AT13148,expression_variance,897,-0.007522057563817029,0.8219992296388623,0.9574585177146904
AT13148,expression_mad,897,0.21194120860499038,1.4385381924978206e-10,2.2359887122520474e-10
AT13148,expression_cv,897,-0.00856981844774766,0.7977095386657516,0.973826299331119
AT13148,prob_entropy,897,0.029380484130472024,0.3794517079906897,0.9937864446567125
AT13148,NetITH,897,0.13488789522184988,5.061067020187379e-05,6.056339614115441e-05
AZ6102,shannon_entropy,898,0.15116523099290818,5.370327124274147e-06,7.757139179507102e-06
AZ6102,expression_variance,898,-0.07427177500905634,0.026037591655188198,0.2659554004779937
AZ6102,expression_mad,898,0.19108514293312864,7.858443611217e-09,1.1237574364040311e-08
AZ6102,expression_cv,898,-0.0746292645317987,0.025326027626412905,0.5384851927652793
AZ6102,prob_entropy,898,0.06698240571723399,0.044782005279821416,0.711536306112718
AZ6102,NetITH,898,0.16067349448510723,1.3009033060388056e-06,1.7717064072718971e-06
AZ960,shannon_entropy,838,0.1938965826640655,1.5281927009272517e-08,2.838072158864896e-08
AZ960,expression_variance,838,0.009647508039335138,0.7803462058600841,0.9412203568507934
AZ960,expression_mad,838,0.2417029541586481,1.3234213608374373e-12,2.3079177390213843e-12
AZ960,expression_cv,838,0.012643125726250707,0.714764774897864,0.973826299331119
AZ960,prob_entropy,838,0.012755625796219144,0.7123389652288703,0.996451665181847
AZ960,NetITH,838,0.20128490291985193,4.14222937397144e-09,6.9279391868762085e-09
AZD1208,shannon_entropy,690,0.24083619071919368,1.4613899300200938e-10,3.8699770369050637e-10
AZD1208,expression_variance,690,0.02466120263441738,0.5178127669193533,0.7753636195755762
AZD1208,expression_mad,690,0.2985308773467557,1.1384564889861591e-15,2.7828936397439443e-15
AZD1208,expression_cv,690,0.06765028866393061,0.07575920296636861,0.833154007939354
AZD1208,prob_entropy,690,-0.01882657397616517,0.6215316592625416,0.996451665181847
AZD1208,NetITH,690,0.268136869962285,7.941049128860807e-13,2.495758297641968e-12
AZD1332,shannon_entropy,691,0.05089214759542592,0.1814709570102544,0.19011243115359983
AZD1332,expression_variance,691,-0.014972382140826895,0.6944031987799575,0.8953259252662424
AZD1332,expression_mad,691,0.0327428478528192,0.39013122265837763,0.3984911774296286
AZD1332,expression_cv,691,-0.020160146121697527,0.5967765731285286,0.973826299331119
AZD1332,prob_entropy,691,0.0178061450691383,0.640315591013645,0.996451665181847
AZD1332,NetITH,691,0.07956554836189562,0.03652275344121442,0.038122290088274904
AZD2014,shannon_entropy,691,0.11075548947458966,0.0035555392965145316,0.004067536955212624
AZD2014,expression_variance,691,-0.005958634495355319,0.8757557999125491,0.9574585177146904
AZD2014,expression_mad,691,0.1295891345628224,0.0006384402301513694,0.0007188736449735892
AZD2014,expression_cv,691,0.008589232399183994,0.8216840647775886,0.973826299331119
AZD2014,prob_entropy,691,-0.00019134464622335277,0.9959940402103753,0.996451665181847
AZD2014,NetITH,691,0.11056079875205903,0.003614725404965994,0.0038719530555066453
AZD3759,shannon_entropy,908,0.059945611053487176,0.07099976612064782,0.07633809440039577
AZD3759,expression_variance,908,0.006651794671572127,0.8413516260486562,0.9574585177146904
AZD3759,expression_mad,908,0.09335159239493447,0.004874054886705217,0.005300303032690844
AZD3759,expression_cv,908,0.030795167000732735,0.3539818295388658,0.973826299331119
AZD3759,prob_entropy,908,0.018884811318194514,0.5698153011104925,0.996451665181847
AZD3759,NetITH,908,0.16699156376789076,4.1792521152932585e-07,5.753298935484932e-07
AZD4547,shannon_entropy,901,0.17891433760468164,6.421875965890566e-08,1.119912516002867e-07
AZD4547,expression_variance,901,-0.1222629532924327,0.00023448094498792932,0.02235385008884926
AZD4547,expression_mad,901,0.22318609609262266,1.2385140731397107e-11,2.0714328942570598e-11
AZD4547,expression_cv,901,-0.09084128417714404,0.0063601853368181836,0.36380260126600006
AZD4547,prob_entropy,901,0.04031862437482208,0.22664668323811496,0.8494163374169884
AZD4547,NetITH,901,0.22442223594872407,9.481767444099486e-12,2.421237043761119e-11
AZD5153,shannon_entropy,691,0.25218089615924993,1.7433038794675533e-11,5.665737608269548e-11
AZD5153,expression_variance,691,0.004899528603315016,0.8977050998366236,0.9574585177146904
AZD5153,expression_mad,691,0.32738625250000997,1.0009172046210582e-18,3.717692474306788e-18
AZD5153,expression_cv,691,0.023570670768277308,0.5362039310593424,0.973826299331119
AZD5153,prob_entropy,691,0.012544985631875597,0.7420162893569666,0.996451665181847
AZD5153,NetITH,691,0.23471408687214246,4.205794791733824e-10,7.810761756077102e-10
AZD5363,shannon_entropy,900,0.1534253252164509,3.768371815750225e-06,5.555434738683321e-06
AZD5363,expression_variance,900,-0.04056826407604619,0.22403938441724475,0.6032174384959504
AZD5363,expression_mad,900,0.17784232655431262,7.842131906437956e-08,1.0629619550906424e-07
AZD5363,expression_cv,900,-0.023710827626536167,0.4774337287346577,0.973826299331119
AZD5363,prob_entropy,900,0.00023530893248016355,0.9943753934743607,0.996451665181847
AZD5363,NetITH,900,0.1238839060295136,0.00019476411109212182,0.00022370496294115197
AZD5438,shannon_entropy,691,0.2366090571738967,3.0132419926309787e-10,7.559536928881228e-10
AZD5438,expression_variance,691,-0.013677341498729399,0.7196695430803334,0.9078087861239181
AZD5438,expression_mad,691,0.31822091304966127,1.0016464190114262e-17,3.1830097315251986e-17
AZD5438,expression_cv,691,0.019952034723543177,0.6005711928670688,0.973826299331119
AZD5438,prob_entropy,691,0.013910366617215052,0.7150996401897739,0.996451665181847
AZD5438,NetITH,691,0.25400985419472494,1.2313174424506695e-11,3.0358343839732024e-11
AZD5582,shannon_entropy,828,0.21345423413780468,5.486833465561977e-10,1.3186843455048112e-09
AZD5582,expression_variance,828,-0.05597189080183464,0.10752470722699832,0.476618795902737
AZD5582,expression_mad,828,0.24496248585806385,8.849092906872189e-13,1.5817753571034037e-12
AZD5582,expression_cv,828,-0.024242056802729218,0.48604472019529,0.973826299331119
AZD5582,prob_entropy,828,0.000923492027635762,0.9788319463673236,0.996451665181847
AZD5582,NetITH,828,0.13269146768918366,0.00012847046861504474,0.00014875527944899916
AZD5991,shannon_entropy,688,0.22173013433544847,4.1355155650395316e-09,8.329277828178211e-09
AZD5991,expression_variance,688,-0.022665541861600042,0.5528420424953492,0.8146697771176756
AZD5991,expression_mad,688,0.3091647637002893,1.0523091934779975e-16,2.8662898031876885e-16
AZD5991,expression_cv,688,0.03381128950740229,0.3758857531704787,0.973826299331119
AZD5991,prob_entropy,688,0.00599406772678586,0.8752933635666352,0.996451665181847
AZD5991,NetITH,688,0.23670249888607742,3.238379589323867e-10,6.133619619514079e-10
AZD6482,shannon_entropy,232,0.28847621225895603,7.988027645091283e-06,1.1366049286050284e-05
AZD6482,expression_variance,232,-0.030817487973030362,0.6405187975613262,0.8807133466468235
AZD6482,expression_mad,232,0.3288768357585879,2.9669081866291657e-07,3.874592426374162e-07
AZD6482,expression_cv,232,-0.04755241798308247,0.4710371522834913,0.973826299331119
AZD6482,prob_entropy,232,-0.0714987247472078,0.27812432906399814,0.8829862562508372
AZD6482,NetITH,232,0.14829066153618464,0.023883376889732424,0.025112668347292182
AZD6738,shannon_entropy,900,0.21021226038638013,1.9039113554196987e-10,4.950169524091216e-10
AZD6738,expression_variance,900,-0.04423701775861047,0.18486777071287389,0.5738946489323976
AZD6738,expression_mad,900,0.24225151817986407,1.7391296325814007e-13,3.4782592651628014e-13
AZD6738,expression_cv,900,-0.009259484720596301,0.7814695806341061,0.973826299331119
AZD6738,prob_entropy,900,0.03446835545257198,0.3016411075583457,0.9254027682045745
AZD6738,NetITH,900,0.2157212877864511,6.160349927395009e-11,1.3347424842689186e-10
AZD7762,shannon_entropy,903,0.2299679762459417,2.6541976591662675e-12,1.0398637404404828e-11
AZD7762,expression_variance,903,-0.06871075054581649,0.03898593697419418,0.3279405286652805
AZD7762,expression_mad,903,0.2679402188924373,2.597933044598783e-16,6.634007596029035e-16
AZD7762,expression_cv,903,-0.03668007008928306,0.2708625599047582,0.9671966848047472
AZD7762,prob_entropy,903,0.046696587185948144,0.16089981364474043,0.8265928826578695
AZD7762,NetITH,903,0.21996692538909898,2.3432615216938886e-11,5.404619316164937e-11
AZD8055,shannon_entropy,719,0.154905580457744,3.0240965901763142e-05,4.0415496485533924e-05
AZD8055,expression_variance,719,-0.04529167845054581,0.22514188494788004,0.6032174384959504
AZD8055,expression_mad,719,0.15723946650343573,2.282633923051297e-05,2.826118190444463e-05
AZD8055,expression_cv,719,-0.04743602160743734,0.203920843250723,0.9597412806595652
AZD8055,prob_entropy,719,0.011368796029768986,0.7608808184933711,0.996451665181847
AZD8055,NetITH,719,0.06231021497669698,0.09501585416522874,0.09739976448478646
AZD8186,shannon_entropy,900,0.0947555243895363,0.004439486738293852,0.005038465107746196
AZD8186,expression_variance,900,0.007128486166855351,0.8308901263837793,0.9574585177146904
AZD8186,expression_mad,900,0.07930003205765275,0.017338838900100743,0.018572688859283943
AZD8186,expression_cv,900,-0.002134224857067725,0.9490197254364423,0.985364405144123
AZD8186,prob_entropy,900,-0.013318436195600242,0.6898817884834323,0.996451665181847
AZD8186,NetITH,900,0.08887927022132128,0.007631470386217381,0.008053876496155611
Acetalax,shannon_entropy,691,0.04073280525945003,0.2849599408643176,0.2942185671017864
Acetalax,expression_variance,691,-0.014521352876843663,0.7031661200129865,0.8953259252662424
Acetalax,expression_mad,691,0.015694261733725796,0.680462856528721,0.6901148119404759
Acetalax,expression_cv,691,0.04416056947309119,0.2463308845843802,0.9650771642620922
Acetalax,prob_entropy,691,-0.04594671955406987,0.22772255304589628,0.8494163374169884
Acetalax,NetITH,691,0.05671355659178851,0.13640256242470533,0.1393254744766633
Afatinib,shannon_entropy,908,0.07752945541629043,0.019465330576127017,0.021494534921900874
Afatinib,expression_variance,908,-0.054424388084277596,0.10122828373782959,0.47105417393045573
Afatinib,expression_mad,908,0.13950741858132507,2.4578323664364835e-05,3.01691011502504e-05
Afatinib,expression_cv,908,0.0015041749161292285,0.9638977193881876,0.9916357832554736
Afatinib,prob_entropy,908,0.05672954892689703,0.08755197530178584,0.7603638090072514
Afatinib,NetITH,908,0.2035623764524212,5.999986884469929e-10,1.1070943541667094e-09
Afuresertib,shannon_entropy,899,0.16333717328418196,8.493151475707791e-07,1.3420117801394631e-06
Afuresertib,expression_variance,899,-0.03412733607332406,0.30672164704914395,0.6375675800404526
Afuresertib,expression_mad,899,0.17742947909621598,8.552411920469827e-08,1.1483520231241176e-07
Afuresertib,expression_cv,899,-0.005526936222958282,0.8685609608170239,0.985364405144123
Afuresertib,prob_entropy,899,-0.01970157388437041,0.5552213928674099,0.996451665181847
Afuresertib,NetITH,899,0.1321251113792195,7.083282810405915e-05,8.440912015733715e-05
Alisertib,shannon_entropy,891,0.17451658385300747,1.5865610676643292e-07,2.7171045829460966e-07
Alisertib,expression_variance,891,0.007328470204471615,0.8270801341948173,0.9574585177146904
Alisertib,expression_mad,891,0.2120512323313754,1.6201454727889006e-10,2.504657325500679e-10
Alisertib,expression_cv,891,0.025350140697548363,0.4497982999256006,0.973826299331119
Alisertib,prob_entropy,891,0.014780444135006536,0.6595059338526208,0.996451665181847
Alisertib,NetITH,891,0.21272334368016332,1.4142440991906375e-10,2.868608598358314e-10
Alpelisib,shannon_entropy,907,0.09918583082718752,0.0027862928389731185,0.0032003202889410117
Alpelisib,expression_variance,907,-0.023441776751113145,0.48074415538632576,0.7433483042838936
Alpelisib,expression_mad,907,0.12950867018649123,9.174551409839556e-05,0.00010666348387049241
Alpelisib,expression_cv,907,0.008395026973802738,0.800666887383696,0.973826299331119
Alpelisib,prob_entropy,907,0.023269804063071473,0.48396976655185775,0.996451665181847
Alpelisib,NetITH,907,0.1879149727659786,1.1813242346516033e-08,1.8666228238141354e-08
Avagacestat,shannon_entropy,896,0.2042196979932931,6.848007972286558e-10,1.5923010407105331e-09
Avagacestat,expression_variance,896,-0.03094401209231628,0.3548703876309429,0.6526739087016973
Avagacestat,expression_mad,896,0.25337914862765465,1.3620503728412656e-14,2.9511091411560754e-14
Avagacestat,expression_cv,896,-0.003102762413279877,0.9261050648027553,0.985364405144123
Avagacestat,prob_entropy,896,0.03181257136639861,0.3415204418275648,0.9302366320255575
Avagacestat,NetITH,896,0.2553341889804527,8.40492326569097e-15,4.217207112258978e-14
Axitinib,shannon_entropy,903,0.21835504658679156,3.296756549093745e-11,1.0138412613342056e-10
Axitinib,expression_variance,903,-0.05004352059728305,0.1329256379916133,0.4944123807368675
Axitinib,expression_mad,903,0.2668595866860089,3.452311065547768e-16,8.737707652625324e-16
Axitinib,expression_cv,903,-0.00882053183916962,0.7912447232418098,0.973826299331119
Axitinib,prob_entropy,903,0.010268295746839462,0.7579738447185229,0.996451665181847
Axitinib,NetITH,903,0.25836625789943496,3.0844860515592996e-15,1.7643260214919194e-14
BDF00022089a,shannon_entropy,691,0.18742242819868013,6.981940847819561e-07,1.109352823597997e-06
BDF00022089a,expression_variance,691,-0.04436158904765203,0.24418506296727538,0.6142249059180244
BDF00022089a,expression_mad,691,0.2708723172821597,4.377746792758943e-13,8.459699883304443e-13
BDF00022089a,expression_cv,691,-0.017688505188495986,0.642525896096452,0.973826299331119
BDF00022089a,prob_entropy,691,0.04597879866021285,0.22739774506358917,0.8494163374169884
BDF00022089a,NetITH,691,0.2166875209965154,8.703830336953933e-09,1.4143724297550141e-08
BDILV000379a,shannon_entropy,691,0.2479860075817725,3.830093503510197e-11,1.165326321280762e-10
BDILV000379a,expression_variance,691,-0.037598768352955766,0.3236848732805512,0.6465059831988471
BDILV000379a,expression_mad,691,0.3109089361695937,5.948145338473655e-17,1.651620938644141e-16
BDILV000379a,expression_cv,691,-0.005720735743987338,0.8806784180746379,0.985364405144123
BDILV000379a,prob_entropy,691,0.006830942040502799,0.8577483618733258,0.996451665181847
BDILV000379a,NetITH,691,0.21653809125986684,8.915714791754196e-09,1.4406183222834464e-08
BDOCA000347a,shannon_entropy,691,0.14268467834099974,0.00016774267316578401,0.00021041405493602732
BDOCA000347a,expression_variance,691,-0.0720858136919789,0.05823233747730367,0.3873127562443919
BDOCA000347a,expression_mad,691,0.23461976238693594,4.27586331914886e-10,6.47035401733637e-10
BDOCA000347a,expression_cv,691,-0.022862121132891617,0.5485301107833466,0.973826299331119
BDOCA000347a,prob_entropy,691,0.03717734492825163,0.32914158239023406,0.9254027682045745
BDOCA000347a,NetITH,691,0.17631210905291958,3.118144146895624e-06,4.065182884966656e-06
BDP-00009066,shannon_entropy,718,0.19011606878477527,2.8627958585815234e-07,4.78806792721822e-07
BDP-00009066,expression_variance,718,-0.07278635288282868,0.05123138394051545,0.37320688025879084
BDP-00009066,expression_mad,718,0.26136762527398893,1.1164924243767069e-12,1.958998977740725e-12
BDP-00009066,expression_cv,718,-0.06055009490132576,0.10498929837198148,0.833154007939354
BDP-00009066,prob_entropy,718,0.06692743546258406,0.07309440498775363,0.7603638090072514
BDP-00009066,NetITH,718,0.20757452162448742,1.9812493428409105e-08,3.062904389472975e-08
BEN,shannon_entropy,691,0.12404806856837762,0.0010847828265954723,0.0012926995350262711
BEN,expression_variance,691,0.08218167084865588,0.03076932245687857,0.2800210649888481
BEN,expression_mad,691,0.19376669628429138,2.851222092388895e-07,3.74059412120745e-07
BEN,expression_cv,691,0.130754842081565,0.000569545534499362,0.05429667428893917
BEN,prob_entropy,691,0.0051942015407226575,0.8915896066110917,0.996451665181847
BEN,NetITH,691,0.2578858471519617,5.839771707537368e-12,1.546458063292303e-11
BI-2536,shannon_entropy,866,0.24700937945422222,1.6682201696083188e-13,9.736958540979168e-13
BI-2536,expression_variance,866,-0.07452553388769145,0.028306595436050415,0.2791615963693248
BI-2536,expression_mad,866,0.3365534495580127,2.2331790304858904e-24,2.9031327396316575e-23
BI-2536,expression_cv,866,-0.04652239411500948,0.17136888114385493,0.9597412806595652
BI-2536,prob_entropy,866,0.07298225422393703,0.031755479418830224,0.7110928184154013
BI-2536,NetITH,866,0.3069385548814222,2.3847133615605018e-20,7.992958733706144e-19
BIBR-1532,shannon_entropy,894,0.2448076291745928,1.1475859311892337e-13,7.459308552730019e-13
BIBR-1532,expression_variance,894,-0.03468347647706575,0.3002530458678452,0.6375675800404526
BIBR-1532,expression_mad,894,0.2801957643808972,1.3694233780946051e-17,4.211345012204915e-17
BIBR-1532,expression_cv,894,-0.017241529158566606,0.6066677390525708,0.973826299331119
BIBR-1532,prob_entropy,894,-0.02200024075035175,0.5112049053889007,0.996451665181847
BIBR-1532,NetITH,894,0.22440840765391298,1.1438386239397836e-11,2.8786272314673953e-11
BMS-345541,shannon_entropy,838,0.2588117535431991,2.7196586272265083e-14,2.0034676131810527e-13
BMS-345541,expression_variance,838,-0.05485491788488979,0.11256308841133293,0.4806152439298869
BMS-345541,expression_mad,838,0.31561454172600983,7.735539294103167e-21,4.254546611756742e-20
BMS-345541,expression_cv,838,-0.014278179761102829,0.6798029018041782,0.973826299331119
BMS-345541,prob_entropy,838,0.0158583805807628,0.6466538676384435,0.996451665181847
BMS-345541,NetITH,838,0.31207701913436137,2.1898345790630304e-20,7.992958733706144e-19
BMS-536924,shannon_entropy,900,0.0477906433629342,0.15198781320132163,0.1609944984280666
BMS-536924,expression_variance,900,-0.04665967900371894,0.16193093699257236,0.5512294076065516
BMS-536924,expression_mad,900,0.09437460210856227,0.004602261225283953,0.005043090844564025
BMS-536924,expression_cv,900,-0.03645622607764537,0.2746002185207242,0.9671966848047472
BMS-536924,prob_entropy,900,0.07671393832996502,0.0213570571553108,0.7110928184154013
BMS-536924,NetITH,900,0.1551550063642054,2.9177177798173265e-06,3.827831582696126e-06
BMS-754807,shannon_entropy,892,0.14453275221884088,1.4683208724475478e-05,2.0385425704854304e-05
BMS-754807,expression_variance,892,0.02885538404447308,0.3893612492604809,0.6748928320515003
BMS-754807,expression_mad,892,0.16724791473082867,5.073635128741824e-07,6.59572566736437e-07
BMS-754807,expression_cv,892,0.05172153325453282,0.12268489449946321,0.8493893898038807
BMS-754807,prob_entropy,892,-0.01124555014049287,0.7373208101987911,0.996451665181847
BMS-754807,NetITH,892,0.21551168352146569,7.815805936722801e-11,1.6681496253005382e-10
BPD-00008900,shannon_entropy,718,0.17336738005151134,2.9711503325375536e-06,4.425776016175731e-06
BPD-00008900,expression_variance,718,-0.08530047996205083,0.0222626913336468,0.24988397656715508
BPD-00008900,expression_mad,718,0.2760307558394454,5.063106768553164e-14,1.0569697341651132e-13
BPD-00008900,expression_cv,718,-0.08185728275501944,0.0282880290921913,0.5384851927652793
BPD-00008900,prob_entropy,718,0.10581257510525982,0.004534957959828238,0.3470189601638749
BPD-00008900,NetITH,718,0.1841225772629518,6.778828896802372e-07,9.276292174571668e-07
BX795,shannon_entropy,191,0.22539611463213005,0.0017183641288701695,0.0020141481182658545
BX795,expression_variance,191,-0.0863013226784238,0.2351902103810402,0.6084127625819538
BX795,expression_mad,191,0.25718861945439514,0.00032853522777310807,0.00037286140929805123
BX795,expression_cv,191,-0.051314067236153206,0.4808202447642965,0.973826299331119
BX795,prob_entropy,191,-0.011335767429043814,0.8763167641026345,0.996451665181847
BX795,NetITH,191,0.3134713419674841,1.0071639463852996e-05,1.2689378355339016e-05
Bicalutamide,shannon_entropy,191,0.33518186828327357,2.140058613821251e-06,3.2044856730517164e-06
Bicalutamide,expression_variance,191,-0.04906999173325984,0.5002379630157967,0.7650698257888655
Bicalutamide,expression_mad,191,0.32831186277211355,3.5392646478879378e-06,4.524492766930508e-06
Bicalutamide,expression_cv,191,-0.013834734086525214,0.8493453119287069,0.9794869323048798
Bicalutamide,prob_entropy,191,-0.12291781482502066,0.09025829042053465,0.7603638090072514
Bicalutamide,NetITH,191,0.3888244006613392,2.718271241686274e-08,4.157356016696654e-08
Bleomycin,shannon_entropy,691,0.14212866463550136,0.0001779663956575098,0.00022226370811374583
Bleomycin,expression_variance,691,0.01631990526239603,0.6684682447735282,0.8933734486225657
Bleomycin,expression_mad,691,0.17489951769219664,3.7471989898663977e-06,4.7631062715635104e-06
Bleomycin,expression_cv,691,0.015515974059179725,0.6838959082856149,0.973826299331119
Bleomycin,prob_entropy,691,0.014390601308097615,0.7057138922195766,0.996451665181847
Bleomycin,NetITH,691,0.16532613878433414,1.2531295029116992e-05,1.5514936702716275e-05
Bleomycin (50 uM),shannon_entropy,707,0.09961697663020253,0.008033186451212603,0.00897457548846408
Bleomycin (50 uM),expression_variance,707,-0.010363580514332088,0.7832533039527582,0.9412203568507934
Bleomycin (50 uM),expression_mad,707,0.14496445391817786,0.00010966052270593286,0.00012646334473345483
Bleomycin (50 uM),expression_cv,707,-0.023024459124399845,0.5410632503720134,0.973826299331119
Bleomycin (50 uM),prob_entropy,707,0.05651576070638912,0.1332869780890669,0.8265928826578695
Bleomycin (50 uM),NetITH,707,0.11188018979551963,0.0028925822092202838,0.0031100695933721847
Bortezomib,shannon_entropy,899,0.21672063242751782,5.128133218257717e-11,1.496577653491538e-10
Bortezomib,expression_variance,899,-0.09839906255651541,0.00314297980120642,0.09987691368278177
Bortezomib,expression_mad,899,0.26867427554991813,2.491414906511961e-16,6.419321290652441e-16
Bortezomib,expression_cv,899,-0.09316971013738766,0.005178192274637082,0.36380260126600006
Bortezomib,prob_entropy,899,0.0617258308125914,0.06432290235096534,0.7603638090072514
Bortezomib,NetITH,899,0.12739541501610716,0.00012812255463450007,0.00014875527944899916
Bosutinib,shannon_entropy,892,0.18770302786492488,1.619248016097039e-08,2.9877737587338916e-08
Bosutinib,expression_variance,892,-0.06785742926328146,0.0427495258067198,0.33962123279782946
Bosutinib,expression_mad,892,0.29881689494824043,7.425182086084645e-20,3.3404972006638386e-19
Bosutinib,expression_cv,892,-0.03800588807543749,0.256829839458085,0.9671966848047472
Bosutinib,prob_entropy,892,0.09491796527485169,0.004549857091752004,0.3470189601638749
Bosutinib,NetITH,892,0.29193000784200906,5.52102189638974e-19,1.0526748415783105e-17
Bromosporine,shannon_entropy,690,0.25258164702134933,1.6711158574088344e-11,5.55743180487124e-11
Bromosporine,expression_variance,690,-0.030046089245048327,0.4307007287178728,0.7120254821578706
Bromosporine,expression_mad,690,0.3436126592961986,1.485017312300089e-20,7.865091691070842e-20
Bromosporine,expression_cv,690,-0.0200468901380303,0.5991058426167757,0.973826299331119
Bromosporine,prob_entropy,690,0.03708693396523211,0.33067139907104504,0.9254027682045745
Bromosporine,NetITH,690,0.2257014868208357,2.0289318559309285e-09,3.5599663239033472e-09
Buparlisib,shannon_entropy,900,0.19613925449290678,2.9613282222765695e-09,6.1820428581832035e-09
Buparlisib,expression_variance,900,-0.08959535340990134,0.007155149021621926,0.15741327847568237
Buparlisib,expression_mad,900,0.25275446842115445,1.388441647051936e-14,2.985671511705667e-14
Buparlisib,expression_cv,900,-0.05307511079231785,0.11157311437376267,0.833154007939354
Buparlisib,prob_entropy,900,0.03352866690781923,0.3150198554284335,0.9254027682045745
Buparlisib,NetITH,900,0.24135190290358385,2.1478044072143434e-13,7.775595702067117e-13
CCT-018159,shannon_entropy,191,0.22055834940755029,0.0021693231403964027,0.002501719428037787
CCT-018159,expression_variance,191,-0.12663784789198126,0.08086023985198121,0.4282597888456783
CCT-018159,expression_mad,191,0.21513674565996138,0.002800668833245709,0.00308073571657028
CCT-018159,expression_cv,191,-0.09169020391292367,0.2071198362612491,0.9597412806595652
CCT-018159,prob_entropy,191,-0.09363633232295399,0.19760058040555475,0.8265928826578695
CCT-018159,NetITH,191,0.2300737117663268,0.001365367761129713,0.0014791484078905224
CCT007093,shannon_entropy,880,0.23194257153553327,3.2617354679276397e-12,1.229494187853562e-11
CCT007093,expression_variance,880,-0.005168688586539074,0.8783106100652174,0.9574585177146904
CCT007093,expression_mad,880,0.294336270625819,4.778458541128221e-19,1.872108414743385e-18
CCT007093,expression_cv,880,0.01883771684998184,0.5767950731226359,0.973826299331119
CCT007093,prob_entropy,880,0.010218234926815386,0.7621193487138104,0.996451665181847
CCT007093,NetITH,880,0.25118608694672195,3.958146690164844e-14,1.7415845436725315e-13
CDK9_5038,shannon_entropy,690,0.26072788843606426,3.475334116153711e-12,1.2908383859999499e-11
CDK9_5038,expression_variance,690,0.0016773456963691423,0.9649200177577385,0.9823096019717532
CDK9_5038,expression_mad,690,0.32023315939861613,6.424334457901922e-18,2.0879086988181246e-17
CDK9_5038,expression_cv,690,0.02415104202386844,0.5265128603108338,0.973826299331119
CDK9_5038,prob_entropy,690,-0.020897754458631505,0.583689388068856,0.996451665181847
CDK9_5038,NetITH,690,0.23109145092859298,8.117957011324765e-10,1.4882921187428738e-09
CDK9_5576,shannon_entropy,690,0.23871489278307753,2.136399654134281e-10,5.504597307048687e-10
CDK9_5576,expression_variance,690,-0.009365260805731215,0.806019273856091,0.9574585177146904
CDK9_5576,expression_mad,690,0.30947211655011103,8.832133499248184e-17,2.4288367122932503e-16
CDK9_5576,expression_cv,690,0.017716903417146435,0.6422339390683365,0.973826299331119
CDK9_5576,prob_entropy,690,0.006037162347582623,0.8742226177917406,0.996451665181847
CDK9_5576,NetITH,690,0.2565516653140373,7.827270523653417e-12,2.0167561889773667e-11
CHIR-99021,shannon_entropy,191,0.3144512951226233,9.415589632604822e-06,1.3330983341212769e-05
CHIR-99021,expression_variance,191,-0.0042745935519426835,0.9532001931108751,0.9815728481865859
CHIR-99021,expression_mad,191,0.36165438137227884,2.741276087869333e-07,3.612926088159582e-07
CHIR-99021,expression_cv,191,-0.018114494351060897,0.8035740122207125,0.973826299331119
CHIR-99021,prob_entropy,191,-0.004951432901625792,0.9458004533533754,0.996451665181847
CHIR-99021,NetITH,191,0.3723305318269496,1.1336932260291444e-07,1.6458693535245445e-07
CPI-637,shannon_entropy,716,0.28876844387000766,3.223514478741782e-15,3.4145375589635173e-14
CPI-637,expression_variance,716,-0.03772738796698031,0.31340109356102896,0.6375675800404526
CPI-637,expression_mad,716,0.3771749860200341,1.2665115159589167e-25,2.2638893347765635e-24
CPI-637,expression_cv,716,-0.018933932993912893,0.6129987051513996,0.973826299331119
CPI-637,prob_entropy,716,0.028216532304795785,0.4509369776601678,0.996451665181847
CPI-637,NetITH,716,0.2600810470238487,1.5589656659967987e-12,4.5496344946437184e-12
CT7033-2,shannon_entropy,716,0.2642356264618484,6.661183362978791e-13,3.175164069686557e-12
CT7033-2,expression_variance,716,-0.0715325720538315,0.05572396137518053,0.37945364174527696
CT7033-2,expression_mad,716,0.34797389796104183,8.279104026665608e-22,5.919559379065909e-21
CT7033-2,expression_cv,716,-0.035519656706632236,0.34257987029617354,0.973826299331119
CT7033-2,prob_entropy,716,0.041132271809441574,0.2716953394555434,0.8771291725004089
CT7033-2,NetITH,716,0.27126286209991596,1.5277651023415552e-13,5.749221306180063e-13
CZC24832,shannon_entropy,840,0.24721012116756721,3.6688185110846045e-13,1.9077856257639944e-12
CZC24832,expression_variance,840,-0.029860505552222798,0.3873991247192051,0.6748928320515003
CZC24832,expression_mad,840,0.3116860588359272,2.2135654134885456e-20,1.1510540150140436e-19
CZC24832,expression_cv,840,0.002282275667300306,0.9473394359204388,0.985364405144123
CZC24832,prob_entropy,840,0.008802166669737344,0.7989269537930975,0.996451665181847
CZC24832,NetITH,840,0.24770396702457265,3.2833261831265554e-13,1.1313629980411986e-12
Camptothecin,shannon_entropy,910,0.21883851130094023,2.497634316138802e-11,7.936926826841081e-11
Camptothecin,expression_variance,910,0.009185189432817814,0.7820048602640404,0.9412203568507934
Camptothecin,expression_mad,910,0.2805835019828753,6.332649876629167e-18,2.0879086988181246e-17
Camptothecin,expression_cv,910,0.017992139329702457,0.5877823751456408,0.973826299331119
Camptothecin,prob_entropy,910,0.050593154714751835,0.127238515046638,0.8265928826578695
Camptothecin,NetITH,910,0.2737501893437021,4.1786155562849463e-17,4.268157318205338e-16
Cediranib,shannon_entropy,900,0.12672265850533973,0.00013797358176479525,0.00017460373621562585
Cediranib,expression_variance,900,-0.028764644565404816,0.3887324273485472,0.6748928320515003
Cediranib,expression_mad,900,0.14439784082037962,1.3693137198354261e-05,1.7176479117233856e-05
Cediranib,expression_cv,900,-0.02294773203423708,0.49172629274665547,0.973826299331119
Cediranib,prob_entropy,900,0.014171968113540882,0.6711359563892974,0.996451665181847
Cediranib,NetITH,900,0.15078611208161985,5.538114010481663e-06,7.134687418908809e-06
Cisplatin,shannon_entropy,735,0.21493375990367716,3.9552910049857325e-09,8.080094481613711e-09
Cisplatin,expression_variance,735,-0.016562562710192477,0.653942322614575,0.8906071631798497
Cisplatin,expression_mad,735,0.27690502987120685,2.1003020864917952e-14,4.482734304004876e-14
Cisplatin,expression_cv,735,-0.0041442219584196666,0.9106943457574084,0.985364405144123
Cisplatin,prob_entropy,735,0.03096547705683387,0.4018770466507604,0.9937864446567125
Cisplatin,NetITH,735,0.26920482267068657,1.1412609038776065e-13,4.410819169040479e-13
Crizotinib,shannon_entropy,908,0.2528591017041177,1.0343916522572654e-14,8.927411774215845e-14
Crizotinib,expression_variance,908,-0.012608864012357458,0.70436480134582,0.8953259252662424
Crizotinib,expression_mad,908,0.2995781298862903,2.7698162233479274e-20,1.3658059308232884e-19
Crizotinib,expression_cv,908,0.019049451924389973,0.566455693615677,0.973826299331119
Crizotinib,prob_entropy,908,0.006135238977418815,0.8535267360992577,0.996451665181847
Crizotinib,NetITH,908,0.2836692564340679,2.889808132949679e-18,4.1324256301180405e-17
Cyclophosphamide,shannon_entropy,899,0.2575645627864996,4.3425413969715025e-15,4.282644274254654e-14
Cyclophosphamide,expression_variance,899,-0.05989203544646241,0.07267353595990377,0.4179937355516666
Cyclophosphamide,expression_mad,899,0.2945724400534125,1.8658205855171898e-19,7.623209820827375e-19
Cyclophosphamide,expression_cv,899,-0.022656271548111284,0.497484906974235,0.973826299331119
Cyclophosphamide,prob_entropy,899,-0.024452311526541492,0.46401531160043363,0.996451665181847
Cyclophosphamide,NetITH,899,0.2501046035643002,2.7452914086426252e-14,1.2663763594706304e-13
Cytarabine,shannon_entropy,718,0.24284914607934435,4.255265781388267e-11,1.267714597371921e-10
Cytarabine,expression_variance,718,-0.0050598208789854465,0.8923389649904878,0.9574585177146904
Cytarabine,expression_mad,718,0.316857121223952,3.2974639043721327e-18,1.1500910690858901e-17
Cytarabine,expression_cv,718,0.01581427243773107,0.6722662092900784,0.973826299331119
Cytarabine,prob_entropy,718,0.05991298330310173,0.10870443396236046,0.7895190426585401
Cytarabine,NetITH,718,0.24420691479729784,3.290843855050414e-11,7.46969319479697e-11
Dabrafenib,shannon_entropy,896,0.22524239484101027,9.062238289683446e-12,3.119265704465663e-11
Dabrafenib,expression_variance,896,-0.05385087495695948,0.10721222608723731,0.476618795902737
Dabrafenib,expression_mad,896,0.31882750629259005,1.2834243492186588e-22,1.1205323483375787e-21
Dabrafenib,expression_cv,896,-0.04873287387861106,0.14496091329005856,0.9031622984107736
Dabrafenib,prob_entropy,896,0.057931983306952935,0.08307292011515904,0.7603638090072514
Dabrafenib,NetITH,896,0.21712572101204597,5.074775724089584e-11,1.1164506592997084e-10
Dacarbazine,shannon_entropy,691,0.179971389046941,1.9239736570276143e-06,2.911409872539141e-06
Dacarbazine,expression_variance,691,-0.01023650222129005,0.7882332354568561,0.9432414449400036
Dacarbazine,expression_mad,691,0.24093048054502567,1.3935157214336544e-10,2.1778442422405745e-10
Dacarbazine,expression_cv,691,0.03861417556693422,0.310780115068374,0.973826299331119
Dacarbazine,prob_entropy,691,-0.010918719905032535,0.7744890933311296,0.996451665181847
Dacarbazine,NetITH,691,0.23567490391555404,3.5528598096610823e-10,6.684986220809668e-10
Dactinomycin,shannon_entropy,903,0.2372519884955948,5.088698644532436e-13,2.5397879840447035e-12
Dactinomycin,expression_variance,903,-0.009948866557673951,0.7652786097834325,0.9412203568507934
Dactinomycin,expression_mad,903,0.2982907181113678,5.163185882629358e-20,2.4611186040533275e-19
Dactinomycin,expression_cv,903,-0.007294442590523789,0.8267302949069327,0.973826299331119
Dactinomycin,prob_entropy,903,0.04456239276713228,0.18092648079602955,0.8265928826578695
Dactinomycin,NetITH,903,0.24727311775861366,4.786625357876649e-14,2.0432460482876443e-13
Dactolisib,shannon_entropy,900,0.1669126011266681,4.7589317507128596e-07,7.733264094908397e-07
Dactolisib,expression_variance,900,-0.0761727195547978,0.022293680982566087,0.24988397656715508
Dactolisib,expression_mad,900,0.20612239438978733,4.313829297739441e-10,6.493448311334105e-10
Dactolisib,expression_cv,900,-0.07569918810599355,0.02314220940000666,0.5384851927652793
Dactolisib,prob_entropy,900,0.045811118285331215,0.1697074356073583,0.8265928826578695
Dactolisib,NetITH,900,0.1460538922476036,1.0868197532921528e-05,1.363291444919104e-05
Daporinad,shannon_entropy,551,0.1829791324433477,1.5467199146288255e-05,2.126739882614635e-05
Daporinad,expression_variance,551,-0.07016190469358621,0.09992331683634367,0.47105417393045573
Daporinad,expression_mad,551,0.17109868510720713,5.4150325061734726e-05,6.426138160853167e-05
Daporinad,expression_cv,551,-0.029471245238624707,0.4899622050228468,0.973826299331119
Daporinad,prob_entropy,551,-0.005285539048657489,0.9014826415020525,0.996451665181847
Daporinad,NetITH,551,0.24149638099610482,9.408948742895967e-09,1.5117749103754193e-08
Dasatinib,shannon_entropy,904,-0.01675123242608083,0.6149706635452781,0.623693651680672
Dasatinib,expression_variance,904,-0.031794164499664004,0.3396480273987721,0.6474745886508492
Dasatinib,expression_mad,904,0.0346644027722257,0.29782389274396687,0.30529617679130655
Dasatinib,expression_cv,904,-0.08097269601012158,0.014883386938394588,0.46887033753515633
Dasatinib,prob_entropy,904,0.12958529181156442,9.333978913416155e-05,0.026695179692370202
Dasatinib,NetITH,904,0.018685591940553116,0.5747404576479418,0.5767570908326715
Dihydrorotenone,shannon_entropy,689,0.006240892194399644,0.8701089206659689,0.8731619344226916
Dihydrorotenone,expression_variance,689,-0.057265185546086776,0.13318854475749134,0.4944123807368675
Dihydrorotenone,expression_mad,689,0.04904622105864069,0.19849847393081363,0.20569044762395905
Dihydrorotenone,expression_cv,689,0.01715727134913658,0.6530181390812999,0.973826299331119
Dihydrorotenone,prob_entropy,689,-0.014990842665547436,0.6944676724089334,0.996451665181847
Dihydrorotenone,NetITH,689,0.1419642555776825,0.00018506447497387542,0.00021342112839729184
Dinaciclib,shannon_entropy,837,0.23056776991482872,1.4607130143105018e-11,4.914869671680041e-11
Dinaciclib,expression_variance,837,-0.01726865029416581,0.6178575347846911,0.8619866095044959
Dinaciclib,expression_mad,837,0.3020232553542115,4.100383299841664e-19,1.6287633663259941e-18
Dinaciclib,expression_cv,837,0.021392881859835674,0.5365343169733978,0.973826299331119
Dinaciclib,prob_entropy,837,-0.00861856732411169,0.8033798479587804,0.996451665181847
Dinaciclib,NetITH,837,0.25092219077615624,1.7484939182739187e-13,6.4702762325567e-13
Docetaxel,shannon_entropy,910,0.1455015153268623,1.0497356666638408e-05,1.4789379343145737e-05
Docetaxel,expression_variance,910,-0.0477451195017573,0.1501136277830878,0.5235670432434525
Docetaxel,expression_mad,910,0.20446844168138362,4.801932372323548e-10,7.152878429606952e-10
Docetaxel,expression_cv,910,-0.02617923171552629,0.43024187921970514,0.973826299331119
Docetaxel,prob_entropy,910,0.06733895449592486,0.0422677549407756,0.7110928184154013
Docetaxel,NetITH,910,0.20686493807098955,2.976076900780016e-10,5.712469755859629e-10
Doramapimod,shannon_entropy,898,0.180940364813476,4.7680645008208905e-08,8.417694118733176e-08
Doramapimod,expression_variance,898,-0.030288731907209248,0.36462072609761287,0.6600096687589702
Doramapimod,expression_mad,898,0.21857039172610856,3.5698810020930585e-11,5.7038322156347196e-11
Doramapimod,expression_cv,898,-0.011442722105818603,0.7320245902967321,0.973826299331119
Doramapimod,prob_entropy,898,0.036823699376250955,0.2703227105319824,0.8771291725004089
Doramapimod,NetITH,898,0.15678941465121585,2.3452962189394526e-06,3.105345919521683e-06
EHT-1864,shannon_entropy,885,0.11676668206874427,0.0005001247326450589,0.0006086624405807951
EHT-1864,expression_variance,885,-0.08109230218703153,0.01582285485593262,0.21714428708329775
EHT-1864,expression_mad,885,0.17438933416801167,1.783243349546137e-07,2.3721283626520706e-07
EHT-1864,expression_cv,885,-0.004531257763434821,0.8929199736837594,0.985364405144123
EHT-1864,prob_entropy,885,0.012198532030233314,0.7170575459437563,0.996451665181847
EHT-1864,NetITH,885,0.20375219193954858,9.527728902302863e-10,1.7246395354801387e-09
EPZ004777,shannon_entropy,907,0.2353819596549147,6.960380053576267e-13,3.263391303807889e-12
EPZ004777,expression_variance,907,-0.027746353006582118,0.4039262211893664,0.6876363051199927
EPZ004777,expression_mad,907,0.3067811984719215,3.219600690428236e-21,1.8791955050254602e-20
EPZ004777,expression_cv,907,0.007854309331920283,0.8132609674835172,0.973826299331119
EPZ004777,prob_entropy,907,0.011829736327737069,0.7219973216407048,0.996451665181847
EPZ004777,NetITH,907,0.29147596697365286,3.2054891550075633e-19,7.639749152768025e-18
EPZ5676,shannon_entropy,904,0.2609600034306025,1.5375648910593136e-15,1.8322648285123485e-14
EPZ5676,expression_variance,904,-0.029631845347399672,0.37352424185981303,0.6676745823244158
EPZ5676,expression_mad,904,0.3494912978511791,2.297502462538124e-27,5.973506402599123e-26
EPZ5676,expression_cv,904,0.007156184838653664,0.8298709026479791,0.973826299331119
EPZ5676,prob_entropy,904,0.0358980877152431,0.28095017244344817,0.8829862562508372
EPZ5676,NetITH,904,0.3036846327687837,9.67168486454453e-21,5.553832136167249e-19
ERK_2440,shannon_entropy,691,0.052753584393318176,0.16599711065104658,0.17518514260590154
ERK_2440,expression_variance,691,0.0183988733906555,0.6292276754951003,0.8735879378232945
ERK_2440,expression_mad,691,0.07762616980828074,0.041356879014947195,0.04348554190542242
ERK_2440,expression_cv,691,-0.009435280519398332,0.8044589655154045,0.973826299331119
ERK_2440,prob_entropy,691,0.049625366749966995,0.1925962392093586,0.8265928826578695
ERK_2440,NetITH,691,0.08285914218969416,0.029412666038160395,0.0308132691828347
ERK_6604,shannon_entropy,691,0.04087024898081062,0.28333641117252173,0.2936022231715262
ERK_6604,expression_variance,691,0.014952705757324361,0.6947846469303378,0.8953259252662424
ERK_6604,expression_mad,691,0.07764580982138863,0.04130533804097354,0.04348554190542242
ERK_6604,expression_cv,691,0.018790218837027535,0.6219521913435362,0.973826299331119
ERK_6604,prob_entropy,691,0.04413969286656539,0.24655448941539096,0.8578687513727982
ERK_6604,NetITH,691,0.1366917634513177,0.0003138130851918309,0.00035196291123475935
Eg5_9814,shannon_entropy,687,0.23895314048380456,2.241025060196869e-10,5.72261756443129e-10
Eg5_9814,expression_variance,687,-0.016441089485453978,0.6670672184895694,0.8933734486225657
Eg5_9814,expression_mad,687,0.3139066714907176,3.557336380089065e-17,1.0276749542479522e-16
Eg5_9814,expression_cv,687,0.020991505308183132,0.5828268154331477,0.973826299331119
Eg5_9814,prob_entropy,687,0.02205274963501337,0.5639156379198785,0.996451665181847
Eg5_9814,NetITH,687,0.2370337963849818,3.146579410056672e-10,5.999478075174721e-10
Elephantin,shannon_entropy,691,0.26990051605952964,5.340505349262093e-13,2.588787338794845e-12
Elephantin,expression_variance,691,0.009283361380969336,0.8075452504601006,0.9574585177146904
Elephantin,expression_mad,691,0.32154487615698774,4.384192439057782e-18,1.4927131399649116e-17
Elephantin,expression_cv,691,0.024747143923834578,0.5160495739618949,0.973826299331119
Elephantin,prob_entropy,691,-0.010848743166457477,0.7758957025492359,0.996451665181847
Elephantin,NetITH,691,0.2134426797124848,1.4616669064053364e-08,2.284353744436755e-08
Elesclomol,shannon_entropy,191,0.27239081014053457,0.00013776731452885742,0.00017460373621562585
Elesclomol,expression_variance,191,-0.14046397079085146,0.05260767540622142,0.37320688025879084
Elesclomol,expression_mad,191,0.3287424221548636,3.430636800359761e-06,4.419649211274287e-06
Elesclomol,expression_cv,191,-0.12275764673463764,0.09068172524627095,0.833154007939354
Elesclomol,prob_entropy,191,0.048823711766326806,0.5023938393664958,0.996451665181847
Elesclomol,NetITH,191,0.3320611738771011,2.693570711077006e-06,3.550051720589971e-06
Entinostat,shannon_entropy,843,0.2594636198105155,1.9533828139167012e-14,1.5518541243893792e-13
Entinostat,expression_variance,843,0.057337574636407235,0.0961795418750229,0.4662262538348567
Entinostat,expression_mad,843,0.3213295060543411,1.0613903104027546e-21,6.634375008721303e-21
Entinostat,expression_cv,843,0.0867643589364442,0.011729734230016471,0.46887033753515633
Entinostat,prob_entropy,843,-0.03780075653272753,0.27295278444942794,0.8771291725004089
Entinostat,NetITH,843,0.24216214314910667,1.0261246925751056e-12,3.089175390278739e-12
Entospletinib,shannon_entropy,840,0.11592450426618275,0.0007622165369563931,0.0009198056099980103
Entospletinib,expression_variance,840,-0.05186266258475827,0.13312416055036067,0.4944123807368675
Entospletinib,expression_mad,840,0.16720172708375639,1.0986382484529782e-06,1.4217671450567953e-06
Entospletinib,expression_cv,840,-0.05198689340546117,0.13219615753520772,0.8592750239788501
Entospletinib,prob_entropy,840,0.07392980999122731,0.03215880377946407,0.7110928184154013
Entospletinib,NetITH,840,0.12739077011163563,0.00021413545561925826,0.00024399498130321857
Epirubicin,shannon_entropy,900,0.24998962550159526,2.7320012907014354e-14,2.0034676131810527e-13
Epirubicin,expression_variance,900,-0.04999584773149926,0.13394414240207256,0.4944123807368675
Epirubicin,expression_mad,900,0.29834691976985983,5.84891017126333e-20,2.7422759163628073e-19
Epirubicin,expression_cv,900,-0.03784254877680919,0.2567505419976842,0.9671966848047472
Epirubicin,prob_entropy,900,0.054526980897507286,0.10210098545136485,0.7892130226781174
Epirubicin,NetITH,900,0.24970962515591585,2.924499075192822e-14,1.3276297388970587e-13
Erlotinib,shannon_entropy,898,0.032404619809279424,0.3320664265139436,0.3416222949028341
Erlotinib,expression_variance,898,-0.08870414058225352,0.007820848061466533,0.15976875325567347
Erlotinib,expression_mad,898,0.11063934506355114,0.0008967204652868933,0.0010057335414590254
Erlotinib,expression_cv,898,-0.05126789675398336,0.12473550479637409,0.8493893898038807
Erlotinib,prob_entropy,898,0.09009058282068877,0.00690383942309459,0.3948996150010105
Erlotinib,NetITH,898,0.1780189365048778,7.867098623648737e-08,1.1538411314684815e-07
Fludarabine,shannon_entropy,691,0.243301318899621,9.069629673038792e-11,2.4941481600856676e-10
Fludarabine,expression_variance,691,-0.042426247204480544,0.26539246992705556,0.6206373717033338
Fludarabine,expression_mad,691,0.2745506164963744,2.047969682978312e-13,4.011776228299981e-13
Fludarabine,expression_cv,691,-0.017534385480356532,0.6454263949218828,0.973826299331119
Fludarabine,prob_entropy,691,0.010349523129570623,0.7859516074321795,0.996451665181847
Fludarabine,NetITH,691,0.20619529665330544,4.518258651074089e-08,6.730322782329111e-08
Foretinib,shannon_entropy,895,0.14448615269661536,1.4295361246600566e-05,1.994377227574518e-05
Foretinib,expression_variance,895,-0.015455775266876273,0.6442499517454806,0.8816051971253945
Foretinib,expression_mad,895,0.18420127265033717,2.848100190149403e-08,3.9541585164210156e-08
Foretinib,expression_cv,895,-0.01006149000787372,0.7637256212445973,0.973826299331119
Foretinib,prob_entropy,895,0.03237804771903137,0.33327442351423486,0.9254027682045745
Foretinib,NetITH,895,0.18104239422700952,4.932630674908769e-08,7.309494160745637e-08
Fulvestrant,shannon_entropy,907,0.26232623448904624,9.708802044776367e-16,1.2621442658209276e-14
Fulvestrant,expression_variance,907,-0.0019131700200188241,0.9541162650205275,0.9815728481865859
Fulvestrant,expression_mad,907,0.3138443337258915,3.506514022105106e-22,2.6391131850580537e-21
Fulvestrant,expression_cv,907,0.04259560679500711,0.1999687165868294,0.9597412806595652
Fulvestrant,prob_entropy,907,-0.04718344826645644,0.1556575508475313,0.8265928826578695
Fulvestrant,NetITH,907,0.260379435469617,1.6030314828872128e-15,1.1182122051359582e-14
GDC0810,shannon_entropy,900,0.18821284141503059,1.2744218017660511e-08,2.429897568700604e-08
GDC0810,expression_variance,900,-0.10068799261892093,0.002493492875897165,0.09987691368278177
GDC0810,expression_mad,900,0.23818613767835928,4.4834282312804524e-13,8.605774994269862e-13
GDC0810,expression_cv,900,-0.04858771430582013,0.14526386617795659,0.9031622984107736
GDC0810,prob_entropy,900,0.014765894772709598,0.6582103991366098,0.996451665181847
GDC0810,NetITH,900,0.23939925851760313,3.385909333889739e-13,1.152821511300554e-12
GNE-317,shannon_entropy,887,0.11601041886695457,0.0005363596027710579,0.0006499951118327227
GNE-317,expression_variance,887,-0.05962856193870518,0.07590356835737345,0.4179937355516666
GNE-317,expression_mad,887,0.1304305054530915,9.790430605553301e-05,0.00011336288069588032
GNE-317,expression_cv,887,-0.055591558790512315,0.09800505417919485,0.833154007939354
GNE-317,prob_entropy,887,0.01616281778634396,0.6307137771351589,0.996451665181847
GNE-317,NetITH,887,0.09544428546008935,0.004440270524710679,0.004720882416606893
GSK-LSD1,shannon_entropy,690,0.21058011591852885,2.347890192970813e-08,4.170786305525792e-08
GSK-LSD1,expression_variance,690,-0.008447439274823824,0.8247049212518583,0.9574585177146904
GSK-LSD1,expression_mad,690,0.2750951231644642,1.903052791982147e-13,3.7729160091515076e-13
GSK-LSD1,expression_cv,690,0.012372527197257203,0.7456179146715511,0.973826299331119
GSK-LSD1,prob_entropy,690,0.0354223915979477,0.35285040278415924,0.9520303320402788
GSK-LSD1,NetITH,690,0.2459272765428674,5.788127830832101e-11,1.2636676027618177e-10
GSK-LSD1-2HCl,shannon_entropy,714,0.20933355894167707,1.6381425643761153e-08,3.003261368022878e-08
GSK-LSD1-2HCl,expression_variance,714,-0.0016386385662848,0.9651363571820373,0.9823096019717532
GSK-LSD1-2HCl,expression_mad,714,0.28337376673322545,1.1868785773915828e-14,2.6111328702614824e-14
GSK-LSD1-2HCl,expression_cv,714,0.026024252127708935,0.4875019489950516,0.973826299331119
GSK-LSD1-2HCl,prob_entropy,714,0.00886797387086142,0.8130069709047223,0.996451665181847
GSK-LSD1-2HCl,NetITH,714,0.2216999731561236,2.120573003905626e-09,3.6756598734364186e-09
GSK1904529A,shannon_entropy,907,0.20648976000988642,3.430917308541888e-10,8.532542176025913e-10
GSK1904529A,expression_variance,907,-0.08398618248584341,0.011394929278371846,0.19170292785966753
GSK1904529A,expression_mad,907,0.2367639008468493,5.06280696966894e-13,9.463809106701418e-13
GSK1904529A,expression_cv,907,-0.034309845924501405,0.3019927778140104,0.973826299331119
GSK1904529A,prob_entropy,907,-0.015475129513462842,0.6416156939967342,0.996451665181847
GSK1904529A,NetITH,907,0.23985316913032195,2.46709784985921e-13,8.710987469873259e-13
GSK2110183B,shannon_entropy,691,0.15543011810558252,4.0723152869405776e-05,5.4171263816976986e-05
GSK2110183B,expression_variance,691,-0.005580746095001653,0.8835772580969812,0.9574585177146904
GSK2110183B,expression_mad,691,0.21292251032828283,1.587123269970578e-08,2.2142305132272452e-08
GSK2110183B,expression_cv,691,0.03668325277897093,0.3356145297689058,0.973826299331119
GSK2110183B,prob_entropy,691,0.0161944274008734,0.6708672223629872,0.996451665181847
GSK2110183B,NetITH,691,0.14096721245293217,0.00020123767861031461,0.0002302159043301999
GSK2256098C,shannon_entropy,691,0.26672290742025156,1.0172960026281992e-12,4.476102411564076e-12
GSK2256098C,expression_variance,691,-0.015359544991814843,0.6869134395711463,0.8953259252662424
GSK2256098C,expression_mad,691,0.3200231752154673,6.407883155706719e-18,2.0879086988181246e-17
GSK2256098C,expression_cv,691,0.014955288055344103,0.6947345818687692,0.973826299331119
GSK2256098C,prob_entropy,691,0.002601501588113282,0.9455773419846711,0.996451665181847
GSK2256098C,NetITH,691,0.24661618940828645,4.9372063550667254e-11,1.0946054399605298e-10
GSK2276186C,shannon_entropy,691,0.19505635410798153,2.367922397188024e-07,3.983681209386911e-07
GSK2276186C,expression_variance,691,-0.005290619456924542,0.8895899760572179,0.9574585177146904
GSK2276186C,expression_mad,691,0.27058257007029307,4.645444378450979e-13,8.857313948246533e-13
GSK2276186C,expression_cv,691,0.03626273827609421,0.34118753531125623,0.973826299331119
GSK2276186C,prob_entropy,691,0.00193155891876636,0.959578301705492,0.996451665181847
GSK2276186C,NetITH,691,0.22333131720112356,2.93528702345828e-09,5.026898734784838e-09
GSK2578215A,shannon_entropy,900,0.22940619268254245,3.2671873523381367e-12,1.229494187853562e-11
GSK2578215A,expression_variance,900,-0.016832777982853483,0.6140384539444762,0.8608578324907852
GSK2578215A,expression_mad,900,0.2746220509737255,4.9019866655303667e-17,1.3880873132095891e-16
GSK2578215A,expression_cv,900,0.01167344651042779,0.7265423829002798,0.973826299331119
GSK2578215A,prob_entropy,900,-0.013977054292659623,0.675399336968114,0.996451665181847
GSK2578215A,NetITH,900,0.2081692940361655,2.8707498705366255e-10,5.58526845560187e-10
GSK2606414,shannon_entropy,832,0.1412360278740766,4.346306495358562e-05,5.754831748484022e-05
GSK2606414,expression_variance,832,-0.07491174753711537,0.03072833914110076,0.2800210649888481
GSK2606414,expression_mad,832,0.23542844657996495,6.091985285750098e-12,1.0370879712646001e-11
GSK2606414,expression_cv,832,-0.03377575690092755,0.3305261139515574,0.973826299331119
GSK2606414,prob_entropy,832,0.07078580529684797,0.041224382390401416,0.7110928184154013
GSK2606414,NetITH,832,0.2423746296630288,1.3747605595923394e-12,4.095640833785511e-12
GSK269962A,shannon_entropy,233,0.32023770221195114,5.912051093217155e-07,9.499138273371383e-07
GSK269962A,expression_variance,233,0.07192635936901144,0.27420926616161284,0.622411508906518
GSK269962A,expression_mad,233,0.362393415375508,1.2209879734928239e-08,1.7202096572361952e-08
GSK269962A,expression_cv,233,0.08161621566239001,0.21453591573752717,0.9597412806595652
GSK269962A,prob_entropy,233,-0.13366385476789502,0.04150261592786986,0.7110928184154013
GSK269962A,NetITH,233,0.3419198703718461,8.635014373018443e-08,1.2600071993282013e-07
GSK2801,shannon_entropy,691,0.23250505821263517,6.18145949641339e-10,1.4571387432710216e-09
GSK2801,expression_variance,691,-0.006669021043546638,0.8610856815261511,0.9574585177146904
GSK2801,expression_mad,691,0.3081398761733544,1.1529178482047993e-16,3.110702873458232e-16
GSK2801,expression_cv,691,0.0354904493162184,0.3515755634664983,0.973826299331119
GSK2801,prob_entropy,691,-0.0007517760572964649,0.9842618935689196,0.996451665181847
GSK2801,NetITH,691,0.27900980873173165,8.028152524240626e-14,3.233875523849041e-13
GSK2830371,shannon_entropy,707,0.2671067280266497,5.150618988622126e-13,2.5397879840447035e-12
GSK2830371,expression_variance,707,-0.052691401495814284,0.16165418749575758,0.5512294076065516
GSK2830371,expression_mad,707,0.3484595837643838,1.298386529304516e-21,7.736219737106074e-21
GSK2830371,expression_cv,707,-0.008171989235222558,0.8282800347203905,0.973826299331119
GSK2830371,prob_entropy,707,0.009715349505853742,0.7965033837589812,0.996451665181847
GSK2830371,NetITH,707,0.28898695245787537,4.568379886020864e-15,2.41954934704068e-14
GSK2830371A,shannon_entropy,691,0.2275006737615608,1.4579408742987091e-09,3.1351209778152692e-09
GSK2830371A,expression_variance,691,0.043450073813715934,0.25402073304357664,0.6206373717033338
GSK2830371A,expression_mad,691,0.31138513374667076,5.3045335298716254e-17,1.4873495975914555e-16
GSK2830371A,expression_cv,691,0.08181360245485617,0.03152861662112372,0.5384851927652793
GSK2830371A,prob_entropy,691,0.0028450741210457654,0.9404909093003571,0.996451665181847
GSK2830371A,NetITH,691,0.25433358707745335,1.1574899706949317e-11,2.8786272314673953e-11
GSK3337463A,shannon_entropy,691,0.2447264564433609,6.990660565452583e-11,1.9993289217194388e-10
GSK3337463A,expression_variance,691,0.010776948007429744,0.7773396267124917,0.9412203568507934
GSK3337463A,expression_mad,691,0.3177168557502867,1.1343245745716191e-17,3.565020091510803e-17
GSK3337463A,expression_cv,691,0.06167382375415942,0.10527108395188044,0.833154007939354
GSK3337463A,prob_entropy,691,-0.010410879985335459,0.7847137223557168,0.996451665181847
GSK3337463A,NetITH,691,0.29587323317169123,1.989541586854195e-15,1.2803716400989971e-14
GSK343,shannon_entropy,907,0.28457813007259525,2.3310872185978154e-18,7.407677161321946e-17
GSK343,expression_variance,907,-0.04495500838730726,0.17615095373799064,0.5620198666050602
GSK343,expression_mad,907,0.328488468308922,2.9120590767165107e-24,3.4702037330871753e-23
GSK343,expression_cv,907,-0.0249017674572221,0.4538363904281755,0.973826299331119
GSK343,prob_entropy,907,0.013483138007977617,0.6850934250728926,0.996451665181847
GSK343,NetITH,907,0.25252036564806235,1.1634971311128045e-14,5.6400030423434255e-14
GSK591,shannon_entropy,897,0.20265972014573977,9.076842260782074e-10,2.0602991163362485e-09
GSK591,expression_variance,897,-0.0226380662767077,0.4983104814247864,0.7650698257888655
GSK591,expression_mad,897,0.24223926703924523,1.9128420326117784e-13,3.7729160091515076e-13
GSK591,expression_cv,897,-0.005579351231222538,0.8674726341844385,0.985364405144123
GSK591,prob_entropy,897,0.01742041094133909,0.6023301371843587,0.996451665181847
GSK591,NetITH,897,0.20863983987349918,2.7974769582799643e-10,5.479989110055272e-10
GSK626616AC,shannon_entropy,691,0.24776938551127137,3.98741945722224e-11,1.2004231208058533e-10
GSK626616AC,expression_variance,691,-0.012677773942721722,0.7393840631183406,0.9234228910560934
GSK626616AC,expression_mad,691,0.32992155996987077,5.219285349784811e-19,2.0171832568087244e-18
GSK626616AC,expression_cv,691,0.03236997856692643,0.39555429425103605,0.973826299331119
GSK626616AC,prob_entropy,691,0.03035600433389623,0.4256232397086096,0.996451665181847
GSK626616AC,NetITH,691,0.2900854667903745,7.279703332136445e-15,3.71784848748397e-14
GW441756,shannon_entropy,896,0.19564438324609565,3.520981371737884e-09,7.297106321137934e-09
GW441756,expression_variance,896,-0.10170603928498023,0.0023033137307818226,0.09987691368278177
GW441756,expression_mad,896,0.244974185700139,1.0359593978197491e-13,2.086509773073579e-13
GW441756,expression_cv,896,-0.05450846063094058,0.10298520360580932,0.833154007939354
GW441756,prob_entropy,896,0.021565717195119672,0.5191177118825905,0.996451665181847
GW441756,NetITH,896,0.23086477070415612,2.641212419495568e-12,7.553867519757324e-12
Gallibiscoquinazole,shannon_entropy,691,0.21550018930790413,1.0531791024227383e-08,2.035197454681778e-08
Gallibiscoquinazole,expression_variance,691,-0.03958422819658489,0.2987725580271904,0.6375675800404526
Gallibiscoquinazole,expression_mad,691,0.2516522524730959,1.9266222687016317e-11,3.1307611866401514e-11
Gallibiscoquinazole,expression_cv,691,0.0012092065107370863,0.974688384576758,0.9920315942667359
Gallibiscoquinazole,prob_entropy,691,-0.003689922018236843,0.9228683462483719,0.996451665181847
Gallibiscoquinazole,NetITH,691,0.2294013542152742,1.0549247395319642e-09,1.8856779719133857e-09
Gefitinib,shannon_entropy,900,0.044918672739102154,0.17818419645683342,0.18735544186269984
Gefitinib,expression_variance,900,0.004911857915873971,0.8830121779471166,0.9574585177146904
Gefitinib,expression_mad,900,0.10491199783374218,0.0016233023603335756,0.0017994747095170644
Gefitinib,expression_cv,900,0.05277542317953479,0.11361191017354827,0.833154007939354
Gefitinib,prob_entropy,900,0.05324618919282617,0.11042224372846716,0.7895190426585401
Gefitinib,NetITH,900,0.19263320901219222,5.6904299595799804e-09,9.407300395606211e-09
Gemcitabine,shannon_entropy,903,0.21341980042455402,9.223300899660936e-11,2.512251483145741e-10
Gemcitabine,expression_variance,903,-0.013126893636533783,0.6936303672259092,0.8953259252662424
Gemcitabine,expression_mad,903,0.27637873949721714,2.6974971676510417e-17,8.120886209981031e-17
Gemcitabine,expression_cv,903,-0.007132511548506007,0.8305178024591714,0.973826299331119
Gemcitabine,prob_entropy,903,0.06453810897789636,0.05253756655836148,0.722656997706801
Gemcitabine,NetITH,903,0.2598720731730134,2.104107240722128e-15,1.2803716400989971e-14
HKMTI-1-005,shannon_entropy,716,0.25589916966930126,3.6141791160014646e-12,1.3251990092005372e-11
HKMTI-1-005,expression_variance,716,-0.056498285380265696,0.1309525560329146,0.4944123807368675
HKMTI-1-005,expression_mad,716,0.31168725152970495,1.3511578879564682e-17,4.20033865169076e-17
HKMTI-1-005,expression_cv,716,-0.03138998866073969,0.40165004066070265,0.973826299331119
HKMTI-1-005,prob_entropy,716,0.02546996959469786,0.4962198572826959,0.996451665181847
HKMTI-1-005,NetITH,716,0.22073912623455647,2.3718057266632735e-09,4.0863640832873265e-09
I-BET-762,shannon_entropy,839,0.250451960340594,1.8214989296112822e-13,1.0214680271937779e-12
I-BET-762,expression_variance,839,-0.04757211842985658,0.1686127051424155,0.557100432047832
I-BET-762,expression_mad,839,0.3516607103320031,7.909294975785107e-26,1.5080389087163604e-24
I-BET-762,expression_cv,839,-0.03598165970877233,0.29787095165397914,0.973826299331119
I-BET-762,prob_entropy,839,0.06240296327152128,0.07082483291971499,0.7603638090072514
I-BET-762,NetITH,839,0.26675226394417856,3.905973599299275e-15,2.1077517913199863e-14
I-BRD9,shannon_entropy,900,0.2843667543622482,3.337368686335331e-18,9.544874442919046e-17
I-BRD9,expression_variance,900,-0.056743296390900894,0.08888592545397996,0.4382995634454874
I-BRD9,expression_mad,900,0.34345546928658766,2.5682976909470393e-26,5.246665282934666e-25
I-BRD9,expression_cv,900,-0.02058145750797223,0.5374649919068203,0.973826299331119
I-BRD9,prob_entropy,900,0.008524619577719642,0.7984235865461559,0.996451665181847
I-BRD9,NetITH,900,0.26044086474180833,2.0253573754833543e-15,1.2803716400989971e-14
IAP_5620,shannon_entropy,688,0.23091275469693565,8.855142758469864e-10,2.0260566631379046e-09
IAP_5620,expression_variance,688,0.010944187726791755,0.7744569465569742,0.9412203568507934
IAP_5620,expression_mad,688,0.2961891320365599,2.1299390403852543e-15,5.1190131558838884e-15
IAP_5620,expression_cv,688,0.04777725469641981,0.21070774558506208,0.9597412806595652
IAP_5620,prob_entropy,688,-0.018355660178377947,0.6307798733664824,0.996451665181847
IAP_5620,NetITH,688,0.12614515144114236,0.0009131759082437962,0.0009968256097623118
ICL-SIRT078,shannon_entropy,715,0.2467299049947752,2.2381768449509145e-11,7.192343569168107e-11
ICL-SIRT078,expression_variance,715,-0.08052187707133483,0.031331028250500485,0.2800210649888481
ICL-SIRT078,expression_mad,715,0.3002705805531964,2.3036821419171055e-16,5.989573568984474e-16
ICL-SIRT078,expression_cv,715,-0.03592139047281998,0.33748397985113776,0.973826299331119
ICL-SIRT078,prob_entropy,715,0.025369306999277426,0.4982256016283869,0.996451665181847
ICL-SIRT078,NetITH,715,0.2257483889754675,1.0292265070371306e-09,1.8513130881296814e-09
IGF1R_3801,shannon_entropy,690,0.08883736913687207,0.01959823990365123,0.021558063894016353
IGF1R_3801,expression_variance,690,0.05685359374927227,0.1357198876922091,0.4944123807368675
IGF1R_3801,expression_mad,690,0.09276749802767546,0.014783366813806658,0.015894898153190617
IGF1R_3801,expression_cv,690,0.06282867547551536,0.09914529796874286,0.833154007939354
IGF1R_3801,prob_entropy,690,0.000259335905383946,0.9945745498155565,0.996451665181847
IGF1R_3801,NetITH,690,0.15996327764128707,2.4269720554744727e-05,2.9662991789132444e-05
IOX2,shannon_entropy,191,0.28973029760264535,4.794787637308895e-05,6.319397531199743e-05
IOX2,expression_variance,191,-0.0001842794158170295,0.9979812949482669,0.9979812949482669
IOX2,expression_mad,191,0.2924755442270598,4.030959140379506e-05,4.8439256896997424e-05
IOX2,expression_cv,191,0.04069475062000551,0.5761941924328277,0.973826299331119
IOX2,prob_entropy,191,-0.12915231468724167,0.07496653911361485,0.7603638090072514
IOX2,NetITH,191,0.3882560622761091,2.8591542925807678e-08,4.349564508926062e-08
IRAK4_4710,shannon_entropy,691,0.147791318203049,9.644272494261966e-05,0.0001242460330341857
IRAK4_4710,expression_variance,691,-0.03552521973651486,0.3511036133710894,0.6526739087016973
IRAK4_4710,expression_mad,691,0.2182137136956514,6.8013015972406365e-09,9.774734958848352e-09
IRAK4_4710,expression_cv,691,-0.008316090811020619,0.8272638837731782,0.973826299331119
IRAK4_4710,prob_entropy,691,0.04986161110175029,0.19048438955966954,0.8265928826578695
IRAK4_4710,NetITH,691,0.24320017504343697,9.238196832055777e-11,1.9427384514470238e-10
IWP-2,shannon_entropy,839,0.24774507098745238,3.3597075179495493e-13,1.779400648395502e-12
IWP-2,expression_variance,839,-0.02598371984247316,0.45226988826272263,0.7299815928065533
IWP-2,expression_mad,839,0.3266112629821272,2.6282833250163326e-22,2.031591975553165e-21
IWP-2,expression_cv,839,0.01668862441162116,0.629303633852832,0.973826299331119
IWP-2,prob_entropy,839,-0.012641971856970961,0.7146265066274153,0.996451665181847
IWP-2,NetITH,839,0.2805252750441221,1.2290236937839622e-16,1.0984399263194162e-15
Ibrutinib,shannon_entropy,836,0.054448493556694816,0.1156917314291424,0.12300310479083541
Ibrutinib,expression_variance,836,-0.014376741192718746,0.6780805881425325,0.8953259252662424
Ibrutinib,expression_mad,836,0.11243422503144146,0.0011285381049909592,0.0012607886641695873
Ibrutinib,expression_cv,836,0.022393346763282612,0.5178999098594886,0.973826299331119
Ibrutinib,prob_entropy,836,0.05738638481641441,0.09729029585013219,0.7892130226781174
Ibrutinib,NetITH,836,0.1624967588104133,2.3265393985258076e-06,3.0948384557133998e-06
Ipatasertib,shannon_entropy,900,0.12338426755259368,0.0002067927794544744,0.0002571423257564334
Ipatasertib,expression_variance,900,-0.029127262297031643,0.3827782939267962,0.6748928320515003
Ipatasertib,expression_mad,900,0.1314410347008659,7.655983441907565e-05,9.010745943973511e-05
Ipatasertib,expression_cv,900,0.002898834854528627,0.9307952218046243,0.985364405144123
Ipatasertib,prob_entropy,900,-0.012199899835267286,0.7147367569024246,0.996451665181847
Ipatasertib,NetITH,900,0.12782093146617055,0.00012051259914461214,0.0001424239808072689
Irinotecan,shannon_entropy,907,0.20507483312795147,4.547335607434356e-10,1.1211534342467465e-09
Irinotecan,expression_variance,907,0.03186913002277091,0.3377075310731893,0.6474745886508492
Irinotecan,expression_mad,907,0.27528988406567306,3.0934306994435426e-17,9.101838058796999e-17
Irinotecan,expression_cv,907,0.044071471160809055,0.1848099497466635,0.9597412806595652
Irinotecan,prob_entropy,907,0.04768355700182948,0.15131705441101517,0.8265928826578695
Irinotecan,NetITH,907,0.2863792516761186,1.3959326047844722e-18,2.495229531052244e-17
JAK1_8709,shannon_entropy,691,0.200565450525534,1.0560144841576516e-07,1.830425105873263e-07
JAK1_8709,expression_variance,691,0.00304998492447142,0.9362137014438903,0.9807953062745517
JAK1_8709,expression_mad,691,0.27985796633483534,6.705289822542451e-14,1.3697949208908148e-13
JAK1_8709,expression_cv,691,0.029350071958825802,0.4411273470910452,0.973826299331119
JAK1_8709,prob_entropy,691,0.024687350995039443,0.5170643578652003,0.996451665181847
JAK1_8709,NetITH,691,0.26476101559235193,1.5079691553202336e-12,4.446177097129761e-12
JAK_8517,shannon_entropy,691,0.13793072094487377,0.0002762611605605373,0.00034056332724273134
JAK_8517,expression_variance,691,0.04170855020696573,0.27356961442132277,0.622411508906518
JAK_8517,expression_mad,691,0.16023122842099025,2.3190677106249067e-05,2.8588507122358766e-05
JAK_8517,expression_cv,691,0.05157623834828944,0.17566456556971577,0.9597412806595652
JAK_8517,prob_entropy,691,-0.008355807206357254,0.8264519973110778,0.996451665181847
JAK_8517,NetITH,691,0.17115027556029505,6.060012273853492e-06,7.772033678574435e-06
JNK Inhibitor VIII,shannon_entropy,894,0.19108561991934989,8.482590616249299e-09,1.6616581618132188e-08
JNK Inhibitor VIII,expression_variance,894,0.004185487271532262,0.9005466477806003,0.9574585177146904
JNK Inhibitor VIII,expression_mad,894,0.26521570144067713,7.405213494336591e-16,1.8416443994611e-15
JNK Inhibitor VIII,expression_cv,894,0.02466906798417933,0.461316283779199,0.973826299331119
JNK Inhibitor VIII,prob_entropy,894,0.027215412321925456,0.416362375115792,0.996451665181847
JNK Inhibitor VIII,NetITH,894,0.2420471203104747,2.1941032265505662e-13,7.843919034918274e-13
JQ1,shannon_entropy,892,0.24563073999899537,1.0061924011514902e-13,6.851691112603005e-13
JQ1,expression_variance,892,-0.03437177520606684,0.30516334507152937,0.6375675800404526
JQ1,expression_mad,892,0.3270610618443037,1.1069849181723549e-23,1.0917161606803224e-22
JQ1,expression_cv,892,-0.00747421352626762,0.8235995508358587,0.973826299331119
JQ1,prob_entropy,892,0.03930750162276886,0.24088427966251635,0.8578687513727982
JQ1,NetITH,892,0.24738636192444843,6.631217523221604e-14,2.748591611074462e-13
KRAS (G12C) Inhibitor-12,shannon_entropy,840,0.16521506650985288,1.4765821028656036e-06,2.2462897947849078e-06
KRAS (G12C) Inhibitor-12,expression_variance,840,-0.061089129337525375,0.07680254250741694,0.4179937355516666
KRAS (G12C) Inhibitor-12,expression_mad,840,0.24055095640117724,1.6009831473395021e-12,2.7750374553884706e-12
KRAS (G12C) Inhibitor-12,expression_cv,840,-0.01650443706087209,0.6328891889512416,0.973826299331119
KRAS (G12C) Inhibitor-12,prob_entropy,840,0.06587679404307545,0.05632388718543731,0.732210533410685
KRAS (G12C) Inhibitor-12,NetITH,840,0.272077685565233,1.0094715924590223e-15,7.597601985349483e-15
KU-55933,shannon_entropy,898,0.2709168138054025,1.4306358509053722e-16,2.922584666849546e-15
KU-55933,expression_variance,898,-0.08682283394769093,0.009238977855911944,0.17615651111938774
KU-55933,expression_mad,898,0.33332076687426815,9.649820543131093e-25,1.3142136549216632e-23
KU-55933,expression_cv,898,-0.0537668268995148,0.1073690142368619,0.833154007939354
KU-55933,prob_entropy,898,0.009100654511730134,0.7853591480807124,0.996451665181847
KU-55933,NetITH,898,0.26006376795796365,2.393591775862605e-15,1.4261817664514687e-14
L-Oxonoreleagnine,shannon_entropy,691,0.2263328203895342,1.7760925084207414e-09,3.762684869691349e-09
L-Oxonoreleagnine,expression_variance,691,-0.015658546006185152,0.681150061202688,0.8953259252662424
L-Oxonoreleagnine,expression_mad,691,0.2575195609074995,6.269644929346964e-12,1.0610168341971785e-11
L-Oxonoreleagnine,expression_cv,691,0.016507394646787094,0.6648899782116697,0.973826299331119
L-Oxonoreleagnine,prob_entropy,691,-0.045667504034386026,0.23056360880003593,0.8494163374169884
L-Oxonoreleagnine,NetITH,691,0.241728153849679,1.2066358519177631e-10,2.4759930044042083e-10
LCL161,shannon_entropy,839,0.17105247223754025,6.228002276981008e-07,9.950886319645634e-07
LCL161,expression_variance,839,-0.02592914380643266,0.45322043479047847,0.7299815928065533
LCL161,expression_mad,839,0.2269443881164847,2.916576416067614e-11,4.712660197713772e-11
LCL161,expression_cv,839,-0.0006441638386418655,0.9851357043232514,0.9955788389980562
LCL161,prob_entropy,839,0.02218251721908479,0.521101341800494,0.996451665181847
LCL161,NetITH,839,0.1785420883644135,1.9323252507454548e-07,2.722389269523153e-07
LGK974,shannon_entropy,906,0.1790861324905906,5.732445441780492e-08,1.0058155805823441e-07
LGK974,expression_variance,906,-0.09321010018186539,0.004987344715777126,0.12967096261020528
LGK974,expression_mad,906,0.253888059473601,8.565656770942827e-15,1.928958926369802e-14
LGK974,expression_cv,906,-0.005315319156712374,0.8730618828445598,0.985364405144123
LGK974,prob_entropy,906,-0.00970096796522456,0.7705915093774294,0.996451665181847
LGK974,NetITH,906,0.2854265142783655,1.91228038631293e-18,3.0384010582527666e-17
LJI308,shannon_entropy,897,0.21179590841036564,1.4816105486582678e-10,3.8875285955620607e-10
LJI308,expression_variance,897,0.0144813034114138,0.6649186145552176,0.8933734486225657
LJI308,expression_mad,897,0.24866587851965982,4.151873832555132e-14,8.795821600820502e-14
LJI308,expression_cv,897,0.0366013833895358,0.27349550091043723,0.9671966848047472
LJI308,prob_entropy,897,-0.011546302661219867,0.7298383386446301,0.996451665181847
LJI308,NetITH,897,0.26151291637093416,1.7160797087515684e-15,1.1685685635784489e-14
LMB_AB1,shannon_entropy,691,0.2764735581454732,1.3703995266109823e-13,8.520310100233499e-13
LMB_AB1,expression_variance,691,-0.02793791890000214,0.46342779883845553,0.7313478710940713
LMB_AB1,expression_mad,691,0.3533952159237155,9.354216901360447e-22,6.2269966566973106e-21
LMB_AB1,expression_cv,691,0.019489039776928004,0.6090520354374773,0.973826299331119
LMB_AB1,prob_entropy,691,0.00172279286917308,0.9639439965336349,0.996451665181847
LMB_AB1,NetITH,691,0.26806585030951074,7.755699990301067e-13,2.4645891080290056e-12
LMB_AB2,shannon_entropy,691,0.2644373554504128,1.6086398572907324e-12,6.5724428455021346e-12
LMB_AB2,expression_variance,691,-0.006693789282299366,0.8605750266502942,0.9574585177146904
LMB_AB2,expression_mad,691,0.33953985631511896,4.173135116948871e-20,2.022909565165046e-19
LMB_AB2,expression_cv,691,0.03315437886821879,0.38419849356911717,0.973826299331119
LMB_AB2,prob_entropy,691,0.004800273796330882,0.8997663681691621,0.996451665181847
LMB_AB2,NetITH,691,0.2934149581976869,3.46422024207401e-15,1.942680371045425e-14
LMB_AB3,shannon_entropy,691,0.1858147839999977,8.71902866906255e-07,1.3675308595982533e-06
LMB_AB3,expression_variance,691,-0.05029938336086619,0.18661609213536007,0.5738946489323976
LMB_AB3,expression_mad,691,0.2893908494395763,8.489112394368646e-15,1.926893765705899e-14
LMB_AB3,expression_cv,691,-0.001999426093352493,0.9581593242512452,0.9892908546420799
LMB_AB3,prob_entropy,691,0.04862541774694697,0.20172529637411543,0.8265928826578695
LMB_AB3,NetITH,691,0.24190526168594656,1.1685872287839384e-10,2.421854691537728e-10
LMP744,shannon_entropy,691,0.22206635487539686,3.619789770136045e-09,7.447912764452583e-09
LMP744,expression_variance,691,0.03545266047618303,0.3520889380194392,0.6526739087016973
LMP744,expression_mad,691,0.2691383744397595,6.237999286626876e-13,1.1510114812743784e-12
LMP744,expression_cv,691,0.05069225590646117,0.18319412582893801,0.9597412806595652
LMP744,prob_entropy,691,0.02727775961278623,0.4740641054263688,0.996451665181847
LMP744,NetITH,691,0.288899719184183,9.461192225084114e-15,4.665346510989753e-14
LY2109761,shannon_entropy,838,0.17545244394982748,3.2019639658735485e-07,5.29342019791812e-07
LY2109761,expression_variance,838,0.06688575734126426,0.052928738122595693,0.37320688025879084
LY2109761,expression_mad,838,0.22143255003451828,9.103604987089985e-11,1.4305664979712833e-10
LY2109761,expression_cv,838,0.07288412975052933,0.03489943538524201,0.5384851927652793
LY2109761,prob_entropy,838,-0.002595586850844187,0.9401943316659408,0.996451665181847
LY2109761,NetITH,838,0.23005808557854018,1.5789995468857838e-11,3.827066698384188e-11
Lapatinib,shannon_entropy,908,0.083376080420917,0.011961066348294958,0.013259166572140922
Lapatinib,expression_variance,908,-0.026647765777602587,0.4225446015426191,0.7026032327976108
Lapatinib,expression_mad,908,0.10301040643724094,0.001883504314061684,0.0020798541846395427
Lapatinib,expression_cv,908,0.012784468903884207,0.7004449178207984,0.973826299331119
Lapatinib,prob_entropy,908,0.009471058670836559,0.775640286809726,0.996451665181847
Lapatinib,NetITH,908,0.11314865148828072,0.0006359707339033805,0.0006995678072937185
Leflunomide,shannon_entropy,840,0.2689431249193947,2.1975289274207035e-15,2.513973092969285e-14
Leflunomide,expression_variance,840,-0.05544458376095042,0.10832245361425841,0.476618795902737
Leflunomide,expression_mad,840,0.3655627346410638,5.893589107613094e-28,1.872851649752605e-26
Leflunomide,expression_cv,840,-0.005400578596544009,0.8758031013834812,0.985364405144123
Leflunomide,prob_entropy,840,0.01834773413389596,0.5954044407436236,0.996451665181847
Leflunomide,NetITH,840,0.2968566322474137,1.4981972448300684e-18,2.5204965413023505e-17
Lenalidomide,shannon_entropy,892,0.26375468952764214,1.1603964846930198e-15,1.4429278027052333e-14
Lenalidomide,expression_variance,892,-0.030940522180309474,0.3560039502009258,0.6526739087016973
Lenalidomide,expression_mad,892,0.3504045522032958,3.644996882629451e-27,8.687242570266859e-26
Lenalidomide,expression_cv,892,0.016035632725482533,0.6324471555902631,0.973826299331119
Lenalidomide,prob_entropy,892,0.021585636603287592,0.5196690776150209,0.996451665181847
Lenalidomide,NetITH,892,0.3358541348789367,5.851154540488453e-25,1.6734301985796977e-22
Lestaurtinib,shannon_entropy,890,0.26623857070641116,6.598252103135495e-16,9.105189861355613e-15
Lestaurtinib,expression_variance,890,-0.04986335339338967,0.13717311570626448,0.4944123807368675
Lestaurtinib,expression_mad,890,0.33088612476385637,3.504489151268338e-24,4.0091355890509784e-23
Lestaurtinib,expression_cv,890,-0.014955493518706826,0.6559128432897918,0.973826299331119
Lestaurtinib,prob_entropy,890,0.0027121482133425864,0.9356029208309864,0.996451665181847
Lestaurtinib,NetITH,890,0.2627754523534405,1.6024601271402082e-15,1.1182122051359582e-14
Linsitinib,shannon_entropy,909,0.13322039325005264,5.60170672165649e-05,7.349028084375028e-05
Linsitinib,expression_variance,909,-0.01968007712326638,0.553456964521986,0.8146697771176756
Linsitinib,expression_mad,909,0.1786818203532122,5.844953292271982e-08,7.998357136793239e-08
Linsitinib,expression_cv,909,0.042269531692482806,0.2029378285641331,0.9597412806595652
Linsitinib,prob_entropy,909,-0.01928770259995453,0.5613948774968013,0.996451665181847
Linsitinib,NetITH,909,0.2580021859474034,2.741810599229155e-15,1.6003221048562005e-14
Luminespib,shannon_entropy,906,0.1984096310908086,1.7032972585431152e-09,3.6353956413681415e-09
Luminespib,expression_variance,906,-0.07439651684036655,0.025134116997071576,0.2659554004779937
Luminespib,expression_mad,906,0.221962984954305,1.415817754599598e-11,2.3271487230775e-11
Luminespib,expression_cv,906,-0.07055057043552447,0.03373082189672315,0.5384851927652793
Luminespib,prob_entropy,906,0.04984024303793058,0.13386231680267038,0.8265928826578695
Luminespib,NetITH,906,0.14938820375004186,6.3103561849751035e-06,8.056972629030713e-06
MG-132,shannon_entropy,911,0.17462848838722658,1.130785830311571e-07,1.948221370295839e-07
MG-132,expression_variance,911,-0.0816000727564076,0.013753237973130399,0.20702242422712075
MG-132,expression_mad,911,0.22457780967660218,7.039685482545099e-12,1.184323557651705e-11
MG-132,expression_cv,911,-0.08414700730547976,0.011059579585646026,0.46887033753515633
MG-132,prob_entropy,911,0.052455925552291595,0.1136082461790657,0.7924867904198242
MG-132,NetITH,911,0.05987514276699093,0.07086562402082665,0.07290492255380009
MIM1,shannon_entropy,718,0.22533768705893328,1.0201574770465014e-09,2.2794143627757767e-09
MIM1,expression_variance,718,-0.08501453836341781,0.022716725142468645,0.24988397656715508
MIM1,expression_mad,718,0.21851661830487565,3.2843910412155636e-09,4.768202222272341e-09
MIM1,expression_cv,718,-0.06347084892672779,0.08922782042647755,0.833154007939354
MIM1,prob_entropy,718,-0.0005521882402173326,0.9882153597597793,0.996451665181847
MIM1,NetITH,718,0.20431634354482547,3.321329223978626e-08,5.0259267622110425e-08
MIRA-1,shannon_entropy,908,0.29984061551830765,2.5590009639905978e-20,1.219790459502185e-18
MIRA-1,expression_variance,908,-0.013355284986701878,0.6877584517094137,0.8953259252662424
MIRA-1,expression_mad,908,0.354434437076199,2.882715046747185e-28,1.0305706292121187e-26
MIRA-1,expression_cv,908,0.003928019338562817,0.9059087421655696,0.985364405144123
MIRA-1,prob_entropy,908,0.0007420769373198899,0.9821845324392025,0.996451665181847
MIRA-1,NetITH,908,0.2798277010649159,8.496378530230166e-18,1.0124851081857614e-16
MK-1775,shannon_entropy,909,0.2259327622262154,5.512255349838576e-12,1.9706312875672906e-11
MK-1775,expression_variance,909,-0.061944032908398075,0.061927761986921834,0.3935853317391032
MK-1775,expression_mad,909,0.3102347297226698,9.904222550006766e-22,6.4377446575043975e-21
MK-1775,expression_cv,909,-0.017266987385188635,0.6031223698023966,0.973826299331119
MK-1775,prob_entropy,909,0.06840539115149837,0.03921013390197938,0.7110928184154013
MK-1775,NetITH,909,0.28973445100718626,4.865718798804392e-19,1.0172528440660596e-17
MK-2206,shannon_entropy,910,0.20703389382134318,2.876740882856161e-10,7.280954800857186e-10
MK-2206,expression_variance,910,-0.016950282620691596,0.6095894394216284,0.8608578324907852
MK-2206,expression_mad,910,0.2587807724693532,2.170549362113758e-15,5.155259289493316e-15
MK-2206,expression_cv,910,0.01775615855454136,0.5926900444849066,0.973826299331119
MK-2206,prob_entropy,910,-0.013836305525342707,0.6767990265809058,0.996451665181847
MK-2206,NetITH,910,0.18846344339383217,1.011289356011471e-08,1.606826421218226e-08
MK-8776,shannon_entropy,894,0.3062088104971856,7.340116324093316e-21,5.248183171726721e-19
MK-8776,expression_variance,894,-0.0015934952563489506,0.9620520787214631,0.9823096019717532
MK-8776,expression_mad,894,0.3495736170195971,4.302531204796015e-27,9.465568650551233e-26
MK-8776,expression_cv,894,0.02977292505757288,0.37391865657527923,0.973826299331119
MK-8776,prob_entropy,894,-0.021962284992070646,0.5119341559624406,0.996451665181847
MK-8776,NetITH,894,0.252454286928654,1.827371655757514e-14,8.710471559110816e-14
ML323,shannon_entropy,838,0.16550906500869664,1.4551092078640067e-06,2.225461141439069e-06
ML323,expression_variance,838,-0.08323839801735602,0.015944160939682702,0.21714428708329775
ML323,expression_mad,838,0.2859414604652232,3.118811642524846e-17,9.101838058796999e-17
ML323,expression_cv,838,-0.008158171876513912,0.8135754202379818,0.973826299331119
ML323,prob_entropy,838,0.05882588283420527,0.08878588735782543,0.7603638090072514
ML323,NetITH,838,0.254549434415941,7.357361734487152e-14,3.006007794376179e-13
MN-64,shannon_entropy,840,0.09872934708159814,0.0041808031937172205,0.00476378371873755
MN-64,expression_variance,840,-0.006236038964259951,0.8567834505704961,0.9574585177146904
MN-64,expression_mad,840,0.19518514461775432,1.173563129464525e-08,1.661579480330961e-08
MN-64,expression_cv,840,0.012943895895544068,0.7079529180565656,0.973826299331119
MN-64,prob_entropy,840,0.05672131054607503,0.10042132353753869,0.7892130226781174
MN-64,NetITH,840,0.1629510326889433,2.059435555724931e-06,2.765251497358358e-06
Methotrexate,shannon_entropy,828,0.15201567471603084,1.1169567532808058e-05,1.565929565874071e-05
Methotrexate,expression_variance,828,-0.21452329147474547,4.479726150029676e-10,1.2812016789084873e-07
Methotrexate,expression_mad,828,0.2139751068100783,4.971291938335317e-10,7.366784944890677e-10
Methotrexate,expression_cv,828,-0.15799399926777644,4.9209880568308545e-06,0.0014074025842536243
Methotrexate,prob_entropy,828,0.07406325309463158,0.033099287758155044,0.7110928184154013
Methotrexate,NetITH,828,0.14779075048091408,1.9571829259573495e-05,2.40237904216224e-05
Mirin,shannon_entropy,840,0.22203756767552915,7.663030209235455e-11,2.1277928542148932e-10
Mirin,expression_variance,840,0.014906341987446127,0.6661721221446378,0.8933734486225657
Mirin,expression_mad,840,0.2724547714576045,9.18658893097476e-16,2.2649693398782598e-15
Mirin,expression_cv,840,0.057646279463062076,0.09498891754249487,0.833154007939354
Mirin,prob_entropy,840,-0.011664152423280482,0.7356892663632627,0.996451665181847
Mirin,NetITH,840,0.2859043977427081,2.888640023091012e-17,3.059818691126035e-16
Mitoxantrone,shannon_entropy,691,0.24475173386763868,6.958349389418116e-11,1.9993289217194388e-10
Mitoxantrone,expression_variance,691,0.03868406092913993,0.309904580675961,0.6375675800404526
Mitoxantrone,expression_mad,691,0.3207147946400222,5.39408184990918e-18,1.8149498930282654e-17
Mitoxantrone,expression_cv,691,0.047196333573256706,0.21531265525038268,0.9597412806595652
Mitoxantrone,prob_entropy,691,0.037066160293785504,0.330591092242673,0.9254027682045745
Mitoxantrone,NetITH,691,0.26168909931991,2.7748446087596175e-12,7.857480773319313e-12
Motesanib,shannon_entropy,892,0.25482635405352705,1.0925154269145265e-14,8.927411774215845e-14
Motesanib,expression_variance,892,-0.057129748280150765,0.08814624020479418,0.4382995634454874
Motesanib,expression_mad,892,0.31279741779945164,1.0670673090950347e-21,6.634375008721303e-21
Motesanib,expression_cv,892,-0.011377752267281693,0.7343486183572258,0.973826299331119
Motesanib,prob_entropy,892,-0.00541651675784116,0.8716633613861803,0.996451665181847
Motesanib,NetITH,892,0.3024567395634841,2.5152667343830525e-20,7.992958733706144e-19
Mycophenolic acid,shannon_entropy,713,0.18197265984257452,1.0011314956038492e-06,1.5561065638190264e-06
Mycophenolic acid,expression_variance,713,0.014637252540362472,0.696403500774686,0.8953259252662424
Mycophenolic acid,expression_mad,713,0.2101912656264422,1.4607716772045069e-08,2.0479446062769066e-08
Mycophenolic acid,expression_cv,713,0.00234334558318655,0.9501945621401944,0.985364405144123
Mycophenolic acid,prob_entropy,713,0.028520537231391918,0.4470301238250153,0.996451665181847
Mycophenolic acid,NetITH,713,0.21081542281725085,1.3210362466341763e-08,2.0759141018537057e-08
N-acetyl cysteine,shannon_entropy,710,0.1460914409585709,9.35081432589472e-05,0.00012101053833510815
N-acetyl cysteine,expression_variance,710,-0.0024830635632185926,0.947340565487313,0.9815728481865859
N-acetyl cysteine,expression_mad,710,0.1575102911961542,2.4873953231561648e-05,3.04014983941309e-05
N-acetyl cysteine,expression_cv,710,0.026161309863429738,0.4864410130178004,0.973826299331119
N-acetyl cysteine,prob_entropy,710,0.005452768625344636,0.8846804019926118,0.996451665181847
N-acetyl cysteine,NetITH,710,0.14734176544630778,8.126033244597035e-05,9.643342356658722e-05
N25720-51-A1,shannon_entropy,717,0.272834489889851,1.0504289501906182e-13,6.986573947779462e-13
N25720-51-A1,expression_variance,717,-0.05585302980216857,0.13514280990070557,0.4944123807368675
N25720-51-A1,expression_mad,717,0.356179125414212,7.173766266902102e-23,6.618377910754843e-22
N25720-51-A1,expression_cv,717,-0.032583581900147145,0.38364773782573836,0.973826299331119
N25720-51-A1,prob_entropy,717,0.055374268339126155,0.13852707261054506,0.8265928826578695
N25720-51-A1,NetITH,717,0.24748471176547993,1.8158394014050372e-11,4.256803842638038e-11
N27922-53-1,shannon_entropy,718,0.26187363167664923,1.0066021420144622e-12,4.476102411564076e-12
N27922-53-1,expression_variance,718,-0.0382993646115079,0.30543896798115006,0.6375675800404526
N27922-53-1,expression_mad,718,0.322849899512763,7.018985897450015e-19,2.6765732888942724e-18
N27922-53-1,expression_cv,718,-0.00810341308094308,0.8283950600444834,0.973826299331119
N27922-53-1,prob_entropy,718,0.010285517062892192,0.7832141539157234,0.996451665181847
N27922-53-1,NetITH,718,0.2669291569477187,3.5315330388452447e-13,1.174440057104349e-12
N29087-69-1,shannon_entropy,718,0.2800463225389786,2.0993720489705434e-14,1.6227578540691226e-13
N29087-69-1,expression_variance,718,-0.02434680864455918,0.5148235996569993,0.7753636195755762
N29087-69-1,expression_mad,718,0.34001158257992564,6.873690242023607e-21,3.8546576651348066e-20
N29087-69-1,expression_cv,718,0.020986314047291142,0.5745103784022765,0.973826299331119
N29087-69-1,prob_entropy,718,-0.0016224592147832976,0.9653835366778502,0.996451665181847
N29087-69-1,NetITH,718,0.30135467750123807,1.5380368022886594e-16,1.3329652286501713e-15
N30652-18-1,shannon_entropy,718,0.2987329950458349,2.880411951405915e-16,4.335777990011009e-15
N30652-18-1,expression_variance,718,-0.006902036910813406,0.8535242382056176,0.9574585177146904
N30652-18-1,expression_mad,718,0.35393982378508587,1.292921940389514e-22,1.1205323483375787e-21
N30652-18-1,expression_cv,718,0.03416202958493778,0.36068463481324287,0.973826299331119
N30652-18-1,prob_entropy,718,-0.00939926020554176,0.8014856846263912,0.996451665181847
N30652-18-1,NetITH,718,0.2986789190156172,2.9177346750975873e-16,2.4543297561114997e-15
NU7441,shannon_entropy,887,0.2709242792541351,2.1845922156550612e-16,3.555775600700563e-15
NU7441,expression_variance,887,-0.059453247036249775,0.0767708424791638,0.4179937355516666
NU7441,expression_mad,887,0.278265265144446,3.091113095573547e-17,9.101838058796999e-17
NU7441,expression_cv,887,-0.03933647094247967,0.24186370911433241,0.9607364000930425
NU7441,prob_entropy,887,-0.028409558822811883,0.3980626031518655,0.9937864446567125
NU7441,NetITH,887,0.2041689765928384,8.417263528851123e-10,1.533335903981797e-09
NVP-ADW742,shannon_entropy,900,0.1656773897251725,5.79299578576507e-07,9.360433868524351e-07
NVP-ADW742,expression_variance,900,-0.040823556572292065,0.2211353595853318,0.6032174384959504
NVP-ADW742,expression_mad,900,0.19756001344857627,2.264860736479464e-09,3.304847809352687e-09
NVP-ADW742,expression_cv,900,-0.009570760786947475,0.7743187941087658,0.973826299331119
NVP-ADW742,prob_entropy,900,0.015298504483750391,0.6467052372624014,0.996451665181847
NVP-ADW742,NetITH,900,0.21243522522867317,1.2120245476104516e-10,2.4759930044042083e-10
Navitoclax,shannon_entropy,909,0.1569693489656852,1.9789233226702575e-06,2.978800369914177e-06
Navitoclax,expression_variance,909,0.03401739651139921,0.3056005534273399,0.6375675800404526
Navitoclax,expression_mad,909,0.13157361531767256,6.927973226754934e-05,8.187604722528559e-05
Navitoclax,expression_cv,909,0.08024745205798113,0.01552028174747589,0.46887033753515633
Navitoclax,prob_entropy,909,-0.09334530635616693,0.0048534120302639846,0.3470189601638749
Navitoclax,NetITH,909,0.1837664567153816,2.3988814629664203e-08,3.6886026796150333e-08
Nelarabine,shannon_entropy,690,0.2557333846440597,9.161479691437611e-12,3.119265704465663e-11
Nelarabine,expression_variance,690,-0.007854796732539278,0.8368239437806682,0.9574585177146904
Nelarabine,expression_mad,690,0.3168893170465003,1.4672181967508792e-17,4.4640894071356543e-17
Nelarabine,expression_cv,690,0.02866482738290548,0.45219979556214174,0.973826299331119
Nelarabine,prob_entropy,690,-0.0008142442424059228,0.9829667215151044,0.996451665181847
Nelarabine,NetITH,690,0.2708440526207693,4.577356482335683e-13,1.4876408567590967e-12
Nilotinib,shannon_entropy,897,0.2902931455950846,7.061003251822153e-19,2.884924185744479e-17
Nilotinib,expression_variance,897,-0.05193372129710126,0.12011458487216498,0.49075387533484544
Nilotinib,expression_mad,897,0.35802280536351416,1.6206737260335442e-28,6.814793732947635e-27
Nilotinib,expression_cv,897,-0.02963513772709328,0.37533296604715816,0.973826299331119
Nilotinib,prob_entropy,897,0.027540796450571794,0.41002377786535693,0.9937864446567125
Nilotinib,NetITH,897,0.19825899807077785,2.1098380367215406e-09,3.6756598734364186e-09
Niraparib,shannon_entropy,840,0.24026720559411222,1.7030581755893516e-12,6.860206172092318e-12
Niraparib,expression_variance,840,0.05118214655714,0.13829716943688602,0.4944123807368675
Niraparib,expression_mad,840,0.3115706553681947,2.2895256970384023e-20,1.1692934809874698e-19
Niraparib,expression_cv,840,0.07018508894064272,0.041988280001640274,0.6004324040234559
Niraparib,prob_entropy,840,0.011916582324278481,0.7301896169722317,0.996451665181847
Niraparib,NetITH,840,0.30478742175088114,1.6207824234859028e-19,4.214034301063347e-18
Nutlin-3a (-),shannon_entropy,910,0.3024530949735545,1.0515331914828579e-20,6.014769855281946e-19
Nutlin-3a (-),expression_variance,910,0.027010251959442823,0.41574499631012884,0.6994298173217462
Nutlin-3a (-),expression_mad,910,0.35992784426993385,3.217748404775366e-29,2.570792313435641e-27
Nutlin-3a (-),expression_cv,910,0.011892120081358325,0.7201489524084761,0.973826299331119
Nutlin-3a (-),prob_entropy,910,0.003747991112545351,0.9101037590897305,0.996451665181847
Nutlin-3a (-),NetITH,910,0.24691748315010753,4.168782696963861e-14,1.806472502017673e-13
OF-1,shannon_entropy,840,0.07913592362153087,0.021804307153702053,0.023892842321681176
OF-1,expression_variance,840,-0.0334088989841053,0.33348905880268687,0.6474745886508492
OF-1,expression_mad,840,0.14760368748497982,1.745846598125174e-05,2.1709222915817385e-05
OF-1,expression_cv,840,0.021628209304637415,0.5313248867765227,0.973826299331119
OF-1,prob_entropy,840,0.002268994145399866,0.9476454491932037,0.996451665181847
OF-1,NetITH,840,0.16473689122899224,1.584666195029952e-06,2.1378043951819165e-06
OSI-027,shannon_entropy,902,0.12834017750279572,0.00011102984989415811,0.0001423970272185167
OSI-027,expression_variance,902,-0.0354421754964292,0.2876441006308978,0.6375675800404526
OSI-027,expression_mad,902,0.14736013170159887,8.836011265912036e-06,1.1181854964826736e-05
OSI-027,expression_cv,902,-0.024830005769442193,0.45638772817555395,0.973826299331119
OSI-027,prob_entropy,902,-0.01988061627914744,0.5509669674163122,0.996451665181847
OSI-027,NetITH,902,0.06912536075569777,0.03792465806797513,0.039441644390694135
OTX015,shannon_entropy,839,0.22096504085887972,9.737557713191317e-11,2.627303307521431e-10
OTX015,expression_variance,839,-0.032702017687837266,0.3441123687934583,0.6474745886508492
OTX015,expression_mad,839,0.30450262456685606,1.8463348155726029e-19,7.623209820827375e-19
OTX015,expression_cv,839,-0.02310218235060572,0.5039690968917916,0.973826299331119
OTX015,prob_entropy,839,0.04715932341970273,0.1723423189365136,0.8265928826578695
OTX015,NetITH,839,0.22737183266979225,2.6722346395166118e-11,6.114072855214008e-11
Obatoclax Mesylate,shannon_entropy,756,0.15583425364803585,1.6776911189067033e-05,2.284855523844367e-05
Obatoclax Mesylate,expression_variance,756,-0.0702537763452668,0.05350168563150498,0.37320688025879084
Obatoclax Mesylate,expression_mad,756,0.22559975982251085,3.524377936528515e-10,5.390225079396552e-10
Obatoclax Mesylate,expression_cv,756,-0.07843211424094484,0.031061754902742624,0.5384851927652793
Obatoclax Mesylate,prob_entropy,756,0.07499953133728844,0.039242196147327324,0.7110928184154013
Obatoclax Mesylate,NetITH,756,0.14869336141699166,4.052530775747131e-05,4.8698479069902496e-05
Olaparib,shannon_entropy,909,0.1724366763054773,1.6861462551646272e-07,2.8692612057900334e-07
Olaparib,expression_variance,909,-0.024241664617640546,0.46540319069622715,0.7313478710940713
Olaparib,expression_mad,909,0.23541624627680374,6.516125794208698e-13,1.1870139981806927e-12
Olaparib,expression_cv,909,-0.0011226266645641184,0.9730364666938467,0.9920315942667359
Olaparib,prob_entropy,909,0.04748433114115499,0.1525816330297635,0.8265928826578695
Olaparib,NetITH,909,0.24834544934863337,3.041526359709738e-14,1.3591820919952893e-13
Osimertinib,shannon_entropy,899,0.06522206889945358,0.05059065957486649,0.05459973071098799
Osimertinib,expression_variance,899,0.002102558893697774,0.9498030765328267,0.9815728481865859
Osimertinib,expression_mad,899,0.07083999131262733,0.03369255260579451,0.03568914831576752
Osimertinib,expression_cv,899,0.05075617303066263,0.128334666695049,0.8535747598786981
Osimertinib,prob_entropy,899,-0.024401921461856903,0.4649369528622814,0.996451665181847
Osimertinib,NetITH,899,0.14593370675823092,1.1178231466982282e-05,1.3960586024266081e-05
Oxaliplatin,shannon_entropy,909,0.2634834466648485,6.685628919177198e-16,9.105189861355613e-15
Oxaliplatin,expression_variance,909,0.0005032376210463182,0.9879112746610043,0.991377630010692
Oxaliplatin,expression_mad,909,0.3343322036129643,3.545099186939302e-25,5.336307197182318e-24
Oxaliplatin,expression_cv,909,0.03074024883245453,0.35457564760019555,0.973826299331119
Oxaliplatin,prob_entropy,909,0.020201352564941353,0.5429969833283583,0.996451665181847
Oxaliplatin,NetITH,909,0.3228807278268613,1.683649000083455e-23,1.6050787134128937e-21
P22077,shannon_entropy,900,0.19688840768116175,2.57154432390776e-09,5.407806445864848e-09
P22077,expression_variance,900,-0.03811662318924673,0.25331911288349135,0.6206373717033338
P22077,expression_mad,900,0.23636221773113303,6.818285670006164e-13,1.2341960136846602e-12
P22077,expression_cv,900,0.004408762644562936,0.8949212481119638,0.985364405144123
P22077,prob_entropy,900,0.0021183894465713333,0.9493974776211669,0.996451665181847
P22077,NetITH,900,0.22196498184977184,1.6520992525632352e-11,3.9049618696949196e-11
PAK_5339,shannon_entropy,690,0.22146740214882235,4.100315872786244e-09,8.316952763240184e-09
PAK_5339,expression_variance,690,-0.060176724296563455,0.11427215589941367,0.4806152439298869
PAK_5339,expression_mad,690,0.2809872846138961,5.495955430989787e-14,1.1308224843619274e-13
PAK_5339,expression_cv,690,-0.0318436693427938,0.4036276448627826,0.973826299331119
PAK_5339,prob_entropy,690,0.04180604746345686,0.2727972975192143,0.8771291725004089
PAK_5339,NetITH,690,0.23519260745641413,3.9815754127366195e-10,7.442683451259301e-10
PBD-288,shannon_entropy,716,0.2668013363883026,3.9105746813857313e-13,1.997186355136284e-12
PBD-288,expression_variance,716,-0.04351866548168645,0.24483090655473697,0.6142249059180244
PBD-288,expression_mad,716,0.3535689900898755,1.6490672889312472e-22,1.3475235560981048e-21
PBD-288,expression_cv,716,-0.013749159608302686,0.7134124135388641,0.973826299331119
PBD-288,prob_entropy,716,0.04238379137984103,0.25736528904714967,0.8659585019704096
PBD-288,NetITH,716,0.27375929743335836,8.960649317639671e-14,3.559369034506869e-13
PCI-34051,shannon_entropy,840,0.2413182882304862,1.3540203611274326e-12,5.867421564885541e-12
PCI-34051,expression_variance,840,0.002119232838238959,0.9510965516731701,0.9815728481865859
PCI-34051,expression_mad,840,0.3057327583676118,1.2376478516024816e-19,5.36314069027742e-19
PCI-34051,expression_cv,840,0.020592392319959962,0.5511761036296742,0.973826299331119
PCI-34051,prob_entropy,840,0.02871724186521968,0.40583988155683637,0.9937864446567125
PCI-34051,NetITH,840,0.23409818162602677,6.402475908763597e-12,1.6799156971618245e-11
PD0325901,shannon_entropy,910,-0.011784010695010469,0.7225876292607329,0.7302475687935323
PD0325901,expression_variance,910,-0.0005866076770642529,0.9859009909910093,0.991377630010692
PD0325901,expression_mad,910,0.02226875803948111,0.5022690681552711,0.5112062401865036
PD0325901,expression_cv,910,-0.002684971214820907,0.9355340346598018,0.985364405144123
PD0325901,prob_entropy,910,0.04927032334842271,0.1375020074479289,0.8265928826578695
PD0325901,NetITH,910,0.06800703833667285,0.040260178947836074,0.041718881083627236
PD173074,shannon_entropy,909,0.199773752366765,1.2308896383512567e-09,2.6872857753317516e-09
PD173074,expression_variance,909,-0.04483203657539594,0.17685939858201194,0.5620198666050602
PD173074,expression_mad,909,0.26113196351343515,1.2298095007299632e-15,2.9807247221082158e-15
PD173074,expression_cv,909,-0.0346175175197725,0.2971421252974452,0.973826299331119
PD173074,prob_entropy,909,0.029152313498281138,0.37999335165501036,0.9937864446567125
PD173074,NetITH,909,0.2282033228253842,3.3344833119505025e-12,9.349629678606311e-12
PF-4708671,shannon_entropy,233,0.2117225061949052,0.001148539084401864,0.0013629965897881042
PF-4708671,expression_variance,233,0.02074012515036638,0.7528257906290455,0.936122504869161
PF-4708671,expression_mad,233,0.253849758844579,8.914373583717506e-05,0.00010406166714053904
PF-4708671,expression_cv,233,0.07919232856335122,0.2285086321207929,0.9597412806595652
PF-4708671,prob_entropy,233,-0.08680931076224846,0.18668340319151433,0.8265928826578695
PF-4708671,NetITH,233,0.3105421538157959,1.3328487949921144e-06,1.806610215013008e-06
PFI-1,shannon_entropy,889,0.23425826331965313,1.5108047909150278e-12,6.262176379734753e-12
PFI-1,expression_variance,889,-0.08365392829582403,0.012592188109270035,0.2000758777361794
PFI-1,expression_mad,889,0.28654913551220523,2.9034873120988516e-18,1.0251819398274957e-17
PFI-1,expression_cv,889,-0.06465272000707742,0.053980094002831346,0.735157470705227
PFI-1,prob_entropy,889,0.02437174580864233,0.4679884445704109,0.996451665181847
PFI-1,NetITH,889,0.24618104705084376,9.716442315941411e-14,3.806715756656498e-13
PFI3,shannon_entropy,840,0.24017042865099622,1.7393087702508026e-12,6.908920948496243e-12
PFI3,expression_variance,840,-0.061765697351773854,0.07358538682114393,0.4179937355516666
PFI3,expression_mad,840,0.30442058044704867,1.7991243437727412e-19,7.566905328220647e-19
PFI3,expression_cv,840,-0.016977166107904666,0.623180534152282,0.973826299331119
PFI3,prob_entropy,840,0.01129463861809004,0.7437641765066462,0.996451665181847
PFI3,NetITH,840,0.28141259108522376,9.368440673918175e-17,8.643142041098704e-16
PLX-4720,shannon_entropy,903,0.12069157658057313,0.0002779282832038863,0.00034114802144339697
PLX-4720,expression_variance,903,-0.018089943176154834,0.5872031391406829,0.8405353600290142
PLX-4720,expression_mad,903,0.17819023220741934,7.030579947041341e-08,9.574980308827732e-08
PLX-4720,expression_cv,903,-0.035491206798913405,0.28670958984772044,0.973826299331119
PLX-4720,prob_entropy,903,0.06799042142684066,0.04108775667453537,0.7110928184154013
PLX-4720,NetITH,903,0.10936057577567676,0.0009961710725006634,0.0010832886948106072
POMHEX,shannon_entropy,716,0.283614910118871,1.0328876863105249e-14,8.927411774215845e-14
POMHEX,expression_variance,716,-0.006867698169941939,0.8544463895769768,0.9574585177146904
POMHEX,expression_mad,716,0.3752038179749083,2.3587717828320653e-25,3.934881137215031e-24
POMHEX,expression_cv,716,0.026113693910862122,0.48539427398313384,0.973826299331119
POMHEX,prob_entropy,716,0.009973596294329048,0.7899191627877706,0.996451665181847
POMHEX,NetITH,716,0.23811300976295283,1.0938119736194264e-10,2.2834322952931092e-10
PRIMA-1MET,shannon_entropy,840,0.29171160147011865,6.113032369928085e-18,1.589388416181302e-16
PRIMA-1MET,expression_variance,840,0.029092363874017476,0.39973228011059203,0.6845714497702354
PRIMA-1MET,expression_mad,840,0.3375130309748981,7.945878932678893e-24,8.416745832393198e-23
PRIMA-1MET,expression_cv,840,0.0316361397499551,0.35978948704157865,0.973826299331119
PRIMA-1MET,prob_entropy,840,-0.026455333897663035,0.44383062414481034,0.996451665181847
PRIMA-1MET,NetITH,840,0.20113194604867635,4.080990146288094e-09,6.86566577551997e-09
PRT062607,shannon_entropy,840,0.21976316778874605,1.2047713493375598e-10,3.220229961780767e-10
PRT062607,expression_variance,840,0.04596175934003793,0.18324889401346184,0.5738946489323976
PRT062607,expression_mad,840,0.2796264086056164,1.4869097903256406e-16,3.9375574077141967e-16
PRT062607,expression_cv,840,0.05922528234875615,0.08626061711253727,0.833154007939354
PRT062607,prob_entropy,840,-0.0020481281051378227,0.952735415106924,0.996451665181847
PRT062607,NetITH,840,0.21665944213963695,2.2162187316973578e-10,4.4016566476766964e-10
Paclitaxel,shannon_entropy,900,0.18862238924574803,1.1836376124928337e-08,2.271948705858728e-08
Paclitaxel,expression_variance,900,-0.06826419950312697,0.04061209709231017,0.33185885052573455
Paclitaxel,expression_mad,900,0.25825538056219827,3.5240333157252365e-15,8.261258428667358e-15
Paclitaxel,expression_cv,900,-0.03527866083785289,0.29041208849073286,0.973826299331119
Paclitaxel,prob_entropy,900,0.07792630196662795,0.019382257392705316,0.7110928184154013
Paclitaxel,NetITH,900,0.23976164579627057,3.1125768979387045e-13,1.0856060887932555e-12
Palbociclib,shannon_entropy,910,0.3286916363678925,2.2873670796418082e-24,6.541869847775571e-22
Palbociclib,expression_variance,910,-0.018029242641517267,0.5870124514115359,0.8405353600290142
Palbociclib,expression_mad,910,0.40604658552729983,1.9376146134367397e-37,5.541577794429075e-35
Palbociclib,expression_cv,910,0.007050144466322968,0.8318055721957605,0.973826299331119
Palbociclib,prob_entropy,910,-0.0033332772005322028,0.9200153397553966,0.996451665181847
Palbociclib,NetITH,910,0.2662678849156553,3.10507136240385e-16,2.5372868847071457e-15
Pevonedistat,shannon_entropy,898,0.2052040982553813,5.404612559714661e-10,1.3099315187105023e-09
Pevonedistat,expression_variance,898,-0.05895021783984407,0.07746037756726688,0.4179937355516666
Pevonedistat,expression_mad,898,0.23704093230178666,6.189912377410971e-13,1.1495551558048947e-12
Pevonedistat,expression_cv,898,-0.011249519011874631,0.7363796453768617,0.973826299331119
Pevonedistat,prob_entropy,898,0.021236722020427444,0.5250510969794501,0.996451665181847
Pevonedistat,NetITH,898,0.2350052156466931,9.846675924860213e-13,2.9959035260744905e-12
Picolinici-acid,shannon_entropy,839,0.23321459760637553,7.939519576074568e-12,2.7691495106796662e-11
Picolinici-acid,expression_variance,839,-0.05469388451743284,0.113408094687073,0.4806152439298869
Picolinici-acid,expression_mad,839,0.30642229498123974,1.0679646308039728e-19,4.69904437553748e-19
Picolinici-acid,expression_cv,839,-0.00693483426237216,0.8410318039677845,0.973826299331119
Picolinici-acid,prob_entropy,839,0.0190814564608802,0.5809962496216508,0.996451665181847
Picolinici-acid,NetITH,839,0.29196795578000045,5.966546858238834e-18,7.419271310679595e-17
Pictilisib,shannon_entropy,909,0.1100171734751052,0.0008921374329636076,0.0010720643101999653
Pictilisib,expression_variance,909,-0.04022413230334023,0.22567925146526818,0.6032174384959504
Pictilisib,expression_mad,909,0.10537469538211024,0.0014651581562379508,0.001630487286708381
Pictilisib,expression_cv,909,-0.026612495688257895,0.4229031827319967,0.973826299331119
Pictilisib,prob_entropy,909,-0.002612512304142261,0.9373046353122685,0.996451665181847
Pictilisib,NetITH,909,0.11817324008626842,0.0003563082620326411,0.0003980631364895912
Piperlongumine,shannon_entropy,191,0.3014053458252962,2.2640834553189765e-05,3.054376736892582e-05
Piperlongumine,expression_variance,191,-0.13295157068062827,0.0667261772782242,0.4073073888056006
Piperlongumine,expression_mad,191,0.3734672085974097,1.0300243556810475e-07,1.3765746061905588e-07
Piperlongumine,expression_cv,191,-0.09774214659685862,0.17856732648578474,0.9597412806595652
Piperlongumine,prob_entropy,191,0.0013657343620832186,0.9850397967870019,0.996451665181847
Piperlongumine,NetITH,191,0.4014277349131993,8.646658626753246e-09,1.4142673101607139e-08
Podophyllotoxin bromide,shannon_entropy,691,0.26510307915398096,1.4082789779470995e-12,5.923055701365742e-12
Podophyllotoxin bromide,expression_variance,691,-0.010910027281433024,0.7746637845344923,0.9412203568507934
Podophyllotoxin bromide,expression_mad,691,0.3378200094635767,6.59920996274056e-20,3.0441516924900004e-19
Podophyllotoxin bromide,expression_cv,691,0.015629922505600132,0.6817009953621452,0.973826299331119
Podophyllotoxin bromide,prob_entropy,691,0.016828981676231477,0.6587701769720207,0.996451665181847
Podophyllotoxin bromide,NetITH,691,0.24497959439008488,6.673585999924932e-11,1.4350718766755868e-10
Pyridostatin,shannon_entropy,893,0.20650194475851905,4.678088382686366e-10,1.1435327157677784e-09
Pyridostatin,expression_variance,893,-0.06541977839355041,0.050665549558644024,0.37320688025879084
Pyridostatin,expression_mad,893,0.24705291787459155,6.953197326553928e-14,1.4103648477974632e-13
Pyridostatin,expression_cv,893,-0.037323656686513856,0.2652050825051616,0.9671966848047472
Pyridostatin,prob_entropy,893,0.02070289281895006,0.5366634095110313,0.996451665181847
Pyridostatin,NetITH,893,0.236027104385837,9.030888480183474e-13,2.777240973475778e-12
RO-3306,shannon_entropy,898,0.2430083377185442,1.5482243451773514e-13,9.224836723348384e-13
RO-3306,expression_variance,898,0.0012507161949539688,0.9701440807054238,0.9839049896516
RO-3306,expression_mad,898,0.312431135976939,8.759728615553425e-22,6.110444839142145e-21
RO-3306,expression_cv,898,0.044425037228549256,0.1834945964507214,0.9597412806595652
RO-3306,prob_entropy,898,0.010616583753860216,0.75070549453225,0.996451665181847
RO-3306,NetITH,898,0.2431702876145142,1.4902982857586172e-13,5.68300412969286e-13
RVX-208,shannon_entropy,839,0.2545069321318749,7.181234152030905e-14,5.009348701172778e-13
RVX-208,expression_variance,839,-0.025865851046839892,0.45432420811037233,0.7299815928065533
RVX-208,expression_mad,839,0.3412155745296119,2.5457466974008317e-24,3.1655806758984255e-23
RVX-208,expression_cv,839,-0.009506227072883594,0.7833559733487847,0.973826299331119
RVX-208,prob_entropy,839,0.028561736550136194,0.4086679461413337,0.9937864446567125
RVX-208,NetITH,839,0.24694524556574787,4.0202681846055235e-13,1.321605403215149e-12
Rapamycin,shannon_entropy,893,0.19380668677987598,5.255276949870865e-09,1.051055389974173e-08
Rapamycin,expression_variance,893,-0.09180370488240465,0.006044889689119872,0.1440698709240236
Rapamycin,expression_mad,893,0.23160056391759815,2.4395076510277095e-12,4.203007157794729e-12
Rapamycin,expression_cv,893,-0.07521750262396396,0.024590919185863667,0.5384851927652793
Rapamycin,prob_entropy,893,0.007548351357291125,0.8217805616577897,0.996451665181847
Rapamycin,NetITH,893,0.14760262729709114,9.470312786741665e-06,1.1984555119504938e-05
Refametinib,shannon_entropy,890,-0.024058901149694143,0.47347217667574726,0.48361800903308466
Refametinib,expression_variance,890,0.019789422899382313,0.555456666216597,0.8146697771176756
Refametinib,expression_mad,890,0.009344192928149017,0.7807219189992414,0.7862199606823346
Refametinib,expression_cv,890,0.01092160896861679,0.7448974951607463,0.973826299331119
Refametinib,prob_entropy,890,0.04398478128599937,0.1898636759698748,0.8265928826578695
Refametinib,NetITH,890,0.04233247675132061,0.2070603934577323,0.20999742031528879
Remodelin,shannon_entropy,356,0.16384067790749784,0.0019257430605938634,0.0022480102666524284
Remodelin,expression_variance,356,-0.04273785475576526,0.4214503182128745,0.7026032327976108
Remodelin,expression_mad,356,0.1817458618199614,0.000569255127847068,0.0006435057966966856
Remodelin,expression_cv,356,0.029249655234779466,0.582279474006939,0.973826299331119
Remodelin,prob_entropy,356,-0.06765510445355544,0.20284631051746022,0.8265928826578695
Remodelin,NetITH,356,0.20167349104541327,0.00012750779443458649,0.00014875527944899916
Ribociclib,shannon_entropy,901,0.3053299733481645,6.78178724165052e-21,5.248183171726721e-19
Ribociclib,expression_variance,901,-0.032229689767385,0.3338762101910927,0.6474745886508492
Ribociclib,expression_mad,901,0.3669963323990014,4.137675592675284e-30,5.916876097525656e-28
Ribociclib,expression_cv,901,-0.006829711259477643,0.8377886064455552,0.973826299331119
Ribociclib,prob_entropy,901,-0.0051317539106175035,0.8777474888996526,0.996451665181847
Ribociclib,NetITH,901,0.3288607304194321,3.6336800636434185e-24,5.196162491010089e-22
Romidepsin,shannon_entropy,691,0.14544531729350438,0.00012464700060629483,0.00015914750970268
Romidepsin,expression_variance,691,-0.004076757535672992,0.9148114663557521,0.9650902840848832
Romidepsin,expression_mad,691,0.1637315879423413,1.5223968009453438e-05,1.901333995940473e-05
Romidepsin,expression_cv,691,-0.007783555417024763,0.8381674876179637,0.973826299331119
Romidepsin,prob_entropy,691,-0.00016948603904216384,0.996451665181847,0.996451665181847
Romidepsin,NetITH,691,0.11922950046354068,0.0016911902035401363,0.0018252090498584114
Rucaparib,shannon_entropy,891,0.24183434248431473,2.527979011171928e-13,1.3903884561445603e-12
Rucaparib,expression_variance,891,-0.01823069376351988,0.5868127318921152,0.8405353600290142
Rucaparib,expression_mad,891,0.2957822968605454,1.895301761669481e-19,7.634595828696783e-19
Rucaparib,expression_cv,891,0.014979237632535359,0.6552202500353723,0.973826299331119
Rucaparib,prob_entropy,891,-0.01386919700014878,0.6792923181109861,0.996451665181847
Rucaparib,NetITH,891,0.2616211662314347,2.0717772536448806e-15,1.2803716400989971e-14
Ruxolitinib,shannon_entropy,844,0.22422979781214383,4.437778140495275e-11,1.3084582970944831e-10
Ruxolitinib,expression_variance,844,-0.05362355329991387,0.11954992866388997,0.49075387533484544
Ruxolitinib,expression_mad,844,0.32156042482654457,9.362267700628823e-22,6.2269966566973106e-21
Ruxolitinib,expression_cv,844,-0.015270146447833647,0.6577717136473838,0.973826299331119
Ruxolitinib,prob_entropy,844,0.03382180115655519,0.3263932456993863,0.9254027682045745
Ruxolitinib,NetITH,844,0.2747009523218146,4.454557829960345e-16,3.5388987204684956e-15
SB216763,shannon_entropy,899,0.23333406003370902,1.3963600935582597e-12,5.923055701365742e-12
SB216763,expression_variance,899,-0.03689814551018908,0.26908753178745937,0.6206373717033338
SB216763,expression_mad,899,0.28518603116718816,2.765813598481068e-18,9.887783614569816e-18
SB216763,expression_cv,899,-0.017083404558228106,0.6089715846775714,0.973826299331119
SB216763,prob_entropy,899,0.019794806239383362,0.5533508247653071,0.996451665181847
SB216763,NetITH,899,0.22047653377133547,2.3276367640193617e-11,5.404619316164937e-11
SB505124,shannon_entropy,230,0.13105614719436628,0.0471103507171508,0.051036213276913364
SB505124,expression_variance,230,-0.0823293281618704,0.21353783400587256,0.5987433384870544
SB505124,expression_mad,230,0.10594216871034792,0.10905582154978546,0.11383198891692936
SB505124,expression_cv,230,-0.004901383029349613,0.9410671992766524,0.985364405144123
SB505124,prob_entropy,230,-0.07599535456000236,0.25100657039712104,0.8578687513727982
SB505124,NetITH,230,0.2323366020726947,0.00038071108205556617,0.0004236706983186456
SB590885,shannon_entropy,886,0.2517826478370259,2.8097329157415587e-14,2.0089590347552143e-13
SB590885,expression_variance,886,-0.09554550368302583,0.004420507240098325,0.12642650706681208
SB590885,expression_mad,886,0.3084646554304374,5.515716205848108e-21,3.154989669745118e-20
SB590885,expression_cv,886,-0.05553314835422525,0.09854939285243741,0.833154007939354
SB590885,prob_entropy,886,0.008735783381289096,0.7951221745277048,0.996451665181847
SB590885,NetITH,886,0.2482017246820899,6.626332961061959e-14,2.748591611074462e-13
SCH772984,shannon_entropy,906,0.0572877798330128,0.08481846487099771,0.09085423577942077
SCH772984,expression_variance,906,-0.020271184927991816,0.5422728910462309,0.8077606606209481
SCH772984,expression_mad,906,0.0734001322970392,0.027156404190684588,0.02887260817299551
SCH772984,expression_cv,906,-0.01541327430960516,0.6431321293968332,0.973826299331119
SCH772984,prob_entropy,906,0.043970868640065844,0.18605888017654842,0.8265928826578695
SCH772984,NetITH,906,0.09485040247479541,0.0042701373935594075,0.004556937666261159
SGC-CBP30,shannon_entropy,690,0.25769757239931007,6.2731048842556345e-12,2.2149481443174214e-11
SGC-CBP30,expression_variance,690,0.0044058611485353295,0.9080304089575117,0.9618396183772161
SGC-CBP30,expression_mad,690,0.3277814616013824,9.582541482634164e-19,3.606061663201804e-18
SGC-CBP30,expression_cv,690,0.03746394725905108,0.3257757395151525,0.973826299331119
SGC-CBP30,prob_entropy,690,-0.01273894715174785,0.7383557056259978,0.996451665181847
SGC-CBP30,NetITH,690,0.21687716210284,8.65373354119318e-09,1.4142673101607139e-08
SGC0946,shannon_entropy,889,0.19127736955747218,9.015748039653904e-09,1.754084312476882e-08
SGC0946,expression_variance,889,-0.07133837430661281,0.03344088207541885,0.2898209779869633
SGC0946,expression_mad,889,0.22454391614349145,1.2677928890175476e-11,2.103983205852481e-11
SGC0946,expression_cv,889,-0.036514872704379905,0.2767884807810353,0.9671966848047472
SGC0946,prob_entropy,889,0.013982466813573596,0.6771638254001835,0.996451665181847
SGC0946,NetITH,889,0.2100319831718575,2.5455514487284883e-10,5.020880788526535e-10
SL0101,shannon_entropy,191,0.2282188619454395,0.0014965370395892772,0.001761356351121536
SL0101,expression_variance,191,-0.054858432074951766,0.4509995519775819,0.7299815928065533
SL0101,expression_mad,191,0.28907756957839625,4.9954454844714176e-05,5.952905868995106e-05
SL0101,expression_cv,191,-0.025656172499311104,0.7246089183851991,0.973826299331119
SL0101,prob_entropy,191,-0.016466313033893634,0.8211310538004788,0.996451665181847
SL0101,NetITH,191,0.325416781482502,4.359240900412343e-06,5.641370577004208e-06
SN-38,shannon_entropy,900,0.18584966154279206,1.9458907816271033e-08,3.522308630033871e-08
SN-38,expression_variance,900,-0.037089461427318636,0.266344625472062,0.6206373717033338
SN-38,expression_mad,900,0.23773206304369926,4.978265050760327e-13,9.366998713930615e-13
SN-38,expression_cv,900,-0.014653269119262288,0.6606537834370851,0.973826299331119
SN-38,prob_entropy,900,0.05107354453524017,0.12575055626378476,0.8265928826578695
SN-38,NetITH,900,0.27300427119868875,7.579234859673976e-17,7.225537232889191e-16
Sabutoclax,shannon_entropy,838,0.22232406771786428,7.620923053271972e-11,2.1277928542148932e-10
Sabutoclax,expression_variance,838,-0.03162800702802231,0.3604873026752865,0.6566838762110314
Sabutoclax,expression_mad,838,0.274093879687262,6.589842540694182e-16,1.6532411988057334e-15
Sabutoclax,expression_cv,838,-0.002129823918426377,0.9509111042649578,0.985364405144123
Sabutoclax,prob_entropy,838,0.010637170155662517,0.7584808527949503,0.996451665181847
Sabutoclax,NetITH,838,0.25073646303960284,1.7646207906972818e-13,6.4702762325567e-13
Sapitinib,shannon_entropy,908,-0.04153792247342993,0.21112450208775962,0.22037083064634763
Sapitinib,expression_variance,908,-0.032116635887320936,0.33369999348572477,0.6474745886508492
Sapitinib,expression_mad,908,0.008289336333251568,0.8030180549817093,0.8058356621921715
Sapitinib,expression_cv,908,0.0086818385125235,0.7938960809913046,0.973826299331119
Sapitinib,prob_entropy,908,0.06421797948194298,0.05306222710434553,0.722656997706801
Sapitinib,NetITH,908,0.11391868414726403,0.0005834597901786517,0.0006442837837493992
Savolitinib,shannon_entropy,899,0.16976262497388422,3.052520551582091e-07,5.075702777630687e-07
Savolitinib,expression_variance,899,-0.09947246507502769,0.0028286162738144216,0.09987691368278177
Savolitinib,expression_mad,899,0.2479533722613512,4.620721477604221e-14,9.717105460255935e-14
Savolitinib,expression_cv,899,-0.058346475874786224,0.0803814196868541,0.833154007939354
Savolitinib,prob_entropy,899,0.06587925377780972,0.048304866178247266,0.722656997706801
Savolitinib,NetITH,899,0.25701905854314744,4.979533246047751e-15,2.5893572879448303e-14
Schweinfurthin A,shannon_entropy,690,0.2885561525064617,1.0666257046308835e-14,8.927411774215845e-14
Schweinfurthin A,expression_variance,690,0.013643253042822571,0.7205335470284245,0.9078087861239181
Schweinfurthin A,expression_mad,690,0.3346614336788011,1.613904224868387e-19,6.889203109139681e-19
Schweinfurthin A,expression_cv,690,0.008546322618140163,0.8226868131393968,0.973826299331119
Schweinfurthin A,prob_entropy,690,-0.0047502177342180485,0.9008778516423811,0.996451665181847
Schweinfurthin A,NetITH,690,0.22612620667038835,1.889212683413849e-09,3.335276712693585e-09
Selumetinib,shannon_entropy,909,0.03125802535232466,0.34652498820027333,0.355219163531463
Selumetinib,expression_variance,909,0.04196592433605563,0.2062038822634315,0.5936442576080735
Selumetinib,expression_mad,909,0.0762486477625833,0.02150195268635651,0.022946113687678963
Selumetinib,expression_cv,909,0.03932863199666533,0.2361873889900277,0.9597412806595652
Selumetinib,prob_entropy,909,0.025112512703562562,0.44952310441481325,0.996451665181847
Selumetinib,NetITH,909,0.12098116477668973,0.0002562270325651929,0.0002907973464827189
Sepantronium bromide,shannon_entropy,900,0.06944439849102695,0.03725563243896394,0.04051372957240945
Sepantronium bromide,expression_variance,900,-0.10107788610438616,0.002398184762961226,0.09987691368278177
Sepantronium bromide,expression_mad,900,0.05254529943864129,0.11519725100029969,0.11980514104031167
Sepantronium bromide,expression_cv,900,-0.11564313865408066,0.0005086842802707963,0.05429667428893917
Sepantronium bromide,prob_entropy,900,0.06061270034489755,0.0691367387277861,0.7603638090072514
Sepantronium bromide,NetITH,900,0.0009000998766665145,0.9784872720776006,0.9784872720776006
Serdemetan,shannon_entropy,891,0.26072496687199154,2.5987950611884604e-15,2.858674567307306e-14
Serdemetan,expression_variance,891,0.007801228217412023,0.8161183428678964,0.9574585177146904
Serdemetan,expression_mad,891,0.3124511435036955,1.251938626797772e-21,7.618179729024741e-21
Serdemetan,expression_cv,891,0.040261417351153836,0.22991111915589546,0.9597412806595652
Serdemetan,prob_entropy,891,-0.015677016719995506,0.6402674907669008,0.996451665181847
Serdemetan,NetITH,891,0.2797534472044473,1.750092629551315e-17,1.9251018925064462e-16
Sinularin,shannon_entropy,691,0.18459946557342113,1.030054171847947e-06,1.5924080710730426e-06
Sinularin,expression_variance,691,-0.04858881050260612,0.2020653766068334,0.5936442576080735
Sinularin,expression_mad,691,0.22236361011082423,3.4461990070755814e-09,4.977843010220284e-09
Sinularin,expression_cv,691,-0.014700622552045127,0.6996783482383548,0.973826299331119
Sinularin,prob_entropy,691,0.011655584001245323,0.759722966550259,0.996451665181847
Sinularin,NetITH,691,0.16330183535922493,1.6038899905139852e-05,1.9772092124439645e-05
Sorafenib,shannon_entropy,900,0.2697748186520395,1.7932193619556107e-16,3.205379609495654e-15
Sorafenib,expression_variance,900,-0.031716351913191665,0.3419053361963468,0.6474745886508492
Sorafenib,expression_mad,900,0.3518059816534753,1.2930904620134476e-27,3.6982387213584597e-26
Sorafenib,expression_cv,900,0.022477130630202423,0.5006535084036927,0.973826299331119
Sorafenib,prob_entropy,900,-0.0013847753721506653,0.9669088162132359,0.996451665181847
Sorafenib,NetITH,900,0.2838517578416764,3.856948530023414e-18,5.0140330890304377e-17
Staurosporine,shannon_entropy,910,0.08831776484122401,0.007681437851194043,0.008615259707613713
Staurosporine,expression_variance,910,0.007945848806180725,0.8108183558932809,0.9574585177146904
Staurosporine,expression_mad,910,0.13549400029929534,4.119984022544874e-05,4.930190085555791e-05
Staurosporine,expression_cv,910,-0.028826900494418512,0.3850749969231124,0.973826299331119
Staurosporine,prob_entropy,910,0.059665481149868894,0.07201706711719545,0.7603638090072514
Staurosporine,NetITH,910,0.062335396034627656,0.06015361498148927,0.06210806456572539
TAF1_5496,shannon_entropy,690,0.11734828260508844,0.0020179882385175894,0.0023461164073822383
TAF1_5496,expression_variance,690,0.0058864081703138655,0.877338283690225,0.9574585177146904
TAF1_5496,expression_mad,690,0.15792153933640218,3.0875248666871604e-05,3.725873889757502e-05
TAF1_5496,expression_cv,690,0.07994331102309103,0.035773491827064005,0.5384851927652793
TAF1_5496,prob_entropy,690,-0.050420733649020937,0.18587380178248528,0.8265928826578695
TAF1_5496,NetITH,690,0.19126758163286645,4.151344499324414e-07,5.753298935484932e-07
THR-101,shannon_entropy,707,0.2157211605623725,6.868162807644737e-09,1.3640934465183295e-08
THR-101,expression_variance,707,-0.030930907946510794,0.41154505333676894,0.6964608594929935
THR-101,expression_mad,707,0.28609171304059466,8.747052373917366e-15,1.9544195147971616e-14
THR-101,expression_cv,707,0.01458754069440788,0.6986012900199325,0.973826299331119
THR-101,prob_entropy,707,0.04025090105468442,0.28516450355854017,0.8864896523667662
THR-101,NetITH,707,0.2925450581672727,2.035137780670978e-15,1.2803716400989971e-14
THR-102,shannon_entropy,707,0.20848399582497126,2.202822914877027e-08,3.937545960342686e-08
THR-102,expression_variance,707,-0.06498958993293509,0.08420233830194016,0.4378521591700888
THR-102,expression_mad,707,0.2858797900587238,9.17027973984715e-15,2.033100779532004e-14
THR-102,expression_cv,707,-0.02557935179479852,0.4971067735432898,0.973826299331119
THR-102,prob_entropy,707,0.03599756843760843,0.33918721375047023,0.9302366320255575
THR-102,NetITH,707,0.19644703531599209,1.3975378991105225e-07,1.9984791957280473e-07
THR-103,shannon_entropy,707,0.272344495696989,1.7267516682972024e-13,9.877019542659999e-13
THR-103,expression_variance,707,-0.044612351405180786,0.23613222603705197,0.6084127625819538
THR-103,expression_mad,707,0.33803284402135764,2.336029224034934e-20,1.172112908901739e-19
THR-103,expression_cv,707,-0.01995794274500467,0.5962610679000901,0.973826299331119
THR-103,prob_entropy,707,0.010388810249235146,0.7827388378131761,0.996451665181847
THR-103,NetITH,707,0.1970799858659154,1.2717058221343598e-07,1.836908409749631e-07
TW 37,shannon_entropy,365,0.190153569762822,0.00025837780605052375,0.00031989633130064844
TW 37,expression_variance,365,-0.03709439000254182,0.4798774587402015,0.7433483042838936
TW 37,expression_mad,365,0.1471456457308692,0.004848663368505019,0.0052928157381390666
TW 37,expression_cv,365,-0.008672755495122439,0.8688436050017599,0.985364405144123
TW 37,prob_entropy,365,-0.043727527805677374,0.40487506991493594,0.9937864446567125
TW 37,NetITH,365,0.14242774965882984,0.006417429818937648,0.006797721956356175
Talazoparib,shannon_entropy,898,0.15997026438838363,1.4489077306163214e-06,2.225461141439069e-06
Talazoparib,expression_variance,898,0.0351393906300841,0.2928601626703999,0.6375675800404526
Talazoparib,expression_mad,898,0.20302374856109554,8.277302666188115e-10,1.2140043910409237e-09
Talazoparib,expression_cv,898,0.039899040570735754,0.23230168757747666,0.9597412806595652
Talazoparib,prob_entropy,898,0.03826840579500243,0.2519614514521505,0.8578687513727982
Talazoparib,NetITH,898,0.21166896973957158,1.4850269372237236e-10,2.9909697468027107e-10
Tamoxifen,shannon_entropy,899,0.1879085315449898,1.3713540287170685e-08,2.563446092895958e-08
Tamoxifen,expression_variance,899,-0.13715097117724634,3.690733488656229e-05,0.005277748888778408
Tamoxifen,expression_mad,899,0.25564969078073224,7.011246422421875e-15,1.604173181450125e-14
Tamoxifen,expression_cv,899,-0.08002815963955662,0.016394067745984488,0.46887033753515633
Tamoxifen,prob_entropy,899,0.03861035069073696,0.24748185663085545,0.8578687513727982
Tamoxifen,NetITH,899,0.2378467867869356,4.994342002658315e-13,1.6049233851239079e-12
Tanespimycin,shannon_entropy,892,0.00914377472460018,0.785072988163505,0.7906016711787409
Tanespimycin,expression_variance,892,-0.07983720083308814,0.017083230317298824,0.22140544279460483
Tanespimycin,expression_mad,892,0.03624997871730054,0.2794780747885252,0.2875206093148137
Tanespimycin,expression_cv,892,-0.061562822563932355,0.0660884704570179,0.833154007939354
Tanespimycin,prob_entropy,892,0.07364529214091582,0.027848041830280286,0.7110928184154013
Tanespimycin,NetITH,892,0.037030814964820864,0.2692444975662283,0.27114058557725806
Taselisib,shannon_entropy,908,0.036557876751398315,0.27113598145256745,0.28198142071067017
Taselisib,expression_variance,908,-0.02806121283558107,0.3983503374075672,0.6845714497702354
Taselisib,expression_mad,908,0.03597588799770943,0.2788439115020059,0.2875206093148137
Taselisib,expression_cv,908,-0.0020577110287902742,0.9506267495256356,0.985364405144123
Taselisib,prob_entropy,908,0.012694702825148486,0.7024477049328124,0.996451665181847
Taselisib,NetITH,908,0.11487103812402233,0.0005240909131169423,0.000580968996711029
Telomerase Inhibitor IX,shannon_entropy,900,0.2011700590576861,1.135693883854806e-09,2.498526544480573e-09
Telomerase Inhibitor IX,expression_variance,900,-0.03857631099956091,0.2476356370448105,0.6158590625636158
Telomerase Inhibitor IX,expression_mad,900,0.23517773890255833,8.935107396087641e-13,1.58723025793855e-12
Telomerase Inhibitor IX,expression_cv,900,-0.0362513533967326,0.2773081403985639,0.9671966848047472
Telomerase Inhibitor IX,prob_entropy,900,0.02275538611776064,0.49536471727115716,0.996451665181847
Telomerase Inhibitor IX,NetITH,900,0.18133541728652341,4.302126763621173e-08,6.441928033485108e-08
Temozolomide,shannon_entropy,908,0.2730603646262853,5.4525366197091103e-17,1.299521227697338e-15
Temozolomide,expression_variance,908,-0.011477218322981464,0.7298098930640571,0.9154632869136856
Temozolomide,expression_mad,908,0.35590916551257146,1.6679565080641064e-28,6.814793732947635e-27
Temozolomide,expression_cv,908,0.006723319000736195,0.8396687249948859,0.973826299331119
Temozolomide,prob_entropy,908,0.01218269955355963,0.713910197261099,0.996451665181847
Temozolomide,NetITH,908,0.30062012170452895,2.021909955715374e-20,7.992958733706144e-19
Temsirolimus,shannon_entropy,866,0.1715938984052669,3.772845325951664e-07,6.165907218412434e-07
Temsirolimus,expression_variance,866,-0.030607037346028286,0.36832784824405174,0.6625268213698038
Temsirolimus,expression_mad,866,0.2225278366586522,3.5372549903879017e-11,5.68345464747719e-11
Temsirolimus,expression_cv,866,-0.025091584016980972,0.4608538098585948,0.973826299331119
Temsirolimus,prob_entropy,866,0.012335271294106746,0.7169856419625659,0.996451665181847
Temsirolimus,NetITH,866,0.13961485264173587,3.74225055726853e-05,4.535100251605083e-05
Teniposide,shannon_entropy,691,0.2141683418264267,1.3025868706839113e-08,2.4671512914940304e-08
Teniposide,expression_variance,691,0.019828011677806314,0.6028377415676437,0.8577691248176422
Teniposide,expression_mad,691,0.2875963860921066,1.2602247330250712e-14,2.7513303331692395e-14
Teniposide,expression_cv,691,0.04496450067630749,0.23782783915321515,0.9597412806595652
Teniposide,prob_entropy,691,0.045560502333342676,0.2316590011137241,0.8494163374169884
Teniposide,NetITH,691,0.25252041379325396,1.6346774841294368e-11,3.896790623039494e-11
Topotecan,shannon_entropy,691,0.17645707984283626,3.05963482175104e-06,4.533966627050764e-06
Topotecan,expression_variance,691,0.0281981488196534,0.45927179136508745,0.7312249812476029
Topotecan,expression_mad,691,0.23419777274977277,4.6035081274828733e-10,6.893211122827759e-10
Topotecan,expression_cv,691,0.05095263156171929,0.1809519270385012,0.9597412806595652
Topotecan,prob_entropy,691,0.03191265722466975,0.4022673530044468,0.9937864446567125
Topotecan,NetITH,691,0.2602068602565786,3.7136818208914135e-12,1.0212625007451386e-11
Tozasertib,shannon_entropy,233,0.2563865393153539,7.52961106320891e-05,9.788494382171581e-05
Tozasertib,expression_variance,233,0.019946076813029602,0.7619993390551228,0.9412203568507934
Tozasertib,expression_mad,233,0.2411734459610736,0.00020195075988005702,0.00023011122440516458
Tozasertib,expression_cv,233,0.03162722039442477,0.6310195119573185,0.973826299331119
Tozasertib,prob_entropy,233,-0.05458916299526038,0.4068754584609168,0.9937864446567125
Tozasertib,NetITH,233,0.36486568534814795,9.549855794632858e-09,1.52584288115363e-08
Trametinib,shannon_entropy,908,-0.017677617855768258,0.5947342199284624,0.6053166793577945
Trametinib,expression_variance,908,0.00717370427113575,0.8290886846336829,0.9574585177146904
Trametinib,expression_mad,908,0.001454611216941578,0.9650865455901948,0.9650865455901948
Trametinib,expression_cv,908,-0.0035197760361982996,0.9156491802596585,0.985364405144123
Trametinib,prob_entropy,908,0.04266376542700193,0.1990010607532795,0.8265928826578695
Trametinib,NetITH,908,0.0434044157248562,0.19130745276983918,0.19471149997214948
Tretinoin,shannon_entropy,191,0.306551391567925,1.6096941875141763e-05,2.2027394144930836e-05
Tretinoin,expression_variance,191,-0.06417401488013226,0.3777821083638221,0.6710911987084045
Tretinoin,expression_mad,191,0.2977335354092036,2.876755634511848e-05,3.501072814767611e-05
Tretinoin,expression_cv,191,-0.036382267842380814,0.617301957178895,0.973826299331119
Tretinoin,prob_entropy,191,-0.003458252962248553,0.9621303400245912,0.996451665181847
Tretinoin,NetITH,191,0.2944871176632681,3.545654357672757e-05,4.315136792742164e-05
ULK1_4989,shannon_entropy,689,0.2332569366074717,5.744547280882651e-10,1.3691171019436985e-09
ULK1_4989,expression_variance,689,-0.03838827244831021,0.31432527547448885,0.6375675800404526
ULK1_4989,expression_mad,689,0.2678706702611161,8.704283307094605e-13,1.5656761168736208e-12
ULK1_4989,expression_cv,689,-0.01825163885468748,0.6324696190275481,0.973826299331119
ULK1_4989,prob_entropy,689,0.005988258360103371,0.8753231450191177,0.996451665181847
ULK1_4989,NetITH,689,0.13872950789599967,0.00025965065303796045,0.0002935181295211727
UMI-77,shannon_entropy,718,0.1321225089871007,0.0003856765141073073,0.00047138240613115335
UMI-77,expression_variance,718,-0.042152152085787535,0.2593104809002313,0.6206373717033338
UMI-77,expression_mad,718,0.14670267758533473,7.963648580718111e-05,9.334440549530245e-05
UMI-77,expression_cv,718,-0.03588652975002691,0.3369383779767021,0.973826299331119
UMI-77,prob_entropy,718,0.02157599565018638,0.5638043976327811,0.996451665181847
UMI-77,NetITH,718,0.1349763163683783,0.0002866557781138524,0.0003227698918919755
UNC0379,shannon_entropy,716,0.2713256963461494,1.5074872816058453e-13,9.173220479558975e-13
UNC0379,expression_variance,716,-0.04475432937600722,0.23167658017487336,0.6078853388074659
UNC0379,expression_mad,716,0.32144944417682314,1.1287801333466917e-18,4.1388604889378694e-18
UNC0379,expression_cv,716,-0.017015167343584162,0.6494457814118848,0.973826299331119
UNC0379,prob_entropy,716,0.022931492200560247,0.5401320153955581,0.996451665181847
UNC0379,NetITH,716,0.2500269791684205,1.1476315324365517e-11,2.8786272314673953e-11
UNC0638,shannon_entropy,707,0.2860476034502325,8.833531632826973e-15,8.421300156628381e-14
UNC0638,expression_variance,707,-0.05147864243516452,0.17153927888455078,0.55750265637479
UNC0638,expression_mad,707,0.3772587998293207,2.476498617827642e-25,3.934881137215031e-24
UNC0638,expression_cv,707,-0.006764115697112518,0.8575152284368296,0.9849371700117802
UNC0638,prob_entropy,707,0.027142101269507293,0.47118651100800857,0.996451665181847
UNC0638,NetITH,707,0.32654350119041564,4.979559376547145e-19,1.0172528440660596e-17
Ulixertinib,shannon_entropy,905,0.12599393602454087,0.0001445688995481903,0.00018214407608274196
Ulixertinib,expression_variance,905,-0.07875602698222998,0.017805332812153535,0.22140544279460483
Ulixertinib,expression_mad,905,0.17113796353649444,2.2245457121851912e-07,2.945463304097059e-07
Ulixertinib,expression_cv,905,-0.04213404144472079,0.2053920703153431,0.9597412806595652
Ulixertinib,prob_entropy,905,0.028460858249392977,0.39244923936960396,0.9937864446567125
Ulixertinib,NetITH,905,0.17068680803638647,2.395867916577035e-07,3.358912863436431e-07
Uprosertib,shannon_entropy,909,0.14308728883248012,1.488433261032124e-05,2.0564826698318235e-05
Uprosertib,expression_variance,909,-0.051045179068906564,0.1240784309925864,0.4944123807368675
Uprosertib,expression_mad,909,0.18124502821584867,3.742618030253382e-08,5.17096017706506e-08
Uprosertib,expression_cv,909,-0.01910746818497506,0.5650594367373347,0.973826299331119
Uprosertib,prob_entropy,909,0.006846479293812134,0.8366837585550762,0.996451665181847
Uprosertib,NetITH,909,0.12688073038315115,0.0001252302451426839,0.00014678627094593278
VE-822,shannon_entropy,840,0.22211764148515759,7.541248421124121e-11,2.1277928542148932e-10
VE-822,expression_variance,840,-0.04352804192911675,0.20756792224058512,0.5936442576080735
VE-822,expression_mad,840,0.2910201929748442,7.368483728344393e-18,2.36784982731067e-17
VE-822,expression_cv,840,-0.0011310754611127767,0.9738876066398661,0.9920315942667359
VE-822,prob_entropy,840,0.04435856221856485,0.1990191547067386,0.8265928826578695
VE-822,NetITH,840,0.25966430143547736,2.071521677986814e-14,9.712380326298833e-14
VE821,shannon_entropy,895,0.25825937213774186,4.194921252672856e-15,4.282644274254654e-14
VE821,expression_variance,895,-0.03709566838245927,0.26760059751246346,0.6206373717033338
VE821,expression_mad,895,0.31463467543667006,5.128333294492426e-22,3.7607777492944465e-21
VE821,expression_cv,895,-0.002733707558236072,0.9349099642613115,0.985364405144123
VE821,prob_entropy,895,0.039533910560962414,0.23739333589540768,0.8578687513727982
VE821,NetITH,895,0.26548337680841144,6.658946262165353e-16,5.1471854891332185e-15
VSP34_8731,shannon_entropy,691,0.12228454087286765,0.0012785386062073832,0.001511000170972362
VSP34_8731,expression_variance,691,-0.019285874575239257,0.6127901932045232,0.8608578324907852
VSP34_8731,expression_mad,691,0.20245489252730237,7.96337077463467e-08,1.074303793181847e-07
VSP34_8731,expression_cv,691,0.01694747642198241,0.6565209309390307,0.973826299331119
VSP34_8731,prob_entropy,691,0.0613082285471955,0.10735439515283501,0.7895190426585401
VSP34_8731,NetITH,691,0.1660284511049144,1.1495086116006783e-05,1.4293889692077999e-05
VTP-A,shannon_entropy,713,0.16889833292788883,5.7702645338718625e-06,8.292942998428907e-06
VTP-A,expression_variance,713,-0.03775089940478452,0.31411888519993264,0.6375675800404526
VTP-A,expression_mad,713,0.24095265066015056,7.08116772093651e-11,1.1251188712154678e-10
VTP-A,expression_cv,713,-0.013349475188849512,0.7219537184565705,0.973826299331119
VTP-A,prob_entropy,713,0.0634630768959805,0.09039290037149143,0.7603638090072514
VTP-A,NetITH,713,0.1957398399736843,1.3751838023560693e-07,1.9763948114263104e-07
VTP-B,shannon_entropy,713,0.22651198462586256,9.510914862843701e-10,2.141828071475038e-09
VTP-B,expression_variance,713,0.024379077316036016,0.5157400210685981,0.7753636195755762
VTP-B,expression_mad,713,0.2680802311311716,3.3533420395863736e-13,6.524189274297299e-13
VTP-B,expression_cv,713,0.04548084105918081,0.22515695851476542,0.9597412806595652
VTP-B,prob_entropy,713,0.006507152398441451,0.8622966694746464,0.996451665181847
VTP-B,NetITH,713,0.24429508475467338,3.7870997338953316e-11,8.52842932200051e-11
VX-11e,shannon_entropy,897,0.08958909261911045,0.007256268431445337,0.008170443981863647
VX-11e,expression_variance,897,-0.037063155177112755,0.2674849400929993,0.6206373717033338
VX-11e,expression_mad,897,0.12658723763907198,0.0001439404449441216,0.00016532918575911155
VX-11e,expression_cv,897,-0.014179970585896682,0.671479284156731,0.973826299331119
VX-11e,prob_entropy,897,0.033000610600834715,0.32351636851675725,0.9254027682045745
VX-11e,NetITH,897,0.1499494523166521,6.475396439614677e-06,8.230948363243544e-06
Veliparib,shannon_entropy,892,0.27283206730226156,1.0863356742686996e-16,2.389938483391139e-15
Veliparib,expression_variance,892,-0.038007849380809984,0.25680527459094715,0.6206373717033338
Veliparib,expression_mad,892,0.3271528543172973,1.0740536872618841e-23,1.0917161606803224e-22
Veliparib,expression_cv,892,0.013190826913904765,0.6940042877918995,0.973826299331119
Veliparib,prob_entropy,892,-0.013476501186090973,0.6877222862719529,0.996451665181847
Veliparib,NetITH,892,0.29882000598434855,7.418363996415881e-20,2.121652102974942e-18
Venetoclax,shannon_entropy,900,0.20426835094858142,6.215766667100162e-10,1.4571387432710216e-09
Venetoclax,expression_variance,900,-0.018091857726573325,0.5877869650552546,0.8405353600290142
Venetoclax,expression_mad,900,0.2696753946609811,1.841060664903285e-16,4.83067293726917e-16
Venetoclax,expression_cv,900,0.02288964142754086,0.4928236259029458,0.973826299331119
Venetoclax,prob_entropy,900,-0.0017970392556040193,0.957065590928344,0.996451665181847
Venetoclax,NetITH,900,0.2851610763305469,2.6682371688173186e-18,4.016399106746069e-17
Vinblastine,shannon_entropy,716,0.2637987617207364,7.289347970271425e-13,3.362505676609077e-12
Vinblastine,expression_variance,716,-0.047192736204213256,0.2072051035223817,0.5936442576080735
Vinblastine,expression_mad,716,0.3539069284891028,1.4943843748188476e-22,1.2570409741123248e-21
Vinblastine,expression_cv,716,-0.018512629699838974,0.620924099282372,0.973826299331119
Vinblastine,prob_entropy,716,0.048847120715473494,0.19170373911482813,0.8265928826578695
Vinblastine,NetITH,716,0.2425785710047415,4.764427039350815e-11,1.0645516666049478e-10
Vinorelbine,shannon_entropy,899,0.2540856168653945,1.0338459417142769e-14,8.927411774215845e-14
Vinorelbine,expression_variance,899,-0.061132166153434524,0.0669351303281931,0.4073073888056006
Vinorelbine,expression_mad,899,0.3282517818610632,4.996795468701564e-24,5.496475015571721e-23
Vinorelbine,expression_cv,899,-0.02916218878849964,0.3824730482880595,0.973826299331119
Vinorelbine,prob_entropy,899,0.044843656194749094,0.17915310747652136,0.8265928826578695
Vinorelbine,NetITH,899,0.27956832346094357,1.323592075237209e-17,1.5141893340713672e-16
Vismodegib,shannon_entropy,892,0.27009865125129107,2.2379007277136413e-16,3.555775600700563e-15
Vismodegib,expression_variance,892,-0.021966552633525677,0.5123259484697559,0.7753636195755762
Vismodegib,expression_mad,892,0.32596625749088143,1.5857197008474963e-23,1.5117194481412799e-22
Vismodegib,expression_cv,892,0.014941537185181267,0.6558511078815893,0.973826299331119
Vismodegib,prob_entropy,892,-0.0027389122408454604,0.9348957665676189,0.996451665181847
Vismodegib,NetITH,892,0.28527611149363374,3.6431908065978105e-18,4.961678908033209e-17
Vorinostat,shannon_entropy,901,0.28913515655184796,8.243912905853416e-19,2.947198863842596e-17
Vorinostat,expression_variance,901,0.004234664120427905,0.8989921677748485,0.9574585177146904
Vorinostat,expression_mad,901,0.36071480075107476,4.494392156356016e-29,2.570792313435641e-27
Vorinostat,expression_cv,901,0.0535993430966496,0.10787992919468554,0.833154007939354
Vorinostat,prob_entropy,901,-0.013626282040239428,0.6829311048789526,0.996451665181847
Vorinostat,NetITH,901,0.3041542082255652,9.709496741551136e-21,5.553832136167249e-19
WEHI-539,shannon_entropy,905,0.08677640191386941,0.009005807557823311,0.010022027087694424
WEHI-539,expression_variance,905,-0.018094092642702397,0.5867024971559183,0.8405353600290142
WEHI-539,expression_mad,905,0.06485748459640793,0.051119043291684665,0.05355328344843155
WEHI-539,expression_cv,905,-0.002893437158298318,0.9307320976361244,0.985364405144123
WEHI-539,prob_entropy,905,-0.025202604711885075,0.4489013826444205,0.996451665181847
WEHI-539,NetITH,905,0.13615001021563572,3.968279504501248e-05,4.788725478005726e-05
WIKI4,shannon_entropy,899,0.07033823773507313,0.03497459859446292,0.03817837861838319
WIKI4,expression_variance,899,-0.033414707259489015,0.3169381744907343,0.6383402669320423
WIKI4,expression_mad,899,0.0848335814849957,0.010938965232870957,0.011805826628683373
WIKI4,expression_cv,899,-0.02658189046147951,0.426005695545459,0.973826299331119
WIKI4,prob_entropy,899,0.026599413850083364,0.42570064672255836,0.996451665181847
WIKI4,NetITH,899,0.1277245772544434,0.00012302554509493305,0.0001447954975191393
WZ4003,shannon_entropy,840,0.1453204804914487,2.3580002007466982e-05,3.166141114617632e-05
WZ4003,expression_variance,840,-0.04313514373704368,0.21170351996177134,0.5987433384870544
WZ4003,expression_mad,840,0.1959844047398026,1.0201724978963005e-08,1.4515887283499598e-08
WZ4003,expression_cv,840,-0.021396936706057038,0.5357256091823288,0.973826299331119
WZ4003,prob_entropy,840,0.011830090462146345,0.7320724583714371,0.996451665181847
WZ4003,NetITH,840,0.17455756436324718,3.5663354566573463e-07,4.975472880995127e-07
Wee1 Inhibitor,shannon_entropy,899,0.27009064761390406,1.7138081806970804e-16,3.205379609495654e-15
Wee1 Inhibitor,expression_variance,899,-0.04384498820350584,0.18904103409080278,0.5751674015954212
Wee1 Inhibitor,expression_mad,899,0.3333357281413895,9.046953521837297e-25,1.2937143536227334e-23
Wee1 Inhibitor,expression_cv,899,-0.015026082762914828,0.6527605234109275,0.973826299331119
Wee1 Inhibitor,prob_entropy,899,0.04451751636933886,0.18233912025311444,0.8265928826578695
Wee1 Inhibitor,NetITH,899,0.2616276767141252,1.5508287910667192e-15,1.1182122051359582e-14
Wnt-C59,shannon_entropy,840,0.17925414131417824,1.695472530694111e-07,2.8692612057900334e-07
Wnt-C59,expression_variance,840,-0.06468246938315632,0.06095151488803511,0.3935853317391032
Wnt-C59,expression_mad,840,0.26515801265510375,5.546590489693662e-15,1.279294258106764e-14
Wnt-C59,expression_cv,840,-0.00018551613593556678,0.995716368383039,0.996968683805971
Wnt-C59,prob_entropy,840,0.017220404223928884,0.6182102574501729,0.996451665181847
Wnt-C59,NetITH,840,0.24338514409135256,8.597738153082192e-13,2.6727751215016378e-12
XAV939,shannon_entropy,839,0.11420559764010457,0.0009199180520781271,0.00110082243888847
XAV939,expression_variance,839,0.03303093685069045,0.3392784915846728,0.6474745886508492
XAV939,expression_mad,839,0.21401919385952542,3.78530178085129e-10,5.758491007039729e-10
XAV939,expression_cv,839,0.04178823685268169,0.22660882345872163,0.9597412806595652
XAV939,prob_entropy,839,0.04378137969682057,0.2052031282122683,0.8265928826578695
XAV939,NetITH,839,0.17968241460963505,1.609851966427416e-07,2.2906351363096567e-07
YK-4-279,shannon_entropy,900,0.2433612881003557,1.3388876199404993e-13,8.509374651177395e-13
YK-4-279,expression_variance,900,-0.04583684671215644,0.16946761394462023,0.557100432047832
YK-4-279,expression_mad,900,0.3172191076779107,1.7313813417657102e-22,1.3754862881805363e-21
YK-4-279,expression_cv,900,-0.012725925176039314,0.7030083967174692,0.973826299331119
YK-4-279,prob_entropy,900,0.03298654278174006,0.32291274306741646,0.9254027682045745
YK-4-279,NetITH,900,0.2750669568727863,4.3461331324638157e-17,4.2861864685677633e-16
ZM447439,shannon_entropy,886,0.2209166002797073,2.955300649738986e-11,9.247037705939331e-11
ZM447439,expression_variance,886,-0.042799757879724815,0.20310616947563853,0.5936442576080735
ZM447439,expression_mad,886,0.2599062118222863,3.8149817527796634e-15,8.870607978007999e-15
ZM447439,expression_cv,886,-0.01453902662490539,0.6656128120737276,0.973826299331119
ZM447439,prob_entropy,886,0.014902198410862473,0.6577848856508743,0.996451665181847
ZM447439,NetITH,886,0.20969217830994508,2.9186742414650796e-10,5.640140763912248e-10
Zoledronate,shannon_entropy,691,0.26016998067640934,3.7406203721398575e-12,1.354199273964556e-11
Zoledronate,expression_variance,691,-0.0005846540939061768,0.9877602065571436,0.991377630010692
Zoledronate,expression_mad,691,0.32563043532816466,1.565628796332446e-18,5.667972604444046e-18
Zoledronate,expression_cv,691,0.04287974965529959,0.26031292301502484,0.9671966848047472
Zoledronate,prob_entropy,691,-0.007431271774500644,0.8453976720073373,0.996451665181847
Zoledronate,NetITH,691,0.27197024610754944,3.4937766708767427e-13,1.174440057104349e-12
alpha-lipoic acid,shannon_entropy,710,0.20842906193057484,2.0746647411017236e-08,3.7317868927993264e-08
alpha-lipoic acid,expression_variance,710,-0.014345488641860506,0.7027629049137025,0.8953259252662424
alpha-lipoic acid,expression_mad,710,0.25814132921408883,2.8486864382359492e-12,4.878588750511865e-12
alpha-lipoic acid,expression_cv,710,0.03448546282365896,0.35885583726366277,0.973826299331119
alpha-lipoic acid,prob_entropy,710,0.0043158356804997135,0.9086060979492669,0.996451665181847
alpha-lipoic acid,NetITH,710,0.24921457832352345,1.6350170446319557e-11,3.896790623039494e-11
ascorbate (vitamin C),shannon_entropy,706,0.2285005835971974,8.144143038632667e-10,1.8784071847168897e-09
ascorbate (vitamin C),expression_variance,706,-0.028276693017984814,0.453164929562067,0.7299815928065533
ascorbate (vitamin C),expression_mad,706,0.25120412159180044,1.2726891420016756e-11,2.103983205852481e-11
ascorbate (vitamin C),expression_cv,706,-0.009148072560599092,0.808280656957409,0.973826299331119
ascorbate (vitamin C),prob_entropy,706,-0.005128306557030587,0.8918039426903303,0.996451665181847
ascorbate (vitamin C),NetITH,706,0.18906470737828662,4.184217407625405e-07,5.753298935484932e-07
glutathione,shannon_entropy,706,0.21029006626434787,1.6922399170855647e-08,3.082679084627207e-08
glutathione,expression_variance,706,0.0059095279840632045,0.8754472441410703,0.9574585177146904
glutathione,expression_mad,706,0.24951843746848312,1.758685320282817e-11,2.8741942948622038e-11
glutathione,expression_cv,706,0.028736273146847645,0.445853398839116,0.973826299331119
glutathione,prob_entropy,706,0.00029693507249930237,0.9937161011688627,0.996451665181847
glutathione,NetITH,706,0.1744298919072788,3.1270637576666584e-06,4.065182884966656e-06
