,sr,dne,shannon,mad800,cytotrace,activity,netith
CAL-120,3.0778722543057304,254.58621115354018,4.701379462247117,2.3667415110918855,9.577334968294249,0.19900531040788022,6.056036073657474
DMS-114,2.8499020118698297,190.05503540312097,3.8397206645265163,0.9522332237702495,8.444753445271528,0.24437499973577315,5.676988276552271
CAL-51,3.1128722783196663,103.31240391697084,4.62864893116836,2.0978222182846746,9.463761284605505,0.22001758110786013,5.972595300038267
H2869,1.8405572803505539,211.9449742096072,5.037124192259766,2.4792046237654546,9.947928269476371,0.23139657571994476,5.812296009238192
H290,0.7767289936849961,203.9827444825172,4.738349539044416,2.29743892622173,9.342946208568689,0.199516273435265,6.136958181770553
A2058,1.4341895998878011,104.33186805461091,4.61319225995277,2.221517508299205,9.411133052309463,0.17706425225914726,5.852017879304901
CESS,3.1391284050410044e-14,162.22897654653343,4.692250607852454,1.5009425372832448,9.546142371168092,0.4447909819932541,5.640557672226362
H2803,3.0773441279683014,136.4452260730857,4.949528762864014,2.4143801683858954,9.793099538666791,0.18610079339324814,5.445122024593228
H2722,3.018799964960874,285.1840786971562,4.780881503901893,2.386542643546445,9.748115765838287,0.23759221762272545,6.109250873783414
HCC1419,1.5169863373292982,202.11900580419186,4.364648431326386,1.0607521757601153,9.095236483217509,0.26655725583448064,6.408182850414209
ETK-1,1.7261399326662576,24.509602900195006,4.885228053668472,2.442478930203365,9.888373213483215,0.167333925755258,5.779749057813375
C32,2.957782430393343,146.4080617619665,4.656393124181047,2.1229186669809197,9.817388523615856,0.22325634157222315,6.193267976703693
SW1783,3.1217740765982906,12.645753497362278,4.9214354955548565,2.500999428683574,9.921359222122785,0.25587052450169484,5.995425184524608
H2810,3.0535128360710377,129.21147116896623,4.953683403050388,2.534101198496645,9.922220858986414,0.19967548787724337,5.662685054355008
DSH1,3.1133007599415485,102.66441743854611,4.629442030223316,2.2635611213366253,9.689054208738005,0.2185974306804151,6.001307910980471
HT-1197,3.071847058326196,246.82901057429362,4.696035201804721,2.0939546583823248,9.898039783142202,0.29512775459182516,5.600269319015629
MDA-MB-157,1.1930521458230617e-14,139.4978199959213,4.661035774979332,2.010037990860935,9.252725099854638,0.17774625825589957,6.188648810094537
H2373,2.9392640700298354,211.38674636528202,4.991114603650782,2.6731721728827647,9.939726240424926,0.21614880154322125,5.80220206809137
ES1,3.034616400553423,208.84970068982125,4.5074983787355904,1.8767989086733399,9.169258202712207,0.17862305167778691,5.84850312641632
HDLM-2,1.5317613627977757,79.03363821351738,4.17635423767021,0.643567057854175,8.795275244469359,0.2750467274200033,5.927730404529995
H2731,3.091769702706364,281.2032919695161,4.697857326142607,1.9555917965487848,9.219453885692978,0.16842869806575306,5.754480944629143
IST-MEL1,3.0816106255136324,210.8282727568306,4.747818415365046,2.5474069118726947,9.660756324388043,0.2176053065293491,6.041621388639647
5637,1.4416176440435815,118.852818412092,4.977746637045284,2.4164892068991195,9.913297824443998,0.23086788896672303,5.8051569963455725
786-o,2.539257445129883,249.8775548903659,4.864753825471745,2.6337465551474306,9.936644470901536,0.24603667211669975,5.606363749441442
HeLa,1.6632590221081345,73.15628971844836,4.84497592638451,2.3589280442634153,9.550378668023214,0.19970529299520284,5.55070507787753
HMV-II,1.4343762422133923,258.8343313618733,4.384030868336504,1.6563670772142305,9.419533698993991,0.260434960383791,5.620798924366481
H2818,3.1350240632420556,270.9353518764973,5.059423564298617,2.829692497114135,10.19859849133888,0.2855197651990384,5.912257423833574
M14,1.5512182732616557,164.37438150671127,4.5666591008601545,2.0159652624290803,9.336728379161247,0.1620079409471729,6.078495413503788
HT-29,9.667247495977729e-15,177.50603773371313,4.682490679361414,2.18824783306135,9.604016553441152,0.16783654392041938,5.620211239424812
AU565,1.953547899261547,283.17198934156613,4.508266854656265,1.4019374593259692,9.177661099769704,0.23620056382528892,6.025228622515716
NCI-H441,1.653440770765055,-5.570246506455817,4.753697534129635,2.334550800996981,9.664347944897864,0.17198714970561363,6.271695593950202
SW1088,3.1407565070850056,62.72206479852446,4.851652385757659,2.5342088072186697,9.737295340099402,0.21629508334997635,6.080130723072372
IST-MES1,2.9780643767633723,95.42700494849433,4.751044808687603,2.2056418945965306,9.564842517959516,0.20869583582177242,5.809483050302659
HCT-116,3.176091482028773,193.77257589780626,4.713486230286179,2.3967472244835197,9.389622501597316,0.14636814163225692,5.694439037345051
GA-10,5.3061696993917637e-14,304.3228897166537,4.439713454364494,0.5797453132993098,8.847744830097483,0.3027120606822383,5.540161720658753
KYSE-450,3.1416613858522053,231.86092753068615,4.483284371118349,2.11333427601273,9.335822710406406,0.19871373539277232,5.542850948960084
NCI-H2052,1.8039640239261518,103.87801351972573,5.049447749886452,2.5610333571520045,10.053219489532491,0.3056878372544714,5.8408106750992
LOXIMVI,3.0492375953511175,269.94983489573826,4.681160961578348,1.842681681802095,9.646410689112507,0.2830440171016483,5.653958037393207
HOS,3.0712009181340383,188.0360865084197,4.712919007589566,2.2384988130262897,9.284339650431692,0.19410604252688782,5.919736465370697
NCI-H28,3.0260984864220006,254.32347305670334,4.577970062513122,1.614752901787325,9.447683475024956,0.1915617857882964,6.023848577252688
NCI-H358,3.220897735928385,62.623610633126106,4.818168602767532,2.4550012059931445,9.599107459822104,0.20451811570007702,6.167937006251575
Becker,3.158738421699894,137.06561352086732,4.898730215380155,2.624576581469075,9.879657689128871,0.2892078478078122,6.063902704888156
RS4-11,1.4293439159257366,207.3680941136921,4.267711119349679,0.6162267855565,8.552966450551839,0.37777618325017703,5.542953909329469
NCI-H727,1.7033764130265456,114.90723648364161,4.8209301653646985,2.4289245971369544,9.819126601244285,0.24179677692408447,5.634828286539394
NCI-H1299,2.713430948084172,227.78472958770283,4.398926396987918,1.73608927771772,8.991074881370857,0.1918882956123598,5.74129289151859
COLO-800,1.4337575097542687,97.39550813016278,4.680929111072874,1.8328174961160246,9.626730154255213,0.24043124843743116,5.9860832385777485
BT-474,1.480044735381587,217.33457805813677,4.508451212789406,1.358354583538555,9.06995853989635,0.279564771613649,5.747313412409961
Saos-2,3.02865044921584,220.8142282432052,4.837475297199657,1.9965531493301503,9.383934086934973,0.28600542231724607,5.682106772400629
NCI-H838,3.080001597228142,186.57000162114306,4.682869639546481,2.2558244063951296,9.520387091037266,0.1832785150664106,5.746995849178938
NCI-H2228,3.2056805763891596,-30.895082216982672,4.8234337763118456,2.218521336899755,9.77761024940798,0.20275123965374248,5.808173330618941
LS-411N,1.0495945585607662e-14,119.52631816178575,4.60155369892978,2.113933101080735,9.442145286088014,0.18278182599724083,6.04234267449043
RKO,1.4638306096203593,234.04361426686242,4.453375030779613,0.8219471007780348,8.975681797618362,0.254478208179725,5.045945182442264
RPMI-7951,3.1337811463129794,28.190893197981154,4.991070412327039,2.5608797802695302,9.97396114765122,0.2707618298427468,5.906033201038288
CAL-54,2.3405126891330754,194.19677725646736,4.9455028892849935,2.6197721678393293,9.940238667077082,0.21985517548904565,5.700761283865944
WM-115,1.4823938658299485,-36.12944509306118,5.0461604513284435,2.715863857364475,10.094174680543272,0.3073859962630896,5.708666339163166
NCI-H2009,1.6036912681478321,219.97846776530338,4.872059220501092,2.198074106273725,9.403580775548845,0.25178670323174496,5.583091750153175
ES3,2.9006829805667103,200.48609567333972,4.240513200056517,1.3155748358791801,8.839083111078702,0.22840419173345794,5.797061609317372
COLO-741,1.894420125652982,212.21954615425977,4.374807158937368,1.486778359753855,9.134121124461297,0.14683357709082298,5.959727984805185
D-283MED,3.0425335928233728,168.18248679119955,4.3027734337896,1.4096392152348352,8.926619119219902,0.32100607456290436,5.568210168170377
639-V,3.1197481446478488,214.51215078052914,4.538281471867402,1.9334079890353555,9.161568244942412,0.18819452338328227,5.734392650468703
OE19,1.4757126704569692,249.33430746418463,4.458084875415466,1.6668389599703248,9.712099197413995,0.24644808212853103,5.584085888257449
NCI-H2452,3.1445150930089274,303.65941069138785,4.828321969803648,2.294564896405455,9.793732152418274,0.17901609777260205,5.903261370660415
EFM-192A,3.123599452421792,104.1471350141527,4.405253822918553,1.79164928046267,9.075487891705903,0.1658735669293469,5.813372312574046
UACC-62,1.4632587421769172,227.6773784140404,4.7382996541996025,2.5433036908698052,9.825119366234178,0.23227319920589712,5.803105088050007
DU-4475,2.8193263565033684,183.39249961613496,4.343342722374791,0.930741726508495,8.962779743463637,0.23597756802729736,5.869163989496961
SISO,3.2020591392663307,211.00427847243128,4.7731505881712115,2.5800798219230154,9.94144685055122,0.2490390474395475,5.716728921834722
JHH-1,2.994345296375889,137.24961434231042,4.699751514910883,2.1603908054063004,9.553218180178225,0.2858592786241838,5.712785293508401
COLO-680N,1.313244268311154e-14,173.38335213829387,4.789673592416317,2.312914726160375,9.764081409662953,0.21768855485574817,5.837733427214896
ESO51,3.1796994321913674,129.2872120967841,4.6033240907223325,2.025048090236845,9.736176345769376,0.2498189263210821,5.594969773752923
CAL-33,1.465432518469395,142.1048751659787,4.913689308405355,2.765189448881085,10.224853968313742,0.26769537002622146,5.500260139515001
CAL-29,1.4571309668661194,93.63595536522598,4.832818609589922,2.3476838066097248,9.870633649303223,0.278443829751273,5.6797517486267495
UACC-257,3.0596869197554555,235.9816921211231,4.555337348985356,2.0185579519279653,9.626457206140465,0.2413166999606463,5.764303449914136
PA-1,3.051515227107669,244.52403089364526,4.487857685372923,1.94883945376629,9.231688736682058,0.22211609883492217,5.788936064782087
H2591,2.901147786707507,33.47164300852327,4.872236267118884,2.643973617091355,9.812065307319838,0.18931335450475995,5.960987628656078
H513,3.145803543238967,141.9582631286759,4.392215580145893,2.228522744803975,9.41452630783928,0.2093494669690549,5.891384399669934
H2461,3.086114758289492,134.74487072696044,4.993244573402498,2.4025917224214854,9.708004217556756,0.19647798267053923,5.681906371183709
KELLY,2.4014068417966623,288.5128066291057,4.147549200353024,1.2159904675426654,8.70590326071457,0.26470368888912865,5.593455985861652
NCI-H661,3.1016617354486513,195.56139928420407,4.49269286120693,1.6753129641633997,9.250574460072453,0.22630445990378165,6.135852443956672
ES8,1.4312262135499445,141.05228907438226,4.602864531274404,1.8984836164105696,8.876112336986639,0.24498306785527552,5.826396590817235
H2795,3.181769115198853,156.1791099669773,4.7532352148840715,2.4375795491007852,9.972593727096951,0.2773984113845336,5.566155957612787
SW1417,9.3227038889761e-15,213.2303083136639,4.808988789930689,2.5717584225387906,10.06567086517542,0.32176745887131625,5.327846839041872
H2369,3.207696422503558,244.393123168033,5.00410328180922,2.4708710388891504,9.96336470371428,0.26053652865983495,5.836036748328954
647-V,3.703762943061552e-14,56.27847963051772,4.757588337719254,2.394214048757255,9.536824731075015,0.20058088290803144,5.609990982558817
TGBC24TKB,1.5031703440124806,218.91041251925685,4.3857329695683305,1.9642744207416347,9.398012846419368,0.20300741649040221,5.718810090918347
H2595,3.1410338986829083,37.861312775666164,4.710299252153655,2.1802633321186393,9.338238826760161,0.18895431343366803,5.773297267838267
MPP-89,3.210239047709411,265.60263266447004,4.953269685718704,2.1552672302112095,9.953092188088768,0.2721500181650782,5.875126890399876
IGR-1,2.9786213040718277,260.66143765381275,4.262514080627683,1.6181724586780146,9.223014464565821,0.2102877024857907,6.028660930549764
NCI-H2030,1.8483388137622183,199.78447603994803,4.598314103086729,2.1889724953350003,9.615647467032064,0.1688159653150713,5.490786938029747
SK-MEL-1,1.4989839647974128,273.3523914208987,4.457468622870726,2.18048768845593,9.343787373131835,0.25414649197459166,5.64346295578639
COLO-205,1.4917311707008052,86.65662089396821,4.563889733508855,1.74691526423062,9.464574533892236,0.23095935621870212,5.868766909177871
BFTC-905,1.4612304151459292,226.22588616912913,4.807768852762459,2.307192832355665,9.573030280585286,0.1812910783255967,5.620038675754427
H2804,3.112717536482345,191.72177398114766,4.840080250111118,2.3391189388862297,9.816524637035085,0.19675840031263223,5.89287976844055
REH,1.4374140116895866,204.99782294205409,4.365488263791937,0.6117203164186051,8.644408176881896,0.3371290684837493,5.466521209374473
RH-41,3.165553678757141,49.84448146798289,4.423693553009151,1.206634612574935,9.055828798587234,0.3410398650613818,5.373282239539905
RPMI-8866,1.5036086916682359,113.08997494251614,4.462147928420236,0.5218645619391049,8.675110441930439,0.2824167973193602,5.44948491937052
PANC-08-13,1.4051051213479027,-20.35050025846158,5.041989816659667,2.832896964803325,10.047419018876106,0.17713061720375242,5.76550308645349
PCI-6A,2.298147730512421e-14,192.7362248868234,4.887053806979774,2.375308254612751,9.891680721297728,0.24354875390325512,5.667702943584555
NCI-H1792,1.6208009956752907,184.43248124066383,4.838756629556747,2.379214360327725,9.843187335937303,0.14327537781510025,5.989360174398267
NCI-H1355,3.209999539421356,99.89225275089218,4.836637505008265,2.44505007271776,9.843689044406199,0.13268185661342216,5.549171343040596
NCI-H1048,1.4450658019216682,-200.1525627078506,4.46877809287327,2.0708133972088447,9.016402207177409,0.19487381366247725,6.10379434627995
OAW-42,3.0225789026293564,-50.019367850127196,4.68247309268381,2.1746431185526647,9.462623264173088,0.15770028482580137,5.742631652619494
OE33,1.636937091417686e-14,-30.317908736873733,4.74924292145643,2.3334405574157806,9.672237476793702,0.1595209752832361,5.499651938154628
OVCAR-8,3.2330572530748203,127.63699486668737,4.799133426352327,2.3971222873783606,9.506328239500942,0.17669526276254863,5.705663331415356
Ramos-2G6-4C10,1.6124541414136029,321.8677888023092,4.1473149490728805,0.4406832235750602,8.065151535325743,0.31323963214124095,5.4853879935006775
RCC-JW,2.1568922292485357,203.05194019911087,4.735699740970475,2.437927131736565,9.712074691471877,0.21359467536765908,5.798978644502562
RH-18,3.0112853460375097,186.29555351904327,4.482898618912239,1.3677049934202254,8.97449045216295,0.2521126942536771,5.771153370098379
RT4,3.1160255736908287,97.3589928862448,4.657200121899049,2.3038473707359493,9.506315439493774,0.2070035595041245,5.916502414421185
PANC-10-05,1.5213651567806044,231.74678934426146,4.669078109168728,1.6947580254096049,9.416983238475245,0.20981973729549186,6.075211443117015
PE-CA-PJ15,1.514970915370318,70.99788983224778,5.005542544944046,2.457987996964955,9.760196356712429,0.14781661508101476,5.772741769694944
NCI-H1304,1.631197042319951,168.76220372013572,4.231563979923121,1.0139442920163646,8.882365428619114,0.24856047166464035,5.528058156114553
NCI-H1915,1.5698373961244578,119.69204781210388,4.733324024711317,2.3080961465471397,9.421004990273161,0.23023860162871806,5.520242318332277
NCI-H1623,3.0808125632098378,207.2352336100735,4.655989008203979,2.280698840597655,9.546333767608228,0.18877903121919684,5.771615021476618
OCI-AML2,3.2298351162041255e-14,307.55099958922824,4.389557087800335,1.65442357237048,9.069649234250239,0.20476049013194295,5.575495770344078
ONS-76,1.7718754825019758,89.32825112394983,4.76815394870666,2.4692724251200246,9.703390580141203,0.18367833922616816,5.821992660431374
OVISE,3.0462538726490997,62.56118864530501,4.681915329626856,2.3323605058101746,9.634694447085977,0.18395724484819523,6.086098378052194
RC-K8,1.7022439861253202,64.02817715931755,4.148751800805323,0.5888059112516901,8.298727258947416,0.3235353337435392,5.339206821012645
RL,1.9922106412388025,338.30169067375385,4.047156120781862,0.46516839401421506,8.093020700915723,0.27911085809353486,5.709354840032689
RT-112,2.101298837816505,117.01778649959438,4.6614036392584035,2.3801719382334996,9.680587625836212,0.19296686535674779,5.399722153669883
PA-TU-8988T,3.031560369935614,73.75341346581305,4.7051366336177445,1.60417141958171,8.9151900391735,0.14476334767097443,5.844528180474816
PF-382,1.4860607900413108,286.81405598539124,4.114985778147019,0.736478721341485,7.802619894438524,0.2585946514734066,5.517478140864474
NCI-H1395,2.931877138977816e-14,105.7440991008448,4.857423896174543,2.16584747085235,9.637361280987008,0.196032894107253,6.025170007621226
NCI-H1755,3.2010138280216305,100.52032552790686,4.634858465939021,2.332355499655015,9.412959620766486,0.15633572516144228,5.823417921685262
NCI-H1793,3.1351789364877343,7.141959067416906,4.693997398221828,2.31871014721622,9.55503072987292,0.1306173891606378,5.689826695521469
RXF393,3.0918178663643774,-16.51647634185349,4.995636317406488,2.431978102904895,9.985421433480072,0.23768313861749993,5.589503540057565
OSC-19,1.5313695032459576e-14,60.03658388479596,5.101366856267435,2.5915173938378544,10.2289168052925,0.2758056843736314,5.726257240078037
OVKATE,3.1059489026555624,-70.97049493615111,5.008056150765085,2.5153391327138204,9.961240409497744,0.20205954208429527,5.718505489910229
RCC-AB,1.5803669578662332,66.73052293052305,4.787968749586822,2.3489494989895396,9.72636898410456,0.1738215709610369,5.678467014975095
RERF-GC-1B,3.09967721595964,134.5287281356615,4.334773436568022,1.818292251816005,8.892057096970545,0.1881477008803263,6.147531806131655
RMG-I,2.0102894641403126,153.04090331266173,4.694350308520721,1.7323823890896448,9.54366239592333,0.20023945258176665,5.887708821367595
RVH-421,1.4204664057850258,192.07630538441816,4.640058475740727,1.8227303695315702,9.556897630593953,0.24891312392612205,5.944940885122303
PC-14,2.7393203820389362,183.6791329191187,4.6980140670662225,2.31559011590741,9.63109856340427,0.13401615582200804,5.902546534941463
PFSK-1,1.737972778565302,61.39493802151084,4.439184993826714,1.4403142400888693,8.997718815705722,0.16548228116766964,5.611680054210419
NCI-H1581,3.00422047531398,164.37349693539267,4.340691351589438,1.0576539565461702,8.783150409005202,0.2818284192956846,5.21259201756273
NCI-H1963,1.6794264162262103,0.8029929919018173,4.03868987599773,0.8861221488844502,8.735910454324717,0.29600356040199416,5.838794455130288
NCI-H146,2.916175777132403,198.036852566538,4.493977344353562,1.29629985224078,9.190631146811588,0.24263507087768527,5.936209356445227
QGP-1,3.0239255888687424,43.971982474429836,4.832658740592156,2.404632457568125,9.665245106250369,0.2645261163415217,5.9597743581744895
OPM-2,1.781561399799712,249.02791588765604,3.7850124417722872,0.5428153708300749,7.849689908137978,0.23234361297842002,5.8351448351037005
OVMIU,3.1352390298020536,133.16281219283212,4.5404106090145016,1.975860038866975,9.648417894687588,0.19569365470869401,5.738254453329603
RCM-1,1.4643505351406945,71.67203761758813,4.743005402710376,2.3948586536858847,9.675675495848754,0.21388418685938543,5.476391141703576
RERF-LC-MS,3.195978158355145,212.59506100760416,4.907911691089189,2.38156069296034,9.86364873108662,0.17503162946148676,5.722815749155224
RPMI-2650,3.0491496329485086,193.67568656594034,4.3860334900167555,0.8527715505058151,8.558579316885892,0.22565816023326205,6.059126949355952
QIMR-WIL,1.4341442978231589,179.56960084836476,4.371622436032123,0.61916864957024,8.96066117743397,0.2723459155848894,5.5681233241852
PC-3,1.585189056783812,-9.725734176812125,5.010537725395022,2.4605930775628844,9.704145709586408,0.15869240381793948,6.15735039205472
PL18,3.1385516605771766,11.748498748955,4.762092224450833,2.3431725600641142,9.59615226815413,0.12096809457320541,5.373757680601016
NCI-H1092,2.891671256448543,244.61037206042263,4.232397348709158,0.8987874278080352,8.93228737520326,0.32785138078255827,5.8551965659046745
NCI-H1573,3.1662319257202958,-87.47955618907451,4.7319997693846005,2.2754094564234446,9.78449791319517,0.16901654404193978,5.455494097945333
NCI-H1651,3.1401092293917916,-67.14871964412322,4.7316745358319965,2.1409913951160604,9.57548692777273,0.14626621329689637,6.069064784959913
RKN,3.0182367244311017,35.74483286025949,4.72517301529678,2.3963295502300657,9.534498292642297,0.2039053413329487,5.767511806862215
OSC-20,1.5042991652705506,-155.20016368693365,4.910410900223724,2.40794328109447,9.894838649678258,0.17930603932133055,5.880218012818364
PSN1,1.5121276548536293,153.3480373968633,4.74239974003855,2.385750063997145,9.666974977139143,0.22846467266766898,5.808160664203056
RF-48,1.5682071980365881,251.82523390468157,4.725830977562353,1.194244727547535,9.226641708753718,0.2953914382717616,5.392228084303489
RO82-W-1,3.1719642216226536,219.41461931659728,4.713496190207537,2.0551121611518046,9.65238520060454,0.317250631403007,5.928760608038305
P12-ICHIKAWA,1.5720666523802904,282.7153568982853,4.3283503209366145,0.5882284688782502,8.105939086915503,0.2511136111891059,5.655072729353118
PCI-30,3.096506991380872,214.42279921562053,4.790648530925661,2.370137947088705,9.736680902238072,0.2263105018691528,5.452898215424624
P32-ISH,1.5126217346194661,326.52196074006906,4.221849910150727,0.49759470449412513,8.434718841480056,0.29886026806683497,5.521912153091337
NCI-H1648,1.6282642122928414e-14,35.62739613066114,4.962781554174346,2.21626675252128,9.948003957524087,0.17094802806470516,5.602897598314838
NCI-H1734,1.6808667924167615,-29.19309287983461,4.971945865025598,2.220035698541435,9.508888078302453,0.17513064962863786,5.600196764015902
NCI-H1563,1.3983084079186372,-13.374309137623044,4.644512941779025,2.3674227950988502,9.522772850944634,0.1542362614421163,5.6419717112167564
RCC-MF,2.7337370468421076,21.246579314848674,4.870387598891211,2.372914729754199,9.887172458709456,0.28478392495428667,5.395720914079478
OV-90,1.477151238639931,-10.295138059170796,4.6521690859146245,2.167463157215875,9.754256255952951,0.1853308756346914,5.807202356326806
PL-21,1.9905163831290031,266.4863052617374,3.94582434564765,0.6093498169473948,8.51896009495991,0.24540564505904863,5.165671688207628
RERF-LC-Sq1,2.7588515386198162,216.2898726190817,4.586245089125764,2.26275441143125,9.524545652715977,0.1737719333123037,5.715516159871115
RPMI-6666,1.7094493404573218e-14,225.11965945118456,4.640892311694432,1.074387636377525,9.44066192617477,0.3366252135693744,5.504843508895185
P30-OHK,1.5222565018321494,257.48674449669727,4.379339858878041,0.7314520897281649,8.274820283288873,0.2653996412094998,5.385849452984252
PCI-15A,4.905787426826283e-14,114.75783457693771,4.942590636802397,2.319431947568045,9.813703836904558,0.19108065384240416,5.288546733760444
OAW-28,2.923041488875306,34.72569838966308,4.61517219497956,2.202409471659445,9.33995335514144,0.24821752779934136,5.516002279054048
NCI-H1688,1.5166339913125253,30.796772722978602,4.662571704686292,1.790651245281245,9.562047999612421,0.22299214938590853,5.564619702922884
NCI-H1568,3.201702491161444,-112.18999620722138,4.941337080292208,2.4522925845504355,9.591314117933077,0.14301059737364746,5.990991124312282
OCUB-M,2.993840311306186,195.5372243084081,4.442623603529369,1.2864701161332097,8.91051041959642,0.16336868572011032,5.843771818751356
OVCAR-5,7.204468959312646e-14,109.88865977821925,4.929466558230749,2.386226719004295,9.639441393413758,0.13790445243980773,5.677399945795789
NCI-H1944,3.1339148474420084,-61.35126355650209,4.5198249886488115,2.22565530957353,9.712624638099346,0.17747012053260097,5.785356923942544
RD,3.0164660040016926,-42.332122544151474,4.820515857355408,2.2341611344392343,9.474332963387827,0.22426402974298829,6.171823484668387
RH-1,1.493710491898212,112.8722874827341,4.474018123244912,1.7610076152606802,9.173904536895932,0.16603609885264448,6.05346662226926
RPMI-8226,3.073562224598442e-14,294.7689371775141,4.127335720421717,0.9256073735876651,8.61946685674367,0.22519072620056615,5.95167174698668
PANC-03-27,1.5770207872079067,33.07754861210236,5.002197521680027,2.4101414630318954,9.96008414472015,0.17003716859823606,5.774923734086972
PCI-38,2.127468077704235,-124.89464668956396,4.8494733439682305,2.433116149891045,9.78248586709207,0.20362054944166877,5.92047639207598
OC-314,3.0554278278476583,165.7397688447644,4.5921856378712995,2.1902179178141603,9.266964214502751,0.15366654968411678,5.774473095323028
NCI-H1993,3.1170058774366436,53.477038801231544,4.843023516955963,2.5243030476417756,9.837572510943048,0.1805708646554067,5.510024402382917
NCI-H1155,2.9254388195728858,162.77127956924124,4.410157867184449,1.27205047544031,8.92333443669877,0.2464854557366647,5.636893523170764
NCI-H1781,2.1346041016674158e-14,-25.421272913099727,4.747942700386309,2.36586750435181,9.590630872325798,0.2628831381236499,5.161573002779977
OE21,3.136917697948849,56.389092121083536,4.754208210233235,2.4632999077827895,9.967417607283739,0.19617695419752354,5.743763762511584
OS-RC-2,3.101926347975547,-97.87981805575276,4.770074402060109,2.52775913591773,9.846226116417427,0.2098133561662475,5.857640349168997
NCI-H187,1.5528226836884524,135.69943099388524,4.147880979741121,1.008666769411635,8.67212367408393,0.27013149242123247,5.895347292505279
KYSE-520,3.2483100183156575,210.51371855293962,4.77543792732838,2.3776023042286356,9.778969540947674,0.17981514653863587,5.779786342556971
KURAMOCHI,3.1432725582402172,146.1673404149716,4.694437429926067,2.149359047334325,9.433454061723083,0.200589310668755,5.6044278080743055
KINGS-1,3.1432820511087223,137.25554996152547,4.852639905137636,2.5380036835186597,9.929723064074546,0.1857696387947335,5.651573016066569
LCLC-97TM1,1.4764777001086244,4.561327388657418,4.8300096235249335,2.4218883754236247,9.668031743543889,0.20675519470309583,5.52251798376295
LU-99A,3.0906155661017087,-17.402775811700337,4.655996656901099,2.388410753458225,9.426655235489841,0.1756273262211706,5.783413122048928
LU-134-A,3.047578805516703,196.85578528673645,4.537446447004228,1.2705039415416097,9.198434318714137,0.3478531390877109,5.874609018413843
LOU-NH91,2.9882285839533056,139.35978215123632,4.720675522075723,2.235886261378365,9.764006524408746,0.16888609456536222,5.69482226705339
GAMG,3.13020316217125,35.583541826574674,4.98199731708022,2.60090840545095,9.847446026154353,0.26195222986635086,5.603145915378551
GMS-10,3.254153380116437,-18.305269281841333,4.88813649420212,2.44416957861202,9.661847725281682,0.2105247965909669,5.917593984233569
MFE-319,3.052179853780342,209.68201057620703,4.698148495905494,2.08848744968054,9.073902017518801,0.19067068829997733,5.440163025948047
MONO-MAC-1,1.428384399139345e-14,268.3383868743873,4.396514227828323,1.0751880464593753,9.392342083766179,0.2907923315015503,5.422353861932566
KLE,3.1707899600135265,-33.2562674908055,4.68547793029374,2.3643026046292848,9.572440946548513,0.23372212991284924,5.80611316280883
KY821,2.3868492536262487,265.56293943209397,3.96514838055018,0.5824416924847746,8.476469341274871,0.23185801282223858,5.274768418977209
KATOIII,1.7277746016199914e-14,127.62201711203701,4.495737767758717,1.5354366523691094,9.334335919043063,0.20703116084760487,5.682359272549294
KE-37,1.475673894990846,252.9846956204555,4.2965596823803995,0.6353685461155301,8.59827915089576,0.2278540442093983,5.663063280529946
LCLC-103H,3.0858693175444123,-46.61551614678427,4.867136856779625,2.384297704409139,9.592976812009304,0.14482142737616716,5.935428834064805
L-1236,1.574082129391358,-42.71986828249899,4.263521596130806,0.6253398486511801,8.673366831156763,0.27545042086369964,5.691739993565283
LN-405,3.217061958113666,-59.901930228895566,4.945833646633804,2.628687571303715,9.9264154811464,0.23780838761426926,5.8319970688154905
L-540,2.015819326334903,188.82714881209864,4.104604036879901,0.6079448050366303,8.474867599808572,0.26834501598999083,5.6208507240563685
GAK,1.5061262861736064,25.917458549633523,4.417163283702135,1.5532022343282352,9.508569035036897,0.2684644901083264,5.777666020292611
GP5d,1.5426084355757044,-6.235693271396258,4.584129950769236,1.4959367755711,9.226215306703885,0.2049136129334281,5.8153941433050855
MFM-223,2.539156270808046,187.74018759339918,4.561347885600461,1.5193091807509551,9.245355198567852,0.17483159552061248,6.010171756842893
MES-SA,1.4857569012382084,91.15180485491946,4.202487585986081,0.6834840060577754,8.848928203956923,0.18111743784244438,5.903676685322345
KYSE-270,1.5550365883220723,25.128596159983516,5.029783703057234,2.0573274792362453,9.842275978503128,0.2580227659388281,5.699304596332507
KYSE-410,3.201310272642271,24.990663464459544,4.6669479085304655,2.278500834103465,9.385168781688543,0.16834591819847844,5.729028128544998
KARPAS-231,1.4713235286599082,218.68295699740094,4.187857244887572,0.5246049871140701,8.260449105408869,0.33916963748191375,5.447467388808059
KP-3,3.1939486088594395,144.82282134094015,4.746566660209751,2.495997947360915,9.625930476843246,0.1803156368043331,5.710525462928977
LC-2-ad,1.6161978095550342,43.75895218458092,4.701208592098376,2.2694643523571,9.61495351733175,0.14411753810758068,6.09484624634084
L-363,1.7315124971820386,207.61649498067865,4.002741362927695,0.6033030475989949,8.163946636979952,0.24423651442476332,5.684527328878582
LN-229,1.5717470441538883,69.80978316077821,4.67336515779348,2.15935572661387,9.532772685117934,0.18322585861634985,5.920627355317396
FADU,1.502525738187446,14.708830239339306,4.422567850681258,2.1260323474465403,9.362874472715216,0.16558868098068336,5.853230169550288
G-401,3.131565437428561,221.46725228081584,4.3970103218920995,0.8204828640372301,9.238961286599213,0.24485508600922126,5.481190076938719
GI-1,2.0544028948040225e-14,58.977984237865655,4.783220626477323,2.4410568642354047,9.616814022562524,0.23040808598364435,5.750565681474309
MFH-ino,3.047616559280085,28.88543383135655,4.8244013579913965,2.6933464149424298,9.928302900941963,0.20585135579802014,5.971885922062626
MEG-01,2.095348746518577e-14,310.4465278622861,4.485214186448062,1.5404295527379397,9.095874898106668,0.22594746943265942,5.652879252019489
KYSE-510,4.7060978571710474e-14,-26.180194196626218,4.687079725470815,2.3734781675597647,9.522139201080522,0.23751691040937345,5.403423541188506
KU812,5.341317410662369e-14,189.87351137023666,4.337951925082757,1.1003250787085608,8.783844113782555,0.25166794476401666,5.484485000937228
K052,1.5057018545826504,210.22395485070163,4.4167614464868645,0.8935031713175698,8.986943868132732,0.25651991186717354,5.151281867184201
KCL-22,3.0571424173314488,69.40786282948247,4.408852808907962,1.1063004175433848,9.100380231267787,0.26177270735113206,5.229528019829499
LAN-6,2.843353974242505,288.4720562140525,4.179873158010588,0.8860707202043698,8.667637325683438,0.2381165956983261,5.92294316817204
LXF-289,1.7521225843319876,-59.87075535799093,4.8284873530590975,2.42637426507513,9.805010867330793,0.21424871083401006,6.019671597499745
LN-18,1.4965248105255218,-82.492738500627,4.706858736150298,2.25559211149139,9.417103927422389,0.15192066025405526,5.996544542667492
FU97,2.962923013611535,83.36461949966669,4.532062346798201,1.0900370693801051,9.387576113432564,0.31627978476828456,5.462817239375111
GCT,1.5855217106122752,60.63703825391886,4.798161066946786,2.49248831733546,9.703388024380939,0.22039293116270306,5.70235532236662
GI-ME-N,3.0980755910642834,161.80651975568193,4.740237504430168,1.6831404265861953,9.760357256283111,0.2629761140493357,5.466489498163757
MFE-280,2.5786671258134715,250.20878447940783,4.6835387697143815,2.1353659241508147,9.310348584365855,0.24793135228349963,5.75035306570538
MEC-2,2.884933670042008,187.2404812073657,4.553585023087162,0.6869575153152401,8.980207792931791,0.25851982762119086,5.493018198025937
KS-1,1.5556618170833962,78.6151155643721,4.6355201887880515,2.0348873519579658,9.609871612876464,0.2031799611793132,5.650778450602262
KMRC-1,2.8992775285948618,140.64463287615646,5.008368561536715,2.6787249064431204,10.142020377995602,0.2781450585538079,5.681031996541626
KOSC-2,1.5194092344511565,100.69134423259362,4.9446972110496406,2.6128146535588606,10.081943946234587,0.24379192899815427,5.698500205529875
LU-135,2.855567645803805,201.5149283561767,4.356244920570728,0.9893726145588251,8.980200336464977,0.24622075152746198,5.7128092091562905
LS-513,1.7408697279491503,58.85543945503795,4.594182932794006,1.8518748250107702,9.702062280117934,0.18554386928790684,5.781364818560172
LNZTA3WT4,1.4372650506030147,-86.36991115871132,4.669630845641504,2.048302824630859,9.49643883616057,0.23276615583457924,5.893105930199127
G-361,2.0647660549373343,245.5891910101276,4.506338327495142,1.89829145397465,9.417488341694842,0.2509876829015835,5.876639751035674
GR-ST,1.4572076825482323,259.01262217145535,4.013798819423619,0.5208366096093346,7.938377350983931,0.3314671248641477,5.373164945758521
MOLT-16,1.5495032819072523,114.84629581313659,4.227045022971973,0.5782933634545604,8.470000987899958,0.2347924734179153,5.425548561418164
Mewo,2.9806332199311396,187.72031386156596,4.3359956027164115,1.4864771473721248,9.32143939542083,0.1664609862786326,6.040922355445512
KYSE-70,3.103566782351529,236.2908879557744,4.559704113973428,1.8615570073059455,9.40671658586582,0.18070573994912906,5.881449187064389
KOPN-8,1.4723176446692765,234.82105723265272,4.401234085093344,0.6054420126083748,9.078324130729618,0.3105780880364896,5.409923188958436
KMRC-20,3.08885445723113,39.9459386291455,4.733592997907935,2.2278879750838296,9.841875489423511,0.20665001250628023,5.516283464051595
LB2241-RCC,3.1966608642608807,86.38202412236785,4.983574728524524,2.6166739064659,9.891917663298988,0.2648652993913496,5.774845234329508
LU-65,1.4831216921415076,76.77094869992806,4.703335366329363,1.774001843068655,9.414598231236472,0.22123752895388452,5.594020252883122
LS-180,1.86962833835678e-14,127.04346686785843,4.676472196655592,2.2305657460575996,9.537756720942278,0.21727907559572363,5.501783371227222
LAMA-84,2.6572785340453003e-14,197.99334455094845,4.461633030836695,1.17344182060636,8.859434762864977,0.27984577997726234,5.552617865219631
FU-OV-1,3.07818708744077,-33.782916154521615,4.858217092033058,2.0748430218638,9.57628037804391,0.15011745934631746,5.961357235517385
G-MEL,2.9742230384810338,235.00050892169008,4.466868443895466,1.7727878147810203,9.60387821643268,0.4202529237723514,5.781567614972415
G-292-Clone-A141B1,2.693944378549582,205.46277912731748,4.771796122204556,2.2545000579892496,9.732315525446582,0.2548842289399528,5.58103423661497
MOLT-13,9.875476226414312e-15,266.8264485676474,4.094290789461887,0.6031922285756801,8.216763416521637,0.27518623791803004,5.514656779322078
ME-180,2.9104649344144664,-79.89083761837563,4.848065920305677,2.6695015888105855,9.968067368566969,0.26209281875877805,5.723181627493498
KYSE-140,1.5220660434768112,200.48160173837283,4.836272785956194,2.4401681005239304,9.53971682315025,0.1551590511233133,5.946921685695416
KALS-1,3.20568760830902,184.5505341293735,4.714722133853796,2.5091827321560807,9.855627628955176,0.20168030859657068,5.770404283069728
KNS-81-FD,3.1813772998763263,166.40416325803398,4.846676629434027,2.5653068869853746,9.782752503171977,0.20766082434868122,5.799495647735956
LB647-SCLC,2.7084611342318543,184.4489820303003,4.060087398400662,1.1229601141285441,8.9270624621772,0.29897658158690477,5.565832259978236
LU-139,2.872367279886716,275.51479397251836,4.1477298340707405,0.9390779152682798,8.752969510240868,0.29718827969245304,5.629154574383548
LS-123,1.5182889483739395,-0.6302555199231392,4.835768281909193,2.53791690731345,9.95583256581895,0.241086867526199,5.624538104909831
GCIY,1.5464735949688841,49.61262652275468,4.788405725812373,2.2921887576679154,9.504623335417321,0.20139121393397696,6.005155335074569
GOTO,2.9750456920931363,167.39456330825,3.9887988603914186,1.0085075278539555,8.636214259034578,0.27335059222361957,5.912999186187468
G-402,2.9945128549831663,164.0913234751942,4.241736163404995,0.5974276148943749,8.788364425013729,0.16983841117453471,6.161935812229989
MONO-MAC-6,1.4579291660443734,247.46291177774256,4.293814576519725,1.1296082033797004,9.088181752615894,0.2760186336698958,5.555248194294786
MEL-HO,1.6978425511305024,61.226323245151434,4.1733162176320056,1.5362606589462902,9.327120055828168,0.2103264645753321,5.64736778781599
KYSE-150,1.5022170123440661,253.6186539937557,4.670285895838687,1.7590156182092198,9.126342424272543,0.1745311459124411,5.795567455216908
KARPAS-620,1.4928965866243549,258.19191716622015,4.022778862801667,0.8709801639622401,8.607569616619513,0.26312669543667205,5.40179753931734
KGN,2.7304732110423764,143.95991620985808,4.808163385788049,2.5063177129020806,9.795090658978689,0.18460560606432108,5.848775883016565
LC4-1,1.4598690875481681,252.82169105871338,4.336021646813254,0.6269114280756902,8.463660599241228,0.2992228619575972,5.420517776215556
LU-165,2.768343307474961,210.78278274495312,4.564275312882808,1.7896983408053901,9.175000038727882,0.30743764666656254,5.832543826026543
LS-1034,1.9189672735980503,-85.86153403835539,4.5485299721659,2.03238031182327,9.707070330066747,0.25141973095265646,5.500592016163257
LOUCY,1.4411044686095562,230.4488302903158,4.24085550252076,0.6586054377189201,8.813636807143073,0.26448288980427676,5.599702810918058
GB-1,1.8987833854961096,-285.56243087381404,4.694769287917049,2.2925819969421752,9.480544489023014,0.22027948234610686,5.616337244136521
GT3TKB,3.106137261459122,118.32651258947776,4.7356003503215,2.178998324727515,9.540949277761694,0.17683519137153772,5.643332535946764
MKN7,3.257401414145776,-70.96329839262216,4.830119255592851,2.5719318997883303,9.88887220348,0.2609715101892001,5.631991597549446
Mo-T,1.49267333327432,160.07649267212966,4.362343560533176,1.038843849568575,9.033381473965392,0.3154208006070886,5.710562626779489
MEC-1,1.5791685063688674,170.68398581519756,4.493393366258436,0.7734385249396101,8.911810564302115,0.2623084668233569,5.581571380403666
MS751,1.8280560587758294,72.67359733732195,4.802411769330717,2.3579134080668354,9.556175313621933,0.23156462969011865,5.643047346244376
MZ7-mel,2.9301720898364767,305.63506047639913,4.488343463167606,1.6145760594443648,9.308733985348885,0.19827928975589343,5.657537891668264
MDST8,1.55449570945235,-29.16289533468901,4.777926174320035,2.56684392117044,9.630607571512487,0.22183203249590594,5.671869799668093
U-118-MG,1.456812505949468,-113.80227703538183,4.786526219485163,2.4347905512190997,9.88829765329296,0.18513684780262776,5.796339162592073
WM1552C,3.0718626953279995,-53.81650467036542,4.900792356868745,2.59170515386738,9.860494836943815,0.1911817357047908,5.806401854124852
YH-13,3.1220900345505584,-25.576924678427133,4.8734799835463605,2.6613274523556747,9.914572166933171,0.21681328647620063,5.845742498241719
TE-1,2.7059670441022425,54.17888567157593,4.89151088332673,2.28828516921322,9.410916720254098,0.1648347520940842,5.779761884130584
TE-8,1.9040271863391496,167.36524946842798,4.665134306339621,2.1805417244104053,9.423818393140685,0.12981826681012074,5.945006646324795
SiHa,3.033942676840823,141.15840396116369,4.557667912818791,1.9178916677801998,9.490507195294775,0.15917510898006731,5.834897544949556
SCC-9,1.499370699805214,57.52706627348783,5.012413712919236,2.6025226966085295,10.255353656908314,0.2361950898978251,5.597126963951441
SNU-182,3.2041415848779122,81.51317572478783,5.009974005593644,2.286299023448951,9.582317526059883,0.22224020932847904,5.868528300420397
SK-N-SH,2.4524917664483685,109.75594451429131,4.680789456495253,1.9282548192679145,9.228914160171499,0.2555781137759586,5.731978300157187
MS-1,2.850635765672256,185.09019500696235,4.398254898423413,1.2170947725086447,8.880548640043415,0.2785607835095529,5.436833822635731
MZ2-MEL,1.4603344535188718,119.2764237949145,4.535379468622635,1.6560770849604953,9.34855798495802,0.21035035068004088,5.437587053957527
MOLM-13,1.5119782850911552,281.20061499475753,4.294909112041728,0.7974177866889598,8.860567520354582,0.29943723196542915,5.201329944819691
U-698-M,1.2973444052539431,302.9327509322267,4.118502507430831,0.4686990562823301,8.180164933589882,0.3123990725185812,5.389593826429903
WM793B,1.5727739469978321,127.76064559968984,4.624648787058141,2.218541555499115,9.563393027493639,0.3042908423022197,5.531924117933593
YAPC,1.5201985260169577,73.37605891940734,4.774814820637719,2.30047327097162,9.643535136054023,0.1823119624652764,5.584211764689373
TE-10,3.2042403767800662,7.968479146556319,4.8132484604479515,2.4354098652131597,9.733780727483555,0.16463273226537684,5.503686602424595
TE-9,2.0444481753352024,-4.715864405699449,4.739722710321972,2.3831782736633396,9.69779128016505,0.16846121905251063,5.540638042199597
SLVL,1.4280971686344743,38.824089489323285,4.335238154293216,0.6223161925777296,8.910155820449809,0.27095511046895887,5.563466559613618
SNU-449,3.081438485247947,113.09295311447383,4.641326774355389,2.219058264675805,9.65862514887835,0.19401112117515643,5.853050074837528
SW780,1.5272378509389246,51.73276629098527,4.758417850940953,2.3981771645741947,9.656092336943466,0.20972403328087036,5.398302514041055
SK-N-FI,1.6207283505555843,169.51336700296324,4.423907024616723,1.32916534933157,9.196206796276082,0.2336755143749721,5.946874144436048
MV-4-11,2.6668806940386136,256.82173662823783,4.234385969214801,0.647586540476115,8.652541946055576,0.2859209153551452,5.32610055925571
MZ1-PC,3.202596368176612,-30.94409804471914,4.807672229522196,2.6011589068163845,10.001589876810083,0.27528222993843143,5.868286609022752
MOLT-4,1.527754394953262,177.976013474026,4.034209059198967,0.5683915270293249,8.13917370016623,0.2776304702376657,5.549383458847933
UACC-893,4.8600965151098594e-14,230.79174401507322,4.640158636461223,1.7421506820476753,9.394173938702716,0.1694866661687385,6.067689964342747
WM278,3.083167933481761,74.44946056819057,4.946916325863582,2.577046959662815,9.847769932754442,0.21419609418826016,5.838162742722283
ZR-75-30,1.536479961760623,144.12791306070687,4.550505549533515,1.1705234435196,9.157828986694087,0.24787686363256417,6.0658670863875495
TOV-21G,1.6254294873398552,59.75165213082278,4.744587640081281,2.4369079964911347,9.558317220389391,0.17571506446409055,6.108917150070025
TGBC11TKB,1.450103936517501,210.79419287400503,4.326745037498972,1.5886047082688097,9.23648506463429,0.13203099985981948,5.7393109916976925
SNB75,3.0973481498460544,22.081518762172067,4.879392888059307,2.5052842878512047,9.898848668103765,0.1957117225069881,6.062748954933027
SW900,3.2376303656407988,-67.98397317993317,4.925584766436572,2.0090224468233906,9.649991114827488,0.1666970720934943,5.650950853562839
SK-HEP-1,3.0731538684600532,79.8119141774373,4.859755754026928,2.58158788017909,9.925060221156524,0.24176846446020733,5.481101264942376
ML-1,3.0942774550509924,38.68014564689253,4.824274615349893,2.3559569659198654,9.82277712528067,0.19250094629156064,5.850306773490823
MG-63,2.9615420195402358,13.770415008044779,4.676515937988903,2.34433951563324,9.607928703059354,0.16496155526805706,5.646679823205526
M059K,3.185015486031328,131.03173441419563,4.86847073621941,2.50998523590202,9.790273689900042,0.19343625437119158,5.740169835270416
VCaP,2.3126580058057478,266.9908775123336,4.37056628046337,1.166236071403745,8.580794521454404,0.2411962643626262,5.511765087774543
WSU-NHL,1.480610347537097,252.33595696639895,4.373537702589809,0.6115180242128648,8.629367155532643,0.30000783667385683,5.477523501480533
YKG-1,1.7015631755949143,115.4567673551673,4.739499264309172,2.3989796333807805,9.615874183386326,0.16972749584442895,5.736570972586193
TE-12,3.182575063924518,179.76711521118614,4.800293153698113,2.3685612244835648,9.554132863865288,0.15234833968368286,5.777513977855372
THP-1,1.5084001986662492,246.5435099076266,4.4316344732468735,1.2044693820555397,9.104937790463651,0.22802682639247235,5.287748880650835
SNU-475,1.627849480120802,-45.739571981062,4.687997255967839,2.28166093995214,9.669770882116392,0.15205411084431814,5.667601501678812
SUP-B15,1.453460810166773,117.08070169195341,4.5032809569924,0.6421188879144899,9.117402500939322,0.3074410783498203,5.5504450063573
SK-OV-3,3.1024924314568665,86.95151061011344,4.716649048163973,2.1151093228272,9.382680073801556,0.2354154042581405,5.763945164504914
ST486,1.4647639702478126,295.4832508240702,4.097120204533125,0.49689774394573494,7.928001522852673,0.24999827322619247,5.7125103686963365
ML-2,1.6206582058198769,281.1559968952334,4.144396543885318,0.6231054418528201,8.591523955284085,0.23256927990773116,5.480563145816788
MHH-PREB-1,1.503767235156882,306.15408635312997,4.196943988272223,0.49551022853137994,8.185759254339613,0.24943355285904828,5.483322406036856
U-266,1.537762397838994,279.3021775971652,4.3795604460134445,0.66210150131888,8.514486034115405,0.3071282691953275,5.497583129245675
VAL,1.513713228587663,298.4121432339821,4.334183477937206,0.5800750979052949,8.38721788089292,0.33660472583332635,5.553123284438546
WM35,2.997496408916935,159.84504805348172,4.683131555111257,1.83875531770851,9.576606460992826,0.17470905194252312,5.762740873838644
U031,1.5793324064060712,216.9131238066596,5.038770097846913,2.448616691475665,9.983889842359883,0.19015605459500157,5.833260292496783
TE-11,2.1570124922210048,-6.057580028025882,4.85453591428546,2.4717973214937246,9.79156823266329,0.2006611683799271,5.29632655736036
T-T,3.1336032329254557,52.268440337387005,4.498308904988576,2.2265989447039503,9.487481451719887,0.13517427497967324,5.864720751163084
SU-DHL-8,1.4571722089708852,149.6867859964418,3.922677204557061,0.46008117801577497,7.692542473566858,0.29501067418264504,5.436139554475037
SK-MEL-24,3.0249190968123134,175.91602811825842,4.7768752654184725,2.4819042594295055,9.75896765141046,0.19563905311581084,5.780358672195481
SW837,3.1545299263100848,71.02172969575676,4.776465244794367,2.355306396478385,9.67321873046017,0.1855003130160215,5.664016394535366
T-24,1.729585635044449,59.26391336911894,4.8891496731520645,2.5495527415573953,9.680105827370415,0.1498409042931989,5.442039319936692
MRK-nu-1,3.0427905468717196,169.91043525921282,4.40036623077148,0.942490842351065,8.718416903752725,0.2130303907983557,5.806269126059101
MCF7,1.5332616252875944,254.50399019939164,4.380558220170118,1.161293866029995,8.756575391824247,0.20667245293955305,6.275632580968105
UM-UC-3,3.153876913840409,206.08872181573594,4.470309940676852,1.488367048348955,9.173789548971117,0.16979338268391306,5.371700757246551
VM-CUB-1,1.548094676721564,190.20038338853877,4.757964177907554,2.3535362983809853,9.488276248908731,0.14537778724882514,5.776239940145684
WIL2-NS,1.556223766439036,170.752043595663,4.293298746745046,0.6363038469886999,8.627362795347091,0.2230315964102616,5.432734601996392
SBC-1,1.7761016772838287,14.973674902336938,4.401572804818312,1.2674003238335443,9.031057841937075,0.2551180375934466,5.852687723276331
TE-15,1.4790780789578881,-46.51773171715348,4.847550445158595,2.483352254559225,9.853630352766176,0.2522562924282698,5.489325845026215
TT2609-C02,2.9731739063083813,20.69192679697207,4.577272518854764,2.4250838881606445,9.619317080820743,0.16630315753157626,5.863618600962117
SK-MEL-5,1.787253857651351,275.42848239973864,4.5096423777066805,2.0727988518255542,9.385213882992419,0.21447609416567717,5.658284916812718
SW1990,7.723225641901658e-14,95.33149309081325,4.954362580416944,2.3655206551421744,9.964582674219969,0.17152106154019023,5.646897340860378
SW620,1.5131199434945146,176.1263534407485,4.542448211815135,1.4676808972717597,9.039695963119579,0.21905702492292134,5.6145536679737305
T47D,2.235125762666944e-14,183.3305612329349,4.5625964731282345,1.5093512408548544,8.989067571400428,0.17639583474303927,6.160995356444145
MKN28,3.0082278238873505,132.15668923800058,4.537625371500628,1.42262785961498,9.333750564398825,0.13202571501752847,5.908605969428753
MMAC-SF,3.0041616675525895,165.92127295472932,4.582205631350069,1.8127780194007401,9.586561823975792,0.19989491094913311,6.035132684830239
U251,3.222768177130316,221.14978931260416,4.880835369302362,2.3512360096737654,9.752503263664092,0.18068325355051176,5.686705498129129
VA-ES-BJ,2.9732629730164364,76.4377936870468,4.808763715259216,2.275925341483314,9.719382650519917,0.2222797396370116,5.915941638851206
WSU-DLCL2,1.48558072156531,293.1490329109913,4.25202501191259,0.4941315482519253,8.379290454160937,0.2961755468611231,5.435291430066225
SAS,1.529151125045346,198.80288466087984,4.78750212124166,2.2129621399453145,9.470147668926304,0.16804260142238558,5.732864712177378
TE-5,3.202816194557613,71.25515396949817,4.8305896553137275,2.412258345763095,9.560614790984872,0.19182388120458213,5.463233702849037
TUR,1.977277258931514,294.9290018233949,4.302215317952897,0.7308265121041999,8.900407409991619,0.23949490577094099,5.352671392052284
SJRH30,3.0989585548752174,52.03420025203906,4.4578657753017525,1.5616554626228498,9.167748050478087,0.28411435058598705,5.370498943647772
SW872,3.0872666699762332,33.44538697885881,4.809225359553437,2.5052393728212596,9.68443541737088,0.14045148595203602,6.024368156338211
SNU-387,3.200030394315305,109.01065132337024,4.899044115340366,2.5599505861160905,9.995431740913283,0.17061471178538812,5.837632588676781
T98G,3.104367193797273,83.720855885581,4.713229915509955,2.2447439139052947,9.684362198767444,0.1602603310670954,5.875312280154091
MKN1,1.4724922577995256,128.3443453814517,4.820032500037108,2.21202146178687,9.65072710399253,0.17143837543956128,5.712181245642107
MC116,1.452187617664243,329.3487560632874,4.216321362451755,0.48654192535017016,8.285748483157617,0.2976282612203964,5.394650000364465
U-87-MG,3.004185644697597,-89.13331456992287,4.723655113697358,2.278630736040766,9.696559524500277,0.21910985055443644,5.796785438458993
UMC-11,1.721118286578533,225.49601525628944,4.4390198101439005,1.5895730357743851,9.49893660812197,0.27901759870438164,5.452238497438119
WM-266-4,3.0198861279137406,190.9293743712028,4.6622274144519285,2.259737221808935,9.566051699739822,0.21875784517789243,5.740423207631017
SCaBER,1.581336632807489,101.85640346285788,5.136924637258779,2.7233456170101746,10.3035239482803,0.2469518386462544,5.599413592939964
TE-6,2.190734481153322e-14,69.49499364322142,4.616135009419614,2.238058244196945,9.381765165905476,0.18095310872209724,5.369099005431631
TCCSUP,3.174044855151749,-5.148864453096053,5.060486167643083,2.4905846797070947,9.968593914122785,0.19023890164438012,6.029162045975338
SU-DHL-10,1.5774279320740827,308.7807861320118,4.110035468878137,0.443559138486735,8.009699102191338,0.3293336859501307,5.362924024998108
SK-MEL-28,1.541114322341104,160.9403588048225,4.613930542619434,1.8823181088423295,9.702435571544921,0.16898770071166752,5.991954297230175
SU-DHL-1,1.918664717615219,220.37515952955243,4.213747739570237,0.7594491972453452,8.423972370015388,0.20704967339728317,5.534462607410505
T84,2.4624415067731765e-14,67.8007687188236,4.568451883618366,1.999449230583675,9.61309547633077,0.24023413420216733,5.325475123602602
201T,3.125160563955797,17.368164963408162,4.6124169958282515,2.21439679343451,9.696804635733832,0.25398052087472245,5.864016875421871
A204,2.9737871908695834,165.3324577738976,4.564902370026884,1.0334413282170396,9.5982295004383,0.19055068110723974,5.6640379624757164
BCPAP,3.1742647323691298,-17.8315892091955,4.973079681284257,2.5394669311261344,9.89050289076828,0.22802959362433506,5.65352796614599
BT-20,1.7901210228826172,197.436720098751,4.500265042015598,1.9505653584208598,9.524229562831461,0.1987808473660425,5.637887515981655
Ca9-22,1.4993610470278576,125.1658316359049,4.880402103642722,2.50185819043445,9.710981608443708,0.21020659829662544,5.211928280979993
CHP-212,3.0498882946248873,-10.117921069967963,4.540869641164395,1.8730421219879303,9.247281522989438,0.19292092170092473,5.475822240138142
CAL-85-1,6.2337872725120585e-15,-45.21062620826257,5.01130640786949,2.11250185032623,10.054617364903454,0.24846698077548005,5.795134882131053
CPC-N,2.7803223180652985,19.505094287951067,4.262009727273743,0.7618543023727151,8.90522537469202,0.27276789408350327,6.00969842297321
CRO-AP2,1.5426383194444089,-44.34418162942585,4.082128729147688,0.4941887504574849,8.489123836684605,0.24423656791783718,5.639295502914715
DK-MG,1.6254827147710804,136.80261138972068,4.885948983725546,2.5439062477777,10.047164311426899,0.23871012213974474,5.977371085205127
EGI-1,1.5082601916769915,117.49133613764161,4.798478121941599,2.68821744965787,10.111773055237757,0.213168593718351,5.721943821727913
23132-87,2.928080077953553,176.67158181141323,4.38615649071218,1.4857464933394806,9.528573556306997,0.18236923641300676,5.6004768113221655
ACHN,2.8793782610057015,143.2679828803693,4.81513720587519,2.5551889823304847,9.865652004878601,0.24048890025785113,5.8326702065962
BE-13,1.4671718611521332,51.43827270779924,4.078413359092791,0.610532322555545,8.451907021182866,0.23525951692642527,5.603565563014693
BHT-101,1.4859161499681948,122.2612327400023,4.755684694461058,2.2470510089796703,9.722514931804463,0.17037867512259927,5.8856967002244405
CAKI-1,3.1415149083062035,24.148270009478352,5.030719760441553,2.4381891736023658,9.926524354657412,0.17478936559989328,5.846979674552316
COLO-679,2.6368400819308566,224.2237309555404,4.487374598705346,1.9787438771906256,9.455099982268834,0.1957385964484472,5.9094896487273045
CAL-78,1.56833407163936,5.372249785923401,4.7068640027837105,2.562903571852485,9.770740775987203,0.2357518351037818,5.822211946277074
COLO-668,1.5587907205625868,22.180252124327808,4.828047338479948,2.3195563069553353,9.283033206674492,0.23563225648816805,5.673902494920022
D-263MG,3.1762690113508576,133.29824366338264,4.711128690924713,2.3995224330761804,9.690804192224023,0.18581243518736876,5.987560164662415
DMS-53,3.096127502241399,64.72610238687236,4.6817446894991805,2.0402993914843104,9.479235559973095,0.31179273818748016,5.594156801031713
EM-2,2.8605838279216074,267.30804125152923,4.089906775061961,0.7552097792111103,8.466048450946523,0.24383031692931487,5.6831630908588
42-MG-BA,3.1264014874964845,209.26447010968354,4.75478708041124,2.2985917610418256,9.81669556573725,0.27570349494511587,5.835021546599581
A375,1.54899202507925,-38.789006980286246,4.772229872628694,2.3671913152670703,9.509687066372596,0.18780612175810601,5.679717709016477
AM-38,1.627865357968004,159.45708113023838,4.593087627965501,1.8675442835095202,9.543263774948104,0.17225654729478776,5.655204400452173
BE2-M17,2.942283093133577,222.18009928311915,4.257201997322951,0.9974728362418901,8.76153091983327,0.3287147914417387,5.646836656457521
BT-549,2.9613067746298833,132.80231116248186,4.726330790614343,2.3551599051956496,9.469221551319059,0.23232857341506374,5.696743368831804
CAS-1,1.6935420318959735,-118.03840919230817,4.815276418900059,2.5032834320002846,9.88978220921219,0.2266066833437961,5.834829791505952
COLO-678,3.1061486470109285,17.01342843118948,4.586755593759729,1.79385234009719,9.45890918105289,0.21395562667707782,5.801084183730994
Capan-2,1.531012260131341,-107.8455865301548,4.800226077737243,2.5782295737231853,9.705567362413465,0.19106392750507037,5.636074749297709
COR-L88,2.8865273772949696,253.22354597584675,4.30868229264668,1.2119737573885503,9.069910852421343,0.27824982740346027,5.985494333075563
DAN-G,2.0114903479847948e-14,-81.94015051763319,4.859363452167012,2.5130878056150143,9.849601548890236,0.21505584776739275,5.660723072523567
DOK,3.0872528684327607,53.97061895303321,4.930730879727817,2.7263343865817298,10.12038189477838,0.29179304017476204,5.605009954514734
ES4,2.9381872431121927,122.56397595894933,4.62892996000468,1.98006931802368,9.444984359761895,0.20335358528280362,5.784133770808336
697,1.5169535833408614,337.47747829141736,4.324823457092532,0.6793605929485851,8.844318724832185,0.2970136301578445,5.480267124691313
A388,1.5048469255570662,41.671828710234536,4.941743442884598,2.48558722497753,9.688875542102593,0.21036903281517882,5.67716668820624
AN3-CA,2.510492483408669,151.88098299263922,4.329452266408316,0.682345208022985,8.971414763924045,0.21878457356795894,5.545508247051142
BEN,2.9617231146591214,218.94320052856943,4.6515699679738205,1.4821599434739057,9.555232265170865,0.23652666812690262,5.875016080295907
BT-483,3.0807357683710253,173.7386803194558,4.37434831732968,1.39400173371461,9.142530369954486,0.21630330823207852,5.998675838493377
CAMA-1,2.9679110375200652,-13.154465157301985,4.583617846929226,1.2944358985633901,9.089349301174583,0.21232555550116025,6.072004658551824
COLO-320-HSR,2.8586422214210603,178.8994260893425,3.8450225486260057,0.882876741810535,8.481117445032748,0.24021017390539942,5.464002615688709
Ca-Ski,1.9018621733377539,82.69250349558848,4.879994380853904,2.5326667445804505,9.730208711964925,0.16421861002418534,5.801942592011693
COR-L105,3.093935856424046,163.73478291675053,4.861007440176801,2.317786451252191,9.664812160991538,0.13893250362025475,5.648106747247756
D-502MG,1.7667129840169649,144.9259276561382,4.812130743267495,2.382228194045635,9.862330485902184,0.23537764604403472,5.7265295919003965
DU-145,3.1809795529889717,154.21330146159607,4.7111720850350025,2.2996802784180903,9.359757352544747,0.15592427138980888,5.888542853153658
EN,3.052812850837255,59.79516695470332,4.3248672633420995,1.0587701822095852,8.79764746247602,0.15864305535566336,5.940634431772109
769-P,1.6789226081947768,145.88078425940785,4.6514332384154535,1.4075785002583394,9.412946371478279,0.172730599573904,6.143313361359192
A4-Fuk,2.8786818536056877,36.25933738466526,4.180245582169103,0.6688501075628648,8.373773075138285,0.2202453553813578,5.731087325593552
ARH-77,1.528873284467649,232.6229629844336,4.571519482144415,1.3070157695889302,9.12632934586724,0.22379415706030498,5.661486077954382
BFTC-909,1.63347415961837,69.8798844829576,4.974227361749999,2.2726359864206147,9.769021377674873,0.21606922875172152,5.993745833860492
BV-173,1.6912891526056604,316.18984579507764,4.251577247808095,0.60246018498241,8.56947655399033,0.297863961891884,5.559652813885031
Calu-6,1.6154426759699467,-190.6606055254689,4.765678568547669,2.3599433443187703,9.611141651313579,0.24247951100214316,6.15733757838004
C-33-A,3.041001718565221,130.74150556284954,4.12206749450595,0.6410973418179751,8.162487274719874,0.2148452508014299,6.191368909592455
COLO-792,1.4548994121177428,247.68613896630853,4.331725235112321,1.5787473182154608,9.386724409103202,0.16437776735767085,5.854940105068648
COR-L23,3.1717462427557,149.44121495727995,4.946858767778669,2.52687269031503,9.743553252653555,0.19743534498074164,5.707901394260898
Daoy,1.6917037185144577,138.6744773092679,4.711537060564128,2.1200979685088948,9.376381901432532,0.18935345543484938,6.0422683650486455
DoTc2-4510,1.4687727578761942,29.04378305936592,4.928282282960906,2.57006033322605,9.98325113864856,0.2176414339802056,5.8359818776522046
ES-2,3.008416706217277,106.10429874027339,4.622364227790252,2.435498381094855,9.598894336819228,0.1981070817095307,5.5152374766748
8305C,3.1246137887592456,143.56402837838402,4.911918613343513,2.6833390440788047,9.958928302882342,0.25104552402707164,5.561694191753139
A431,1.4888646210481857,132.27704621570362,4.946968457863812,2.43017469290837,9.777953055970062,0.2103841987408588,5.753958084007413
ATN-1,1.5194378315052977,-28.35206568993297,4.382663310286167,0.7824371112689652,9.038754770605298,0.1996065862535349,5.738950443887134
BHY,1.5056316177149622,87.9659976712359,4.974476583497756,2.625514268496155,10.202547869520407,0.21457606309504346,5.575470919607051
C2BBe1,3.2048250508133638,118.10530766262099,4.767497183034518,2.293408448560564,9.53547724737411,0.197521265001125,5.452300085466813
CAPAN-1,1.4938455240185926,72.92806498539971,4.792773060103442,2.364743067688325,9.78376452150187,0.17930609002404277,5.5932158187300365
CA46,1.4927587600850363,239.36284805279882,4.230914220473943,0.44726751603785475,8.32115746698904,0.2657590184343219,5.645528036899208
CFPAC-1,1.5840487855287677,54.242875056974015,5.044809746068217,2.181695534852505,10.141391130741582,0.20644924608353804,5.878515121510224
BPH-1,1.4368463046849624e-14,87.74896422727659,4.887123116268107,2.38234121484493,9.98755855400688,0.27835439505858706,5.639301033595681
Detroit562,1.5371190367575016,104.93490518474218,4.976885906826007,2.3642474157773896,9.967426802865832,0.22977291362167043,5.63086032392427
DB,2.700936725277886,284.14537377408965,4.06441924952696,0.4356372573608296,8.02956635188119,0.3053133670115809,5.380585385278932
EW-22,1.7725597599702376,-60.53445152087224,4.320297596604102,1.267856040354655,8.785786595858227,0.18010798484323212,5.904177029235336
A101D,3.1578762481395852,54.08710934953757,4.868814843793427,2.568493982480895,9.86143449132673,0.20179997672940184,6.067922038451345
A549,1.7437510295107037,-16.594034939236508,4.663182743656806,2.406136772783859,9.972014304560082,0.15165542249157868,5.549413855829197
BALL-1,1.5008067560557903,211.42326012503307,4.3699411120308165,0.6295892945864403,8.717833476193606,0.24180891142166924,5.526356098206438
BICR78,1.7472201231391137e-14,184.09751852315503,4.85228576424863,2.319833814719784,9.695711255786467,0.16662472030031641,6.471341912995889
C3A,3.108209774673229,94.7365295695331,4.625388794138818,1.13987608186908,9.512402929056641,0.29905961274695064,5.943670729479504
CHL-1,2.911315654568999,121.58112128148147,4.314449323373961,1.9832700940085455,9.209254661508881,0.22485299089973462,5.661304900821209
CAL-39,3.1465411264071035,-12.151783980498124,5.023921761060302,2.4470524320364655,10.157698491844538,0.27927392035983833,5.611720094987848
COLO-824,1.664075706294785,238.0291182791948,4.588379279466972,1.6337207680709247,9.03009676806813,0.20333159162449116,5.7513985418014375
CTV-1,1.4471811175439673,268.2871781816304,4.253390225813405,0.5511414843803597,8.547977028804889,0.24947830243658561,5.405155651205601
DG-75,1.4401408284869575,346.21587545871887,4.115395452053739,0.4975360829353199,8.187058445560261,0.28072826923926264,5.729506304392811
EFM-19,1.499610096689847,155.8337132973606,4.455360227178551,1.36328975333132,9.223370671519378,0.23347805201583852,6.725077945312375
EW-11,1.7558118174644257,75.25454899733602,4.121693167153809,1.0360230416996201,8.695214898242536,0.21157764190751724,5.83533728286042
A172,2.3743267314094765,159.3532824632548,4.742811580641922,2.2375959050265952,9.536952843406763,0.17252880813074273,5.790064617472848
A673,1.7396064217517497,91.05556779798692,4.432319818238495,1.601680466015325,9.177304943835674,0.24224632415368386,5.520079116786956
BC-1,1.5408112374615275,-2.7451906964316777,4.064968654839538,0.5290336119592851,8.220693590443373,0.2686455627843798,5.644084048057781
C8166,3.0245194176874555,156.04899030557658,4.124599553264895,0.7086659860876952,8.290560350386311,0.3104708530976017,5.150336887861874
CHP-134,2.807142892247243,214.5730749995557,4.211365526567654,0.8291844888592099,8.812961658005959,0.2968186998572128,5.6864311860769226
CAL-72,2.9950647893448656,43.50673268125084,4.656176771942079,2.3478976167444,9.36214918982041,0.19449381038477545,5.595110784729119
COLO-320,2.868314519495295,161.97285403136578,3.7836497113653134,0.8427819984229852,8.382542150621312,0.2190159961488266,5.680710221830439
ChaGo-K-1,3.0695883195463116,147.42553696779726,4.665582891159925,2.1113362427536897,9.27785659158393,0.16980326477115212,5.71959327196718
DJM-1,4.068705176331232e-14,12.702551427011059,5.021883190015921,2.1777593994076545,9.904868779744334,0.1909522650854136,5.610264471657869
EFO-27,3.1697840714600902,-116.35136048619057,4.774396976980457,2.48020201241379,9.715550868975852,0.18783601654474466,5.821630746275985
EW-1,1.4420721745714955,12.62223633130472,4.4133233079695335,1.32183243880101,8.780039724007493,0.1890337593216633,5.577472798830151
MEL-JUSO,3.077331745988118,264.42456787709204,4.5316386950756,1.7138016804584049,9.482676138779484,0.21833173609114054,5.825914555668529
SF539,3.1024186659575883,71.81926907062848,4.676130548381375,2.4667482622978705,9.709923301249798,0.18119095531878898,5.603312458480874
SUP-T1,1.5233581104595801,172.66625494805078,3.845236817078237,0.5251214831150299,7.826672426652936,0.25660306124728327,5.775514740448701
KP-4,2.957495526596614,191.70309388360033,4.52101173539501,1.4734322827944395,8.870373316306232,0.17315845851124437,5.938126901857656
KM-H2,1.6278869044163842,101.03353265078547,4.0804171038629375,0.71489356303805,8.304645627017305,0.25042955886432355,5.69208836072638
SK-LMS-1,3.0916275916906817,107.21845932800474,4.782327834181657,2.4697373447846447,9.541067470154053,0.17409161162587594,5.749721050941784
H-EMC-SS,2.8308224774660857,211.23864503597093,4.24589337945888,0.6225309725181296,8.967699315490155,0.22697846407185124,5.514830908016174
HD-MY-Z,1.5957756216093133,54.90284702326372,4.718379909617644,2.480547431368335,9.814492910040437,0.21475846287907252,5.245977456814286
SW684,3.0615548475668786,36.33904188164411,4.568201620077323,2.0204041185587096,9.464193609567321,0.15901305813327954,5.821623282523553
HOP-92,1.5948020539607524,87.88622828267992,4.9130356544366585,2.581304948549765,9.792640694206522,0.14499574546148417,5.9497318965724615
JEG-3,2.997283700371013,152.28316848934077,4.350920759118457,1.2274534335665355,8.917071193039536,0.27143403127909393,5.595727804760276
JHH-2,2.929256464199567,69.89854794573323,4.818089733355967,2.578127648083915,9.9222198144542,0.25535442044700857,5.550081826383927
MDA-MB-231,1.5486127211267557,86.76088146298683,4.795612628521882,2.4565964778303897,9.480861459618104,0.1833432439148432,6.043207851699306
SHP-77,1.720675172539468,176.18570075251486,4.694907165848006,1.8876496360071502,9.383703000598432,0.23587415387700605,5.526755170682837
SK-ES-1,2.85018866762928,31.359396505734594,4.358849095165118,1.1695978306179697,8.8311570507106,0.18648274777215199,5.484805149065563
KYM-1,3.0642427346558536,233.12071376777268,4.491391967580501,0.8720999198736803,9.33231884413081,0.3533769654985309,5.497414166323689
KON,3.1372170234966497,58.55740395747779,4.926658167071049,2.3599753489079047,9.80253132207393,0.17982209555539902,5.61244076220445
Hs-766T,3.205152882475712,45.79065890833482,4.97782629376621,2.580693707401264,9.884024751961428,0.20305111324391434,5.826118464421661
HCE-T,1.3923138722026264e-14,200.36513097060632,4.603425306938377,2.54780725354673,9.722644737023707,0.24908646488198272,5.639805650903562
HCC-827,3.1673038063138863,-1.002194556913679,4.75240181128199,2.3908075967601645,9.554832331489875,0.20678818702117732,5.566835723388159
SW948,1.6067767013104075,93.58274591444966,4.68942576215699,1.7569114322203554,9.17630316842896,0.17902328754438224,5.312828426114062
HCE-4,1.541765193490563,172.9072276497864,4.919634077521087,1.91911465664288,9.539356185550812,0.13021128874275775,5.805133333309134
JVM-3,1.6559769389679535,205.45291386400595,4.582249714614479,0.9918001126680898,9.215983106945934,0.35457709586339914,5.567887541421161
JHH-4,3.001033613323731,157.1154086665,4.777614838600272,2.4282808744245195,9.493179893171044,0.17427566146254184,5.765960374247051
MDA-MB-361,1.6928637096285746e-14,203.06439197299937,4.579345413774327,1.56487418044072,9.019066514006374,0.19210502051010087,5.946682826914044
SH-4,1.4583906787416394,301.75642036406583,4.405582668420855,1.19072441715324,9.215095787520893,0.22382424958865055,5.718352331586976
SUIT-2,3.0709993078779583,88.10985864736284,4.8125952260210445,2.4501045297525046,9.911001017051,0.24183084814582476,5.574113009947034
SK-NEP-1,1.4770403822307263,191.02863132470634,4.219969636019092,1.24093890532908,8.547991181840016,0.20113067109585245,5.62277456680924
KNS-42,1.5604594441477633,171.70751361300722,4.463416197613432,1.7472252007548248,9.295682837927199,0.204373497955204,5.722204590239953
HSC-4,1.5400676466798087,133.9713626874281,4.860376982753298,2.2787082592661294,9.67279999205221,0.16259087207309633,5.8000308501894535
HN,1.4058038712765608e-14,7.639206991725473,4.986877505786091,2.19252919108643,10.081748084708037,0.28447045935602666,5.845035731910491
HT-1080,3.088886854505061,207.6094409478501,4.819008760375133,2.417054043132171,9.710626327350795,0.16212841326599367,5.837479053797592
SW954,1.5033201615108833,17.361400414674563,4.93916525479713,2.441901602277479,10.06413339528742,0.1783914381125396,5.629461193970844
JURL-MK1,1.5810552658175303,248.6732032203421,4.322327996202338,1.0779834873099448,8.703446358544696,0.22494563754408875,5.6680369593112925
JSC-1,1.6042312334864464,-69.72901871386503,4.0218160212469085,0.5193063098814954,8.411098059285132,0.2511078822129745,5.419593894977042
IPC-298,1.393176194073424,109.4317440930094,4.452063954958817,1.9172886598359102,9.370599766121025,0.18866568770682168,5.511197626087449
MDA-MB-453,3.086559055014469,243.95451278509148,4.475967227849412,0.8709577475502901,8.77997660974716,0.24078932797782213,5.96041689371523
S-117,1.674198487013506,139.53338682758238,4.723263717107339,2.1907152407834953,9.692878768963006,0.19907061068707607,5.615199689137976
SK-MES-1,3.1697917967583953,-22.48933518114302,4.962219342099297,2.2603836030109097,9.691753913242414,0.13240023714697396,6.088347336831298
SK-UT-1,3.1557972418038807,71.72768885002719,4.6743244810981635,1.906309835620995,9.33732416064396,0.17178865989150519,6.110884500822548
KP-1N,3.005300769386591,223.48469960013665,4.621900198075356,1.7040970650391247,9.117895991085526,0.13900896095810633,5.854720279809785
HT-1376,3.1522097983674637,178.78493245231928,4.802516615672964,2.136624084064805,9.53244402734963,0.19423469312944028,6.040288860726368
HA7-RCC,3.118106490784372,120.53272265987621,4.850930317866545,2.43390676826993,9.85404098478042,0.19809643296339405,5.737345559786087
HPAF-II,1.4631736959558652,36.41641601680948,4.814858263452921,2.65728940951791,9.988708298780038,0.16895512125250534,5.571429052598894
SW962,3.208990202964448,195.29519869762092,4.858990782544617,2.497901559294889,9.884288341396095,0.16135135551267704,5.8752485415460125
JJN-3,1.43717270742038,-30.65739552060913,4.120015950125459,0.9111896025455553,8.578278591357822,0.2412837732430969,5.365628778104441
J-RT3-T3-5,1.5743255052058354,319.9443534859315,4.21263409797112,0.765191379948285,8.378988889360915,0.2519909451764126,5.731324366300671
IA-LM,3.0211368262499847,-13.29988961849557,4.730444974627591,2.363298356369575,9.541785177245183,0.2038106684933846,5.625844474445909
SBC-5,2.775937735437869,-156.88342548971337,4.301696116629749,0.9657240796142099,8.659907708142761,0.22797945460689129,5.401336525520648
SR,1.5943077915415333,74.19599853159619,4.484838885014835,0.7984858235252896,9.033713632604679,0.19275746941415037,5.647464113371147
SK-MG-1,3.0319144618271476,150.98951900239845,4.7024972833182055,2.0636427899015297,9.42289642756328,0.16891040820300876,5.880396790005165
SKG-IIIa,1.4752692906060423,220.99581678981988,4.931341132439647,2.3609744508925052,9.797024208842153,0.18001736341598717,5.508709406299176
KNS-62,1.4750067756899923,74.05478507793535,4.931973223493137,2.185034749039975,9.611397074836509,0.15480098513347898,5.802734685244509
H4,3.090153705976433,19.99752580413559,4.881602171634118,2.4471505579253305,9.820153424406126,0.20689816448224052,5.813209602501534
HT55,1.7730611891097254,133.3284473693015,4.561942341066112,1.5326603746367953,9.356093750616418,0.30924588317470103,5.512523101130936
SK-MM-2,1.4840502464129268,228.44627182948005,4.146302384736418,0.87389363854727,8.534166937499377,0.20218428881380301,5.780878151765245
JiyoyeP-2003,4.7031943484266286e-14,146.54875632823803,4.351884110093504,0.6280049698585752,8.794259334697523,0.26038476817683187,5.58286169129701
JHH-6,3.1166234514092714,249.1532973592235,4.851573743692535,2.0183275278043995,9.429338098204678,0.217815724877103,5.715179454151964
IM-95,1.4354243643115754,54.29963339795296,4.698039680887486,1.6836974163208391,9.245310802879638,0.17585180504301487,5.446647920836586
SCC-15,1.5028664020601694,181.1658144192258,5.073421080528307,2.4293169711528844,10.197048142523405,0.20516170619557467,5.506611333084737
TOV-112D,2.9287080363547204,195.1489623614239,4.028328724359385,1.0324576192722348,8.655614477376302,0.25895202160464903,5.266342355492792
SKN,1.5401751211296997,104.74460872050128,4.775916244501376,2.3293626518020156,9.610376367245431,0.1715060514534099,6.262475177490132
SK-LU-1,3.017147534912268,118.61825621715259,4.895066099858049,2.4340874332026754,9.681115682571054,0.22691051134966156,5.531785676611282
KARPAS-422,1.5931724456535443,327.6660634575129,4.128006064166767,0.4072001138803749,8.080288607568972,0.3098472833150953,5.48445671797156
HuP-T4,1.4758582248879162,62.670512994584385,4.699187447615937,2.1550137446182953,9.522476604721113,0.22715884070602388,5.774877045033808
HAL-01,1.4914896524125945,311.7897318508565,4.354986473000084,0.6671503314699099,8.629969349139573,0.3468073649864988,5.516018167103449
HLE,3.0725977369217445,268.4220931743549,4.692540134181851,1.7929607490076498,9.200639016736352,0.15083316499435231,5.776364990934781
SK-PN-DW,1.9069992420057422,250.35806872482792,4.226651842883689,1.2405079168189301,8.777009980263122,0.19311121114793062,5.808094498336095
J82,3.130802871794093,74.96762440188877,4.786312063112127,2.2972979672302793,9.497413903354586,0.16373036422335402,5.803497420030151
JHH-7,1.8780766332049366,120.64902159064223,4.766728379947922,1.6962575475916857,9.216989997729263,0.22294508146844377,5.6409358913644585
IGR-37,1.448334840858012,246.95038380036783,4.385095937869932,1.6228434489499,9.372594593170875,0.21455333864193835,5.627095022705625
SAT,3.245979521683955,270.4959509331685,4.812936445345089,2.3220939476591456,9.718560870877191,0.14300236825775717,5.530907558930355
SW1573,1.5487675038077833,34.5735807154569,4.686512456686093,1.578201945589795,9.434727931348924,0.2626346514229525,5.449382376496442
SKN-3,1.984587225185349e-14,156.33457157550617,5.073266895876548,2.3757253034938097,9.811472301518826,0.22603496372105833,5.589372119799611
SKM-1,2.7547195302946035,283.47515310725714,4.512198596234346,1.37265514191986,8.78061725951438,0.21793071722101112,5.606383118676086
SK-MEL-30,3.1254106889591093,212.76882200900172,4.451575308140648,1.8052485500671598,9.411135938007567,0.18215861048937704,5.707939084754788
HUTU-80,2.9902633955428,185.90569770332,4.156969060806647,0.8866211502704999,8.694450814182556,0.19479859894857102,5.811212783658041
HOP-62,1.5467306513758683,200.4206104220428,4.985890626551986,2.1929945074062354,9.786828349065045,0.19690706368631558,6.2429130611774095
IHH-4,3.031094692601552,242.79516962758325,4.522291082848616,1.8376963779497102,9.171122664041558,0.16860914133523236,5.570137056491479
IST-SL1,2.7886819287976827,280.57981045388266,4.632825992178335,1.2977141663360645,9.024169378033326,0.2855219047357863,5.483463195283018
JAR,2.912485673379466,14.527671388400819,4.355161172692828,0.90189599516088,8.835200027308346,0.2932807688410192,5.480895750702375
JHU-011,1.5191541576018786,66.29306850514948,4.877146259840888,2.511263320716505,10.088633825943072,0.22325374543477752,5.622673380786064
IGROV-1,3.013953258837283,128.305565596655,4.636277383664483,1.7402206355200553,9.305308328902496,0.1491145920553091,5.705213891463718
SBC-3,2.5814233637449298,221.57723613177697,3.868587920945338,1.0556769943257047,8.345839240519036,0.19359938631456977,5.618902629824
SUP-B8,1.4959009984780793,322.41741414679996,4.242939112148227,0.6340937261873452,8.300473357957785,0.2931916238143682,5.443315310891233
SK-MEL-3,1.6328277543509053,288.07294848843355,4.515299389867655,1.5875582364485143,9.115062786631306,0.2013478093698192,5.850589106288448
IM-9,1.4424254272763408,188.11180320926258,4.557989948232413,0.9675995595394802,9.038349743371286,0.3136369272567407,5.698721235356737
KYSE-50,3.082703435544753,250.22015616687293,4.650410768916371,2.1175658269862403,9.208004075823657,0.16448572511498957,5.4106906110744415
HeLaSF,3.1520202438316227,162.8549842022387,4.8245436073239105,2.3774510937840305,9.614451401816554,0.17036287003471842,5.453757137462379
HDQ-P1,1.5212834311808852,131.6062738605285,4.913430151390273,2.247668654311185,9.736442875403528,0.1672054537449111,5.836685610928892
IST-SL2,1.5441949022526598,270.6056925276424,4.457503191460983,1.1792099186928204,8.823908422352195,0.2870325046193634,5.626756627872011
IMR-5,2.014792771128439,209.88116990294978,4.247016023352362,1.1631535506206447,8.696465559856101,0.2585612107126656,5.6821645738229005
JEKO-1,1.5118203846790428,190.21313132550088,4.29375668571862,0.8609816729845199,8.726708009789132,0.2834081432179723,5.576361765826855
JHU-022,3.1547140505681703,21.78247058872043,4.76533136066629,2.229113367997475,9.651963845754974,0.17498687639242275,5.7301778582068446
I-9-2,1.4727092087376632,276.0402936720825,4.106611165595196,0.8869142250925353,8.405820072046978,0.23131610627348628,5.735245301065757
EVSA-T,1.493151829379582,196.94114125492132,4.36025341075761,0.8988633990208303,8.588021578946973,0.16570042462233242,6.456736774646223
EBC-1,1.5473733755612065,199.1770791076737,4.8208659154290245,2.135805441517994,9.388917490073991,0.18058277741047332,5.576957244519211
ASH-3,2.151730282405614,119.28024084504605,4.5783642108512375,2.219203474241855,9.544896260684894,0.19954276410101743,5.489841473015602
CaR-1,1.540281834478535,104.20520811112962,5.0405906606203885,2.4883737453745844,9.88653510723772,0.21979754583736627,5.747743054163059
CP66-MEL,3.0503583639911698,219.85285458054327,4.503669931710972,1.8326466044648755,9.237668563073989,0.15679350872325676,5.821948664396125
D-392MG,1.5157642862535954,71.05979965189454,4.847613361193584,2.626605961525725,9.967107358684183,0.25502318459397955,6.273887243347467
EW-16,3.061476462306215,213.63767732461383,4.547252113079224,1.5007276924708852,9.025481166365076,0.15017025490069885,5.262738399589539
HL-60,1.2923340888710827e-14,294.24383303533284,4.301515029713814,0.83601254323871,8.849679031246005,0.2578447724888166,5.25898107315624
HCC1937,1.5044256389324504,242.90388684831623,4.764715707027493,2.4336003871972496,9.779422377547144,0.1941998703592627,5.851647413126091
HEL,1.7250941048338495,201.21127015663893,4.338812283525131,0.849034797972265,8.704677955713924,0.31358458501097,5.2921685146512125
HCC202,2.994129323474387,88.34433567415135,4.556220806223699,1.0866372436894451,8.95326786252729,0.2489857934626326,5.851448467637565
HCC1500,3.12909301648029,176.60661526832314,4.236141914019433,1.1565112609378305,8.923950617954153,0.33502982173821155,5.687898812102048
ES7,3.0780654662358637,88.81158370687092,4.532829612803452,1.938144645098085,9.247481766913323,0.20366109109186836,5.850161994887385
AMO-1,1.5992110760172085,133.03683340297343,4.132983960606344,0.5917379338610449,8.44267091302482,0.2942775223541442,5.545068737613911
A2780,2.9272289498792263,117.71014054900087,4.200516385653399,0.8748326418186452,8.66632063097112,0.22931915596567587,5.254833550876037
DEL,1.5726827820028288,258.7044841976697,4.424757563200968,1.300955546268395,9.131599262945588,0.18878662400874788,5.637780862400215
ECC10,2.8884525554097853,167.0804960923713,4.545427446392601,0.950172473903635,8.554897902733893,0.25347726070130217,5.936725703126498
EW-13,1.9083304723127223,95.29247460704363,4.365775173778983,1.53823407537992,8.95701243765813,0.18351919156109137,5.619609234104996
HSC-3,1.5031380985782639,112.6432044912442,4.902836268183292,2.6484979469875154,10.010597703698972,0.20719456947322618,5.513887487682223
HuO9,2.8006134383234906,126.3145922148448,4.600504546326533,1.6162240526291298,9.377435182730817,0.2650733249044008,5.5681508523656
HPAC,3.1741352117959574,64.78774077299823,4.8333239355162645,2.5586627428955646,9.899783331011182,0.17303848719683523,5.635945301677278
Hs-633T,3.1416404698411644,256.02935358004936,4.970181859627925,2.5329991264850995,9.938509476556398,0.209125286004449,5.996807900269409
HCC2998,1.2110942323333877e-14,41.733195683559416,4.429990126686484,1.8848788049692502,9.269892950346001,0.14060355065780586,5.861797303541166
EFO-21,3.2318221588861418,145.9408326627152,4.829000083355662,2.2500718649392946,9.579870577135619,0.21507538793204714,5.6250971102051
451Lu,2.9088450231743197,181.02931485922903,4.549449385158885,1.4878890448262352,9.376957345141488,0.23493773233268078,5.592997959435161
BB30-HNC,1.468753039641577,161.1103920570859,4.873144384045177,2.4916746153847003,9.906395073235124,0.24729365541030277,5.4644603242805445
CL-11,2.864829397609772e-14,168.79631434567614,4.729928694301512,2.517268415967515,9.714634220090982,0.2047638490389304,6.065093653625863
D-336MG,1.838276653707534,155.18066044928582,4.828666253331428,2.24262469445083,9.618996967770304,0.1988017591182702,5.591063185976754
ECC12,2.07279343464984,168.6331726603569,4.423268739509731,1.0599854865528502,9.170250667234804,0.3072140262409839,5.669285236440705
EKVX,3.160078220057197,106.79007757039652,4.821561048081766,2.4090962305642547,9.920662860747344,0.185329941561139,5.7600996003617295
HuP-T3,2.0324599874076564e-14,35.67118241494791,4.80073600824855,2.31136917406982,9.622370707938048,0.1729217672462052,5.8645981492302255
HEC-1,2.0024160663952437,63.9595569003225,4.4011209426827,1.4179740836217052,9.073418722199733,0.14596835986468973,5.552113671543169
HGC-27,2.937393764650314,79.52699922488125,4.26572289118843,1.238539251833225,8.846753942829523,0.19870124734403688,5.625213865183793
H9,1.4956789731272022,13.95378990883799,4.299400875125803,0.7405325380937251,8.572851433610957,0.2790397936125415,5.446283175836455
HCC-56,3.834818209692817e-14,21.55884085112058,4.72813438820392,2.3982281469062197,9.561122258622138,0.2619512325157032,5.195461447860794
EW-18,2.6985105461948664,204.69535720767556,4.3338052165509415,1.2468245765212802,8.651550377497522,0.1970131195774588,5.771377289405108
A427,1.938973355596601,210.54648002651635,4.351087505688831,1.8363370004731199,9.196025766913523,0.2061923062383145,5.302914751682602
BB49-HNC,2.9891148970759325,48.88989942471389,4.976754246724878,2.5550350496746557,9.951033341693876,0.24941408214385064,6.014798293629116
CCK-81,1.608765838445501,83.10969838450447,4.470862263986392,1.11825540948248,8.721539046543173,0.18992538800502057,6.116152395504928
D-247MG,2.273436863506514,191.66486026575458,4.8162396362803825,2.4187358516518795,9.782412365388408,0.1912518513258838,5.81421676811074
ES5,1.889992544573846,16.434757409012235,4.31595657380195,1.44075011009227,8.545771753163729,0.16419083553959726,5.969209207281931
EoL-1-cell,1.6394399506593675,299.1018152414815,4.1506495390205655,0.61291188802107,8.460895405346202,0.2986491706642076,5.463796070403168
HO-1-N-1,1.5174280563111229,162.72467790774255,5.184672382271636,2.5646712541073446,10.132350551072365,0.24581900233531956,5.239493390030745
HCC-44,1.9641906670284857,131.00684869436412,4.730409862349362,2.22661500619616,9.303417485743248,0.14624564649232982,5.775551413002708
HTC-C3,1.4842875734303786,217.51050882712403,4.93823041783645,2.5684121622129203,9.885797631633501,0.1936329937469079,5.856997688693903
HCC-78,1.5222534088621025,40.75146464034975,4.746237483700064,2.326561505479515,9.633286889088202,0.13889808028500616,5.799632661862568
HCC-15,3.199062886832491,219.33719123150516,4.711316756174899,2.376301342902765,9.754984843528577,0.17007273160973785,5.37573321485266
EB-3,1.46314462261061,359.0195126689067,4.237543841644463,0.7320025445843497,8.033111880718838,0.243733410394028,5.328298746201879
A498,2.8934914947292683,87.07966173861605,5.005996723433881,2.6420294604857606,10.034953415686143,0.21351251554733183,5.584515593050498
BB65-RCC,3.046801838321194,142.64454514041896,4.8851391699140265,2.5968155984852457,9.842169798456514,0.20464475976574903,5.92477131160922
CCRF-CEM,1.5188578266447448,213.56094245606178,4.205692742148305,0.5626934738839449,8.38632946370373,0.25178694290402753,5.643415230585238
D-542MG,3.130879643608889,57.33002351109997,4.911576142657138,2.4457028109957704,9.800698353785695,0.23580988548567217,5.655019432138754
EW-3,2.4562547772349577e-14,263.42462334386545,4.404503175463299,1.12975598742857,8.839118645175288,0.21478836203495852,5.582666702830249
EMC-BAC-2,3.201123228759374,135.37575683565285,4.892838028522181,2.3947179903644797,9.618631243470634,0.1671972843744449,5.85915452338581
HuCCT1,1.5577476469431404,95.30149282978326,4.867061349172355,2.4816438546827047,9.96100384563655,0.1829226791827028,5.69840780875048
HCC1187,2.7328691821881996,32.653670301865446,4.4859904725356845,1.7956152619412948,9.352070051777169,0.19776304110577095,5.307063647126165
HCC2157,3.0010907275162317,243.5994692464927,4.512428889915375,1.1403711679252202,9.075231812262393,0.2201083188260847,5.716935560129546
Hs746T,2.6402199083626554,75.33149623803862,4.607892910594031,1.8119376066943151,9.532073098089855,0.21735309223250837,5.85254064575026
HCC1954,3.1609380112809644,-89.96524648875032,4.887053130000613,2.31907119237569,9.72000300760453,0.18737521394818454,5.705051247742255
EPLC-272H,1.9268435436945528,163.18704332168696,4.9910903039295995,2.43836123898969,9.754088639845907,0.15899673741408796,5.890546923157187
A253,2.9412189114668514,220.7616131885286,4.948126743672687,2.53742316926453,9.874607739782455,0.2744149792836049,5.411139004983843
BOKU,3.1953383978392003,181.54619984619035,4.8701365198948965,2.5506534164379495,9.769672820686349,0.16042042717968136,5.8017861893455365
COLO-684,3.0641693929570937,224.88481825931973,4.184378077761018,0.9115607150644902,8.385914633816947,0.2640995510422761,5.697631338975769
DMS-79,1.6219423375650206,98.03772341403774,4.471625737937762,2.0031103981834404,9.341881387874567,0.29924265619117296,6.172900800504345
EW-7,1.9305046163917163,255.78176081465608,4.368414239978293,1.410609022982805,8.868674324321628,0.17860966702669678,5.768955489423992
EHEB,1.5558374646441124,212.8833256360881,4.608466560271897,1.1598391239387102,9.291654508696388,0.3754796549195393,5.562106175529468
HCT-15,2.2345617203865507,198.4241816764361,4.5104739132056935,1.7270458357854501,9.13743805976762,0.14360829653689938,5.647661229836064
H3255,3.172611856832705,43.59435862043685,4.727552136828448,2.3708545869692648,9.583029872965339,0.18343387558070437,6.040934539488809
HCC2218,3.0474337922603043,189.40945853479263,4.445651466317389,1.2946289711362302,9.112586605839992,0.2782160117492523,5.844860651711954
HH,1.4486533658167062,-7.212146979745782,4.225116043228452,0.6041458228272101,8.534264408734085,0.2632790947242809,5.8622724887881565
HT-144,3.0075264612078643,192.17207474385805,4.538873425585765,2.15707466099838,9.445470420385467,0.17769830799057693,5.811767278487669
EC-GI-10,3.2285286623626392,240.16734365600306,4.884441666894228,2.4297517896428955,9.71920508617278,0.16024955213775724,5.694948621284745
ABC-1,3.0607202735992907,183.71624372737804,4.507811463250125,1.31003536912942,8.877656023186505,0.20758180515471003,5.620186522704701
CAL-27,3.226300414035874,-12.081207422859933,4.785891024131423,2.6036747423171605,10.140694840277765,0.28168795948764025,5.405777906699883
CGTH-W-1,1.483081330438426,205.85471132871623,4.718502512879642,2.3514346195059455,9.599130337333188,0.19530326394184938,5.5576862477493085
DND-41,1.4970443651613234,299.51971272533524,4.08663764280063,0.4558260464873951,8.071554929252851,0.2396716841435051,5.685849305057825
EW-24,1.5771558207799914,133.78547000136865,4.359964609016145,1.7201582468564347,8.915822694989272,0.16360226990005236,5.800745904040827
EMC-BAC-1,1.5788360506193686,40.21094708759398,4.996162998518507,2.4478337639036205,9.930511671655232,0.18733723083416037,5.593020934174207
HCC70,2.221905778184378e-14,-76.63155599338037,4.7498478400099575,2.52573027372049,9.831819322833958,0.14869681255532283,5.638391172634412
H3118,2.612491602191384,279.6447148721737,4.712849971925605,2.211839259839,9.435390794210148,0.1556251952071868,5.701684902691679
HCC1569,3.061143493892581,151.11756622040178,4.548995277413572,2.0982183344311798,9.406487509005583,0.19309765016567046,5.775611528707077
HARA,3.2289920394206018,241.52308080237145,4.709640271811127,2.1089242064958147,9.405485802938202,0.14926292541763497,5.685343420790574
HT-115,1.4556300952531807,161.07112722440206,4.487679634755027,1.9072078539173705,9.509486025643549,0.17366798326162933,6.319233760939836
EB2,1.5245007107806625,141.50761892072018,4.355768106309994,0.6582416220518452,8.557538051685434,0.30517610704008385,5.409062413967431
ALL-PO,1.4978052118150376,313.6117897304299,4.140652507337091,0.7765804389060902,8.162192311332504,0.25943251838818304,5.455203721310588
BICR22,1.4744275485277099,178.0098430084165,4.947300440259863,2.550670954352925,9.958344683533173,0.19396280801415197,5.683980582476863
CTB-1,1.4512871850818607,132.0614587934165,4.216761912533038,0.5659457488410902,8.242289228113027,0.2750699757932314,5.622943184279895
DOHH-2,4.0266007623844515e-14,174.29250522544586,4.4276177552192255,0.6265295569566347,8.836778053110823,0.28669115988594757,5.442776866965638
ESO26,2.5611791450401765e-14,12.470084506050625,4.652268969235115,1.9689350454552852,9.55768071280679,0.279341443160653,6.022880552213218
Hs-944-T,1.5301222632222202,175.3960895440858,4.789410955377057,2.2541465934353395,9.664154075972759,0.23289811245130465,6.050670885350319
HCC1806,3.1780828946902964,43.395486823238,4.96359734534733,2.06667770080849,9.678639416560333,0.19518154237279003,5.517306976976785
Hs-683,2.653476788885013,73.50173873773747,4.948947289329718,2.4960400210145455,9.854420256750535,0.17786034930232275,5.880970583738582
HCC1428,1.7867196787169496e-14,227.29143100667437,4.330405372770719,1.4134618922785158,8.932247636111585,0.2201652275500943,5.911671248240618
HuH-7,3.1371754964507055,148.9461318837069,4.744662238777824,2.19369355444491,9.435532892851,0.2655392765551631,5.494465246833467
HT-3,3.147926942300617e-14,86.33663488570198,4.710666343671782,2.336701882636005,9.761619715425958,0.21144215611354475,5.716599256853451
NCI-H1869,1.5742404145471118,8.252365439295772,4.824535687919363,2.44080720925842,9.662091021472527,0.17814098467248116,6.211868019224237
NCI-H2347,3.9840080449851366e-14,5.274797647600735,4.900431911923028,2.482282467337501,9.960594916985341,0.2087745072340034,5.768843404335852
NCI-H2170,1.5738142633816372,249.2437048287089,4.296202632838514,1.8093952486632647,9.05474008705662,0.1724746980034076,5.693435254361871
NCI-H510A,1.7383001367560151,215.46536413761544,4.5495799939807835,1.8366047191116348,9.00117276084049,0.24429861617370247,5.945151305728098
NCI-H810,2.975310031927492,212.17322407461404,4.304677579934799,1.2525094570206408,9.140090686459768,0.3159624234413646,5.517653993965211
NCI-SNU-1,2.7596774337438394,195.4877072886667,4.198053408148869,0.570981990780095,8.809437061669595,0.2094914016001738,5.385244116593697
NUGC-3,1.4966977295980999,166.89079743669078,4.81234915176078,2.1142497648378002,9.641052474282787,0.16619222858876392,5.724553104036959
NB7,3.044684106644766,136.18463949099535,4.487916761122064,1.689303362586495,8.93144441549996,0.20580967447302184,5.368450558028767
NMC-G1,1.720116966047135,143.51647507342727,5.078150775824876,2.56914209459543,10.192520143597639,0.21314349417477768,5.975619027429439
OCI-M1,2.851393984652073,235.71493354092468,4.422934510889286,0.7207393986988555,8.527739496403248,0.25466191760812157,5.435907234241059
NCI-H1666,1.5134732373430582,73.52816888623315,4.788048318331526,2.3321844974176287,10.015599356479452,0.20184101986454425,5.676207644026412
SW1710,3.090814226358115,19.695836461967986,4.780608471230298,2.4760306885912353,9.74140398069281,0.16254903078461078,5.754775049618552
NCI-H1650,3.2088976339120876,163.36642461729062,4.808919486119782,2.456775076570765,9.746053153521691,0.15211624347482375,5.7299223309960405
NCI-H2405,1.6664229905843524,66.56730624209061,4.9008715746505365,2.4543758137936296,9.85386481352521,0.15032438517334032,5.858995223864429
NCI-H2029,2.9399391325812014,61.98227947919224,4.7241768023268635,1.4799852452996896,9.173101294472465,0.27750645445843214,5.643656362251162
NCI-H322M,1.535911114219376,255.99134566891735,4.715211630547208,2.1515230162631402,9.313711772944762,0.17122890252351233,5.766003190871518
NCI-H740,2.987107781582301,127.91312514376799,4.410313731353746,1.5406407700540945,9.232326065140269,0.3256790191049451,5.951337726168393
NCI-SNU-16,3.7356506062529e-14,131.2712288701507,4.6774892029656545,1.94099166022936,9.486931290848446,0.22323858753984835,6.118132710511662
NU-DUL-1,0.07502445961165108,263.72866339264976,4.094892914146541,0.4853792542428399,8.217834439349765,0.2533359457284082,5.487724231249024
NBsusSR,1.579197477310391,157.13610713671676,4.15446866541069,1.0851596650745052,8.780450328509444,0.19566577889398512,5.551020692361388
OVK-18,2.706181459783867,155.24244982191195,4.301875004620502,0.6546681383391899,8.594146693638448,0.1485056265694746,5.921239941073162
OCI-LY-19,1.4330069892018398,278.54035514016914,4.155883343487502,0.5349698515486352,8.239549131875487,0.3029861169563618,5.291149591226937
NCI-H196,3.140526901035588,53.54528826189997,4.606837598734648,2.4343912319721244,9.581314928825089,0.20656200544631118,5.937053149099969
SCH,1.7591259074666135,124.5350540934734,4.5081682252963144,1.756631061276015,9.248054740840963,0.24067371684560962,5.524038476514018
NCI-H1838,3.0962755970427387,-26.971349427136488,4.854266684292163,2.025805849470456,9.070984942104939,0.179051114629831,5.75239316522054
NCI-H2023,3.1158863025019565,55.54157020762719,4.598218816773216,2.3158737848485047,9.70534784274882,0.12853713932173177,5.743146168189389
NCI-H211,2.9924183152344206,214.58751341405195,4.094979302930797,1.0057504553550303,8.617839052120134,0.29443179736383646,5.386879192850962
NCI-H650,1.7693382306533136,203.35157085909415,4.524140476792359,1.99866517051589,9.252178746767285,0.13895024243547002,5.916021496716883
NCI-H841,2.9666576847326267,141.83849933367145,4.3300543116428765,1.2987621359698949,9.073705726152685,0.1746180289281412,5.844022349378938
NALM-6,1.469749462150348,321.92699413753553,4.1890384959970435,0.5888235442606098,8.507572181929056,0.25843895722445676,5.611596423212347
NB14,3.0289093293601987,248.80476286569316,4.219616896838229,0.9051422546098451,8.576955797513186,0.2504924275211626,5.828318921281727
no-11,3.117572680550033,153.83794764298128,4.412152690252261,2.0323687519672253,9.403906267537698,0.18955839177588216,5.76686256734222
OACM5-1,1.6569827500253405,190.95921035533803,4.030595792097245,0.9557613760992849,8.62977674490187,0.19447398925502465,5.686042579770609
OCI-AML5,1.4765649681754458,247.72800190769752,4.317130431756493,0.7677505397305349,8.797992799909409,0.22508908973391561,5.739561320669396
SNU-423,2.267809396866606,77.72338596987692,4.917882170485036,2.3977370840408,9.627663083268985,0.1424416777443368,6.120165782829978
NCI-H1703,3.0197775832870155,193.64795506603372,4.283013925088976,1.1337192914797851,8.964656447429732,0.15087926143029357,5.887606053010984
NCI-H2227,3.1030908576094496,181.76470197199373,4.1286883534771714,1.2590599954133153,8.814698249748547,0.255743096577951,5.660276326317701
NCI-H209,2.9812787655699413,305.3201998154356,4.284481058536141,1.0415179911502899,8.784842429092201,0.3001439410877969,5.684211498758803
NCI-H2291,1.5428104444735973,96.69010160295755,4.914279271257103,2.57371832231809,9.85291032066018,0.1459716614840974,6.142343981503895
NCI-H3122,3.154485240548203,-9.381918463574607,4.537160118291423,2.20090424986065,9.390021528136995,0.14627452121834172,5.7395444578048735
NCI-H747,1.5145800998638954,17.145736810685236,4.893506426599972,2.4979643410174344,9.703248817073439,0.20010125088433595,5.705407587560655
NCI-SNU-5,1.5137640877836156,93.82456211376805,4.549350275410475,1.4486697966493909,9.438316405551754,0.19479074973051916,5.587216258033094
NCC021,3.1591152597503847,149.05500880153346,4.791471346777639,2.4211962226098898,9.522320971150172,0.1633526583214577,5.887093269639365
NY,3.022406238740657,261.5793173618673,4.575943077721457,2.214907230677905,9.35083387504351,0.16122616236354678,5.597302939818007
OVCAR-4,2.9706880473358175,-40.189451226886206,4.60951066914888,1.831479637772885,9.166377567612633,0.1862854713200013,5.832630778393365
OACp4C,1.51369866931318,128.85903602880273,4.857972976289473,2.310666673798955,9.661608916997725,0.16110113070801946,5.289008418355589
SN12C,3.1732696339404987,186.25521443126667,4.74052431242138,2.2029250148439,9.474605257175716,0.18302241954494847,5.451821501862415
SCC-25,1.5053228915689811,42.01434961598483,5.17265070323125,2.3421566005087846,10.12623804989148,0.2431542712921165,5.3470834977419655
NCI-H1693,3.1220660119337227,234.52736775802137,4.922496615336685,2.238466152535975,9.159752142344733,0.16779068885446338,5.845443956786356
NCI-H2444,2.9500414541445537,161.3690648897491,4.921922614574807,2.3246060026354245,9.606375449895149,0.18676158653739924,5.499667894071993
NCI-H520,1.505955786607518,171.46871676033786,4.273694795678439,1.48119588084304,8.91507569930974,0.18370641709709173,5.62324159522693
NCI-H526,2.03746928552646,231.1500200543232,4.449989033697229,1.2079010312552296,8.92164165666261,0.2790509861627012,5.577309393272498
NCI-H929,1.5753620879466168,50.37858006988296,3.9757961336792764,0.7503247970124349,8.244707016273352,0.2728903485080622,5.514113191588459
NAMALWA,1.5040255333732084,303.6716268264935,4.38988908984196,0.6088209282566248,8.672990880217688,0.2293415977201366,5.483665343525976
NKM-1,1.9248145788907864,277.67366022881265,4.362304955815396,0.5809394488763804,8.554545247993955,0.29241523101227085,5.519145823110423
NB13,1.6672366572548125,200.50457449661587,4.0167339150081975,0.8383833920626549,8.462467506423302,0.26637924707990807,5.673005405779652
OVCAR-3,3.0276823936545334,129.99347688516272,4.611295513521804,2.03961854359003,9.217838702398206,0.18986288192310863,5.773706591876182
NCI-H1694,2.5656529319291215,259.6097418138535,4.1745959623688,1.0316684805778598,8.927588946461107,0.27614338464947547,5.76014337526379
SW1116,1.506016193712633,152.16083677670957,4.8226478260524015,2.69254855233258,9.960824916115365,0.2566858208012715,5.478228060271126
SNU-C2B,1.528172513816985,125.29778397041403,4.482671277098052,2.0652258149353098,9.469354310657607,0.12325551356120634,5.992536568966467
NCI-H2135,3.0425631203843198,219.73340326945737,4.456819062272851,1.2935221745624157,9.307342550832034,0.17270971003508806,5.52342598524956
NCI-H2085,3.1373770674883747,136.77329728615825,4.866195762780102,2.3133613885614546,9.589672259723006,0.21243230542699995,5.930486253966234
NCI-H378,1.5784463852252946,303.21357222704535,4.290562541538734,1.1725729839417147,8.942276705520465,0.3090094391294117,5.90602293557922
NCI-H64,1.5995420200894783,249.7236560892805,4.350641373969682,0.8047205086149751,8.646670909820774,0.306945561693036,5.805068925791648
NCI-H69,3.023995027605056,243.23227038978877,4.658259216117374,1.25132305425748,9.151185891882179,0.33182875637979004,5.349316230795951
NB10,2.8553400860917337,196.2065836321469,4.410309438454074,1.1076596727119496,8.798877707666604,0.27635372204395736,5.857212221389943
NOMO-1,1.448420263417159,223.28520267938902,4.337849967889794,1.1508478837087852,9.25769059633599,0.250672300465964,5.351832570390823
NB17,1.7793051015269923,231.06423989543217,4.323851502725621,1.0073737004665702,8.832377432023534,0.25764347892303574,5.544773769999689
OCUM-1,1.5666646807621632e-14,89.78123985048184,4.711625892220537,2.1048637101647056,9.886049451358975,0.2500255716988742,5.651977042917967
SW1463,3.939760695250556e-14,95.04471275767949,4.5007965205223455,1.5250269314211902,9.16561400696214,0.2077886883443868,5.640354937924079
SW13,2.781684473618403,157.4663703882938,4.2052918307314595,0.6971220785339198,8.606868183762854,0.18208665799258228,6.346254007534372
SNU-398,2.992095121225609,-134.7627016784966,4.265833974663563,1.2463223627627453,8.373504120808134,0.2062010706529131,5.864414802641883
NCI-H2126,1.560256437292082,224.7299082593467,4.6520316957290575,1.2035314520072846,9.368910481709115,0.32944577501450784,5.440909293677522
NCI-H2342,3.101209529973131,123.63707709908866,4.310546581096884,1.5906090774709842,9.064377046390767,0.15495233765240934,5.694292323912321
NCI-H630,1.456252954708059,47.0028767515042,4.336033529568487,1.3096018650821046,9.089729600625354,0.18617042908010442,5.774377254437701
NCI-H596,3.2168030034315724,5.918226779442477,4.924027529596431,2.342161996630275,10.063606612788227,0.23788815598759788,5.751628935175204
NCI-H82,4.335610044981646e-14,286.3883302256263,4.070240222345912,0.9393378856339147,8.541331318038068,0.2875601809774045,5.604772510175669
NB12,3.0487225772807083,254.7419755569663,4.2446386500267455,1.0343379423384547,8.881262092285219,0.23639460889890546,5.346137970089882
NH-12,1.8145668907410113,248.22895795435338,4.3029767070708225,1.6714736964924057,8.929940820420034,0.2287010287824065,5.707847092596718
NB5,3.151163065340125,234.24339709745828,4.3030321882586104,1.465271405393135,9.095405980412979,0.17626515153005784,5.785301473943921
SCC-3,1.572811501143446,146.16103033605637,4.521362486556918,1.8310684323346649,9.349345377042091,0.20765657200651103,5.408124682839701
SW48,1.4943530139108305,218.54132573419028,4.545995177679055,1.45417402437129,9.371290041622164,0.22608915131620205,5.663730555297839
SU-DHL-4,1.5868553258985036,326.8650739660698,4.298332969907802,0.49898617603263484,8.353804176960978,0.27247065621337124,5.360193321010415
SF268,2.3713969032545776,162.73624108998138,4.642994846361059,2.13304971689292,9.332508674349054,0.1960354382366972,5.624640192154753
NCI-H23,2.3877975152635793,104.34798020623516,4.3142350884732865,1.7738415552328244,8.940363230489439,0.1372128756807896,5.588838564563929
NCI-H522,3.0472481920935053,228.66891281974455,4.214285931111743,0.8173205580594849,8.672886083669873,0.21391615576264622,5.406370773689578
NCI-H835,1.9450489804335807,187.41977868933307,4.4242115463617235,1.4297164787928256,8.975861056197745,0.33563817230881904,6.003513147427458
NCI-H647,3.1501538000341593,17.748574258842126,4.684919403129932,2.2674929432989552,9.588249925910338,0.16939923044353714,5.886541800069648
NB69,3.1368213979605537,191.60632056900067,4.4843472443628425,1.7607781392022002,8.985634556322823,0.21562381118652188,5.671197963628616
no-10,1.5214201269347885,225.44816537227902,4.686008223871857,2.24322449150958,9.625804561347877,0.16631340911170184,6.045272612117634
NTERA-S-cl-D1,2.9757504297636572,59.78879308605603,4.427049286371609,2.07464016064631,9.034971460689064,0.20986894575807977,5.767777628586529
SCC-4,1.5004966610613286,255.95111137129607,5.048968035566214,2.24099708930577,9.961891138231918,0.18338898793474226,5.364726391638219
NCI-H1975,3.2271971736607776,111.23935937491379,4.774300805664197,2.1708787816458397,9.51015261365737,0.1316519791023887,5.953877676555783
SW982,3.177865607460526,107.4419941554735,5.045323849101123,2.5777791594251047,10.03008656240981,0.2154707574416256,6.068483209766214
SF126,3.0570697367160187,63.845064502887396,4.874769920241606,2.529555297085095,9.747280652910069,0.16962432173582256,6.205560548640005
CMK,2.522240962318339,267.3812334188866,4.396542391409632,1.0032361657713602,8.827813513686003,0.28162170288302285,5.510633062643041
NB-TU-1-10,3.03480417904972,259.52700667072645,4.288550017522706,1.1028181879280101,9.166498262936011,0.3189072933067819,5.967632240401263
NCI-H2141,1.5657099530596663,245.14410833111285,4.351904156304897,1.2767607460279147,8.968278150532747,0.37372281627290976,5.866451814073521
NCI-H250,2.87428332197201,-15.784487263228073,4.556979470268924,1.8129572522813802,9.405572885706693,0.31394658804107706,5.73614721912302
CCF-STTG1,3.117492276553361,-146.43240005618793,4.8923764174879905,2.488369916534605,9.924712962784795,0.2450592487091191,5.721367352377127
COR-L321,1.5877976737639712,230.46813418398818,4.595935070093345,1.8033738028978452,9.25872315170382,0.3608826663532687,5.987037170148959
SK-MEL-2,1.5683186746940512,227.5354028655726,4.426596963320742,1.667405414467075,9.162367317941662,0.1965307799850673,5.926340968899738
IOSE-75-16SV40,1.5981401352674587,177.95685279380027,4.752491226294662,2.2529269337562403,9.26584173083578,0.16326845273730417,6.296095770319226
Hs-578-T,3.1024046451333067,208.6629277375735,4.862420982275083,2.44854247377741,10.090301559842334,0.26038752461536113,6.011883247079363
VMRC-LCD,1.528060631828175,52.23871526682288,4.674353884032354,1.43912181039784,9.131652503222005,0.2655675880715773,6.015512371651379
OVCA420,1.679105180862713,61.66580493278539,4.597156176775487,2.2751952228080348,9.655484159789289,0.15647714465928245,5.862876277260889
BL-41,1.4885455038041897,314.66563063114825,4.230730697404423,0.6667974392996849,8.265503755019138,0.28145068949312396,5.65559095721275
UWB1.289,1.4438401743017002,130.81044970085918,4.994269519397453,2.2482946548552096,9.609609604410977,0.1940867526776984,6.089694168319155
COR-L32,2.4690556550297016,175.99925308065045,4.523858815828929,1.090038409978535,9.274227059711505,0.33844469339098504,5.581067450418253
NCI-H1341,1.7431485996024342e-14,112.92301104819788,4.547788616681801,1.284608712800895,9.106865520762131,0.24112555230496643,5.51050549633851
Farage,1.4966679097427324,261.79884266549425,4.283675800114315,0.5513216378744299,8.53893257445805,0.29509335886788157,5.339525065686107
NCI-H660,1.5493453764195204,63.65637328503246,4.669799547292212,1.4143639815476645,8.697088096983242,0.28182641425737104,5.632136695809002
KARPAS-299,1.5508558728830473,29.523971048944674,4.278975901238219,0.7388140895400352,8.861432897711895,0.23751079934987782,5.521006912503764
NCI-H2172,3.019826264738626,195.54870923470514,4.549355581789462,1.6471950663142496,9.36484385757462,0.21268665337247783,5.706452525785323
LK-2,1.4459346701664408,122.70586154769093,4.428632210332341,1.89241373459162,9.321953028829393,0.2658430939999154,5.73350905618778
IOSE-364-,1.5486448558424144,222.13230267612118,4.836359350449748,2.415632441566075,9.625593388684432,0.19172072673007254,5.816600347235412
NCI-H2286,3.050355766678356,77.34499462477598,4.7521021961035625,2.1992880516875104,9.45586556600692,0.15654254909594956,5.761108167803888
SK-GT-2,1.4726108087856953,195.63740100380758,4.686797512635955,2.4532801623472755,9.514735543579242,0.2137765037967878,5.856579956472718
SW756,1.8574613178839001,94.08754877386573,4.684793309644453,1.99426848164112,9.323060138646175,0.20445151584127363,5.573723845701258
NUGC-4,3.1076233725759668,196.28601477836008,4.5568067112327615,1.9173704592328256,9.54964994643464,0.23956942031307552,5.510864846535132
HCC-366,1.572918944035028,-2.7477146290706855,4.804599515068862,2.3601990297373154,9.831656980027397,0.24206658382313462,5.93456336996819
RWPE-1,1.5376351931675838,123.81677363424527,5.106772373656396,2.274827865181469,10.26941768135698,0.24578866333199498,5.753050312933541
ROS-50,1.52742263747384,339.2605156645569,4.08412394831771,0.5139096885572301,8.023086690385243,0.3435764320264143,5.406943698418645
CHSA0011,2.868042802916037,50.60746802009635,4.784357913661878,2.194941261469375,9.984768270228876,0.24817220663524592,5.792082292532975
KYAE-1,1.4305029497341972,-16.418226987107687,4.66243466982343,2.2961677530618747,9.75330831027142,0.18480944740376834,5.86686102647484
Ishikawa,1.5049714517078248,165.15813408346568,4.583436167612972,2.176023394824935,9.19635488522469,0.2090575031640771,5.256706352040727
MOLP-8,1.6131866609502543,-186.50141894175727,3.982388740393391,0.6846116728876204,8.395661960026185,0.24979516390934728,5.547816398076925
NCI-H847,2.5834613836994595,240.0987541503856,4.059339379018601,0.9119643565237054,8.649959558887007,0.27605654980248634,5.508922827841781
COLO-783,3.0281129284081425,132.8222745852562,4.688631304048631,2.1078465036233895,9.678087728433695,0.22147859384768612,5.909754673611797
LP-1,1.4210080029441392,216.30653117874522,4.002258725595027,0.7594770686352899,8.420921102433862,0.2576593817142553,5.556497450580994
NCI-H524,3.0780973200322683,215.57834136785877,4.088581467568847,1.1800700396916355,8.610981718360229,0.3401552280437188,5.546678661502527
NEC8,1.6090648143758386,236.32390896796647,4.303044056810952,1.3683293725129,8.738982716699722,0.3196475695006525,5.529948234574638
CHSA8926,2.9787061731214353,255.0276088129704,4.728282198539292,2.4053482506131303,9.801782932078686,0.22828814391232685,6.052834046396384
RPMI-8402,1.4627934294212568,216.47149301000417,4.048019541369267,0.5684148780664502,8.098265898596845,0.31446564736502264,5.343305748169673
NCI-H2110,3.157094096407199,60.24770099641208,4.703927857057042,2.4388753104269094,9.598133628181845,0.1739362617352681,5.641860880997366
LB2518-MEL,2.1979126726369493,274.90776065536954,4.527865185755235,1.44531316369747,9.035893216778767,0.18364960264366734,5.884651196570993
IOSE-523-,3.1995546078840817,158.25145095418915,4.865228711190366,2.4441708320694,9.577628933278925,0.1801535577953747,5.83681789907278
TYK-nu,2.9097518832828486,-19.888286964597228,4.439346737398001,0.8327370355858199,9.389119594298256,0.23995145902971035,5.735505600171669
SUP-HD1,2.3544137929495923,-240.8736387669084,4.268170200144263,0.5508517239698503,8.66650744747369,0.27043818620230065,5.829993063597775
SK-CO-1,3.206776598525824,192.92355043948373,4.493034054626557,1.8835553730538899,8.964241255567597,0.1656665901272663,5.7513137383313016
EJM,1.5453126331736808,275.82749874921365,4.420710720180304,1.1888511932382453,8.809318606033472,0.2456616676081386,5.517950344452387
CL-40,3.293688961053051e-14,-25.3127268517855,4.690959997555352,2.6264639608747697,10.039308790591505,0.26787854295836694,5.461167050151167
JHOS-4,3.1457806830027932,-104.71377935119813,4.783683357516308,2.19587546591634,9.385069857479941,0.19935080647859518,5.678967760107114
Caov-4,3.1049776708072416,88.18134304466238,4.736303309641613,2.07664906078602,9.225671703781092,0.22681360958244717,5.5101292910869
DIFI,1.7538387580811414,-85.58222334833948,4.603515554324942,1.59703376834991,9.54451382737387,0.2533446361908971,5.587374882911142
NCI-H1836,2.38581441504864,188.07102023220673,4.350027160714918,1.0116222046275003,9.067683325726412,0.3179145268885908,5.779444046532565
huH-1,2.907213325288464,103.8536636420217,4.41134881275516,1.43513065438685,9.327336673485135,0.2319472605471154,5.581446317537664
HCC1143,1.4363815581631483,99.53338255118119,4.892013854174531,2.1973740913187605,9.583919310794274,0.16773340088503844,5.728071903783363
MOG-G-CCM,3.0390758186349793,162.99335738490402,4.9013150982241935,2.4705529108005857,9.869401028610032,0.22111848085836316,5.761804457665066
OV-17R,3.072860483121833,12.555608614244477,4.758054415462103,2.072568913916425,9.232720136413105,0.21127552982505146,5.868736846198689
BICR10,3.0577259512101813,157.25484836126986,4.693023844776975,2.4639321073868796,9.609290885659794,0.15110231133777588,6.087327901118169
NCI-H1435,3.090051670620464,151.4541969704882,4.80775415543321,2.2984315771501707,9.532824795540465,0.17891954513198485,5.579780860376808
COR-L311,2.6584119616675763,163.10522691791914,4.176939298225433,0.8195193250649899,8.672880005534738,0.28215310009166283,5.962355347379986
Mo,1.612378548490034,233.63353945165738,4.253071486956545,1.0140161232810303,8.936490358564747,0.3133155644465701,5.589636681261201
NCI-H1417,1.5669317594577232,199.06988089996025,4.501453307880161,1.72683802686623,9.187189892146634,0.2772402778925392,6.1821723833722615
COR-L279,2.4064917865387363,212.68118906392394,4.512026253978145,1.64277027512976,9.262938632213492,0.2983578947243463,5.860062218724467
MLMA,1.5454414279876336,297.8992432047942,4.4043220298712225,0.6552542271804502,8.850103530128191,0.3541112389261466,5.4511636427969465
Hep3B2-1-7,1.4954290197366917,150.517148500685,4.591258919856833,1.5782753174645001,9.180748420220167,0.25178071815445485,5.550690751005032
LB373-MEL-D,1.618194022356431,37.00760903371082,4.632255520244799,1.840076333159685,9.267825571930116,0.18443561337952039,5.8269638557641885
MDA-MB-468,1.4928389013823284,44.71156555788485,4.798840526266492,2.2753127474158097,9.494875666814526,0.15788106957816186,5.895063116647754
SU-DHL-6,1.5041213830450717,299.5934524214989,4.06818512497745,0.49043777055100013,8.150225132776983,0.31006262204345847,5.446018641736709
RERF-LC-KJ,1.495717370915112,-2.559413811700125,4.579634891745722,1.9888535112374943,9.83191033726393,0.19002628318162124,5.64085603121531
COR-L95,1.4941551568570088,19.53284329015645,4.709401678777315,1.80620795631895,9.351232996010735,0.3523086706760298,5.61881591825364
MHH-CALL-2,1.4503776937514963,316.66954185871776,4.481326202636587,0.7178375890270647,9.007609075716145,0.3680225782150667,5.431139721331859
COR-L303,1.5874371796638147,282.44920214839425,4.199054275326558,0.8719019354160649,8.829449129739375,0.38778120796835597,5.767176965006229
MDA-MB-415,2.4644870071930383,112.38842774195334,4.742050507937039,2.00750505222637,9.514810756169812,0.20840590687488578,6.147546752210257
JHOS-3,3.0208352183512064,-10.015412904774365,4.844652555597122,2.2733114638623295,9.589730625671544,0.19699126843021633,6.307832152053019
NB4,2.99274570679169e-14,256.3531093839181,4.130265667553979,0.761996806940975,8.571241926495029,0.23097625356147303,5.234614333150432
IOSE-397,3.225801489150912,145.04740144919245,4.868956960499022,2.4274060315544252,9.539166665814797,0.19745004365618887,5.851136662928504
HCE-7,1.5800450740299683,265.93059462869985,4.725926820936418,2.04418664219716,9.236756915678853,0.14466124471067746,5.546398304877822
UE6E7T-3,1.6349775876545913,109.06769845672596,4.945847152540217,2.6875011812746954,10.308888664456706,0.26613001975817335,5.818117642626609
OV-7,1.563849297369614,216.79247646089837,4.841642926491418,2.5510257672287002,9.74693393789337,0.192782711705959,5.851579523317853
BICR31,1.6869794758890073,49.29487535334562,5.093768350425226,2.139979220118695,9.818321799196077,0.1989699064838905,5.845739388479791
MDA-MB-330,1.5620826340762959,227.81993083934893,4.247436924841844,1.3431851686562606,9.311416004323664,0.2398483260392821,5.98827368610232
MHH-CALL-4,1.6030959740608604,281.8307338835226,4.476399242851626,0.6116111512291751,8.7516132984057,0.3438832669197173,5.463410620759323
MC-CAR,1.4877111701679344,206.32478790938364,4.4620253063991075,0.8573005041757351,8.929715308502521,0.29292791113211936,5.320490197479641
TGW,3.072948300403242,207.4359069253341,4.0815686340437,0.8497498076201848,8.661694054370447,0.280373950938729,5.641689417078321
NCI-H1436,1.577174457546484,124.39470599287571,4.448037276185513,1.3817200286839002,9.165182307695579,0.2909177561141126,5.865749062828501
CADO-ES1,1.9741402480541728,190.2689643020271,4.395575213738965,0.9317417782665298,9.066741516092439,0.23319842692159337,5.6271587620032175
JHOS-2,1.7353859041706254,-19.45544260993765,4.89905234716527,2.4292480652782653,9.771639926309033,0.22279973103987671,5.503328381011341
YT,1.5651250142745166,110.18170211237069,4.016263118199264,0.6195599977946953,8.555307147723592,0.28152240905992215,5.459966866909876
SK-GT-4,1.5036410211612443,227.20434058085624,4.868467944357796,2.3232127457605243,9.895127090416889,0.19335867770676143,5.638955647009205
RWPE2-W99,1.2953216262308642e-14,222.76232384863744,5.095408534273151,2.390539055098585,10.210152206130584,0.24223056700495793,5.778795344883246
UACC-812,2.9099024228638495,135.56405945343812,4.438687863640627,1.8807152499464148,9.328568359316858,0.23478800785144732,6.104291230750387
SNU-61,1.4431929157162078,11.343881983606565,4.576101504205166,2.33013834346431,9.602306934065744,0.21091370186028494,5.503607124825583
SIG-M5,2.4397389717499953,276.70886721087913,4.024937789366692,0.643249139888455,8.459344505793588,0.22982258721132529,5.26069293709534
ALL-SIL,1.627588687090947,191.17209973271352,4.1296955176312435,0.4239196612126397,8.092212373087307,0.3260754515535029,5.653647362481953
KMS-12-BM,1.5617976707216323,275.0441553736006,3.9311036229628127,0.5591087801993149,8.05345184606781,0.34787027840277995,5.649552936432282
FTC-133,3.1046656747397146,57.92144981810179,4.88288859076838,2.356517489660865,9.859345279408858,0.16681941794807323,5.629618137606244
RCC10RGB,3.078797974033982,217.83223238047373,4.804308917950413,2.227999911259095,9.935665250665393,0.29741700550677735,5.6917638255218765
MKN45,1.4510745726278458,84.28715869244522,4.599462609893411,2.10403036721817,9.48909882476459,0.2152870528488485,5.760252701033374
TE-441-T,9.362898543048055e-15,150.11626626025387,4.16223057026613,0.7878651077925001,8.858767297313971,0.29335210895433783,5.34837857674346
SNU-175,1.4970109680023047,271.93155688795855,4.364259660572342,1.10344425895252,9.135120005794064,0.22337302509195153,5.244431402580306
SF295,3.2037808190539616,147.26578691684318,4.874846324761775,2.5590138219305354,9.819200552300137,0.2223819053065604,5.5141173434431545
AsPC-1,3.1673276037838196,48.79629795653335,4.861599216532619,2.459299744323855,9.99054109811748,0.29989861806180335,5.35597482603955
KYSE-180,1.5121588655502987,188.29030800463616,4.561976095382192,2.0536426890044397,9.424756029825254,0.20660791579471663,5.609371986264262
CS1,3.1296224770202405,39.899021313956126,4.802153357666651,2.4813687592985305,9.714648925563953,0.23457184956252736,5.782519426749384
Raji,2.9791513015824616,260.414308495645,4.318833099726385,0.5637575275445801,8.576334802022094,0.3599676820021849,5.379346924834393
NCI-N87,1.5334712421485295,119.79890561013781,4.729020482455794,2.2498356115545,9.656280758742259,0.17200341678258932,5.222994403564629
MIA-PaCa-2,3.1091794162441566,153.966968175292,4.433247095077118,1.0058346459802998,9.114517545498932,0.3095920910552601,5.518836983301056
TC-YIK,1.6468341974301612,258.2760699240336,4.20025944934316,0.9279012760052301,8.815402977582,0.3532154291474032,5.487047654404157
SNU-283,1.7546859460390838,135.40168319114295,4.470382157134672,1.06876021324897,9.285553421564488,0.28505866548653147,5.811047090539383
A3-KAW,1.4882207360902546,61.87643998839616,4.269870639557593,0.9674704290084448,8.48444283048697,0.2491447768878907,5.662565445449944
BONNA-12,1.47058422581858,214.84632759158032,4.51682473490764,1.0570560796767148,9.33281060905827,0.34788920786335276,5.486431029115686
KMOE-2,1.4914843614840354,207.11011593837736,4.088491100054028,0.7710871983295049,8.512134671416984,0.32643325879063667,5.339638706083637
ECC4,2.9902117011845544,33.67250269660957,4.557239677620934,1.2475838379646003,9.534552564179059,0.25273300527221587,5.774618349461818
PWR-1E,3.235722822254421,175.60162134699004,4.745967001142098,2.2518241083434507,9.374374736127502,0.1781898853114331,6.023829183480497
NCI-H748,2.7333908101276343,240.38005044187412,4.350344640117248,1.1030027395503952,9.101641037159943,0.3424367768867388,5.465612166269098
MHH-NB-11,2.9161532130707393,263.9328923574584,4.380839976082305,1.0063061279907,8.929218511386622,0.2477853070426615,5.785318217832859
SUP-M2,2.767398761599137,-89.6284954929126,4.377126289059792,1.1390102801415798,9.210097956586527,0.3019197388795964,5.600968703857996
SNU-1040,6.521967299898597e-14,128.7326061729434,4.52851689646038,2.030806786160115,9.511263657818988,0.1784994740466178,5.741318264132492
SCCH-196,2.8992667249967417,229.26319469541573,4.257445785508547,0.9677144512801199,8.86908818021178,0.22791376781746572,5.444674409392321
BxPC-3,1.5119689687212503e-14,-3.607179474836329,4.963157736697303,2.449614846827735,10.012524239784911,0.2456501916088775,5.8264516888011455
HuO-3N1,3.2403255238066846,227.19921533266594,4.956924488185244,2.492302877218971,10.267400977203312,0.21953682690609708,5.796323420505228
Calu-3,1.510500945094137,69.16697621311152,4.995851398590524,2.257076809405005,9.914660379328708,0.19110482385866265,5.66059113831842
PCI-4B,1.4861121712971919,154.5214591973824,5.05372557781061,2.6601950654286703,10.104414714733092,0.23837447633181358,5.49237544931708
NCI-H2196,2.9240686128914812,203.3977572688024,4.637797069612133,1.9657439907739,9.308975758578585,0.2695559159136824,5.769773906164088
A704,3.106711585460127,203.57677908865526,4.966354462212086,2.6396601658227947,10.130626332937142,0.2367104741219503,5.823855285016694
SNU-C5,1.4878146842974145,238.07222292556304,4.709913145004487,2.1711904218342557,9.585765245146149,0.19847827539118615,5.552215372493556
SK-N-DZ,2.973478926760798,290.4433716034414,4.271502501758119,1.027719535667795,8.773493474980972,0.2891219264700659,5.372061284977934
SACC-83,1.550411369478299,-41.9794364439378,4.769533617488011,2.4707712710079752,9.685577650958853,0.23586750340582618,5.336566862645738
RCC-FG2,3.135000152043275,23.36951989134289,4.743556211312804,2.4301096186550604,9.73898688377447,0.16796744537811492,5.735592544191792
KASUMI-1,2.860381894479371,255.37385815572446,4.202480364000915,0.6996507436178048,8.462381312169228,0.2913780376784224,5.530905572892942
CHP-126,1.6510185443561674,179.34765214135314,4.208329597507931,0.6566652503027102,8.626881723096027,0.2598863088518513,5.63657245830533
NCI-H2066,1.5961468108106367,249.07098227334762,4.625579295157316,2.3669489126266257,9.553957457029455,0.20198389502244593,5.822313097021524
SW156,1.5263417711703862,6.045480704856885,4.74570764150122,2.2480918841720996,9.570171027074018,0.19774344168639094,5.652866264517196
SU-DHL-5,1.5521684385555405,289.676289246357,4.165145851931868,0.4888450524595298,8.246081596059224,0.2860939841948111,5.606435446528323
SK-N-AS,2.272120267221932,172.17652538138242,4.429629623667241,1.5382891317575547,9.179506087740247,0.25482354490834036,5.555780703082249
8-MG-BA,3.954804702252141e-14,-96.4580893711526,4.670754468813703,2.2722228928480446,9.426837340570492,0.1865448253663408,5.700381326140923
MDA-MB-134-VI,2.8339994987521004,191.5890652654498,4.531024482988537,1.3590324426325047,9.103968028766044,0.21888388256615832,5.958078793545644
Hs-940-T,1.6232049079072142,22.68506853311922,4.855460973047263,2.4524047934520254,9.954801545909831,0.2924245194419641,5.565096056291085
CAL-12T,3.1591408617111663,190.73010441632965,4.868415781231869,2.5023036334479403,9.779831138010815,0.22373183766943444,5.620971576149218
PANC-02-03,3.129849225844107,-0.05151168125743766,4.866148017848764,2.4972468602159106,9.794212270100722,0.17662585931223196,5.516815728263159
NCI-H1105,2.9261151361477555,239.1496767061727,4.1728201060198735,0.9458654750101849,8.733415712966819,0.39387009643034615,5.7390041586191165
LoVo,1.5150476515826679,241.88895778909307,4.522421085196536,1.55630041252547,9.365504609001558,0.39515419531526164,5.615473789080712
SNU-81,1.0467377672519345e-14,214.0305636370304,4.5195554852002955,1.8567778806026456,9.355129554625982,0.15205315896354585,5.614634902165398
SK-MEL-31,2.958048505908491,173.23957246640717,4.928197601148414,2.5057823109325046,9.883463259544039,0.21892269456386937,5.85975274586466
Sci-1,1.496273778111203,200.76829179773435,4.137046680075329,0.5562875318146003,8.064225212561869,0.30904279347073227,5.507948513816437
ME-1,2.0261671446351164,313.28751962692354,4.196825565418773,0.6014241915414851,8.564132057496984,0.32924084638937473,5.321112804525601
HSC-39,1.5438313768909206,249.08817135802644,4.401275353864971,1.1924388208341854,9.344757877894942,0.18860892987130032,5.786643404878985
CAL-148,2.917802807440786,144.89578412410194,4.445424504134722,0.935237576322635,8.56965986059146,0.19310933543125233,5.726176701446805
P31-FUJ,2.7609867719678274,264.24656478882537,4.316637212740719,0.8303540922678749,8.710591829378725,0.2536512809035197,5.3025743868754525
NCCIT,3.1488240279455812,239.47635846354868,4.208245764515253,1.4012912878106945,8.769963133633444,0.2402502026147088,5.587098031573639
SNU-407,1.467638230154214,-25.500332352981076,4.475049147270443,1.7885280312292446,9.473911260845183,0.16759296767867787,5.888549927004221
SIMA,2.9316130889186494,262.525060946901,4.289726933268633,0.8985400734324052,8.704856705654779,0.27091021644054203,5.762806185170598
AGS,3.029157149195984,227.35234095565144,4.483987759990394,1.009239058928925,9.422074255527969,0.20652275005044096,6.000848524290523
LC-1F,2.94320944940069,195.99007013190047,4.47073061683811,1.401564276544565,9.324759254924432,0.16342905792315746,5.7983728200553
EW-12,2.8527097019443604,18.56888317109383,4.200142223232932,0.9643077566064704,8.421657355438258,0.19020823388475716,5.860912935557279
RCC-ER,3.0698745391943456,162.97803664443398,4.881162379015622,2.6299527318283746,10.008003953307465,0.2427432661692201,5.611906153474039
MM1S,1.572118224109225,145.49704923820195,4.218456386058882,0.8822108085966054,8.488110886121182,0.26622992893874337,5.606347113358977
KARPAS-45,1.4953605277771023,220.60227544099158,3.992247789517614,0.5623611181579748,7.798066398849901,0.3367780056875652,5.582061174405041
PA-TU-8902,1.4765416072327526,254.37791142729003,4.7302944904561235,2.0396928072775005,9.552675656311596,0.2174135114010497,5.49899104820979
ES6,1.525845634879515,78.3002951954816,4.493409837080144,1.3507297277010049,9.066536713992425,0.19891784945660487,5.704174415783804
GA-10-Clone-4,1.475118289564536,298.1449010082181,4.175976536619814,0.5097739765419302,8.37410900777855,0.36469702143291,5.472306373779753
HO-1-u-1,1.513440485843563,213.56890907968074,4.836897654839067,2.299478030819925,9.628159572174932,0.19431395775986732,5.425982074005564
M00921,1.7100565443991789,187.57539629136872,4.416927821871719,1.514663033051975,9.341570450583676,0.20727205235474921,5.793175777164176
SNU-C1,1.4752032189263984,75.23572799458077,4.549629436319633,1.757912845316545,9.448888314912052,0.2490027905850441,5.558083439528318
NB1,2.1504573906953457,220.8423076476253,4.180194151533059,0.8231088683522301,8.930759419877498,0.2671392642160193,5.643959270024495
SCC90,3.0051225423781167,156.4604672066448,4.549583682868821,1.970813691533745,9.266982514070495,0.20444006946045332,5.579792699799369
KG-1,1.5723460556367501,262.96039394267973,4.503793284920196,0.7836941330449951,8.868676904531567,0.3210256200791356,5.269449323352804
K-562,4.824738343648018e-14,101.98341842208289,4.469640638154676,0.8212799904994998,8.78116668914079,0.24930428050599668,5.918348450440808
NCI-H292,1.9133337411701552,66.91462733244268,4.767658879317515,2.1777900422539704,9.511921212042909,0.1673994254614499,5.717573276614489
PANC-04-03,1.5639525772337302,26.32264878397865,4.889573487831014,2.5424899298942596,9.883475338866203,0.21500837286274596,5.471242971540209
LNCaP-Clone-FGC,1.4619313304839456,277.7402553164352,4.233235759026328,0.8585900649742548,8.274524741702653,0.18916938598790028,5.433059036538056
C-4-I,1.4938880417717126,62.131776253123235,5.075003904192478,2.5886056505234394,10.08194200537454,0.2005856251686108,5.856049424115923
ESS-1,1.5284556642212372,84.4651993785121,4.741476566929415,2.411049270698025,9.666107938531113,0.19245142937903773,5.833951860213405
TC-71,2.9283552155016124,267.04111884571216,4.346533157733456,1.2897984426667155,8.90315924366702,0.16977150594215637,5.430770639356037
KP-2,1.494114431818086,-1.7258839597312203,4.905936798470164,2.4655390670212296,9.879191315437918,0.24582469994557318,5.874195445250173
HCC1395,3.0532494375551686,273.62616342562205,4.6707920652910495,2.3018038917440355,9.478655219733742,0.2137066139673082,6.075340427130356
M980513,1.7787249103173117,245.39565719219078,4.288158681291505,1.2156476035986243,9.332525585566762,0.24139437429042165,5.782762616915079
JHU-029,3.17610003999527,187.16051795809042,4.8546906221193025,2.635811640400525,9.99172885806698,0.27579145386035575,5.8661252553299885
HSC-2,3.2092794296369416,212.64946084137713,4.739535473004532,2.34524225485624,9.640301511701786,0.16326966295567394,5.8436970635243695
STS-0421,1.6589816239564255,152.98113195929295,4.642857425584701,2.2031398282208503,9.46361013610808,0.1536150333161496,5.791127632003738
LB996-RCC,2.717120604238628,-49.72983184863395,4.833668125820844,2.3249191963034095,9.75286834532712,0.16254821313743026,5.752599455528934
SNG-M,1.966950838334553,201.37788915633104,4.549670721440316,1.324012276857515,9.255978884682014,0.15633997437023278,5.858734309519371
NB6,2.6721166761467643,262.6311744338951,4.162346594697836,0.8056372097422149,8.56485337857026,0.28891076728434,5.622240153335639
Ishikawa_Heraklio_02ER-,3.0775922666044147,180.34081683993116,4.532247905397289,1.9845921971725398,9.037001812718875,0.1805104736790308,5.586040692162222
JVM-2,2.8873475183220267,218.2880063894728,4.511648272071414,0.7407542993925798,9.025238775683778,0.28504929382765254,5.611955723021254
TK,1.5322722947156953,236.67907877121195,3.809918290252795,0.4647386280711301,7.613297870476048,0.3104410013901757,5.312936817198446
DBTRG-05MG,1.7462843096316014,-75.27217527937087,4.901996914937243,2.5676269343940854,9.846921450847649,0.17746446657135206,6.036394672366993
KP-N-YN,3.0347940971925382,288.68846711234323,4.240669202576637,0.80799980484076,8.823854690452299,0.31321695467413657,5.700750001661881
NCI-H1770,1.2103831883249532,222.98917619939243,4.154639680258804,0.9266786696759499,8.517659686098826,0.30231586762303975,5.550710002797026
RCC-JF,1.6532380388226602,47.63842506971386,4.639421810980694,1.8489438166191396,9.527266451674784,0.16511436025438034,5.651601082007788
NCI-H446,3.12486653172526,212.9969649313013,4.629681664719683,1.5773464914985496,8.997008065102394,0.25373012588207916,5.4411960614108175
TK10,3.0847237983211557,71.56061376660406,4.668659503244681,2.3092508254058703,9.438629261486378,0.15816220673765452,5.958578331782486
L-428,1.5619371155101014,-76.45758435382413,4.028675741293311,0.6040225673914852,8.316834390605548,0.27728514364906,5.505639211720633
Daudi,1.5658013148766603,342.8010203151805,4.212918224623567,0.59699709086418,8.402830107793605,0.37881170270762154,5.542641982661242
CW-2,5.54389813047608e-14,32.93749114387299,4.579034981400504,1.5895406526548799,9.270738664626457,0.2077678278869902,5.439798779161638
GDM-1,1.599569984404079,222.6084983689074,4.190451869514666,0.5664021890800801,8.583710242849579,0.3050699173396195,5.235694772115639
KYSE-220,9.078366491301873e-15,148.69659407102642,4.591721934104754,2.228695374488255,9.27124466370043,0.1279201859791297,6.32440503058556
MDA-MB-436,3.182600944083843,53.25352992136101,4.640758752133779,2.2402282259208004,9.234240346349234,0.1989656195739801,5.668112111737833
MOLM-16,2.8749909950218258,242.6556285837844,4.27613466430695,0.682181602621565,8.553288642885638,0.29070844757842873,5.468159442021953
OCI-AML3,1.4747460552847866,243.1185474929148,4.359126175079037,0.8868702553879453,9.02236101682887,0.21909681387648333,5.68434403431944
HCC38,3.2205935911505,-57.423492966438886,4.938175155297378,2.192494071931095,9.605023539654399,0.18843208761099614,5.806244834198598
RL95-2,3.1352497366790475,-3.9106566022934004,4.611400343575914,1.9593055523601406,9.296991640003252,0.1770359982304958,5.96822152708189
NCI-H2087,1.5195999799481328,63.65502850948815,4.820199935878902,2.3100010800111344,9.399488044952356,0.1465109500014653,5.827012953824432
D-423MG,3.213173259299694,-17.68715072025924,4.803428256822723,2.3147667100002707,9.489858502751298,0.19164964299487927,5.947558281318027
8505C,3.173830519262531,175.8691253652808,4.758013421942904,2.2343793613471554,9.552954528970274,0.1895908710982018,5.650602898353593
JM1,1.4795346612429174,214.88923426978494,4.06779909888629,0.543594253999435,8.01303256291399,0.32780807718042143,5.276852984658209
CML-T1,1.605370296811563,67.69406193417286,4.385190022125027,0.7939553436521851,8.735289155756828,0.21771191575415474,5.764189669368776
M059J,1.6195143866980777,75.1989983445578,4.837496556406196,2.3898930123001496,9.730480413240747,0.18927200838607824,5.932691943382561
CHSA0108,2.9096860851476603,-28.405889017454797,4.707427800473201,2.2665378061058896,9.61226476121531,0.18189152508340256,5.444028911132715
CL-34,3.5214958975771386e-14,42.140736648555105,4.449108924006326,1.99255568376636,9.42289419608984,0.14899454353932748,6.254270470195756
CAL-62,2.011045439819638,157.31094917572938,4.637973867218306,1.8709895438298099,9.359779951865091,0.13574880577620108,5.67111195321954
SW626,4.953127835785113e-14,193.88130807811694,4.739956747359261,2.1385386299256597,9.597713970661424,0.1929277170864636,6.135262428446064
TASK1,2.8641268241691584,173.81731791597548,4.233498027147036,0.9854751320021853,8.784885000652796,0.20137484667437439,5.570361352169174
DMS-273,1.6267632730092392,33.60062228679962,4.43737373298311,1.745776530833875,8.79474079240968,0.1898032983878757,5.871987914227427
HCC1599,1.514331728469131,39.947371739658294,4.445716838645977,1.83180001633456,9.24408840537241,0.21927015566841337,5.589498669187684
Hey,2.279108478952096,58.60001361393043,4.683829334036493,2.4482965599441853,9.513446493014058,0.2058915883905834,5.534260967520019
MSTO-211H,3.1264232486663426,202.87616159076993,4.502618592891867,1.9418429855320551,9.095197830117918,0.1482698082786594,5.585939289840795
RCH-ACV,1.4628413914260683,242.33860065287803,4.372103280933878,0.8998913648625597,8.884302140532393,0.3329763650375758,5.572595837393391
SU-DHL-16,2.574434017153864,292.9938085749492,4.2677015407256516,0.44427904324098,8.450979798482331,0.25267121182897334,5.402342529620369
GRANTA-519,2.8325035680784936,174.01924975346947,4.310504228582004,0.7206141988811401,8.735020895247624,0.32372961500551994,5.35246888916042
K2,3.1200397095792605,232.45094954070572,4.200931622975707,1.3563341810986949,9.161715027070795,0.1756301573963685,5.981697634853197
TE-4,1.4753790032090563,153.38640222776817,4.6899678602573225,2.2351936097749756,9.411031898942754,0.1874777199651659,5.6188992783673415
TGBC1TKB,1.9342741162813288,108.91504544107515,4.759870003320712,2.2865753800947948,9.629324406863818,0.12622759229788696,6.045636242157483
NOS-1,2.979876082683809,228.8989814047879,4.4624835637453755,1.372404554455505,9.149277388548933,0.28932062570657474,5.778482159439737
SJSA-1,3.1932537104178085,67.52248799098354,4.91622913099401,2.354621551555965,9.62861656782907,0.2223218954680178,5.971873792339089
MN-60,1.4657389088221007,301.5191141625505,4.163904917339236,0.5704206161446099,8.334141582680447,0.28906930972078715,5.361368319670823
KM12,1.4745671704754428,205.33192907296845,4.5815380190667465,1.7801969076512651,9.251615017631547,0.16568459122104623,5.851618750912103
NCC010,3.146438527556266,63.143546547500364,4.823675514627373,2.462394105982745,9.73202720213823,0.175309338770989,5.7312542676947205
22RV1,7.725839074639309e-15,151.8526211089619,4.142473129141991,1.1786590533868404,8.8006578993442,0.18926868008197717,5.474759844061047
KARPAS-1106P,1.5459771084859624,264.1217402262938,4.318324318413021,0.6395551217183904,8.80967436748854,0.2954825214149288,5.411143742650421
LB771-HNC,2.993537769422537,108.24619908397095,4.377677760008143,1.020614380147685,9.042555194542109,0.15152695534464639,5.698196998398425
CP50-MEL-B,2.8545545618174497,261.2777242383564,4.6457653405468005,2.3817100929800947,9.540520088052864,0.15972932574736948,5.998025068776986
DOV13,2.8960228414665234,12.816514044204155,4.96956415298213,2.651737558408475,9.91217517123042,0.19041955621790932,5.946208441663036
NCI-H720,1.674654902857877,194.11226445199014,4.4464885784103,0.84243051587116,8.553276131159569,0.260005800838458,5.6450326853286645
VMRC-RCZ,2.8818462084164853,117.96867639620022,4.762526397099846,1.9296996476606205,9.584149064048166,0.20123987150973027,5.799617797585595
NCI-H345,2.8812830267142706,175.42570804286873,4.306753120529185,1.0288666589244,8.958120228357373,0.290980295572228,5.951130473514877
LB1047-RCC,3.1705785156043724,26.1204053689882,4.946155042722053,2.328323182664765,9.79754441218936,0.22537877140116186,5.836411645034098
KU-19-19,3.1740737904196044,195.63539788507023,4.803608813812754,2.3107689936510853,9.690438679631812,0.181326586724311,6.042565573019865
ACN,2.963946320199577,68.20192095813302,4.415299097215249,1.7957073056134754,9.523387533760369,0.24812550224961957,5.770807774631791
OV-56,1.580913808487816,13.445254772111014,4.894589936599854,2.4693198837711554,9.984454025534005,0.23063167703247,5.814314262473654
OVTOKO,2.1924558774724843,21.06322247999384,4.744164616904058,2.2118763124187293,9.631126651699988,0.18728162519644947,5.488700457750258
FLO-1,3.024604403525127,101.80244967754268,4.3746919221647,0.9742925062882652,9.022136703212862,0.14781208424003053,5.945167029202287
KMS-11,1.7328801183837914,298.3494103585094,4.162939352967138,0.8717115186381901,8.324060514842287,0.2190885910478549,5.573732714215343
Hs-445,1.465188686328809,245.13752871155697,4.36444378337157,0.8613679785525752,9.001584415550681,0.300275456018578,5.405371059800806
NCI-H1876,1.6516101138148889,187.72488079227534,4.288526168109996,1.5924853101043444,9.005436990904569,0.30841204698168084,5.845615546554525
U-2-OS,3.03463597191197,93.77725881697536,4.542267486895663,2.2149892182972097,9.184483615773848,0.15382165896657612,5.797707292491433
NCI-H2122,1.6587003848432296,119.33589803565675,4.665820913117201,2.23905774281939,9.752121786401828,0.15568543545675523,5.606900417146951
OCI-LY7,1.4796433468593313,330.2218201915987,4.241995696957374,0.4820885598917002,8.365590962745427,0.31729624187427974,5.548008177698454
COLO-829,3.068348218168917,203.4088557494769,4.456627163609933,2.04651540855001,9.469237416879837,0.23860732310581037,5.271110856800618
MFE-296,2.999122037899945,148.1165287325478,4.296498177961853,1.2689046803831052,9.022767513514555,0.16391497259848442,5.64632880507028
D-566MG,3.104021487363505,-6.727684977957267,4.825159695096185,2.5116010539413853,9.845452613454572,0.17041497921506582,5.715799643015952
JHU-028,2.951552329227674,134.7168126471561,4.377991508318511,1.5721764767179702,9.196687279971597,0.2062882961508401,5.731781478786758
K5,3.093393693947683,44.57658532751674,4.744941692725307,2.5371223102350102,9.720541403282459,0.25647909407445924,5.8159028155130095
LC-1-sq,1.4866156110329043,210.37927504394938,4.4065759804189115,1.4232869473005396,9.238207845427532,0.17567609250378363,5.835740328856075
NCI-H226,3.196435336803436,271.11179422457815,4.820843838451766,2.2375634438321548,9.659670383759906,0.18445915676139588,5.7304691321127015
SU8686,1.5629336268720644,123.02747985808452,4.9019041455990235,2.20229978175454,9.897105405346194,0.19229934880341878,5.845831315642792
SW1271,2.965160837660366,261.5496703410533,4.4751593975354655,1.8154315628606603,9.19425027378623,0.1694444380615727,6.045149530202125
NCI-H716,1.3629463577573673,133.12203453275544,4.65885284033847,1.50202223770287,9.426953849024274,0.23499546009942618,5.731212294435922
LB831-BLC,3.144613382617022,84.86344098192961,4.775925851517111,2.3167084549043957,9.49516261382259,0.16409059500465106,5.6496547742904575
HC-1,2.4371150046924163e-14,299.0927200161259,4.519150981199221,0.7470687215406999,9.131036610201466,0.3020740528341361,5.493965456200641
JURKAT,1.5775118694480796,228.34762411608463,4.173846555672714,0.8096805903533499,8.431058209498865,0.23220905036218698,5.625038421316432
MOG-G-UVW,1.587601856048719,57.40984168544895,4.71549095235091,2.3431784866522047,9.687424622307242,0.1918786500665588,5.838682052030274
MET-2B,3.169441858325317,184.3957032851548,4.6187777912651695,1.80070619455881,9.310709369197404,0.17696625912354721,5.594442287710729
JIMT-1,3.2001495320072304,217.02910642438408,4.870616986306381,2.34092734075539,9.34293595356544,0.1766734686572817,5.64473678253156
PEO1,3.1785144238805576,140.47390774554196,4.811430125372638,2.2751187439493896,9.499085253948781,0.19342250954570697,6.209401395005007
PL4,7.799430171574403e-15,61.56004589275281,4.92668178074447,2.4184737621668897,9.695117492641549,0.22779838663058696,5.478955060442704
TT,2.2739071057040405,61.508727790240016,4.487613705590386,1.4907807533678603,9.227109330921664,0.26897312780817556,5.6717418171365015
